ENTITY_CD	ENTITY_NAME	YEAR	PK12_Enrollment	SWD_Enrollment	Special_Education_Expenditures	Special_Education_Expenditures_PerSWD	Total_Expenditures	General_Education_Expenditures	General_Education_Expenditures_PerPupil	Special_Education_Expenditures_PerPupil
10100010000	ALBANY CITY SD	2019	9807	1299	28633361	22042.61817	203504282	174870921	17831.23493	2919.686041
10100010000	ALBANY CITY SD	2020	8666	1330	31889730	23977.2406	193968075	162078345	18702.78618	3679.867297
10100010000	ALBANY CITY SD	2021	8266	1269	29813497	23493.69346	180421080	150607583	18220.1286	3606.762279
10100010000	ALBANY CITY SD	2022	8043	1265	26693249	21101.38261	212853645	186160396	23145.64168	3318.817481
10100010000	ALBANY CITY SD	2023	7948	1245	27074056	21746.22972	226413247	199339191	25080.42162	3406.398591
10100010000	ALBANY CITY SD	2024	8722	1282	38246296	29833.30421	296987516	258741220	29665.35428	4385.037377
10100010000	ALBANY CITY SD	2025	8493	1346	34678007.7	25763.75015	266222681.3	231544673.6	27263.00172	4083.128188
10201040000	BERNE-KNOX-WESTERLO CSD	2019	755	105	2050462	19528.20952	15564119	13513657	17898.88344	2715.843709
10201040000	BERNE-KNOX-WESTERLO CSD	2020	752	102	1868765.38	18321.22922	18213767.78	16345002.4	21735.37553	2485.060346
10201040000	BERNE-KNOX-WESTERLO CSD	2021	700	103	1603798	15570.85437	17699138	16095340	22993.34286	2291.14
10201040000	BERNE-KNOX-WESTERLO CSD	2022	705	110	1728046	15709.50909	19801485	18073439	25636.08369	2451.129078
10201040000	BERNE-KNOX-WESTERLO CSD	2023	691	108	1957132	18121.59259	20076038	18118906	26221.2822	2832.318379
10201040000	BERNE-KNOX-WESTERLO CSD	2024	712	115	3006973.65	26147.59696	22568484	19561510.35	27474.03139	4223.277598
10201040000	BERNE-KNOX-WESTERLO CSD	2025	675	112	2959208.25	26421.50223	21699264.73	18740056.48	27763.04664	4384.012222
10306060000	BETHLEHEM CSD	2019	4440	596	9942436	16681.9396	73986519	64044083	14424.34302	2239.287387
10306060000	BETHLEHEM CSD	2020	4336	580	10343503	17833.62586	74516606	64173103	14800.06988	2385.494234
10306060000	BETHLEHEM CSD	2021	4203	523	10743509	20542.08222	76148364	65404855	15561.46919	2556.15251
10306060000	BETHLEHEM CSD	2022	4151	480	10631472	22148.9	78749443	68117971	16410.0147	2561.183329
10306060000	BETHLEHEM CSD	2023	4070	442	15820460	35792.89593	85942751	70122291	17229.06413	3887.090909
10306060000	BETHLEHEM CSD	2024	4092	427	36406348	85260.76815	97023974	60617626	14813.69159	8896.956989
10306060000	BETHLEHEM CSD	2025	4075	436	15871170.47	36401.76713	100831922.5	84960751.98	20849.26429	3894.76576
10402060000	RAVENA-COEYMANS-SELKIRK CSD	2019	1875	319	3683391.88	11546.68301	35540727.27	31857335.39	16990.57887	1964.475669
10402060000	RAVENA-COEYMANS-SELKIRK CSD	2020	1839	330	5381555.85	16307.745	34662630.56	29281074.71	15922.28097	2926.349021
10402060000	RAVENA-COEYMANS-SELKIRK CSD	2021	1783	297	5601899.54	18861.61461	36266736.28	30664836.74	17198.45022	3141.839338
10402060000	RAVENA-COEYMANS-SELKIRK CSD	2022	1796	311	5637721	18127.72026	38005321	32367600	18022.049	3139.042873
10402060000	RAVENA-COEYMANS-SELKIRK CSD	2023	1795	310	5438530.41	17543.64648	41687941.97	36249411.56	20194.65825	3029.821955
10402060000	RAVENA-COEYMANS-SELKIRK CSD	2024	1773	337	6427339.25	19072.22329	48504116.43	42076777.18	23731.96682	3625.12084
10402060000	RAVENA-COEYMANS-SELKIRK CSD	2025	1724	347	6739728.64	19422.84911	50047582.69	43307854.05	25120.56499	3909.35536
10500010000	COHOES CITY SD	2019	2019	338	3995864	11822.08284	33242287	29246423	14485.59832	1979.130263
10500010000	COHOES CITY SD	2020	1873	334	4524424	13546.17964	33283550	28759126	15354.57875	2415.602776
10500010000	COHOES CITY SD	2021	1823	347	3954652	11396.69164	31631419	27676767	15181.98958	2169.309929
10500010000	COHOES CITY SD	2022	1816	363	4539210	12504.71074	32880949	28341739	15606.68447	2499.564978
10500010000	COHOES CITY SD	2023	1837	364	4763609	13086.83791	35382043	30618434	16667.62874	2593.14589
10500010000	COHOES CITY SD	2024	2036	383	9680133	25274.49869	47638168	37958035	18643.43566	4754.485756
10500010000	COHOES CITY SD	2025	1842	368	9735533	26455.25272	50101656	40366123	21914.29045	5285.305646
10601060000	SOUTH COLONIE CSD	2019	4780	683	13663031	20004.43777	87270864	73607833	15399.12824	2858.374686
10601060000	SOUTH COLONIE CSD	2020	4813	736	14272395	19391.84103	89625184	75352789	15656.09578	2965.384376
10601060000	SOUTH COLONIE CSD	2021	4754	714	14838607	20782.36275	89563577	74724970	15718.33614	3121.288809
10601060000	SOUTH COLONIE CSD	2022	4796	715	14531298	20323.49371	93833219	79301921	16535.01272	3029.878649
10601060000	SOUTH COLONIE CSD	2023	4888	738	15159391	20541.18022	101572577.4	86413186.39	17678.63879	3101.348404
10601060000	SOUTH COLONIE CSD	2024	4963	741	20652638.68	27871.30726	117732589.2	97079950.5	19560.73957	4161.321515
10601060000	SOUTH COLONIE CSD	2025	5038	737	22486276.63	30510.55174	125108216.3	102621939.7	20369.57914	4463.333988
10615020000	MENANDS UFSD 	2019	296	46	610846	13279.26087	5205964	4595118	15524.0473	2063.668919
10615020000	MENANDS UFSD 	2020	305	47	731628	15566.55319	5231426.83	4499798.83	14753.43879	2398.780328
10615020000	MENANDS UFSD 	2021	307	40	619135	15478.375	5563541.14	4944406.14	16105.55746	2016.726384
10615020000	MENANDS UFSD 	2022	305	44	714946	16248.77273	6487021	5772075	18924.83607	2344.085246
10615020000	MENANDS UFSD	2023	277	42	741059	17644.2619	7347943	6606884	23851.56679	2675.303249
10615020000	MENANDS UFSD 	2024	275	36	1206876.94	33524.35944	8337592.42	7130715.48	25929.87447	4388.643418
10615020000	MENANDS UFSD	2025	282	49	1735210.76	35412.46449	9326590.86	7591380.1	26919.78759	6153.229645
10623060000	NORTH COLONIE CSD	2019	5831	802	12642008	15763.10224	96253399	83611391	14339.11696	2168.068599
10623060000	NORTH COLONIE CSD	2020	5887	817	12756901	15614.32191	96418926	83662025	14211.31731	2166.961271
10623060000	NORTH COLONIE CSD	2021	5905	848	12929171	15246.66392	97163709.76	84234538.76	14264.95153	2189.529382
10623060000	NORTH COLONIE CSD	2022	6006	871	13575456	15586.05741	107194202	93618746	15587.5368	2260.315684
10623060000	NORTH COLONIE CSD	2023	6022	882	15024594	17034.68707	112189043	97164449	16134.91348	2494.950847
10623060000	NORTH COLONIE CSD	2024	6212	873	18044089	20669.05956	132854197	114810108	18481.98777	2904.714907
10623060000	NORTH COLONIE CSD	2025	6144	888	19162343	21579.21509	139658681	120496338	19612.03418	3118.870931
10701030000	GREEN ISLAND UFSD 	2019	284	56	691519	12348.55357	5754894.82	5063375.82	17828.7881	2434.926056
10701030000	GREEN ISLAND UFSD 	2020	263	57	838443	14709.52632	6177101.5	5338658.5	20299.08175	3187.996198
10701030000	GREEN ISLAND UFSD 	2021	241	50	767997.2	15359.944	5858347.46	5090350.26	21121.78531	3186.710373
10701030000	GREEN ISLAND UFSD 	2022	282	58	805989	13896.36207	7074233	6268244	22227.8156	2858.117021
10701030000	GREEN ISLAND UFSD	2023	271	52	839998	16153.80769	7767377	6927379	25562.28413	3099.623616
10701030000	GREEN ISLAND UFSD 	2024	249	49	1293085	26389.4898	8903938	7610853	30565.6747	5193.11245
10701030000	GREEN ISLAND UFSD	2025	223	43	1145256.36	26633.86884	8079910	6934653.64	31097.10152	5135.678744
10802060000	GUILDERLAND CSD	2019	4807	631	8164448	12938.90333	85475423	77310975	16082.99875	1698.449761
10802060000	GUILDERLAND CSD	2020	4841	605	13120971	21687.55537	85656470	72535499	14983.57757	2710.384425
10802060000	GUILDERLAND CSD	2021	4811	609	13094701	21501.97209	86345634	73250933	15225.71877	2721.825192
10802060000	GUILDERLAND CSD	2022	4828	598	13544305	22649.33946	91138355	77594050	16071.67564	2805.365576
10802060000	GUILDERLAND CSD	2023	4853	615	9610805	15627.3252	96129903	86519098	17827.96167	1980.384298
10802060000	GUILDERLAND CSD	2024	4929	600	14328581	23880.96833	114640403	100311822	20351.35362	2906.995537
10802060000	GUILDERLAND CSD	2025	4821	621	15443172	24868.23188	113657474	98214302	20372.18461	3203.313006
11003060000	VOORHEESVILLE CSD	2019	1160	131	1515111.05	11565.73321	23048210.97	21533099.92	18563.01717	1306.130216
11003060000	VOORHEESVILLE CSD	2020	1180	132	2292245	17365.49242	20711954.01	18419709.01	15609.92289	1942.580508
11003060000	VOORHEESVILLE CSD	2021	1179	128	3109654	24294.17188	21970454	18860800	15997.28584	2637.535199
11003060000	VOORHEESVILLE CSD	2022	1204	129	2898848	22471.68992	26627876	23729028	19708.49502	2407.681063
11003060000	VOORHEESVILLE CSD	2023	1232	138	2658951	19267.76087	25234477	22575526	18324.29058	2158.239448
11003060000	VOORHEESVILLE CSD	2024	1223	136	3639314	26759.66176	28526641	24887327	20349.40883	2975.726901
11003060000	VOORHEESVILLE CSD	2025	1215	139	4079877.07	29351.6336	29952968.71	25873091.64	21294.72563	3357.923514
11200010000	WATERVLIET CITY SD	2019	1342	174	275386	1582.678161	17267531	16992145	12661.807	205.2056632
11200010000	WATERVLIET CITY SD	2020	1296	193	5035641	26091.40415	17771901	12736260	9827.361111	3885.525463
11200010000	WATERVLIET CITY SD	2021	1334	207	5392474	26050.59903	17800466	12407992	9301.343328	4042.334333
11200010000	WATERVLIET CITY SD	2022	1303	221	6000856	27153.19457	20289505	14288649	10965.96239	4605.415196
11200010000	WATERVLIET CITY SD	2023	1344	213	6023653	28280.06103	22541067	16517414	12289.74256	4481.884673
11200010000	WATERVLIET CITY SD	2024	1477	248	5548316	22372.24194	36025758	30477442	20634.6933	3756.476642
11200010000	WATERVLIET CITY SD	2025	1447	238	6134712	25776.10084	36072305	29937593	20689.42156	4239.607464
20101040000	ALFRED-ALMOND CSD	2019	622	86	1579090	18361.51163	11450273.88	9871183.88	15870.07055	2538.729904
20101040000	ALFRED-ALMOND CSD	2020	619	76	1095353	14412.53947	11427456	10332103	16691.6042	1769.552504
20101040000	ALFRED-ALMOND CSD	2021	575	69	1090204	15800.05797	11180248	10090044	17547.90261	1896.006957
20101040000	ALFRED-ALMOND CSD	2022	576	77	768332	9978.337662	11694286	10925954	18968.67014	1333.909722
20101040000	ALFRED-ALMOND CSD	2023	551	85	838440.74	9864.008706	13255508.1	12417067.36	22535.51245	1521.671034
20101040000	ALFRED-ALMOND CSD	2024	510	80	2018626.14	25232.82675	14291229.78	12272603.64	24063.92871	3958.090471
20101040000	ALFRED-ALMOND CSD	2025	489	70	2151704.87	30738.641	15340992.96	13189288.09	26971.95928	4400.214458
20601040000	ANDOVER CSD	2019	302	55	577460	10499.27273	7580320	7002860	23188.27815	1912.119205
20601040000	ANDOVER CSD	2020	294	47	862110	18342.76596	7137611	6275501	21345.2415	2932.346939
20601040000	ANDOVER CSD	2021	258	44	1453222	33027.77273	7119291	5666069	21961.50775	5632.643411
20601040000	ANDOVER CSD	2022	268	45	875133	19447.4	7769252	6894119	25724.32463	3265.421642
20601040000	ANDOVER CSD	2023	249	39	661392	16958.76923	8815409	8154017	32747.05622	2656.192771
20601040000	ANDOVER CSD	2024	255	41	1509142	36808.34146	9168531	7659389	30036.81961	5918.203922
20601040000	ANDOVER CSD	2025	240	39	1518471	38935.15385	9267195	7748724	32286.35	6326.9625
20702040000	GENESEE VALLEY CSD	2019	506	78	1345156	17245.58974	12690344	11345188	22421.32016	2658.411067
20702040000	GENESEE VALLEY CSD	2020	536	96	1587247.64	16533.82958	12862393.07	11275145.43	21035.71909	2961.28291
20702040000	GENESEE VALLEY CSD	2021	525	85	1608497	18923.49412	13115818	11507321	21918.70667	3063.80381
20702040000	GENESEE VALLEY CSD	2022	528	87	2035783	23399.8046	14588630	12552847	23774.33144	3855.649621
20702040000	GENESEE VALLEY CSD	2023	547	93	2021100	21732.25806	15475445	13454345	24596.60878	3694.88117
20702040000	GENESEE VALLEY CSD	2024	544	114	2267426.67	19889.70763	16958033.37	14690606.7	27004.79173	4168.063732
20702040000	GENESEE VALLEY CSD	2025	591	140	2939162.89	20994.02064	17424802.5	14485639.61	24510.38851	4973.20286
20801040000	BELFAST CSD	2019	336	62	1062427	17135.91935	7846173	6783746	20189.72024	3161.985119
20801040000	BELFAST CSD	2020	343	68	1378752	20275.76471	7804459	6425707	18733.83965	4019.685131
20801040000	BELFAST CSD	2021	338	60	1237225	20620.41667	7591003	6353778	18798.15976	3660.428994
20801040000	BELFAST CSD	2022	332	60	1074656	17910.93333	8607973	7533317	22690.71386	3236.915663
20801040000	BELFAST CSD	2023	320	62	798093.34	12872.47323	9272706.96	8474613.62	26483.16756	2494.041688
20801040000	BELFAST CSD	2024	315	78	574781.31	7368.991154	11237799.77	10663018.46	33850.85225	1824.702571
20801040000	BELFAST CSD	2025	316	73	0	0	11293964.01	11293964.01	35740.39244	0
21102040000	CANASERAGA CSD	2019	238	31	926592	29890.06452	5410396	4483804	18839.51261	3893.243697
21102040000	CANASERAGA CSD	2020	215	32	379818.66	11869.33313	5202319.02	4822500.36	22430.23423	1766.598419
21102040000	CANASERAGA CSD	2021	197	20	894601.41	44730.0705	5475055.25	4580453.84	23251.03472	4541.123909
21102040000	CANASERAGA CSD	2022	208	29	293334	10114.96552	5674699	5381365	25871.94712	1410.259615
21102040000	CANASERAGA CSD	2023	200	30	572269.72	19075.65733	6241437.18	5669167.46	28345.8373	2861.3486
21102040000	CANASERAGA CSD	2024	210	38	536214.45	14110.90658	7299274.57	6763060.12	32205.04819	2553.402143
21102040000	CANASERAGA CSD	2025	203	46	421827.1	9170.154348	7288168	6866340.9	33824.33941	2077.96601
21601040000	FRIENDSHIP CSD	2019	314	58	3604482	62146.24138	2615142	-989340	-3150.764331	11479.24204
21601040000	FRIENDSHIP CSD	2020	319	63	3675488	58341.07937	9298994	5623506	17628.54545	11521.90596
21601040000	FRIENDSHIP CSD	2021	282	42	3859489	91892.59524	9308263	5448774	19321.89362	13686.13121
21601040000	FRIENDSHIP CSD	2022	276	36	4476323	124342.3056	10952140	6475817	23463.10507	16218.56159
21601040000	FRIENDSHIP CSD	2023	275	45	1747023	38822.73333	7402953	5655930	20567.01818	6352.810909
21601040000	FRIENDSHIP CSD	2024	265	52	1819822	34996.57692	10877746	9057924	34180.84528	6867.25283
21601040000	FRIENDSHIP CSD	2025	259	50	2213458	44269.16	8795722	6582264	25414.14672	8546.169884
22001040000	FILLMORE CSD	2019	682	79	2119257.03	26826.03835	11334864.02	9215606.99	13512.62022	3107.415
22001040000	FILLMORE CSD	2020	703	103	2229378.27	21644.44922	11430214.07	9200835.8	13087.95989	3171.235092
22001040000	FILLMORE CSD	2021	652	90	2127574.95	23639.72167	11543981.91	9416406.96	14442.34196	3263.151764
22001040000	FILLMORE CSD	2022	658	85	2304731	27114.48235	12222267	9917536	15072.24316	3502.630699
22001040000	FILLMORE CSD	2023	650	89	2259706.29	25389.95831	13175204.07	10915497.78	16793.07351	3476.471215
22001040000	FILLMORE CSD	2024	607	106	2003105.46	18897.22132	16276055.87	14272950.41	23513.9216	3300.008995
22001040000	FILLMORE CSD	2025	597	107	2283726.51	21343.23841	16756235.13	14472508.62	24242.05799	3825.337538
22101040000	WHITESVILLE CSD	2019	196	20	444508.17	22225.4085	4806931.23	4362423.06	22257.26051	2267.898827
22101040000	WHITESVILLE CSD	2020	187	24	323326.81	13471.95042	4812519.1	4489192.29	24006.37588	1729.020374
22101040000	WHITESVILLE CSD	2021	167	20	431315	21565.75	4217134	3785819	22669.57485	2582.724551
22101040000	WHITESVILLE CSD	2022	160	16	366834	22927.125	5076971	4710137	29438.35625	2292.7125
22101040000	WHITESVILLE CSD	2023	145	12	111343	9278.583333	5422687	5311344	36629.95862	767.8827586
22101040000	WHITESVILLE CSD	2024	129	19	411480	21656.84211	5272229	4860749	37680.22481	3189.767442
22101040000	WHITESVILLE CSD	2025	112	15	626290.74	41752.716	5196444.81	4570154.07	40804.94705	5591.881607
22302040000	CUBA-RUSHFORD CSD	2019	817	149	2363775.93	15864.26799	17113371.4	14749595.47	18053.36043	2893.238592
22302040000	CUBA-RUSHFORD CSD	2020	819	164	2358738.61	14382.5525	16294033.37	13935294.76	17015.01192	2880.022723
22302040000	CUBA-RUSHFORD CSD	2021	775	153	2342053.23	15307.53745	16405486.19	14063432.96	18146.36511	3022.004168
22302040000	CUBA-RUSHFORD CSD	2022	781	143	1482751	10368.88811	18880085	17397334	22275.71575	1898.528809
22302040000	CUBA-RUSHFORD CSD	2023	739	143	1581041.97	11056.23755	19532255.13	17951213.16	24291.22214	2139.43433
22302040000	CUBA-RUSHFORD CSD	2024	720	151	1862517.13	12334.55053	23456365.49	21593848.36	29991.45606	2586.829347
22302040000	CUBA-RUSHFORD CSD	2025	719	151	2223735.33	14726.72404	24814587.58	22590852.25	31419.82232	3092.816871
22401040000	SCIO CSD	2019	334	44	1146851	26064.79545	8280781	7133930	21359.07186	3433.685629
22401040000	SCIO CSD	2020	321	55	297824	5414.981818	8215877	7918053	24666.83178	927.8006231
22401040000	SCIO CSD	2021	300	64	346100	5407.8125	8228724	7882624	26275.41333	1153.666667
22401040000	SCIO CSD	2022	259	49	226992	4632.489796	8945447	8718455	33661.98842	876.4169884
22401040000	SCIO CSD	2023	265	48	388039	8084.145833	9628271	9240232	34868.8	1464.298113
22401040000	SCIO CSD	2024	281	41	471097.66	11490.18683	10396110.11	9925012.45	35320.329	1676.504128
22401040000	SCIO CSD	2025	268	42	1936326.57	46103.01357	11169899.12	9233572.55	34453.62892	7225.099142
22601060000	WELLSVILLE CSD	2019	1183	157	7636684.84	48641.30471	22235046.51	14598361.67	12340.11975	6455.354894
22601060000	WELLSVILLE CSD	2020	1125	181	2193950.96	12121.27602	21744044.2	19550093.24	17377.86066	1950.178631
22601060000	WELLSVILLE CSD	2021	1109	178	2590375.69	14552.67242	22338168.14	19747792.45	17806.84621	2335.776096
22601060000	WELLSVILLE CSD	2022	1121	197	2346278	11910.04061	23184235	20837957	18588.72168	2093.022302
22601060000	WELLSVILLE CSD	2023	1129	208	2191036	10533.82692	24615038	22424002	19861.8264	1940.687334
22601060000	WELLSVILLE CSD	2024	1167	227	14218649.33	62637.22172	33212376.06	18993726.73	16275.687	12183.93259
22601060000	WELLSVILLE CSD	2025	1141	235	13779565.01	58636.44685	33883951.84	20104386.83	17619.97093	12076.74409
22902040000	BOLIVAR-RICHBURG CSD	2019	752	105	3146574	29967.37143	16587973	13441399	17874.2008	4184.273936
22902040000	BOLIVAR-RICHBURG CSD	2020	741	104	2892193	27809.54808	16050263	13158070	17757.17949	3903.094467
22902040000	BOLIVAR-RICHBURG CSD	2021	686	84	2164275	25765.17857	15939212	13774937	20080.08309	3154.919825
22902040000	BOLIVAR-RICHBURG CSD	2022	699	93	1885524	20274.45161	15630070	13744546	19663.15594	2697.459227
22902040000	BOLIVAR-RICHBURG CSD	2023	704	110	2301747.91	20924.981	16629764.55	14328016.64	20352.29636	3269.528281
22902040000	BOLIVAR-RICHBURG CSD	2024	670	108	1291833.24	11961.41889	21061059.33	19769226.09	29506.3076	1928.109313
22902040000	BOLIVAR-RICHBURG CSD	2025	651	102	1351334	13248.37255	21715820.82	20364486.82	31281.85379	2075.781874
30101060000	CHENANGO FORKS CSD	2019	1453	173	2991918	17294.3237	25778167	22786249	15682.20853	2059.131452
30101060000	CHENANGO FORKS CSD	2020	1403	162	2977466	18379.41975	25637639.27	22660173.27	16151.22828	2122.213828
30101060000	CHENANGO FORKS CSD	2021	1359	165	2864608	17361.26061	25348029.77	22483421.77	16544.09255	2107.879323
30101060000	CHENANGO FORKS CSD	2022	1317	174	2856228	16415.10345	27270244	24414016	18537.59757	2168.738041
30101060000	CHENANGO FORKS CSD	2023	1343	180	2996888	16649.37778	27026296.03	24029408.03	17892.33658	2231.487714
30101060000	CHENANGO FORKS CSD	2024	1314	190	2942681.37	15487.79668	31726500.1	28783818.73	21905.49371	2239.483539
30101060000	CHENANGO FORKS CSD	2025	1247	180	3302166.82	18345.37122	32009286.81	28707119.99	23020.94626	2648.088869
30200010000	BINGHAMTON CITY SD	2019	5366	932	13926644	14942.75107	104825151	90898507	16939.71431	2595.349236
30200010000	BINGHAMTON CITY SD	2020	5092	964	13704893	14216.69398	102438560.6	88733667.64	17426.09341	2691.455813
30200010000	BINGHAMTON CITY SD	2021	4818	860	13565224	15773.51628	99532675.89	85967451.89	17842.97466	2815.530095
30200010000	BINGHAMTON CITY SD	2022	4758	846	14535900	17181.91489	112492772	97956872	20587.82514	3055.044136
30200010000	BINGHAMTON CITY SD	2023	4618	835	15975899	19132.81317	118835973.9	102860074.9	22273.72779	3459.484409
30200010000	BINGHAMTON CITY SD	2024	4687	851	17493373.89	20556.25604	133018210.7	115524836.8	24647.92763	3732.317877
30200010000	BINGHAMTON CITY SD	2025	4523	860	17980525.89	20907.58824	134886478.1	116905952.2	25846.99364	3975.353944
30201080000	SOUTH MOUNTAIN-HICKORY COMN SD AT BI	2020	0	0	0		3609	3609		
30201080000	SOUTH MOUNTAIN-HICKORY COMN SD AT BI	2021	0	0	0		1	1		
30201080000	SOUTH MOUNTAIN-HICKORY COMN SD AT BI	2025	0	0	0		328261	328261		
30501040000	HARPURSVILLE CSD	2019	711	118	1585661	13437.80508	13838069	12252408	17232.64135	2230.184248
30501040000	HARPURSVILLE CSD	2020	676	112	1575185	14064.15179	14334661.4	12759476.4	18874.96509	2330.155325
30501040000	HARPURSVILLE CSD	2021	629	103	2149082	20864.87379	14595360.85	12446278.85	19787.40676	3416.664547
30501040000	HARPURSVILLE CSD	2022	623	106	1623024	15311.54717	15457483	13834459	22206.19422	2605.17496
30501040000	HARPURSVILLE CSD	2023	595	92	1708830	18574.23913	15988905.28	14280075.28	24000.12652	2871.983193
30501040000	HARPURSVILLE CSD	2024	571	85	1965969.6	23129.05412	18077890.65	16111921.05	28217.02461	3443.029072
30501040000	HARPURSVILLE CSD	2025	576	102	2136289.18	20944.01157	18097307.66	15961018.48	27710.10153	3708.835382
30601060000	SUSQUEHANNA VALLEY CSD	2019	1414	169	2700923	15981.7929	30680354	27979431	19787.43352	1910.12942
30601060000	SUSQUEHANNA VALLEY CSD	2020	1464	189	2781778	14718.40212	30688541.74	27906763.74	19061.99709	1900.121585
30601060000	SUSQUEHANNA VALLEY CSD	2021	1361	152	2967383	19522.25658	30537426.7	27570043.7	20257.19596	2180.296106
30601060000	SUSQUEHANNA VALLEY CSD	2022	1387	143	3034713	21221.76923	32741555	29706842	21418.05479	2187.968998
30601060000	SUSQUEHANNA VALLEY CSD	2023	1423	164	3165889	19304.20122	34551300.9	31385411.9	22055.80597	2224.799016
30601060000	SUSQUEHANNA VALLEY CSD	2024	1441	174	3395196.25	19512.62213	37082509.8	33687313.55	23377.73321	2356.138966
30601060000	SUSQUEHANNA VALLEY CSD	2025	1442	184	3597367.03	19550.90777	38298894.18	34701527.15	24064.85933	2494.706678
30701060000	CHENANGO VALLEY CSD	2019	1765	257	3453177	13436.48638	30656890	27203713	15412.86856	1956.474221
30701060000	CHENANGO VALLEY CSD	2020	1720	261	3420213	13104.26437	31135137.14	27714924.14	16113.32799	1988.49593
30701060000	CHENANGO VALLEY CSD	2021	1614	251	3103107	12362.9761	30426441.03	27323334.03	16928.95541	1922.618959
30701060000	CHENANGO VALLEY CSD	2022	1650	249	3208680	12886.26506	32099006	28890326	17509.28848	1944.654545
30701060000	CHENANGO VALLEY CSD	2023	1654	230	3769637	16389.72609	34014776.19	30245139.19	18286.05755	2279.103386
30701060000	CHENANGO VALLEY CSD	2024	1658	239	3604106.85	15079.94498	38010495.66	34406388.81	20751.74235	2173.767702
30701060000	CHENANGO VALLEY CSD	2025	1653	235	4068523.93	17312.86779	42242308.72	38173784.79	23093.63871	2461.296993
31101060000	MAINE-ENDWELL CSD	2019	2507	354	5060729	14295.84463	39284380	34223651	13651.23694	2018.63941
31101060000	MAINE-ENDWELL CSD	2020	2491	342	5534270	16182.07602	39700941.2	34166671.2	13716.04625	2221.706142
31101060000	MAINE-ENDWELL CSD	2021	2455	358	5426727	15158.45531	39376692.68	33949965.68	13828.90659	2210.47943
31101060000	MAINE-ENDWELL CSD	2022	2504	382	5297468	13867.71728	41844031	36546563	14595.27276	2115.602236
31101060000	MAINE-ENDWELL CSD	2023	2494	395	5504318	13934.98228	45205820.7	39701502.7	15918.80621	2207.024058
31101060000	MAINE-ENDWELL CSD	2024	2570	382	7051313.85	18458.93678	54888336.89	47837023.04	18613.62764	2743.701887
31101060000	MAINE-ENDWELL CSD	2025	2506	398	7367285.63	18510.76791	60710666.21	53343380.58	21286.2652	2939.858591
31301040000	DEPOSIT CSD	2019	491	90	1426152	15846.13333	12633148	11206996	22824.8391	2904.586558
31301040000	DEPOSIT CSD	2020	483	98	1492293	15227.47959	12774781.44	11282488.44	23359.18932	3089.63354
31301040000	DEPOSIT CSD	2021	469	82	1656452	20200.63415	13618097.22	11961645.22	25504.57403	3531.880597
31301040000	DEPOSIT CSD	2022	476	71	1374420	19358.02817	13558128	12183708	25596.02521	2887.436975
31301040000	DEPOSIT CSD	2023	471	74	1521404	20559.51351	14722458.13	13201054.13	28027.71577	3230.157113
31301040000	DEPOSIT CSD	2024	475	81	1557988.37	19234.42432	16458605.96	14900617.59	31369.72124	3279.975516
31301040000	DEPOSIT CSD	2025	486	80	1491606.59	18645.08238	16822423.34	15330816.75	31544.89043	3069.149362
31401060000	WHITNEY POINT CSD	2019	1490	219	2608007	11908.70776	26858831	24250824	16275.72081	1750.340268
31401060000	WHITNEY POINT CSD	2020	1359	228	2745968	12043.7193	27514443	24768475	18225.51508	2020.579838
31401060000	WHITNEY POINT CSD	2021	1408	228	3011322	13207.55263	27658699.7	24647377.7	17505.23984	2138.723011
31401060000	WHITNEY POINT CSD	2022	1378	215	3287506	15290.72558	28414445	25126939	18234.35341	2385.708273
31401060000	WHITNEY POINT CSD	2023	1378	230	3563199	15492.16957	30738193.6	27174994.6	19720.60566	2585.775762
31401060000	WHITNEY POINT CSD	2024	1442	240	3908580.11	16285.75046	37508805.97	33600225.86	23301.1275	2710.527122
31401060000	WHITNEY POINT CSD	2025	1374	267	4857465.4	18192.75431	39456773.99	34599308.59	25181.4473	3535.273217
31501060000	UNION-ENDICOTT CSD	2019	3799	488	7787454	15957.89754	65825393	58037939	15277.16215	2049.869439
31501060000	UNION-ENDICOTT CSD	2020	3569	466	7607769	16325.68455	67317197.81	59709428.81	16730.01648	2131.624825
31501060000	UNION-ENDICOTT CSD	2021	3464	458	7723227	16862.94105	68230872.68	60507645.68	17467.56515	2229.568995
31501060000	UNION-ENDICOTT CSD	2022	3313	468	8329756	17798.62393	70178103	61848347	18668.38123	2514.263809
31501060000	UNION-ENDICOTT CSD	2023	3469	474	8415075	17753.32278	73127099.11	64712024.11	18654.3742	2425.792736
31501060000	UNION-ENDICOTT CSD	2024	3529	471	10301159.57	21870.82711	86825533.07	76524373.5	21684.43568	2919.002428
31501060000	UNION-ENDICOTT CSD	2025	3461	459	9428646.53	20541.71357	90276311.63	80847665.1	23359.62586	2724.254993
31502060000	JOHNSON CITY CSD	2019	2469	302	5844251	19351.8245	42597994	36753743	14886.08465	2367.051843
31502060000	JOHNSON CITY CSD	2020	2347	301	6075876	20185.63455	43153232.06	37077356.06	15797.76568	2588.78398
31502060000	JOHNSON CITY CSD	2021	2196	308	6146306	19955.53896	42073203.3	35926897.3	16360.1536	2798.864299
31502060000	JOHNSON CITY CSD	2022	2193	322	6280690	19505.24845	50023791	43743101	19946.69448	2863.971728
31502060000	JOHNSON CITY CSD	2023	2214	336	6290113	18720.5744	49510775.27	43220662.27	19521.52767	2841.062782
31502060000	JOHNSON CITY CSD	2024	2284	375	7148546.24	19062.78997	62225048.6	55076502.36	24114.05532	3129.836357
31502060000	JOHNSON CITY CSD	2025	2272	394	7569089.59	19210.88728	63716613.54	56147523.95	24712.81864	3331.465489
31601060000	VESTAL CSD	2019	3380	382	8022387	21001.01309	59608369	51585982	15262.12485	2373.487278
31601060000	VESTAL CSD	2020	3291	363	8628511	23770.00275	60629232.36	52000721.36	15800.88768	2621.850805
31601060000	VESTAL CSD	2021	3195	329	7801849	23713.82675	60886686.7	53084837.7	16614.97268	2441.893271
31601060000	VESTAL CSD	2022	3226	357	8084113	22644.57423	63732549	55648436	17249.98016	2505.924675
31601060000	VESTAL CSD	2023	3315	390	8706886	22325.34872	65778108.85	57071222.85	17216.05516	2626.511614
31601060000	VESTAL CSD	2024	3477	421	9461692.32	22474.32855	76651911.94	67190219.62	19324.19316	2721.222985
31601060000	VESTAL CSD	2025	3403	437	9091932.88	20805.3384	76432247.85	67340314.97	19788.51454	2671.740488
31701060000	WINDSOR CSD	2019	1667	206	3588941	17422.04369	32736557	29147616	17485.07259	2152.934013
31701060000	WINDSOR CSD	2020	1617	233	3588955	15403.24034	32987238.73	29398283.73	18180.75679	2219.514533
31701060000	WINDSOR CSD	2021	1589	200	3632231	18161.155	31848468.82	28216237.82	17757.22959	2285.85966
31701060000	WINDSOR CSD	2022	1643	196	4074251	20786.9949	35640649	31566398	19212.65855	2479.763238
31701060000	WINDSOR CSD	2023	1627	223	4573468	20508.82511	37985304.46	33411836.46	20535.85523	2810.982176
31701060000	WINDSOR CSD	2024	1588	259	4607543.68	17789.74394	43147424.78	38539881.1	24269.44654	2901.475869
31701060000	WINDSOR CSD	2025	1536	267	5194721.38	19455.88532	44326283.33	39131561.95	25476.27731	3381.980065
40204040000	WEST VALLEY CSD	2019	229	42	420144	10003.42857	7158394	6738250	29424.67249	1834.689956
40204040000	WEST VALLEY CSD	2020	200	43	665974	15487.76744	7277261	6611287	33056.435	3329.87
40204040000	WEST VALLEY CSD	2021	198	51	589909	11566.84314	7326693	6736784	34024.16162	2979.338384
40204040000	WEST VALLEY CSD	2022	199	40	372655	9316.375	7274477	6901822	34682.52261	1872.638191
40204040000	WEST VALLEY CSD	2023	213	39	330212.07	8466.976154	7201106.75	6870894.68	32257.7215	1550.291408
40204040000	WEST VALLEY CSD	2024	204	50	409072.37	8181.4474	8755015.83	8345943.46	40911.48755	2005.256716
40204040000	WEST VALLEY CSD	2025	186	43	951128.36	22119.26419	8853842.69	7902714.33	42487.71145	5113.593333
40302060000	ALLEGANY-LIMESTONE CSD	2019	1180	139	1494131.1	10749.1446	16868516.4	15374385.3	13029.14008	1266.212797
40302060000	ALLEGANY-LIMESTONE CSD	2020	1156	137	3270644	23873.31387	18920654.4	15650010.4	13538.07128	2829.276817
40302060000	ALLEGANY-LIMESTONE CSD	2021	1066	115	3052123	26540.2	18779640	15727517	14753.76829	2863.154784
40302060000	ALLEGANY-LIMESTONE CSD	2022	1095	115	3372945	29329.95652	20293976	16921031	15452.99635	3080.315068
40302060000	ALLEGANY-LIMESTONE CSD	2023	1063	105	3352548	31929.02857	21169189.92	17816641.92	16760.71676	3153.855127
40302060000	ALLEGANY-LIMESTONE CSD	2024	1037	115	3746327.91	32576.76443	27014367.98	23268040.07	22437.83999	3612.659508
40302060000	ALLEGANY-LIMESTONE CSD	2025	1028	116	3909927.16	33706.26862	26443801.99	22533874.83	21920.1117	3803.431089
40901040000	ELLICOTTVILLE CSD	2019	631	81	0	0	2552470	2552470	4045.118859	0
40901040000	ELLICOTTVILLE CSD	2020	600	70	375289	5361.271429	10200126	9824837	16374.72833	625.4816667
40901040000	ELLICOTTVILLE CSD	2021	608	68	675001	9926.485294	10694717	10019716	16479.79605	1110.199013
40901040000	ELLICOTTVILLE CSD	2022	589	76	586199	7713.144737	11504538	10918339	18537.0781	995.2444822
40901040000	ELLICOTTVILLE CSD	2023	554	80	819369	10242.1125	12434970	11615601	20966.78881	1479.005415
40901040000	ELLICOTTVILLE CSD	2024	539	87	1629156.06	18725.93172	14287763.71	12658607.65	23485.35742	3022.552987
40901040000	ELLICOTTVILLE CSD	2025	512	82	1567950.47	19121.3472	14642957.36	13075006.89	25537.12283	3062.403262
41101040000	FRANKLINVILLE CSD	2019	642	73	2977372	40785.91781	16451216	13473844	20987.29595	4637.65109
41101040000	FRANKLINVILLE CSD	2020	635	83	3087511	37198.92771	15953229	12865718	20260.97323	4862.222047
41101040000	FRANKLINVILLE CSD	2021	605	84	2974666	35412.69048	16150545	13175879	21778.3124	4916.803306
41101040000	FRANKLINVILLE CSD	2022	581	70	2657322	37961.74286	16515900	13858578	23852.97418	4573.703959
41101040000	FRANKLINVILLE CSD	2023	586	79	2852174	36103.46835	17146044	14293870	24392.26962	4867.191126
41101040000	FRANKLINVILLE CSD	2024	589	88	3514922	39942.29545	20214499	16699577	28352.42275	5967.609508
41101040000	FRANKLINVILLE CSD	2025	601	97	4152910	42813.50515	23749806	19596896	32607.14809	6910
41401040000	HINSDALE CSD	2019	421	55	0	0	8673745	8673745	20602.71971	0
41401040000	HINSDALE CSD	2020	404	51	0	0	8329031	8329031	20616.41337	0
41401040000	HINSDALE CSD	2021	380	51	1390023	27255.35294	8408155	7018132	18468.76842	3657.955263
41401040000	HINSDALE CSD	2023	376	53	1726621	32577.75472	10486199.22	8759578.22	23296.75059	4592.077128
41401040000	HINSDALE CSD	2024	369	63	2044096.46	32445.97556	11870550.34	9826453.88	26629.95631	5539.556802
41401040000	HINSDALE CSD	2025	350	65	2035965.23	31322.542	11874141.61	9838176.38	28109.07537	5817.043514
42302040000	CATTARAUGUS-LITTLE VALLEY CSD	2019	919	143	2275843.26	15914.98783	17203701.14	14927857.88	16243.58855	2476.43445
42302040000	CATTARAUGUS-LITTLE VALLEY CSD	2020	918	146	1676959.85	11486.02637	17774809.68	16097849.83	17535.78413	1826.753649
42302040000	CATTARAUGUS-LITTLE VALLEY CSD	2021	868	142	1484009.23	10450.76923	17801761.21	16317751.98	18799.25343	1709.688053
42302040000	CATTARAUGUS-LITTLE VALLEY CSD	2022	824	137	1842610	13449.70803	19435840	17593230	21351.00728	2236.177184
42302040000	CATTARAUGUS-LITTLE VALLEY CSD	2023	840	142	1900595.59	13384.47599	19580147.47	17679551.88	21047.08557	2262.613798
42302040000	CATTARAUGUS-LITTLE VALLEY CSD	2024	829	152	2016038.22	13263.40934	23912794.92	21896756.7	26413.45802	2431.891701
42302040000	CATTARAUGUS-LITTLE VALLEY CSD	2025	809	147	2336526.47	15894.73789	26472739.75	24136213.28	29834.62705	2888.166218
42400010000	OLEAN CITY SD	2019	2033	322	7198259	22354.84161	37172243	29973984	14743.72061	3540.707821
42400010000	OLEAN CITY SD	2020	2003	347	5214086	15026.18444	37453653	32239567	16095.64004	2603.138293
42400010000	OLEAN CITY SD	2021	1929	336	5371786	15987.45833	37692524	32320738	16755.17781	2784.751685
42400010000	OLEAN CITY SD	2022	1897	328	5505641	16785.49085	40862950	35357309	18638.53927	2902.28835
42400010000	OLEAN CITY SD	2023	1867	354	4215346.03	11907.75715	40161730.79	35946384.76	19253.5537	2257.817906
42400010000	OLEAN CITY SD	2024	1891	366	0	0	46031012.83	46031012.83	24342.1538	0
42400010000	OLEAN CITY SD	2025	1831	400	0	0	48622122.19	48622122.19	26554.95477	0
42801060000	GOWANDA CSD	2019	1151	199	3811071.47	19151.11291	25646108.55	21835037.08	18970.49268	3311.095977
42801060000	GOWANDA CSD	2020	1063	200	4043703	20218.515	25590259	21546556	20269.57291	3804.047977
42801060000	GOWANDA CSD	2021	1004	196	4415954	22530.37755	24788754	20372800	20291.63347	4398.360558
42801060000	GOWANDA CSD	2022	1006	219	4368254	19946.3653	27355059	22986805	22849.70676	4342.200795
42801060000	GOWANDA CSD	2023	1069	242	4632321	19141.82231	28096039	23463718	21949.2217	4333.321796
42801060000	GOWANDA CSD	2024	1052	259	5820038.3	22471.19035	33402177.34	27582139.04	26218.76335	5532.355798
42801060000	GOWANDA CSD	2025	1053	242	5704954.57	23574.19244	34606779	28901824.43	27447.12671	5417.810608
42901040000	PORTVILLE CSD	2019	1027	103	1491695.46	14482.48019	14581922.46	13090227	12746.08277	1452.478539
42901040000	PORTVILLE CSD	2020	1030	117	1378612.42	11783.01214	14736508	13357895.58	12968.83066	1338.45866
42901040000	PORTVILLE CSD	2021	968	98	1299418.47	13259.37214	14927064.28	13627645.81	14078.1465	1342.374452
42901040000	PORTVILLE CSD	2022	988	103	1283795	12464.02913	16680799	15397004	15584.01215	1299.387652
42901040000	PORTVILLE CSD	2023	969	104	1237893	11902.81731	17124628.38	15886735.38	16394.97975	1277.495356
42901040000	PORTVILLE CSD	2024	1002	83	1210554.74	14584.99687	21774714.08	20564159.34	20523.11311	1208.138463
42901040000	PORTVILLE CSD	2025	979	76	1120974.58	14749.66553	21719272.34	20598297.76	21040.14072	1145.02
43001040000	RANDOLPH CSD	2019	902	130	1663810.34	12798.54108	16197020.3	14533209.96	16112.20616	1844.579091
43001040000	RANDOLPH CSD	2020	903	139	4052984	29158.15827	16612597	12559613	13908.76301	4488.354374
43001040000	RANDOLPH CSD	2021	874	123	1933150	15716.66667	16052693	14119543	16155.08352	2211.842105
43001040000	RANDOLPH CSD	2022	839	120	1895832	15798.6	16393053	14497221	17279.16687	2259.632896
43001040000	RANDOLPH CSD	2023	853	118	2271285	19248.17797	18831280	16559995	19413.82767	2662.702227
43001040000	RANDOLPH CSD	2024	813	117	0	0	22454689	22454689	27619.54367	0
43001040000	RANDOLPH CSD	2025	815	130	3295707	25351.59231	24116719	20821012	25547.25399	4043.81227
43011020000	RANDOLPH ACADEMY UFSD 	2021	155	139	4970892	35761.81295	8679026	3708134	23923.44516	32070.27097
43011020000	RANDOLPH ACADEMY UFSD 	2022	150	138	4657485	33749.8913	8232404	3574919	23832.79333	31049.9
43011020000	RANDOLPH ACAD UFSD	2023	152	139	5024790	36149.56835	8828697	3803907	25025.70395	33057.82895
43011020000	RANDOLPH ACADEMY UFSD 	2024	165	154	4902600	31835.06494	9572484	4669884	28302.32727	29712.72727
43011020000	RANDOLPH ACAD UFSD	2025	162	144	5080322	35280.01389	10005872	4925550	30404.62963	31360.01235
43200050000	SALAMANCA CITY SD	2019	1271	152	3930817	25860.63816	31098189.52	27167372.52	21374.80135	3092.696302
43200050000	SALAMANCA CITY SD	2020	1263	157	2759319.2	17575.28153	31091797.17	28332477.97	22432.68248	2184.734125
43200050000	SALAMANCA CITY SD	2021	1282	154	3216345	20885.35714	32004037	28787692	22455.29797	2508.849454
43200050000	SALAMANCA CITY SD	2022	1281	160	3467362	21671.0125	38827364	35360002	27603.43638	2706.761905
43200050000	SALAMANCA CITY SD	2023	1293	171	3879477	22687	43474120	39594643	30622.30704	3000.36891
43200050000	SALAMANCA CITY SD	2024	1317	185	7111973	38443.0973	53754825	46642852	35415.98481	5400.131359
43200050000	SALAMANCA CITY SD	2025	1323	220	9134778.02	41521.71827	56633822.27	47499044.25	35902.52778	6904.594119
43501060000	YORKSHIRE-PIONEER CSD	2019	2479	495	9314192	18816.54949	42813097	33498905	13513.0718	3757.237596
43501060000	YORKSHIRE-PIONEER CSD	2020	2407	536	8978824.16	16751.53761	41991860.62	33013036.46	13715.42853	3730.296701
43501060000	YORKSHIRE-PIONEER CSD	2021	2238	519	2946070.26	5676.435954	41814188.93	38868118.67	17367.34525	1316.385282
43501060000	YORKSHIRE-PIONEER CSD	2022	2249	533	3648856	6845.883677	44299249	40650393	18074.87461	1622.43486
43501060000	YORKSHIRE-PIONEER CSD	2023	2192	533	10354005.82	19425.9021	51451711.47	41097705.65	18748.95331	4723.542801
43501060000	YORKSHIRE-PIONEER CSD	2024	2210	536	6928611.2	12926.51343	51741216.24	44812605.04	20277.19685	3135.11819
43501060000	YORKSHIRE-PIONEER CSD	2025	2137	504	6702965.63	13299.53498	56637051.31	49934085.68	23366.44159	3136.624066
50100010000	AUBURN CITY SD	2019	4478	578	6929063.66	11987.99941	66283661.81	59354598.15	13254.71151	1547.35678
50100010000	AUBURN CITY SD	2020	4106	637	15118689.45	23734.20636	65325322.79	50206633.34	12227.62624	3682.096797
50100010000	AUBURN CITY SD	2021	3956	643	5676578.98	8828.272131	65826442.3	60149863.32	15204.71772	1434.928964
50100010000	AUBURN CITY SD	2022	3843	637	10615414	16664.70016	73386763	62771349	16333.94457	2762.272704
50100010000	AUBURN CITY SD	2023	3788	667	11591072.69	17377.92007	80544943.42	68953870.73	18203.23937	3059.945272
50100010000	AUBURN CITY SD	2024	4169	713	7582776.94	10635.03077	92538453.44	84955676.5	20377.95071	1818.847911
50100010000	AUBURN CITY SD	2025	3732	725	12407595.78	17113.92521	98855416.67	86447820.89	23163.93915	3324.650531
50301040000	WEEDSPORT CSD	2019	787	125	1804115.11	14432.92088	15817772.33	14013657.22	17806.42595	2292.395311
50301040000	WEEDSPORT CSD	2020	753	127	1749470	13775.35433	16097916	14348446	19055.04117	2323.333333
50301040000	WEEDSPORT CSD	2021	747	123	1705773	13868.07317	15437853	13732080	18382.97189	2283.497992
50301040000	WEEDSPORT CSD	2022	715	117	1736481	14841.71795	16682304	14945823	20903.24895	2428.644755
50301040000	WEEDSPORT CSD	2023	703	129	1470280	11397.51938	17053758	15583478	22167.10953	2091.4367
50301040000	WEEDSPORT CSD	2024	714	148	2830390	19124.25676	18783624	15953234	22343.46499	3964.131653
50301040000	WEEDSPORT CSD	2025	698	139	3054840	21977.26619	19374890	16320050	23381.16046	4376.561605
50401040000	CATO-MERIDIAN CSD	2019	920	95	1971903	20756.87368	16905862	14933959	16232.56413	2143.372826
50401040000	CATO-MERIDIAN CSD	2020	921	110	1774780.3	16134.36636	16659130.13	14884349.83	16161.07473	1927.014441
50401040000	CATO-MERIDIAN CSD	2021	887	100	1005727.36	10057.2736	15406405.15	14400677.79	16235.26245	1133.852717
50401040000	CATO-MERIDIAN CSD	2022	866	98	959879	9794.683673	16781314	15821435	18269.55543	1108.405312
50401040000	CATO-MERIDIAN CSD	2023	867	113	2120486.54	18765.36761	17316879.01	15196392.47	17527.55764	2445.774556
50401040000	CATO-MERIDIAN CSD	2024	863	141	1144924.4	8120.031206	19730721.07	18585796.67	21536.26497	1326.67949
50401040000	CATO-MERIDIAN CSD	2025	846	151	1446442.7	9579.090728	20514076.75	19067634.05	22538.57453	1709.743144
50701040000	SOUTHERN CAYUGA CSD	2019	662	83	2642627	31838.87952	12315655.68	9673028.68	14611.8258	3991.883686
50701040000	SOUTHERN CAYUGA CSD	2020	683	90	2053102.59	22812.251	13971791.5	11918688.91	17450.49621	3006.00672
50701040000	SOUTHERN CAYUGA CSD	2021	659	90	1970571.2	21895.23556	13689113.92	11718542.72	17782.31065	2990.244613
50701040000	SOUTHERN CAYUGA CSD	2022	640	93	1758164	18904.98925	13209494	11451330	17892.70313	2747.13125
50701040000	SOUTHERN CAYUGA CSD	2023	658	94	1015184.38	10799.83383	16015417.67	15000233.29	22796.70713	1542.833404
50701040000	SOUTHERN CAYUGA CSD	2024	642	105	0	0	17297260.58	17297260.58	26942.77349	0
50701040000	SOUTHERN CAYUGA CSD	2025	637	113	1301488.39	11517.59637	16835335.21	15533846.82	24385.94477	2043.152889
51101040000	PORT BYRON CSD	2019	835	115	4724832	41085.49565	20754177	16029345	19196.82036	5658.481437
51101040000	PORT BYRON CSD	2020	761	98	288726	2946.183673	17866959	17578233	23098.86071	379.4034166
51101040000	PORT BYRON CSD	2021	748	110	1134799	10316.35455	14997762.4	13862963.4	18533.37353	1517.110963
51101040000	PORT BYRON CSD	2022	750	102	1235849	12116.16667	16456669	15220820	20294.42667	1647.798667
51101040000	PORT BYRON CSD	2023	765	116	1190928	10266.62069	16587463	15396535	20126.18954	1556.768627
51101040000	PORT BYRON CSD	2024	785	134	999103.87	7455.99903	22112292.44	21113188.57	26895.78162	1272.743783
51101040000	PORT BYRON CSD	2025	792	120	3211021.28	26758.51067	23009002.03	19797980.75	24997.45044	4054.319798
51301040000	MORAVIA CSD	2019	948	142	1552462.81	10932.83669	12826811.24	11274348.43	11892.77261	1637.618998
51301040000	MORAVIA CSD	2020	907	138	3459244.18	25066.98681	16371458.11	12912213.93	14236.17853	3813.940662
51301040000	MORAVIA CSD	2021	871	135	2035658	15078.94815	17357503	15321845	17591.09644	2337.150402
51301040000	MORAVIA CSD	2022	870	129	1427555	11066.31783	17604783	16177228	18594.51494	1640.867816
51301040000	MORAVIA CSD	2023	863	137	1656175.96	12088.87562	20305918.92	18649742.96	21610.36264	1919.091495
51301040000	MORAVIA CSD	2024	860	125	5001185	40009.48	26066867	21065682	24494.97907	5815.331395
51301040000	MORAVIA CSD	2025	850	123	4911506	39930.94309	25899172	20987666	24691.37176	5778.242353
51901040000	UNION SPRINGS CSD	2019	823	95	697471.03	7341.800316	15583019.64	14885548.61	18086.93634	847.4739125
51901040000	UNION SPRINGS CSD	2020	823	101	262823.07	2602.208614	15498698.82	15235875.75	18512.60723	319.3475942
51901040000	UNION SPRINGS CSD	2021	775	76	711949.91	9367.761974	14593233.77	13881283.86	17911.33401	918.6450452
51901040000	UNION SPRINGS CSD	2022	757	70	683844	9769.2	15360845	14677001	19388.37649	903.3606341
51901040000	UNION SPRINGS CSD	2023	744	72	224319	3115.541667	18376087	18151768	24397.53763	301.5040323
51901040000	UNION SPRINGS CSD	2024	714	85	2315696	27243.48235	19691786.92	17376090.92	24336.26179	3243.271709
51901040000	UNION SPRINGS CSD	2025	709	101	2322668.73	22996.7201	19814328.98	17491660.25	24670.88893	3275.978463
60201060000	SOUTHWESTERN CSD AT JAMESTOWN	2019	1348	184	1407519.12	7649.560435	22538816.99	21131297.87	15676.037	1044.15365
60201060000	SOUTHWESTERN CSD AT JAMESTOWN	2020	1333	190	2053700.95	10808.95237	21687294.18	19633593.23	14728.87714	1540.660878
60201060000	SOUTHWESTERN CSD AT JAMESTOWN	2021	1316	181	2119450.63	11709.67199	21644972.2	19525521.57	14837.02247	1610.524795
60201060000	SOUTHWESTERN CSD AT JAMESTOWN	2022	1334	191	1339855	7014.947644	23326794	21986939	16481.96327	1004.389055
60201060000	SOUTHWESTERN CSD AT JAMESTOWN	2023	1319	180	1486883.6	8260.464444	23682606.79	22195723.19	16827.69006	1127.28097
60201060000	SOUTHWESTERN CSD AT JAMESTOWN	2024	1293	188	0	0	29226756.03	29226756.03	22603.83297	0
60201060000	SOUTHWESTERN CSD AT JAMESTOWN	2025	1231	201	2022580.79	10062.591	29787973.03	27765392.24	22555.1521	1643.038822
60301040000	FREWSBURG CSD	2019	804	119	1815904	15259.69748	13471859	11655955	14497.45647	2258.587065
60301040000	FREWSBURG CSD	2020	808	126	1277501.58	10138.90143	14109515.06	12832013.48	15881.2048	1581.066312
60301040000	FREWSBURG CSD	2021	761	123	1029706.33	8371.596179	13422033.93	12392327.6	16284.26754	1353.09636
60301040000	FREWSBURG CSD	2022	772	123	1259402	10239.04065	15256226	13996824	18130.60104	1631.349741
60301040000	FREWSBURG CSD	2023	750	124	1395891.28	11257.18774	16131725.45	14735834.17	19647.77889	1861.188373
60301040000	FREWSBURG CSD	2024	715	112	1627792.86	14533.86482	18388687.79	16760894.93	23441.81109	2276.633371
60301040000	FREWSBURG CSD	2025	729	109	1800163.68	16515.26312	19053193.06	17253029.38	23666.70697	2469.360329
60401040000	CASSADAGA VALLEY CSD	2019	859	126	3180619.26	25243.01	17929702.85	14749083.59	17170.06239	3702.699953
60401040000	CASSADAGA VALLEY CSD	2020	852	131	1528337.99	11666.70221	17774880.61	16246542.62	19068.712	1793.823932
60401040000	CASSADAGA VALLEY CSD	2021	808	119	1380215.29	11598.44782	16361506.96	14981291.67	18541.20256	1708.18724
60401040000	CASSADAGA VALLEY CSD	2022	820	122	1629730	13358.44262	17723769	16094039	19626.87683	1987.47561
60401040000	CASSADAGA VALLEY CSD	2023	803	126	1748215	13874.72222	19430965.86	17682750.86	22020.86035	2177.104608
60401040000	CASSADAGA VALLEY CSD	2024	804	142	3182627.17	22412.86739	22349554.33	19166927.16	23839.46164	3958.491505
60401040000	CASSADAGA VALLEY CSD	2025	795	141	1673286.87	11867.28277	23323205.23	21649918.36	27232.60171	2104.763358
60503040000	CHAUTAUQUA LAKE CSD	2019	743	86	1878544	21843.53488	17693471	15814927	21285.23149	2528.323015
60503040000	CHAUTAUQUA LAKE CSD	2020	737	93	1725664	18555.52688	17258288	15532624	21075.47354	2341.470828
60503040000	CHAUTAUQUA LAKE CSD	2021	716	104	1789051	17202.41346	17136542	15347491	21435.0433	2498.674581
60503040000	CHAUTAUQUA LAKE CSD	2022	699	114	2006513	17600.99123	17848562	15842049	22663.87554	2870.547926
60503040000	CHAUTAUQUA LAKE CSD	2023	717	127	1896722	14934.8189	19086913	17190191	23975.16179	2645.358438
60503040000	CHAUTAUQUA LAKE CSD	2024	697	105	3717366	35403.48571	21262506	17545140	25172.36729	5333.380201
60503040000	CHAUTAUQUA LAKE CSD	2025	673	107	3767612	35211.3271	22191041	18423429	27375.08024	5598.23477
60601040000	PINE VALLEY CSD (SOUTH DAYTON)	2019	531	74	862614.34	11656.95054	10481705.25	9619090.91	18115.04879	1624.509115
60601040000	PINE VALLEY CSD (SOUTH DAYTON)	2020	515	86	1322443	15377.24419	12573905	11251462	21847.49903	2567.850485
60601040000	PINE VALLEY CSD (SOUTH DAYTON)	2021	466	80	3532755	44159.4375	11543683.8	8010928.8	17190.83433	7581.019313
60601040000	PINE VALLEY CSD (SOUTH DAYTON)	2022	539	83	1668695	20104.75904	11546770	9878075	18326.66976	3095.909091
60601040000	PINE VALLEY CSD (SOUTH DAYTON)	2023	523	93	1470669	15813.64516	14167505	12696836	24276.93308	2811.986616
60601040000	PINE VALLEY CSD (SOUTH DAYTON)	2024	526	102	2362602.47	23162.76931	15847164.11	13484561.64	25636.04875	4491.639677
60601040000	PINE VALLEY CSD (SOUTH DAYTON)	2025	518	95	2709604.88	28522.15663	17076475.15	14366870.27	27735.27079	5230.897452
60701040000	CLYMER CSD	2019	464	66	1664057	25212.98485	9114943.78	7450886.78	16057.94565	3586.329741
60701040000	CLYMER CSD	2020	427	56	852103.61	15216.13589	9003741.36	8151637.75	19090.48653	1995.558806
60701040000	CLYMER CSD	2021	382	46	178257	3875.152174	9192242	9013985	23596.81937	466.6413613
60701040000	CLYMER CSD	2022	367	44	867596	19718.09091	9696302	8828706	24056.41962	2364.021798
60701040000	CLYMER CSD	2023	360	51	799468	15675.84314	9991646	9192178	25533.82778	2220.744444
60701040000	CLYMER CSD	2024	357	55	1026737.43	18667.95327	10787083	9760345.57	27339.90356	2876.01521
60701040000	CLYMER CSD	2025	330	54	990852.34	18349.11741	10177920	9187067.66	27839.59897	3002.582848
60800010000	DUNKIRK CITY SD	2019	2190	229	5064982	22117.82533	39901761.82	34836779.82	15907.2054	2312.777169
60800010000	DUNKIRK CITY SD	2020	1999	247	5158575	20884.91903	42126860	36968285	18493.38919	2580.577789
60800010000	DUNKIRK CITY SD	2022	1988	271	3168445	11691.67897	43585445	40417000	20330.4829	1593.785211
60800010000	DUNKIRK CITY SD	2023	1930	282	9404928	33350.80851	46486820	37081892	19213.41554	4873.019689
60800010000	DUNKIRK CITY SD	2024	2050	314	0	0	51978407.22	51978407.22	25355.3206	0
60800010000	DUNKIRK CITY SD	2025	1900	304	2766736	9101.105263	52764499	49997763	26314.61211	1456.176842
61001040000	BEMUS POINT CSD	2019	669	77	1011663.78	13138.49065	12058334.88	11046671.1	16512.2139	1512.20296
61001040000	BEMUS POINT CSD	2020	652	78	1122789.01	14394.7309	11595247.39	10472458.38	16062.05273	1722.069034
61001040000	BEMUS POINT CSD	2021	646	81	966795.04	11935.74123	11378311.17	10411516.13	16116.89803	1496.586749
61001040000	BEMUS POINT CSD	2022	623	76	1188214	15634.39474	12590146	11401932	18301.6565	1907.245586
61001040000	BEMUS POINT CSD	2023	602	87	1226743	14100.49425	13175720	11948977	19848.799	2037.77907
61001040000	BEMUS POINT CSD	2024	588	103	1225529.04	11898.34019	14849583.49	13624054.45	23170.16063	2084.233061
61001040000	BEMUS POINT CSD	2025	575	99	1253718.84	12663.82667	15394667.09	14140948.25	24592.95348	2180.380591
61101040000	FALCONER CSD	2019	1215	125	1713045.7	13704.3656	18947768.69	17234722.99	14184.95719	1409.914156
61101040000	FALCONER CSD	2020	1179	134	1625262.83	12128.82709	18574694.27	16949431.44	14376.10809	1378.50961
61101040000	FALCONER CSD	2021	1148	145	1507194.66	10394.44593	19062797.06	17555602.4	15292.33659	1312.887334
61101040000	FALCONER CSD	2022	1133	153	1219650	7971.568627	19935830	18716180	16519.13504	1076.478376
61101040000	FALCONER CSD	2023	1131	142	1437396.22	10122.50859	21341352.51	19903956.29	17598.54668	1270.907356
61101040000	FALCONER CSD	2024	1138	160	2565814.63	16036.34144	25045104.09	22479289.46	19753.32993	2254.670149
61101040000	FALCONER CSD	2025	1069	157	2212597.7	14092.97898	27110791.57	24898193.87	23291.10746	2069.782694
61501040000	SILVER CREEK CSD	2019	1070	181	3646901.69	20148.62812	21050562.97	17403661.28	16265.104	3408.319336
61501040000	SILVER CREEK CSD	2020	1064	203	2160129.83	10641.03365	20798025.33	18637895.5	17516.81908	2030.197209
61501040000	SILVER CREEK CSD	2021	1010	182	2341699.03	12866.47819	20770048.1	18428349.07	18245.89017	2318.513891
61501040000	SILVER CREEK CSD	2022	997	175	2301840	13153.37143	22237256	19935416	19995.40221	2308.766299
61501040000	SILVER CREEK CSD	2023	979	171	2696513	15769.08187	25163656.95	22467143.95	22949.07451	2754.354443
61501040000	SILVER CREEK CSD	2024	944	174	3070544.69	17646.80856	25407253.3	22336708.61	23661.7676	3252.695646
61501040000	SILVER CREEK CSD	2025	913	163	5163243.27	31676.33908	30265458.73	25102215.46	27494.21189	5655.250022
61503040000	FORESTVILLE CSD	2019	455	62	3941061.09	63565.50145	9377669.79	5436608.7	11948.59055	8661.672725
61503040000	FORESTVILLE CSD	2020	447	64	4332952.57	67702.38391	8534276.15	4201323.58	9398.934183	9693.406197
61503040000	FORESTVILLE CSD	2021	418	73	644860	8833.69863	8064223	7419363	17749.67225	1542.727273
61503040000	FORESTVILLE CSD	2022	427	80	688395	8604.9375	8500794	7812399	18296.01639	1612.166276
61503040000	FORESTVILLE CSD	2023	437	76	653645.56	8600.599474	9788949.32	9135303.76	20904.58526	1495.75643
61503040000	FORESTVILLE CSD	2024	413	72	1476427.02	20505.93083	12215597.88	10739170.86	26002.83501	3574.883826
61503040000	FORESTVILLE CSD	2025	397	72	932615.26	12952.98972	11712107.23	10779491.97	27152.37272	2349.156826
61601040000	PANAMA CSD	2019	484	65	936894.6	14413.76308	10408646.6	9471752	19569.73554	1935.732645
61601040000	PANAMA CSD	2020	467	63	950050.73	15080.17032	10124107.2	9174056.47	19644.66054	2034.369872
61601040000	PANAMA CSD	2021	436	56	1220246.98	21790.12464	10294125.73	9073878.75	20811.64851	2798.731606
61601040000	PANAMA CSD	2022	447	63	758918	12046.31746	10473342	9714424	21732.49217	1697.803132
61601040000	PANAMA CSD	2023	439	65	799317.43	12297.19123	11071082.42	10271764.99	23398.09793	1820.768633
61601040000	PANAMA CSD	2024	414	70	620401.65	8862.880714	13262426.94	12642025.29	30536.29297	1498.55471
61601040000	PANAMA CSD	2025	402	77	633488.98	8227.12961	13450390.33	12816901.35	31882.83918	1575.843234
61700010000	JAMESTOWN CITY SD	2019	4929	667	24009720.9	35996.58306	49846181.29	25836460.39	5241.724567	4871.113999
61700010000	JAMESTOWN CITY SD	2020	4691	713	7330198.61	10280.78346	73374281.56	66044082.95	14078.89212	1562.608955
61700010000	JAMESTOWN CITY SD	2021	4574	696	6781102	9742.962644	68350738	61569636	13460.78618	1482.532138
61700010000	JAMESTOWN CITY SD	2022	4471	691	6046387	8750.198263	76248848	70202461	15701.73585	1352.356743
61700010000	JAMESTOWN CITY SD	2023	4470	731	6801366	9304.194254	82327453	75526087	16896.21633	1521.558389
61700010000	JAMESTOWN CITY SD	2024	4626	789	8596721	10895.71736	97489049	88892328	19215.80804	1858.348681
61700010000	JAMESTOWN CITY SD	2025	4370	775	7522535.67	9706.497639	87822044.51	80299508.84	18375.17365	1721.404043
62201060000	FREDONIA CSD	2019	1507	173	3249056	18780.67052	24282053	21032997	13956.86596	2155.976111
62201060000	FREDONIA CSD	2020	1509	177	4631690	26167.74011	26038105	21406415	14185.82836	3069.377071
62201060000	FREDONIA CSD	2021	1424	175	4230738	24175.64571	25457806	21227068	14906.64888	2971.023876
62201060000	FREDONIA CSD	2022	1460	200	3246126	16230.63	29714221	26468095	18128.83219	2223.373973
62201060000	FREDONIA CSD	2024	1475	257	5459352	21242.61479	36019616	30560264	20718.82305	3701.255593
62201060000	FREDONIA CSD	2025	1484	276	6171377	22360.06159	37969780	31798403	21427.49528	4158.609838
62301040000	BROCTON CSD	2019	540	101	889601	8807.930693	12184169	11294568	20915.86667	1647.409259
62301040000	BROCTON CSD	2020	538	91	1494378	16421.73626	11885750	10391372	19314.81784	2777.654275
62301040000	BROCTON CSD	2021	523	87	1572598	18075.83908	11818852	10246254	19591.30784	3006.879541
62301040000	BROCTON CSD	2022	517	75	1570722	20942.96	12737069	11166347	21598.3501	3038.147002
62301040000	BROCTON CSD	2023	494	74	1596470	21573.91892	13173560	11577090	23435.40486	3231.720648
62301040000	BROCTON CSD	2024	520	85	4413512.3	51923.67412	18288677.76	13875165.46	26683.0105	8487.523654
62301040000	BROCTON CSD	2025	486	68	4524728.23	66540.12103	18090489.76	13565761.53	27913.08957	9310.140391
62401040000	RIPLEY CSD	2019	158	30	636995	21233.16667	5393654	4756659	30105.43671	4031.613924
62401040000	RIPLEY CSD	2020	165	41	783747	19115.78049	5499070.4	4715323.4	28577.71758	4749.981818
62401040000	RIPLEY CSD	2021	142	28	732885	26174.46429	5884426	5151541	36278.45775	5161.161972
62401040000	RIPLEY CSD	2022	152	30	844125	28137.5	6109515	5265390	34640.72368	5553.453947
62401040000	RIPLEY CSD	2023	150	26	1006321	38704.65385	6758794	5752473	38349.82	6708.806667
62401040000	RIPLEY CSD	2024	136	36	598824	16634	6963841	6365017	46801.59559	4403.117647
62401040000	RIPLEY CSD	2025	146	41	730774	17823.7561	7123877	6393103	43788.37671	5005.30137
62601040000	SHERMAN CSD	2019	406	72	492085.15	6834.515972	8968244.79	8476159.64	20877.24049	1212.032389
62601040000	SHERMAN CSD	2020	433	81	574324.78	7090.429383	8896036.02	8321711.24	19218.73266	1326.385173
62601040000	SHERMAN CSD	2021	432	80	596015.41	7450.192625	8729355.18	8133339.77	18827.17539	1379.665301
62601040000	SHERMAN CSD	2022	416	75	572047	7627.293333	9786443	9214396	22149.99038	1375.112981
62601040000	SHERMAN CSD	2023	436	86	666296.95	7747.638953	10108009.01	9441712.06	21655.30289	1528.204014
62601040000	SHERMAN CSD	2024	420	97	896749.22	9244.83732	11684126.08	10787376.86	25684.23062	2135.11719
62601040000	SHERMAN CSD	2025	414	99	1007718.67	10178.97646	11865171.52	10857452.85	26225.73152	2434.103068
62901040000	WESTFIELD CSD	2019	700	126	2163626	17171.63492	14827323	12663697	18090.99571	3090.894286
62901040000	WESTFIELD CSD	2020	673	141	1671202	11852.49645	14871172	13199970	19613.62556	2483.212481
62901040000	WESTFIELD CSD	2021	634	129	4034025	31271.51163	18895435	14861410	23440.70978	6362.815457
62901040000	WESTFIELD CSD	2022	638	144	1091685	7581.145833	17896419	16804734	26339.70846	1711.105016
62901040000	WESTFIELD CSD	2023	637	136	2153981	15838.09559	16842136.07	14688155.07	23058.32821	3381.44584
62901040000	WESTFIELD CSD	2024	639	153	2763850	18064.37908	20470418	17706568	27709.80908	4325.273865
62901040000	WESTFIELD CSD	2025	624	139	3013140	21677.26619	20837121	17823981	28564.07212	4828.75
70600010000	ELMIRA CITY SD	2019	5902	821	15213942	18530.98904	104553191	89339249	15137.11437	2577.76042
70600010000	ELMIRA CITY SD	2020	5832	821	10440589.12	12716.91732	107108013.6	96667424.44	16575.34713	1790.224472
70600010000	ELMIRA CITY SD	2021	5599	746	10242848	13730.35925	104914246.5	94671398.53	16908.62628	1829.40668
70600010000	ELMIRA CITY SD	2022	5568	724	16431411	22695.31906	111787559	95356148	17125.74497	2951.043642
70600010000	ELMIRA CITY SD	2023	5397	687	15532887	22609.73362	110863801.5	95330914.52	17663.68622	2878.059477
70600010000	ELMIRA CITY SD	2024	5344	774	9477866.08	12245.30501	125784474.3	116306608.2	21763.96112	1773.552784
70600010000	ELMIRA CITY SD	2025	5321	835	13073939.89	15657.41304	140205350.8	127131410.9	23892.3907	2457.045647
70901060000	HORSEHEADS CSD	2019	4097	482	4426727.82	9184.082614	68350992.71	63924264.89	15602.70073	1080.480308
70901060000	HORSEHEADS CSD	2020	4004	496	4853998.5	9786.287298	66215668.5	61361670	15325.09241	1212.287338
70901060000	HORSEHEADS CSD	2021	3805	438	7547294.1	17231.26507	66617711.84	59070417.74	15524.41991	1983.520131
70901060000	HORSEHEADS CSD	2022	3736	464	6314267	13608.33405	69409800	63095533	16888.52596	1690.114293
70901060000	HORSEHEADS CSD	2023	3804	483	7098637	14696.97101	75242439	68143802	17913.72292	1866.098055
70901060000	HORSEHEADS CSD	2024	3731	528	8158437	15451.58523	87704863	79546426	21320.40365	2186.662289
70901060000	HORSEHEADS CSD	2025	3703	566	8517362.92	15048.34438	85218876.91	76701513.99	20713.34431	2300.125012
70902060000	ELMIRA HEIGHTS CSD	2019	1103	140	3268453	23346.09286	18378188	15109735	13698.76247	2963.239347
70902060000	ELMIRA HEIGHTS CSD	2020	1058	133	3739544	28116.87218	18796509	15056965	14231.53592	3534.540643
70902060000	ELMIRA HEIGHTS CSD	2021	1001	136	3558160	26162.94118	18502379.3	14944219.3	14929.29001	3554.605395
70902060000	ELMIRA HEIGHTS CSD	2022	991	135	3870003	28666.68889	20518929	16648926	16800.12714	3905.149344
70902060000	ELMIRA HEIGHTS CSD	2023	1043	157	3955068	25191.51592	21344013	17388945	16672.04698	3792.011505
70902060000	ELMIRA HEIGHTS CSD	2024	1051	164	4547255.9	27727.17012	24252606.97	19705351.07	18749.14469	4326.599334
70902060000	ELMIRA HEIGHTS CSD	2025	1015	162	4373084.91	26994.3513	25231205.99	20858121.08	20549.87299	4308.458039
80101040000	AFTON CSD	2019	529	73	2209348	30265.0411	12675319.68	10465971.68	19784.44552	4176.461248
80101040000	AFTON CSD	2020	522	75	1618553	21580.70667	12594826	10976273	21027.34291	3100.676245
80101040000	AFTON CSD	2021	481	68	1408581	20714.42647	12739803.59	11331222.59	23557.63532	2928.442827
80101040000	AFTON CSD	2022	459	65	1535702	23626.18462	13809668	12273966	26740.66667	3345.755991
80101040000	AFTON CSD	2023	477	72	2122826	29483.69444	15392109	13269283	27818.20335	4450.368973
80101040000	AFTON CSD	2024	460	77	3149515	40902.79221	18123403.09	14973888.09	32551.93063	6846.771739
80101040000	AFTON CSD	2025	429	74	3530970.63	47715.81932	18170575.8	14639605.17	34124.95378	8230.700769
80201040000	BAINBRIDGE-GUILFORD CSD	2019	805	120	1500868	12507.23333	15045008	13544140	16825.01863	1864.432298
80201040000	BAINBRIDGE-GUILFORD CSD	2020	803	121	1260669.27	10418.7543	14939769.13	13679099.86	17034.9936	1569.949278
80201040000	BAINBRIDGE-GUILFORD CSD	2021	782	117	1432031.71	12239.58726	14825277.64	13393245.93	17126.91295	1831.242596
80201040000	BAINBRIDGE-GUILFORD CSD	2022	780	112	1427688	12747.21429	16175099	14747411	18906.93718	1830.369231
80201040000	BAINBRIDGE-GUILFORD CSD	2023	784	120	2203457	18362.14167	17440244.11	15236787.11	19434.67744	2810.531888
80201040000	BAINBRIDGE-GUILFORD CSD	2024	758	138	2106265.14	15262.79087	19744438.39	17638173.25	23269.35785	2778.713905
80201040000	BAINBRIDGE-GUILFORD CSD	2025	790	138	2493105.01	18065.97833	21305297.36	18812192.35	23812.90171	3155.829127
80601040000	GREENE CSD	2019	955	113	5233112.28	46310.72814	21340308.22	16107195.94	16866.17376	5479.698723
80601040000	GREENE CSD	2020	954	121	2836098.53	23438.83083	19600922.17	16764823.64	17573.1904	2972.849612
80601040000	GREENE CSD	2021	912	114	5277814.69	46296.62009	19766193.12	14488378.43	15886.37986	5787.077511
80601040000	GREENE CSD	2022	898	97	1226502	12644.35052	21584507	20358005	22670.38419	1365.815145
80601040000	GREENE CSD	2023	908	114	1786569.7	15671.66404	23094585.75	21308016.05	23466.97803	1967.587775
80601040000	GREENE CSD	2024	906	118	2766831.27	23447.72263	26946196.58	24179365.31	26688.04118	3053.897649
80601040000	GREENE CSD	2025	904	129	3852946.03	29867.79868	27923601.45	24070655.42	26626.83122	4262.10844
81003040000	UNADILLA VALLEY CSD	2019	806	171	2320147	13568.11111	9063640	6743493	8366.616625	2878.594293
81003040000	UNADILLA VALLEY CSD	2020	794	161	2481284	15411.70186	17702129	15220845	19169.82997	3125.042821
81003040000	UNADILLA VALLEY CSD	2021	795	149	2607509	17500.0604	16431325	13823816	17388.4478	3279.885535
81003040000	UNADILLA VALLEY CSD	2022	792	152	2466208	16225.05263	18408010	15941802	20128.53788	3113.89899
81003040000	UNADILLA VALLEY CSD	2023	797	141	2160323	15321.43972	18592113.14	16431790.14	20617.05162	2710.568381
81003040000	UNADILLA VALLEY CSD	2024	798	174	2779876.39	15976.30109	23181370.94	20401494.55	25565.78264	3483.554373
81003040000	UNADILLA VALLEY CSD	2025	774	158	2886847.82	18271.18873	22509924	19623076.18	25352.8116	3729.777545
81200050000	NORWICH CITY SD	2019	1770	268	0	0	34390371	34390371	19429.58814	0
81200050000	NORWICH CITY SD	2020	1754	277	7197136	25982.44043	33325304	26128168	14896.33295	4103.270239
81200050000	NORWICH CITY SD	2021	1674	286	4321442	15109.93706	29774365.04	25452923.04	15204.85247	2581.506571
81200050000	NORWICH CITY SD	2022	1712	293	5701318	19458.42321	35365172	29663854	17327.01752	3330.209112
81200050000	NORWICH CITY SD	2023	1691	302	3157166.08	10454.19232	35337216.37	32180050.29	19030.18941	1867.040852
81200050000	NORWICH CITY SD	2024	1665	300	3431226.45	11437.4215	41860195.96	38428969.51	23080.46217	2060.796667
81200050000	NORWICH CITY SD	2025	1626	297	0	0	43062651.77	43062651.77	26483.79568	0
81401040000	GEORGETOWN-SOUTH OTSELIC CSD	2019	313	51	2576723.7	50523.99412	8734198.7	6157475	19672.44409	8232.344089
81401040000	GEORGETOWN-SOUTH OTSELIC CSD	2020	309	50	522798.53	10455.9706	8351285.13	7828486.6	25334.90809	1691.904628
81401040000	GEORGETOWN-SOUTH OTSELIC CSD	2021	304	51	548938.46	10763.49922	8888127.2	8339188.74	27431.54191	1805.718618
81401040000	GEORGETOWN-SOUTH OTSELIC CSD	2022	295	59	1032682	17503.08475	11654290	10621608	36005.45085	3500.616949
81401040000	OTSELIC VALLEY CSD	2023	300	55	978391	17788.92727	9795310	8816919	29389.73	3261.303333
81401040000	GEORGETOWN-SOUTH OTSELIC CSD	2024	290	54	1283750.07	23773.14944	12310383.85	11026633.78	38022.8751	4426.724379
81401040000	OTSELIC VALLEY CSD	2025	261	51	1310261.47	25691.40137	12069350.07	10759088.6	41222.56169	5020.158889
81501040000	OXFORD ACADEMY AND CSD	2019	752	91	2793295	30695.54945	16375122	13581827	18060.94016	3714.488032
81501040000	OXFORD ACADEMY AND CSD	2020	741	96	1332283	13877.94792	16571551	15239268	20565.81377	1797.952767
81501040000	OXFORD ACADEMY AND CSD	2022	686	91	992067	10901.83516	16994125	16002058	23326.61516	1446.161808
81501040000	OXFORD ACADEMY & CSD	2023	720	96	1333348	13889.04167	19010615	17677267	24551.75972	1851.872222
81501040000	OXFORD ACADEMY AND CSD	2024	699	96	1526723.03	15903.3649	19702514.49	18175791.46	26002.56289	2184.153119
81501040000	OXFORD ACADEMY & CSD	2025	696	99	3166190.33	31981.72051	21256592.11	18090401.78	25991.95658	4549.124037
82001040000	SHERBURNE-EARLVILLE CSD	2019	1364	294	3923851	13346.43197	28097617	24173766	17722.70235	2876.723607
82001040000	SHERBURNE-EARLVILLE CSD	2020	1346	286	4151944	14517.28671	28000599	23848655	17718.16865	3084.653789
82001040000	SHERBURNE-EARLVILLE CSD	2021	1295	249	3771758	15147.62249	27888867	24117109	18623.25019	2912.55444
82001040000	SHERBURNE-EARLVILLE CSD	2022	1279	247	3095700	12533.19838	28397840	25302140	19782.75215	2420.406568
82001040000	SHERBURNE-EARLVILLE CSD	2023	1265	246	3268806.07	13287.82955	30678069.96	27409263.89	21667.40228	2584.036419
82001040000	SHERBURNE-EARLVILLE CSD	2024	1279	248	1888549.02	7615.117016	35288345.18	33399796.16	26113.99231	1476.582502
82001040000	SHERBURNE-EARLVILLE CSD	2025	1273	264	3154096.17	11947.33398	38109903.72	34955807.55	27459.39321	2477.687486
90201040000	AUSABLE VALLEY CSD	2019	1163	170	1849188	10877.57647	22364253	20515065	17639.78074	1590.015477
90201040000	AUSABLE VALLEY CSD	2020	1151	165	2219328	13450.47273	27066395	24847067	21587.37359	1928.173762
90201040000	AUSABLE VALLEY CSD	2021	1139	167	2252941	13490.66467	27330162	25077221	22016.87533	1977.999122
90201040000	AUSABLE VALLEY CSD	2022	1121	159	1888291	11876.04403	30106165	28217874	25172.05531	1684.470116
90201040000	AUSABLE VALLEY CSD	2023	1182	185	2047563	11067.90811	32963742	30916179	26155.8198	1732.286802
90201040000	AUSABLE VALLEY CSD	2024	1155	200	4807509	24037.545	36234629	31427120	27209.62771	4162.345455
90201040000	AUSABLE VALLEY CSD	2025	1086	192	5404654.38	28149.24156	36923549.83	31518895.45	29022.92399	4976.661492
90301060000	BEEKMANTOWN CSD	2019	1993	335	4190827	12509.93134	26249779	22058952	11068.21475	2102.773206
90301060000	BEEKMANTOWN CSD	2020	2021	376	4698932	12497.15957	30770888	26071956	12900.52251	2325.052944
90301060000	BEEKMANTOWN CSD	2021	2017	342	4509674	13186.18129	33378131	28868457	14312.57164	2235.832424
90301060000	BEEKMANTOWN CSD	2022	2004	338	5733854	16964.06509	40094082	34360228	17145.82236	2861.204591
90301060000	BEEKMANTOWN CSD	2023	2025	339	4549382	13420.0059	47037812	42488430	20981.94074	2246.608395
90301060000	BEEKMANTOWN CSD	2024	2050	388	6814628	17563.47423	41084157	34269529	16716.84341	3324.20878
90301060000	BEEKMANTOWN CSD	2025	2010	386	2000867	5183.593264	51853565	49852698	24802.33731	995.4562189
90501040000	NORTHEASTERN CLINTON CSD	2019	1354	267	5275211	19757.34457	25840268	20565057	15188.37297	3896.019941
90501040000	NORTHEASTERN CLINTON CSD	2020	1287	240	3748487	15618.69583	28504773.01	24756286.01	19235.65347	2912.577312
90501040000	NORTHEASTERN CLINTON CSD	2021	1210	200	4866938.16	24334.6908	26717847.08	21850908.92	18058.60241	4022.262942
90501040000	NORTHEASTERN CLINTON CSD	2022	1265	214	5861228	27388.91589	28007435	22146207	17506.883	4633.381818
90501040000	NORTHEASTERN CLINTON CSD	2023	1219	201	3804862	18929.66169	29173770	25368908	20811.24528	3121.297785
90501040000	NORTHEASTERN CLINTON CSD	2024	1231	235	4065507.26	17300.03089	30708796.79	26643289.53	21643.61457	3302.60541
90501040000	NORTHEASTERN CLINTON CSD	2025	1219	233	7386782.24	31702.92807	34629137.19	27242354.95	22348.11727	6059.706514
90601020000	CHAZY UFSD 	2019	454	73	1083804	14846.63014	8679789.54	7595985.54	16731.24568	2387.23348
90601020000	CHAZY UFSD 	2020	455	71	1279095.15	18015.42465	8740518.31	7461423.16	16398.73222	2811.198132
90601020000	CHAZY UFSD 	2021	420	57	1003355	17602.7193	8938876.43	7935521.43	18894.09864	2388.940476
90601020000	CHAZY UFSD 	2022	449	54	1103953	20443.57407	9224266	8120313	18085.32962	2458.69265
90601020000	CHAZY UFSD	2023	462	65	1002103	15416.96923	9868500.19	8866397.19	19191.33591	2169.054113
90601020000	CHAZY UFSD 	2024	467	67	1838238.5	27436.39552	13018826.7	11180588.2	23941.30236	3936.270878
90601020000	CHAZY UFSD	2025	454	64	1914438.59	29913.10297	13355351.11	11440912.52	25200.24784	4216.825088
90901040000	NORTHERN ADIRONDACK CSD	2019	829	128	3391046	26492.54688	19990748	16599702	20023.76598	4090.525935
90901040000	NORTHERN ADIRONDACK CSD	2020	805	160	2819614	17622.5875	20506046	17686432	21970.72298	3502.626087
90901040000	NORTHERN ADIRONDACK CSD	2021	764	142	2831814.39	19942.35486	20927677.61	18095863.22	23685.68484	3706.563338
90901040000	NORTHERN ADIRONDACK CSD	2022	794	165	3266694	19798.14545	22548980	19282286	24284.99496	4114.224181
90901040000	NORTHERN ADIRONDACK CSD	2023	802	140	3885588.34	27754.20243	21045275.57	17159687.23	21396.11874	4844.873242
90901040000	NORTHERN ADIRONDACK CSD	2024	818	144	4015837.68	27887.76167	25799593.08	21783755.4	26630.50782	4909.337017
90901040000	NORTHERN ADIRONDACK CSD	2025	799	148	4556110.9	30784.53311	27046960.37	22490849.47	28148.74777	5702.266458
91101060000	PERU CSD	2019	1897	359	7015402.15	19541.51017	39586432.12	32571029.97	17169.7575	3698.156115
91101060000	PERU CSD	2020	1858	376	7200196.23	19149.45806	39623108.88	32422912.65	17450.43738	3875.240167
91101060000	PERU CSD	2021	1841	355	7496156.6	21115.93408	39311807.22	31815650.62	17281.72223	4071.785225
91101060000	PERU CSD	2022	1838	366	6985706	19086.62842	42904694	35918988	19542.4309	3800.710555
91101060000	PERU CSD	2023	1860	379	7986891.63	21073.59269	45052045.29	37065153.66	19927.50197	4294.027758
91101060000	PERU CSD	2024	1802	404	7627784.41	18880.65448	50467318.85	42839534.44	23773.32655	4232.954723
91101060000	PERU CSD	2025	1792	416	7528936.99	18098.40623	50242097.88	42713160.89	23835.46925	4201.415731
91200010000	PLATTSBURGH CITY SD	2019	1829	363	7461910	20556.2259	38833408	31371498	17152.26791	4079.775834
91200010000	PLATTSBURGH CITY SD	2020	1852	394	6267230	15906.67513	39431964	33164734	17907.52376	3384.033477
91200010000	PLATTSBURGH CITY SD	2021	1778	361	5988934	16589.84488	40070479	34081545	19168.473	3368.354331
91200010000	PLATTSBURGH CITY SD	2022	1755	348	6757899	19419.25	42059780	35301881	20115.03191	3850.654701
91200010000	PLATTSBURGH CITY SD	2023	1710	353	6964212	19728.64589	44108456.97	37144244.97	21721.78068	4072.638596
91200010000	PLATTSBURGH CITY SD	2024	1789	366	9942073.53	27164.13533	50399127.31	40457053.78	22614.33973	5557.335679
91200010000	PLATTSBURGH CITY SD	2025	1810	388	12708795	32754.62629	53260619.04	40551824.04	22404.32267	7021.433702
91402060000	SARANAC CSD	2019	1488	205	5912991	28843.85854	29379644	23466653	15770.60013	3973.784274
91402060000	SARANAC CSD	2020	1455	216	5887099	27255.08796	32063293.12	26176194.12	17990.51142	4046.116151
91402060000	SARANAC CSD	2021	1482	208	5446521	26185.19712	29228728.33	23782207.33	16047.37337	3675.115385
91402060000	SARANAC CSD	2022	1509	224	5610167	25045.38839	32140379	26530212	17581.32008	3717.804506
91402060000	SARANAC CSD	2023	1494	218	6726108	30853.70642	34216644	27490536	18400.62651	4502.080321
91402060000	SARANAC CSD	2024	1556	242	7878206.13	32554.57079	39845670	31967463.87	20544.64259	5063.114479
91402060000	SARANAC CSD	2025	1546	267	8043657.38	30126.0576	43177264.13	35133606.75	22725.48949	5202.883169
1.00501E+11	TACONIC HILLS CSD	2019	1284	155	4399483	28383.76129	28990955.09	24591472.09	19152.23683	3426.388629
1.00501E+11	TACONIC HILLS CSD	2020	1243	152	5771935	37973.25658	30249850	24477915	19692.61062	4643.551891
1.00501E+11	TACONIC HILLS CSD	2021	1190	131	4384400	33468.70229	29447548	25063148	21061.46891	3684.369748
1.00501E+11	TACONIC HILLS CSD	2022	1137	123	3920225	31871.74797	32721231	28801006	25330.70009	3447.867194
1.00501E+11	TACONIC HILLS CSD	2023	1064	118	3201953	27135.19492	30616004	27414051	25765.08553	3009.354323
1.00501E+11	TACONIC HILLS CSD	2024	1031	131	3013771.19	23005.88695	31968484.79	28954713.6	28084.1063	2923.153434
1.00501E+11	TACONIC HILLS CSD	2025	973	135	2635744.77	19524.03533	17609998.07	14974253.3	15389.77729	2708.884656
1.00902E+11	GERMANTOWN CSD	2019	525	90	2133920	23710.22222	12796608	10662688	20309.8819	4064.609524
1.00902E+11	GERMANTOWN CSD	2020	520	85	2661206	31308.30588	2810016	148810	286.1730769	5117.703846
1.00902E+11	GERMANTOWN CSD	2021	519	83	2000558	24103.10843	11794640	9794082	18871.06358	3854.639692
1.00902E+11	GERMANTOWN CSD	2023	488	93	1294241	13916.56989	14342147	13047906	26737.5123	2652.133197
1.00902E+11	GERMANTOWN CSD	2024	475	81	2064099.46	25482.70938	16329493.81	14265394.35	30032.40916	4345.472547
1.00902E+11	GERMANTOWN CSD	2025	452	81	2010455	24820.4321	17655652	15645197	34613.2677	4447.909292
1.01001E+11	CHATHAM CSD	2019	1020	178	2559500.51	14379.21635	23956944.93	21397444.42	20977.88669	2509.314225
1.01001E+11	CHATHAM CSD	2020	983	165	2723625	16506.81818	24599036.59	21875411.59	22253.72491	2770.727365
1.01001E+11	CHATHAM CSD	2021	919	150	2722637	18150.91333	24631150.21	21908513.21	23839.51383	2962.60827
1.01001E+11	CHATHAM CSD	2022	890	159	2651770	16677.79874	25306876	22655106	25455.17528	2979.516854
1.01001E+11	CHATHAM CSD	2023	870	164	2750066	16768.69512	27107921	24357855	27997.53448	3160.995402
1.01001E+11	CHATHAM CSD	2024	895	177	3563998	20135.58192	30961565.81	27397567.81	30611.80761	3982.12067
1.01001E+11	CHATHAM CSD	2025	907	201	4432091	22050.20398	33965485	29533394	32561.62514	4886.53914
1.013E+11	HUDSON CITY SD	2019	1723	292	5703293.44	19531.82685	42203679.77	36500386.33	21184.20565	3310.094858
1.013E+11	HUDSON CITY SD	2020	1652	266	6443666.06	24224.3085	40079708.96	33636042.9	20360.80079	3900.524249
1.013E+11	HUDSON CITY SD	2021	1619	255	6609505.4	25919.62902	40871499.76	34261994.36	21162.44247	4082.461643
1.013E+11	HUDSON CITY SD	2022	1588	253	6952282	27479.37549	43762385	36810103	23180.16562	4378.011335
1.013E+11	HUDSON CITY SD	2023	1561	280	1424853	5088.760714	48035560.93	46610707.93	29859.51821	912.7821909
1.013E+11	HUDSON CITY SD	2024	1562	290	7246957.95	24989.51017	50089022	42842064.05	27427.69786	4639.53774
1.013E+11	HUDSON CITY SD	2025	1523	290	8079063.01	27858.83797	53504730.14	45425667.13	29826.43935	5304.703224
1.01401E+11	KINDERHOOK CSD	2019	1750	243	6994542	28784.12346	35011819	28017277	16009.87257	3996.881143
1.01401E+11	KINDERHOOK CSD	2020	1683	232	4189707	18059.0819	33783511	29593804	17583.9596	2489.427807
1.01401E+11	KINDERHOOK CSD	2021	1620	223	7518479	33715.15247	37286809	29768330	18375.51235	4641.03642
1.01401E+11	KINDERHOOK CSD	2022	1661	234	6741180	28808.46154	39283892	32542712	19592.24082	4058.506924
1.01401E+11	KINDERHOOK CSD	2023	1692	252	7882020	31277.85714	40382372	32500352	19208.24586	4658.404255
1.01401E+11	KINDERHOOK CSD	2024	1694	271	6431557	23732.68266	46226735	39795178	23491.84061	3796.668831
1.01401E+11	KINDERHOOK CSD	2025	1679	290	7886511.07	27194.86576	48559375.18	40672864.11	24224.45748	4697.147749
1.01601E+11	NEW LEBANON CSD	2019	432	58	731275.88	12608.20483	9901419.31	9170143.43	21227.18387	1692.768241
1.01601E+11	NEW LEBANON CSD	2020	427	63	959092.11	15223.68429	4170205.27	3211113.16	7520.171335	2246.117354
1.01601E+11	NEW LEBANON CSD	2021	393	62	0	0	10538816.28	10538816.28	26816.32641	0
1.01601E+11	NEW LEBANON CSD	2022	406	65	1149881	17690.47692	11163211	10013330	24663.37438	2832.219212
1.01601E+11	NEW LEBANON CSD	2023	413	71	1267670	17854.50704	11378824.05	10111154.05	24482.2132	3069.418886
1.01601E+11	NEW LEBANON CSD	2024	411	71	1241886.78	17491.3631	13339126.01	12097239.23	29433.67209	3021.622336
1.01601E+11	NEW LEBANON CSD	2025	411	85	1286083.97	15130.39965	13513562.07	12227478.1	29750.55499	3129.158078
1.10101E+11	CINCINNATUS CSD	2019	530	98	2215954.58	22611.78143	11731041.53	9515086.95	17952.99425	4181.046377
1.10101E+11	CINCINNATUS CSD	2020	538	98	1057262.53	10788.39316	11700654.41	10643391.88	19783.25628	1965.171989
1.10101E+11	CINCINNATUS CSD	2021	533	93	2191447.63	23563.95301	13157969.06	10966521.43	20575.08711	4111.534015
1.10101E+11	CINCINNATUS CSD	2022	499	79	1025832	12985.21519	13146646	12120814	24290.20842	2055.775551
1.10101E+11	CINCINNATUS CSD	2023	529	93	1133468.97	12187.83839	13558699.44	12425230.47	23488.14834	2142.663459
1.10101E+11	CINCINNATUS CSD	2024	493	90	1341784.52	14908.71689	15818557.97	14476773.45	29364.65203	2721.672454
1.10101E+11	CINCINNATUS CSD	2025	462	75	1313143.82	17508.58427	15107889.7	13794745.88	29858.75732	2842.302641
1.102E+11	CORTLAND CITY SD	2019	2355	294	6697185	22779.54082	40266225	33569040	14254.36943	2843.815287
1.102E+11	CORTLAND CITY SD	2020	2132	307	3583149	11671.49511	39627572	36044423	16906.38977	1680.651501
1.102E+11	CORTLAND CITY SD	2021	1999	294	2532616.78	8614.342789	38982203.42	36449586.64	18233.91028	1266.941861
1.102E+11	CORTLAND CITY SD	2022	1925	308	3592181	11662.92532	39956402	36364221	18890.50442	1866.068052
1.102E+11	CORTLAND CITY SD	2023	1858	312	4191023.82	13432.76865	43561062.84	39370039.02	21189.47202	2255.664058
1.102E+11	CORTLAND CITY SD	2024	1944	328	4594026.45	14006.1782	46259582.22	41665555.77	21432.89906	2363.18233
1.102E+11	CORTLAND CITY SD	2025	1835	360	4890128.96	13583.69156	48050452.22	43160323.26	23520.61213	2664.920414
1.10304E+11	MCGRAW CSD	2019	564	107	1636391.61	15293.37953	9796072.77	8159681.16	14467.51979	2901.403564
1.10304E+11	MCGRAW CSD	2020	545	103	1025742.39	9958.663981	10037553.01	9011810.62	16535.43233	1882.096128
1.10304E+11	MCGRAW CSD	2021	534	109	1566608.17	14372.55202	10114473.43	8547865.26	16007.23831	2933.723165
1.10304E+11	MCGRAW CSD	2022	537	112	1133570	10121.16071	11536131	10402561	19371.62197	2110.931099
1.10304E+11	MCGRAW CSD	2023	514	108	1087584.59	10070.22769	12043440.49	10955855.9	21314.89475	2115.923327
1.10304E+11	MCGRAW CSD	2024	492	106	1127687.16	10638.55811	13683589.4	12555902.24	25520.1265	2292.047073
1.10304E+11	MCGRAW CSD	2025	497	111	1075484.21	9689.046937	12831833.78	11756349.57	23654.6269	2163.952133
1.10701E+11	HOMER CSD	2019	1926	214	3079649.55	14390.88575	33871155.25	30791505.7	15987.28229	1598.987305
1.10701E+11	HOMER CSD	2020	1897	207	3975980.55	19207.63551	35699422.79	31723442.24	16722.95321	2095.930706
1.10701E+11	HOMER CSD	2021	1853	187	3922138.43	20974.0023	35475704.79	31553566.36	17028.36825	2116.642434
1.10701E+11	HOMER CSD	2022	1877	193	7739222	40099.59585	37325711	29586489	15762.64731	4123.187001
1.10701E+11	HOMER CSD	2023	1859	181	3477687	19213.74033	37923031	34445344	18528.96396	1870.729962
1.10701E+11	HOMER CSD	2024	1820	213	4474893.21	21008.88831	45274368.91	40799475.7	22417.29434	2458.732533
1.10701E+11	HOMER CSD	2025	1828	235	4728416.87	20120.92285	44083330.48	39354913.61	21528.94618	2586.661307
1.10901E+11	MARATHON CSD	2019	711	126	2788829	22133.56349	14763233	11974404	16841.63713	3922.403657
1.10901E+11	MARATHON CSD	2020	689	114	1309393	11485.90351	14481346	13171953	19117.49347	1900.425254
1.10901E+11	MARATHON CSD	2021	637	91	1754274.82	19277.74527	15902496.65	14148221.83	22210.70931	2753.963611
1.10901E+11	MARATHON CSD	2022	718	99	1369715	13835.50505	16252540	14882825	20728.16852	1907.681058
1.10901E+11	MARATHON CSD	2023	721	93	1220759.97	13126.45129	15154615.82	13933855.85	19325.73627	1693.148363
1.10901E+11	MARATHON CSD	2024	723	100	1475355.49	14753.5549	18275116.03	16799760.54	23236.18332	2040.602337
1.10901E+11	MARATHON CSD	2025	673	96	1246977	12989.34375	19479378.43	18232401.43	27091.23541	1852.863299
1.20102E+11	ANDES CSD	2019	75	22	239124	10869.27273	1253792	1014668	13528.90667	3188.32
1.20102E+11	ANDES CSD	2020	75	20	230574	11528.7	2914325	2683751	35783.34667	3074.32
1.20102E+11	ANDES CSD	2021	61	17	356727	20983.94118	3111903	2755176	45166.81967	5847.983607
1.20102E+11	ANDES CSD	2023	69	18	1392685	77371.38889	3995214.98	2602529.98	37717.8258	20183.84058
1.20102E+11	ANDES CSD	2025	68	11	284470	25860.90909	4754440	4469970	65734.85294	4183.382353
1.20301E+11	DOWNSVILLE CSD	2019	232	36	678709	18853.02778	8078320	7399611	31894.875	2925.469828
1.20301E+11	DOWNSVILLE CSD	2020	219	37	313266	8466.648649	7970801	7657535	34965.91324	1430.438356
1.20301E+11	DOWNSVILLE CSD	2021	237	44	376590	8558.863636	7806261	7429671	31348.82278	1588.987342
1.20301E+11	DOWNSVILLE CSD	2022	226	41	401797	9799.926829	8810338	8408541	37205.93363	1777.862832
1.20301E+11	DOWNSVILLE CSD	2023	215	34	701130	20621.47059	8786534	8085404	37606.53023	3261.069767
1.20301E+11	DOWNSVILLE CSD	2024	218	38	1197942.82	31524.81105	11000561	9802618.18	44966.13844	5495.15055
1.20301E+11	DOWNSVILLE CSD	2025	219	34	1266996.33	37264.59794	10645025.01	9378028.68	42822.04877	5785.37137
1.20401E+11	CHARLOTTE VALLEY CSD	2019	393	67	437291	6526.731343	4957881	4520590	11502.77354	1112.699746
1.20401E+11	CHARLOTTE VALLEY CSD	2020	412	78	1199425	15377.24359	8165571.24	6966146.24	16908.12194	2911.225728
1.20401E+11	CHARLOTTE VALLEY CSD	2021	387	71	1044379	14709.56338	8941779	7897400	20406.71835	2698.653747
1.20401E+11	CHARLOTTE VALLEY CSD	2022	389	66	1182667	17919.19697	9486463	8303796	21346.51928	3040.275064
1.20401E+11	CHARLOTTE VALLEY CSD	2023	347	58	1126697	19425.81034	10480228	9353531	26955.42075	3246.965418
1.20401E+11	CHARLOTTE VALLEY CSD	2024	342	65	1940921.47	29860.33031	11925711.73	9984790.26	29195.29316	5675.208977
1.20401E+11	CHARLOTTE VALLEY CSD	2025	322	57	1834425	32182.89474	11925543	10091118	31338.87578	5696.97205
1.20501E+11	DELAWARE ACADEMY CSD AT DELHI	2019	759	128	946877	7397.476563	8871336	7924459	10440.65744	1247.532279
1.20501E+11	DELAWARE ACADEMY CSD AT DELHI	2020	1494	216	1775245	8218.726852	15141447	13366202	8946.587684	1188.249665
1.20501E+11	DELAWARE ACADEMY CSD AT DELHI	2021	715	102	1859545.67	18230.8399	16041121.25	14181575.58	19834.37144	2600.763175
1.20501E+11	DELAWARE ACADEMY CSD AT DELHI	2022	709	99	1644310	16609.19192	15819176	14174866	19992.75882	2319.196051
1.20501E+11	DELAWARE ACADEMY CSD AT DELHI	2023	738	101	1240678	12283.94059	16816504	15575826	21105.45528	1681.135501
1.20501E+11	DELAWARE ACADEMY CSD AT DELHI	2024	746	130	0	0	20324112	20324112	27244.11796	0
1.20501E+11	DELAWARE ACADEMY CSD AT DELHI	2025	724	140	1822085	13014.89286	21630624	19808539	27359.8605	2516.691989
1.20701E+11	FRANKLIN CSD	2019	261	41	1219717	29749.19512	5805150	4585433	17568.70881	4673.245211
1.20701E+11	FRANKLIN CSD	2020	255	40	1127699.8	28192.495	6224679.96	5096980.16	19988.15749	4422.352157
1.20701E+11	FRANKLIN CSD	2021	234	38	1176719	30966.28947	6114622	4937903	21102.14957	5028.713675
1.20701E+11	FRANKLIN CSD	2022	223	37	1214291	32818.67568	6785845	5571554	24984.54709	5445.251121
1.20701E+11	FRANKLIN CSD	2023	193	27	1200039	44445.88889	6908767	5708728	29578.90155	6217.818653
1.20701E+11	FRANKLIN CSD	2024	195	31	1069104.42	34487.23935	8093366.51	7024262.09	36021.85687	5482.586769
1.20701E+11	FRANKLIN CSD	2025	209	36	1169294.46	32480.40167	7873494.64	6704200.18	32077.51282	5594.710335
1.20906E+11	HANCOCK CSD	2019	323	36	814520	22625.55556	9351558.8	8537038.8	26430.46068	2521.733746
1.20906E+11	HANCOCK CSD	2020	316	40	900107	22502.675	9165541.28	8265434.28	26156.43759	2848.439873
1.20906E+11	HANCOCK CSD	2021	309	37	886544	23960.64865	9172559	8286015	26815.58252	2869.074434
1.20906E+11	HANCOCK CSD	2022	311	33	891134	27004.06061	9631485	8740351	28104.02251	2865.382637
1.20906E+11	HANCOCK CSD	2023	310	39	876047	22462.74359	10137545	9261498	29875.8	2825.958065
1.20906E+11	HANCOCK CSD	2024	295	38	989399.75	26036.83553	11185368.64	10195968.89	34562.60641	3353.897458
1.20906E+11	HANCOCK CSD	2025	292	45	1270037.84	28223.06311	10685074	9415036.16	32243.27452	4349.444658
1.21401E+11	MARGARETVILLE CSD	2019	344	62	0	0	3132711	3132711	9106.718023	0
1.21401E+11	MARGARETVILLE CSD	2020	343	63	0	0	8675708	8675708	25293.60933	0
1.21401E+11	MARGARETVILLE CSD	2021	331	68	1430188	21032.17647	8404117	6973929	21069.2719	4320.809668
1.21401E+11	MARGARETVILLE CSD	2022	325	73	1541456	21115.83562	9934725	8393269	25825.44308	4742.941538
1.21401E+11	MARGARETVILLE CSD	2023	320	80	1608996	20112.45	11037365.32	9428369.32	29463.65413	5028.1125
1.21401E+11	MARGARETVILLE CSD	2024	304	71	1376430	19386.33803	11212172	9835742	32354.41447	4527.730263
1.21401E+11	MARGARETVILLE CSD	2025	301	75	2487182	33162.42667	13235421	10748239	35708.43522	8263.063123
1.21502E+11	ROXBURY CSD	2019	266	58	1567541	27026.56897	5580564	4013023	15086.55263	5893.011278
1.21502E+11	ROXBURY CSD	2020	251	47	1736694	36950.93617	8719582.04	6982888.04	27820.27108	6919.099602
1.21502E+11	ROXBURY CSD	2021	250	39	937946	24049.89744	7981317	7043371	28173.484	3751.784
1.21502E+11	ROXBURY CSD	2022	234	37	1079523	29176.2973	8670452	7590929	32439.86752	4613.346154
1.21502E+11	ROXBURY CSD	2023	228	38	1644136	43266.73684	9487173	7843037	34399.28509	7211.122807
1.21502E+11	ROXBURY CSD	2024	227	38	1766964.15	46499.05658	10835230.66	9068266.51	39948.31062	7783.98304
1.21502E+11	ROXBURY CSD	2025	224	35	1950916	55740.45714	11258540	9307624	41551.89286	8709.446429
1.21601E+11	SIDNEY CSD	2019	1119	135	3695148.61	27371.47119	22350298.82	18655150.21	16671.26918	3302.188213
1.21601E+11	SIDNEY CSD	2020	1088	141	3658374	25945.91489	21291628.2	17633254.2	16207.03511	3362.476103
1.21601E+11	SIDNEY CSD	2021	1037	134	3770392	28137.25373	21000858	17230466	16615.68563	3635.864995
1.21601E+11	SIDNEY CSD	2022	1069	145	4087204	28187.61379	22212853	18125649	16955.70533	3823.390084
1.21601E+11	SIDNEY CSD	2023	1032	134	4459409.63	33279.17634	23698631.8	19239222.17	18642.65714	4321.133362
1.21601E+11	SIDNEY CSD	2024	1037	131	2179135.47	16634.62191	25458318.64	23279183.17	22448.58551	2101.384253
1.21601E+11	SIDNEY CSD	2025	988	138	4794824.14	34745.10246	28384003.29	23589179.15	23875.6874	4853.06087
1.21701E+11	STAMFORD CSD	2019	281	29	1515838	52270.27586	7614762	6098924	21704.35587	5394.441281
1.21701E+11	STAMFORD CSD	2020	272	35	572859.63	16367.418	7066111.16	6493251.53	23872.24827	2106.101581
1.21701E+11	STAMFORD CSD	2021	250	35	920133	26289.51429	7422454	6502321	26009.284	3680.532
1.21701E+11	STAMFORD CSD	2022	234	33	989172	29974.90909	7836800	6847628	29263.36752	4227.230769
1.21701E+11	STAMFORD CSD	2023	252	37	627960.26	16971.89892	8066380.17	7438419.91	29517.53933	2491.905794
1.21701E+11	STAMFORD CSD	2024	248	37	0	0	9663982.83	9663982.83	38967.6727	0
1.21701E+11	STAMFORD CSD	2025	246	30	1243446.47	41448.21567	9240686.73	7997240.26	32509.10675	5054.660447
1.21702E+11	SOUTH KORTRIGHT CSD	2019	363	46	1234550	26838.04348	7688386	6453836	17779.16253	3400.964187
1.21702E+11	SOUTH KORTRIGHT CSD	2020	341	35	1037834	29652.4	7053673	6015839	17641.7566	3043.501466
1.21702E+11	SOUTH KORTRIGHT CSD	2021	307	27	904289	33492.18519	6983105	6078816	19800.70358	2945.566775
1.21702E+11	SOUTH KORTRIGHT CSD	2022	319	37	1937840	52374.05405	7357939	5420099	16990.90596	6074.733542
1.21702E+11	SOUTH KORTRIGHT CSD	2023	317	37	1681793	45453.86486	7026161	5344368	16859.20505	5305.340694
1.21702E+11	SOUTH KORTRIGHT CSD	2024	313	43	1136605	26432.67442	9527847	8391242	26809.07987	3631.325879
1.21702E+11	SOUTH KORTRIGHT CSD	2025	288	42	1313942	31284.33333	9690056	8376114	29083.72917	4562.298611
1.21901E+11	WALTON CSD	2019	933	144	2182382	15155.43056	18186445	16004063	17153.33655	2339.101822
1.21901E+11	WALTON CSD	2020	896	148	2137047.46	14439.50986	18310840	16173792.54	18051.10775	2385.097612
1.21901E+11	WALTON CSD	2021	841	152	2113049	13901.63816	17918164	15805115	18793.24019	2512.543401
1.21901E+11	WALTON CSD	2022	847	157	2181306	13893.66879	20073822	17892516	21124.57615	2575.331759
1.21901E+11	WALTON CSD	2023	839	163	2361791	14489.51534	21438419	19076628	22737.33969	2815.007151
1.21901E+11	WALTON CSD	2024	833	183	0	0	22695206.66	22695206.66	27245.14605	0
1.21901E+11	WALTON CSD	2025	805	177	2501532	14132.94915	23677984.78	21176452.78	26306.15252	3107.493168
1.302E+11	BEACON CITY SD	2019	2947	536	9718425	18131.38993	56913567	47195142	16014.63929	3297.734985
1.302E+11	BEACON CITY SD	2020	2816	515	9666519	18769.93981	58243986	48577467	17250.52095	3432.712713
1.302E+11	BEACON CITY SD	2021	2666	486	9720814	20001.6749	60110652	50389838	18900.91448	3646.216804
1.302E+11	BEACON CITY SD	2022	2591	500	6629700	13259.4	63022671	56392971	21764.94442	2558.741799
1.302E+11	BEACON CITY SD	2023	2560	469	7055559	15043.83582	66196949	59141390	23102.10547	2756.077734
1.302E+11	BEACON CITY SD	2024	2601	497	0	0	75226988	75226988	28922.33295	0
1.302E+11	BEACON CITY SD	2025	2576	489	0	0	76732005	76732005	29787.26902	0
1.30502E+11	DOVER UFSD 	2019	1367	192	4199798.17	21873.9488	27293373.7	23093575.53	16893.6178	3072.273716
1.30502E+11	DOVER UFSD 	2020	1351	186	3669881.92	19730.54796	27512643.9	23842761.98	17648.23241	2716.41889
1.30502E+11	DOVER UFSD 	2021	1323	187	3540967.96	18935.65754	29477518.49	25936550.53	19604.34658	2676.468602
1.30502E+11	DOVER UFSD 	2022	1328	191	2811024	14717.40314	31481117	28670093	21588.92545	2116.73494
1.30502E+11	DOVER UFSD	2023	1310	188	3654821.23	19440.53846	33531459.48	29876638.25	22806.59408	2789.93987
1.30502E+11	DOVER UFSD 	2024	1350	207	4383772	21177.64251	40057906.2	35674134.2	26425.28459	3247.238519
1.30502E+11	DOVER UFSD	2025	1317	213	3321805.32	15595.33014	40499999.82	37178194.5	28229.45672	2522.251572
1.30801E+11	HYDE PARK CSD	2019	3605	577	12235327.09	21205.07295	80234022.33	67998695.24	18862.32878	3393.988097
1.30801E+11	HYDE PARK CSD	2020	3396	575	11830397	20574.60348	79587269	67756872	19951.96466	3483.626914
1.30801E+11	HYDE PARK CSD	2021	3302	564	11205423.34	19867.77188	80065129.32	68859705.98	20853.93882	3393.526148
1.30801E+11	HYDE PARK CSD	2022	3308	604	10042464	16626.59603	84233701	74191237	22427.82255	3035.811366
1.30801E+11	HYDE PARK CSD	2023	3313	587	11311465	19269.95741	91704224.76	80392759.76	24265.84961	3414.266526
1.30801E+11	HYDE PARK CSD	2024	3454	620	18529668.48	29886.56206	110816034	92286365.56	26718.69298	5364.69846
1.30801E+11	HYDE PARK CSD	2025	3285	588	19280379.09	32789.76036	116765007	97484627.93	29675.68582	5869.217379
1.31101E+11	NORTHEAST CSD	2019	675	132	28430	215.3787879	17651982	17623552	26108.96593	42.11851852
1.31101E+11	NORTHEAST CSD	2020	649	125	0	0	17021453	17021453	26227.20031	0
1.31101E+11	NORTHEAST CSD	2021	612	130	1672232	12863.32308	17443399	15771167	25769.88072	2732.405229
1.31101E+11	NORTHEAST CSD	2022	631	133	378520	2846.015038	18371864	17993344	28515.60063	599.8732171
1.31101E+11	NORTHEAST CSD	2023	642	129	467850	3626.744186	19078293	18610443	28988.22897	728.7383178
1.31101E+11	NORTHEAST CSD	2024	660	144	3861948.45	26819.08646	24397748.92	20535800.47	31114.8492	5851.437045
1.31101E+11	NORTHEAST CSD	2025	643	125	4306714	34453.712	25342412	21035698	32714.92691	6697.844479
1.31201E+11	PAWLING CSD	2019	1116	127	6005088.98	47284.1652	31125756.56	25120667.58	22509.55876	5380.904104
1.31201E+11	PAWLING CSD	2020	1114	137	4609322.67	33644.69102	31529404.26	26920081.59	24165.2438	4137.632558
1.31201E+11	PAWLING CSD	2021	1093	133	3623099	27241.34586	30456661	26833562	24550.37694	3314.820677
1.31201E+11	PAWLING CSD	2022	1103	152	3662393	24094.69079	32084895	28422502	25768.36083	3320.392566
1.31201E+11	PAWLING CSD	2023	1087	156	3923917	25153.3141	33906177.66	29982260.66	27582.5765	3609.859246
1.31201E+11	PAWLING CSD	2024	1070	169	4952080.48	29302.25136	39138829.34	34186748.86	31950.23258	4628.112598
1.31201E+11	PAWLING CSD	2025	1080	183	5779867.16	31583.97355	41539392.89	35759525.73	33110.67197	5351.728852
1.31301E+11	PINE PLAINS CSD	2019	898	149	2133184	14316.67114	24918923	22785739	25373.87416	2375.483296
1.31301E+11	PINE PLAINS CSD	2020	904	139	2526622	18177.13669	25726605.16	23199983.16	25663.69819	2794.935841
1.31301E+11	PINE PLAINS CSD	2021	869	130	2701466	20780.50769	25585529	22884063	26333.78941	3108.706559
1.31301E+11	PINE PLAINS CSD	2022	866	124	3006215	24243.66935	26834198	23827983	27514.99192	3471.379908
1.31301E+11	PINE PLAINS CSD	2023	826	122	3019528	24750.22951	26940843	23921315	28960.42978	3655.602906
1.31301E+11	PINE PLAINS CSD	2024	802	132	3834605.65	29050.0428	33671041.29	29836435.64	37202.5382	4781.303803
1.31301E+11	PINE PLAINS CSD	2025	781	144	5234208.22	36348.66819	36616602.88	31382394.66	40182.32351	6701.93114
1.315E+11	POUGHKEEPSIE CITY SD	2019	4326	769	20294854.8	26391.22861	95673281.31	75378426.51	17424.50913	4691.367268
1.315E+11	POUGHKEEPSIE CITY SD	2020	4272	807	11133480.85	13796.13488	91537716.22	80404235.37	18821.21614	2606.151884
1.315E+11	POUGHKEEPSIE CITY SD	2021	4150	810	10672264.49	13175.63517	83028930.75	72356666.26	17435.34127	2571.629998
1.315E+11	POUGHKEEPSIE CITY SD	2022	4066	780	10973691	14068.83462	96030074	85056383	20918.93335	2698.891048
1.315E+11	POUGHKEEPSIE CITY SD	2023	3824	770	12461300.42	16183.50704	106719497.7	94258197.32	24649.11018	3258.708269
1.315E+11	POUGHKEEPSIE CITY SD	2024	3841	768	14272423.16	18583.88432	120682559	106410135.9	27703.75836	3715.809206
1.315E+11	POUGHKEEPSIE CITY SD	2025	3721	847	24261243.39	28643.73482	135102294.7	110841051.3	29787.97401	6520.086909
1.31601E+11	ARLINGTON CSD	2019	7990	1263	20734229.98	16416.65082	164182705.5	143448475.5	17953.50131	2595.022526
1.31601E+11	ARLINGTON CSD	2020	7963	1267	24485303.43	19325.41707	167507828.3	143022524.9	17960.8847	3074.884268
1.31601E+11	ARLINGTON CSD	2021	7724	1270	25143424	19797.97165	176737358	151593934	19626.35085	3255.233558
1.31601E+11	ARLINGTON CSD	2022	7745	1348	28305336	20998.02374	183513150	155207814	20039.74358	3654.659264
1.31601E+11	ARLINGTON CSD	2023	7696	1337	29121478	21781.21017	188879747	159758269	20758.61084	3783.975832
1.31601E+11	ARLINGTON CSD	2024	7785	1315	39557931.26	30082.077	230019509.3	190461578	24465.19949	5081.301382
1.31601E+11	ARLINGTON CSD	2025	7644	1326	41734611.1	31474.06569	240710822.2	198976211.1	26030.37822	5459.786905
1.31602E+11	SPACKENKILL UFSD 	2019	1501	218	3314914.18	15206.02835	37905851.63	34590937.45	23045.26146	2208.470473
1.31602E+11	SPACKENKILL UFSD 	2020	1448	192	4141048.31	21567.95995	40681284.56	36540236.25	25234.96979	2859.839993
1.31602E+11	SPACKENKILL UFSD 	2021	1474	191	6464380	33844.92147	42474225.37	36009845.37	24430.01721	4385.603799
1.31602E+11	SPACKENKILL UFSD 	2022	1495	181	5976260	33018.01105	43239470	37263210	24925.22408	3997.498328
1.31602E+11	SPACKENKILL UFSD	2023	1537	183	5833661	31877.92896	43246288	37412627	24341.33182	3795.485361
1.31602E+11	SPACKENKILL UFSD 	2024	1603	199	6911158.64	34729.4404	52108432.73	45197274.09	28195.42988	4311.390293
1.31602E+11	SPACKENKILL UFSD	2025	1556	218	7327694.73	33613.27858	53393681.34	46065986.61	29605.38985	4709.315379
1.31701E+11	RED HOOK CSD	2019	1861	257	8276725	32205.15564	43122811	34846086	18724.38796	4447.461042
1.31701E+11	RED HOOK CSD	2020	1784	236	8386619	35536.52119	43221166	34834547	19526.09137	4701.019619
1.31701E+11	RED HOOK CSD	2021	1654	213	8428552	39570.66667	43491663	35063111	21198.97884	5095.859734
1.31701E+11	RED HOOK CSD	2022	1645	219	8551034	39045.81735	46353987	37802953	22980.51854	5198.19696
1.31701E+11	RED HOOK CSD	2023	1586	207	4781306	23098.09662	50811545	46030239	29022.84931	3014.69483
1.31701E+11	RED HOOK CSD	2024	1585	190	10506018	55294.83158	56227582	45721564	28846.41262	6628.402524
1.31701E+11	RED HOOK CSD	2025	1576	180	8938436	49657.97778	57490055	48551619	30806.86485	5671.596447
1.31801E+11	RHINEBECK CSD	2019	995	114	2553749	22401.30702	27983586	25429837	25557.62513	2566.58191
1.31801E+11	RHINEBECK CSD	2020	944	109	3663627	33611.25688	28345173	24681546	26145.70551	3880.960805
1.31801E+11	RHINEBECK CSD	2021	951	108	2974550	27542.12963	28984843	26010293	27350.46583	3127.812829
1.31801E+11	RHINEBECK CSD	2022	937	111	3254857	29323.03604	29430915	26176058	27936.02775	3473.700107
1.31801E+11	RHINEBECK CSD	2023	937	127	3380214	26615.85827	31389402.27	28009188.27	29892.41011	3607.485592
1.31801E+11	RHINEBECK CSD	2024	911	128	3661557.51	28605.91805	35793590.42	32132032.91	35271.16675	4019.272788
1.31801E+11	RHINEBECK CSD	2025	918	142	3957212.53	27867.69387	36717934	32760721.47	35687.06042	4310.689031
1.32101E+11	WAPPINGERS CSD	2019	10671	1568	52353756	33388.875	205064103	152710347	14310.78128	4906.171493
1.32101E+11	WAPPINGERS CSD	2020	10645	1575	31236211	19832.51492	206084563	174848352	16425.39709	2934.35519
1.32101E+11	WAPPINGERS CSD	2021	10240	1589	29235814	18398.87602	206347724	177111910	17296.08496	2855.059961
1.32101E+11	WAPPINGERS CSD	2022	10247	1660	27763920	16725.25301	217498681	189734761	18516.12774	2709.468137
1.32101E+11	WAPPINGERS CSD	2023	10288	1778	30182168	16975.34758	236407456	206225288	20045.22628	2933.725505
1.32101E+11	WAPPINGERS CSD	2024	10556	1917	49887763	26023.8722	273256354	223368591	21160.34397	4726.010136
1.32101E+11	WAPPINGERS CSD	2025	10198	1979	54304912	27440.58211	290194465	235889553	23130.96225	5325.055109
1.32201E+11	MILLBROOK CSD	2019	891	148	3061999	20689.18243	23562942.03	20500943.03	23008.91474	3436.586981
1.32201E+11	MILLBROOK CSD	2020	880	148	2869689.68	19389.79514	23044462.36	20174772.68	22925.87805	3261.011
1.32201E+11	MILLBROOK CSD	2021	834	140	2370311	16930.79286	23616713.81	21246402.81	25475.30313	2842.09952
1.32201E+11	MILLBROOK CSD	2022	842	136	2481044	18242.97059	24597798	22116754	26266.92874	2946.608076
1.32201E+11	MILLBROOK CSD	2023	834	133	2374962	17856.85714	24945250.84	22570288.84	27062.69645	2847.676259
1.32201E+11	MILLBROOK CSD	2024	779	142	4101875.11	28886.44444	31879799.97	27777924.86	35658.44013	5265.564968
1.32201E+11	MILLBROOK CSD	2025	744	154	4235278.18	27501.80636	32755284.24	28520006.06	38333.34148	5692.578199
1.40101E+11	ALDEN CSD	2019	1616	189	2101064.52	11116.74349	26212256	24111191.48	14920.29176	1300.163688
1.40101E+11	ALDEN CSD	2020	1581	188	2025341.7	10773.09415	26204690.93	24179349.23	15293.70603	1281.051044
1.40101E+11	ALDEN CSD	2021	1476	173	2087190.55	12064.68526	26682021.47	24594830.92	16663.16458	1414.085738
1.40101E+11	ALDEN CSD	2022	1498	184	2337783	12705.34239	27368840	25031057	16709.65087	1560.602804
1.40101E+11	ALDEN CSD	2023	1499	190	2847504.1	14986.86368	28795688.47	25948184.37	17310.3298	1899.602468
1.40101E+11	ALDEN CSD	2024	1550	191	876877.25	4590.980366	32372580.72	31495703.47	20319.80869	565.7272581
1.40101E+11	ALDEN CSD	2025	1472	197	2836592.51	14398.94675	32799010.76	29962418.25	20354.9037	1927.032955
1.40201E+11	AMHERST CSD	2019	3016	362	4326595.44	11951.9211	48310560.73	43983965.29	14583.54287	1434.54756
1.40201E+11	AMHERST CSD	2020	2993	375	5255417.64	14014.44704	47155294.83	41899877.19	13999.29074	1755.902987
1.40201E+11	AMHERST CSD	2021	2931	362	4789953.65	13231.91616	50982837.67	46192884.02	15760.11055	1634.238707
1.40201E+11	AMHERST CSD	2022	2928	357	4974306	13933.63025	55263671	50289365	17175.32958	1698.875
1.40201E+11	AMHERST CSD	2023	2894	358	5304459.84	14816.92693	56691042.22	51386582.38	17756.24823	1832.916323
1.40201E+11	AMHERST CSD	2024	3028	387	4808723.97	12425.64333	66680650.03	61871926.06	20433.26488	1588.085855
1.40201E+11	AMHERST CSD	2025	2957	384	5164952.44	13450.39698	68057021.79	62892069.35	21268.87702	1746.686655
1.40203E+11	WILLIAMSVILLE CSD	2019	10081	1146	16980634.92	14817.30796	162437353	145456718.1	14428.79854	1684.419692
1.40203E+11	WILLIAMSVILLE CSD	2020	9913	1170	16960369.03	14496.04191	159880190.6	142919821.6	14417.41365	1710.921924
1.40203E+11	WILLIAMSVILLE CSD	2021	9584	1193	17707806.99	14843.09052	169083687	151375880	15794.64525	1847.642633
1.40203E+11	WILLIAMSVILLE CSD	2022	9586	1202	22890957	19044.0574	178510876	155619919	16234.08293	2387.957125
1.40203E+11	WILLIAMSVILLE CSD	2023	9624	1265	23856140	18858.6087	184445053	160588913	16686.29603	2478.817539
1.40203E+11	WILLIAMSVILLE CSD	2024	9849	1285	26262314.01	20437.59845	201138722.7	174876408.7	17755.75274	2666.495483
1.40203E+11	WILLIAMSVILLE CSD	2025	9598	1320	28689740.9	21734.6522	208694232.9	180004492	18754.37507	2989.137414
1.40207E+11	SWEET HOME CSD	2019	3360	324	5850036.75	18055.66898	64215302.54	58365265.79	17370.61482	1741.082366
1.40207E+11	SWEET HOME CSD	2020	3261	335	5837599.3	17425.66955	64562929.97	58725330.67	18008.38107	1790.125514
1.40207E+11	SWEET HOME CSD	2021	3275	350	6080334.55	17372.38443	67552863.52	61472528.97	18770.23785	1856.590702
1.40207E+11	SWEET HOME CSD	2022	3334	372	6346445	17060.33602	71662952	65316507	19591.03389	1903.552789
1.40207E+11	SWEET HOME CSD	2023	3517	402	7395740.61	18397.3647	79327238.18	71931497.57	20452.51566	2102.854879
1.40207E+11	SWEET HOME CSD	2024	3679	412	10289288.19	24974.00046	96363054.33	86073766.14	23395.96796	2796.762215
1.40207E+11	SWEET HOME CSD	2025	3774	442	10530372.62	23824.37244	94398234.53	83867861.91	22222.53893	2790.241818
1.40301E+11	EAST AURORA UFSD 	2019	1769	225	5025719.56	22336.53138	29356254.25	24330534.69	13753.83533	2840.994664
1.40301E+11	EAST AURORA UFSD 	2020	1758	225	4058791.21	18039.07204	26322125.84	22263334.63	12664.01287	2308.754954
1.40301E+11	EAST AURORA UFSD 	2021	1700	227	5948958.71	26206.86656	28143152.59	22194193.88	13055.40816	3499.387476
1.40301E+11	EAST AURORA UFSD 	2022	1661	222	3435032	15473.11712	31674346	28239314	17001.39314	2068.050572
1.40301E+11	EAST AURORA UFSD	2023	1701	225	4218335.42	18748.15742	34685623.85	30467288.43	17911.39825	2479.915003
1.40301E+11	EAST AURORA UFSD 	2024	1728	243	3278638.17	13492.33815	38809582.03	35530943.86	20561.88881	1897.360052
1.40301E+11	EAST AURORA UFSD	2025	1750	244	2599005.34	10651.66123	42418034.59	39819029.25	22753.731	1485.145909
1.406E+11	BUFFALO CITY SD	2019	33290	7161	122168457	17060.25094	632963601	510795144	15343.80126	3669.824482
1.406E+11	BUFFALO CITY SD	2020	32504	7331	117083688	15971.03915	616268462	499184774	15357.64134	3602.131676
1.406E+11	BUFFALO CITY SD	2021	30642	6667	121235870	18184.47128	625622669	504386799	16460.6357	3956.52601
1.406E+11	BUFFALO CITY SD	2022	30126	6451	155370299	24084.68439	716009252	560638953	18609.80392	5157.3491
1.406E+11	BUFFALO CITY SD	2023	29471	6481	150113740	23162.12622	1003972956	853859216	28972.862	5093.608632
1.406E+11	BUFFALO CITY SD	2024	29501	6955	232939232	33492.34105	425960327.9	193021095.9	6542.866204	7895.977492
1.406E+11	BUFFALO CITY SD	2025	29479	7166	211594669.5	29527.58436	958622345.3	747027675.8	25341.01142	7177.81029
1.40701E+11	CHEEKTOWAGA CSD	2019	2209	332	4276382.19	12880.66925	37386764.09	33110381.9	14988.85555	1935.890534
1.40701E+11	CHEEKTOWAGA CSD	2020	2246	385	4218614.16	10957.43938	37158071.89	32939457.73	14665.83158	1878.278789
1.40701E+11	CHEEKTOWAGA CSD	2021	2202	354	4002263.72	11305.82972	37462568.01	33460304.29	15195.41521	1817.558456
1.40701E+11	CHEEKTOWAGA CSD	2022	2150	356	3761593	10566.27247	39619083	35857490	16677.90233	1749.57814
1.40701E+11	CHEEKTOWAGA CSD	2023	2220	341	4402951.05	12911.87991	41765178.62	37362227.57	16829.83224	1983.311284
1.40701E+11	CHEEKTOWAGA CSD	2024	2347	397	6886870.58	17347.28106	54675308.56	47788437.98	20361.49893	2934.329178
1.40701E+11	CHEEKTOWAGA CSD	2025	2319	395	5175870.4	13103.46937	56209570.35	51033699.95	22006.77014	2231.940664
1.40702E+11	CHEEKTOWAGA-MARYVALE UFSD 	2019	2249	286	3495720.94	12222.80049	33511734.59	30016013.65	13346.38224	1554.344571
1.40702E+11	CHEEKTOWAGA-MARYVALE UFSD 	2020	2182	313	2330041.41	7444.221757	33677854.2	31347812.79	14366.55032	1067.846659
1.40702E+11	CHEEKTOWAGA-MARYVALE UFSD 	2021	2111	319	2608487.18	8177.075799	35325365.72	32716878.54	15498.28448	1235.664225
1.40702E+11	CHEEKTOWAGA-MARYVALE UFSD 	2022	2139	326	2725562	8360.619632	36882219	34156657	15968.5166	1274.222534
1.40702E+11	CHEEKTOWAGA-MARYVALE UFSD	2023	2187	335	3591885.05	10722.04493	39672731.73	36080846.68	16497.87228	1642.379995
1.40702E+11	CHEEKTOWAGA-MARYVALE UFSD 	2024	2238	356	3898269.6	10950.19551	50369600.78	46471331.18	20764.66987	1741.854155
1.40702E+11	CHEEKTOWAGA-MARYVALE UFSD	2025	2236	361	3992767.97	11060.29909	49783306.46	45790538.49	20478.77392	1785.674405
1.40703E+11	CLEVELAND HILL UFSD 	2019	1289	194	3679197.79	18964.93706	24135729.49	20456531.7	15870.0789	2854.303949
1.40703E+11	CLEVELAND HILL UFSD 	2020	1285	182	2241949.43	12318.40346	23228612.38	20986662.95	16332.03342	1744.707728
1.40703E+11	CLEVELAND HILL UFSD 	2021	1291	164	2119591.98	12924.34134	23538687.15	21419095.17	16591.08844	1641.821828
1.40703E+11	CLEVELAND HILL UFSD 	2022	1305	164	2342943	14286.2378	26171012	23828069	18259.0567	1795.358621
1.40703E+11	CLEVELAND HILL UFSD	2023	1328	169	2558687.21	15140.16101	26474937.98	23916250.77	18009.22498	1926.722297
1.40703E+11	CLEVELAND HILL UFSD 	2024	1347	197	1872286.17	9503.990711	32574880.96	30702594.79	22793.31462	1389.967461
1.40703E+11	CLEVELAND HILL UFSD	2025	1364	191	2975213.64	15577.03476	34014230.19	31039016.55	22755.87724	2181.241672
1.40707E+11	DEPEW UFSD 	2019	1852	259	2998166	11575.9305	30479736	27481570	14838.86069	1618.88013
1.40707E+11	DEPEW UFSD 	2020	1784	286	4443956	15538.30769	29881244	25437288	14258.56951	2491.006726
1.40707E+11	DEPEW UFSD 	2021	1759	283	4607594	16281.25088	31088278	26480684	15054.39682	2619.439454
1.40707E+11	DEPEW UFSD 	2022	1755	286	5090098	17797.54545	33685116	28595018	16293.45755	2900.340741
1.40707E+11	DEPEW UFSD	2023	1837	282	25646893	90946.42908	40834754	15187861	8267.752314	13961.29178
1.40707E+11	DEPEW UFSD 	2024	1863	292	8483547.89	29053.2462	46547709	38064161.11	20431.64848	4553.702571
1.40707E+11	DEPEW UFSD	2025	1847	301	6629700.29	22025.58236	45852752.19	39223051.9	21236.08657	3589.442496
1.40709E+11	CHEEKTOWAGA-SLOAN UFSD 	2019	1330	171	3422569	20015.02339	25834205	22411636	16850.85414	2573.36015
1.40709E+11	CHEEKTOWAGA-SLOAN UFSD 	2020	1279	176	3362171	19103.24432	25266891	21904720	17126.44253	2628.749805
1.40709E+11	CHEEKTOWAGA-SLOAN UFSD 	2021	1234	178	3320578	18654.93258	24614301	21293723	17255.85332	2690.905997
1.40709E+11	CHEEKTOWAGA-SLOAN UFSD 	2022	1273	214	3364768	15723.21495	26086999	22722231	17849.35664	2643.17989
1.40709E+11	CHEEKTOWAGA-SLOAN UFSD	2023	1261	220	3350153	15227.96818	26998086	23647933	18753.31721	2656.743061
1.40709E+11	CHEEKTOWAGA-SLOAN UFSD 	2024	1260	209	5180055	24784.95215	33472825	28292770	22454.57937	4111.154762
1.40709E+11	CHEEKTOWAGA-SLOAN UFSD	2025	1248	216	5051389.39	23386.06199	33601177.53	28549788.14	22876.4328	4047.587652
1.40801E+11	CLARENCE CSD	2019	4399	554	5836594.8	10535.36968	64669399.76	58832804.96	13374.13161	1326.800364
1.40801E+11	CLARENCE CSD	2020	4228	567	5683522.59	10023.84937	66013767.55	60330244.96	14269.21593	1344.257945
1.40801E+11	CLARENCE CSD	2021	4062	531	5962043.62	11227.95409	67979955.92	62017912.3	15267.82676	1467.760615
1.40801E+11	CLARENCE CSD	2022	4073	542	6456645	11912.62915	75472027	69015382	16944.60643	1585.230788
1.40801E+11	CLARENCE CSD	2023	4084	574	5917809	10309.77178	78170308	72252499	17691.60113	1449.022772
1.40801E+11	CLARENCE CSD	2024	4239	572	10527843.53	18405.32086	83023419.53	72495576	17102.04671	2483.567712
1.40801E+11	CLARENCE CSD	2025	4081	587	9627975.06	16402.00181	86743861.5	77115886.44	18896.32111	2359.219569
1.41101E+11	SPRINGVILLE-GRIFFITH INSTITUTE CSD	2019	1738	199	3439950.75	17286.18467	31996903.94	28556953.19	16430.92819	1979.258199
1.41101E+11	SPRINGVILLE-GRIFFITH INSTITUTE CSD	2020	1647	216	4919433	22775.15278	31900095	26980662	16381.70128	2986.905282
1.41101E+11	SPRINGVILLE-GRIFFITH INSTITUTE CSD	2021	1523	233	2437633	10461.94421	30454387	28016754	18395.76756	1600.546947
1.41101E+11	SPRINGVILLE-GRIFFITH INSTITUTE CSD	2022	1552	236	2855947	12101.47034	31037120	28181173	18157.97229	1840.172036
1.41101E+11	SPRINGVILLE-GRIFFITH INST CSD	2023	1583	252	3440605	13653.19444	35695571	32254966	20375.84713	2173.471257
1.41101E+11	SPRINGVILLE-GRIFFITH INSTITUTE CSD	2024	1629	243	4047573.28	16656.68016	40855088.26	36807514.98	22595.15959	2484.698146
1.41101E+11	SPRINGVILLE-GRIFFITH INST CSD	2025	1559	242	3266927.46	13499.70025	41449320.28	38182392.82	24491.59257	2095.527556
1.41201E+11	EDEN CSD	2019	1368	232	2588596	11157.74138	6749712	4161116	3041.751462	1892.248538
1.41201E+11	EDEN CSD	2020	1359	251	3056628	12177.8008	24093762	21037134	15479.86313	2249.174393
1.41201E+11	EDEN CSD	2021	1310	228	3047167	13364.76754	23787330	20740163	15832.1855	2326.081679
1.41201E+11	EDEN CSD	2022	1306	224	2379431	10622.45982	25662565	23283134	17827.82083	1821.922665
1.41201E+11	EDEN CSD	2023	1300	218	4876835	22370.80275	28034988	23158153	17813.96385	3751.411538
1.41201E+11	EDEN CSD	2024	1309	251	4778295.06	19037.03211	31431138.45	26652843.39	20361.2249	3650.34
1.41201E+11	EDEN CSD	2025	1284	233	5102716.94	21900.0727	32729047.46	27626330.52	21515.83374	3974.078614
1.41301E+11	IROQUOIS CSD	2019	2198	378	7142144	18894.56085	42884695	35742551	16261.39718	3249.383076
1.41301E+11	IROQUOIS CSD	2020	2127	383	6632063	17316.09138	43622879.03	36990816.03	17391.07477	3118.036201
1.41301E+11	IROQUOIS CSD	2021	2053	366	7636833	20865.66393	44310959.01	36674126.01	17863.6756	3719.840721
1.41301E+11	IROQUOIS CSD	2022	2039	369	7760882	21032.20054	45406372	37645490	18462.72192	3806.219716
1.41301E+11	IROQUOIS CSD	2023	2055	354	8515428	24054.88136	49398802	40883374	19894.58589	4143.760584
1.41301E+11	IROQUOIS CSD	2024	2055	322	9040998.71	28077.63575	52878118	43837119.29	21331.93153	4399.512754
1.41301E+11	IROQUOIS CSD	2025	2073	299	9206900	30792.30769	54737737.56	45530837.56	21963.74219	4441.341052
1.41401E+11	EVANS-BRANT CSD (LAKE SHORE)	2019	2268	458	5506643	12023.23799	46777148	41270505	18196.87169	2427.973104
1.41401E+11	EVANS-BRANT CSD (LAKE SHORE)	2020	2179	439	5601712	12760.16401	46727540	41125828	18873.71638	2570.771914
1.41401E+11	EVANS-BRANT CSD (LAKE SHORE)	2021	2091	426	5322597	12494.35915	45902685	40580088	19407.02439	2545.479197
1.41401E+11	EVANS-BRANT CSD (LAKE SHORE)	2022	2084	441	5719810	12970.0907	48492647	42772837	20524.39395	2744.630518
1.41401E+11	EVANS-BRANT CSD (LAKE SHORE)	2023	2089	457	6004450	13138.84026	49818909	43814459	20973.89134	2874.317855
1.41401E+11	EVANS-BRANT CSD (LAKE SHORE)	2024	2133	456	7073406.62	15511.85662	55680368.69	48606962.07	22788.07411	3316.177506
1.41401E+11	EVANS-BRANT CSD (LAKE SHORE)	2025	2010	439	6446641.97	14684.83364	65300002.88	58853360.91	29280.27906	3207.284562
1.41501E+11	GRAND ISLAND CSD	2019	2869	345	4984558.84	14447.99664	50631672.7	45647113.86	15910.46144	1737.385444
1.41501E+11	GRAND ISLAND CSD	2020	2905	374	4937209.73	13201.09553	50538020.84	45600811.11	15697.35322	1699.555845
1.41501E+11	GRAND ISLAND CSD	2021	2799	367	4963753.27	13525.21327	50198068.11	45234314.84	16160.88419	1773.402383
1.41501E+11	GRAND ISLAND CSD	2022	2835	370	6424924	17364.65946	53855609	47430685	16730.40035	2266.287125
1.41501E+11	GRAND ISLAND CSD	2023	2839	362	5854219.77	16171.87782	55208086.14	49353866.37	17384.24317	2062.071071
1.41501E+11	GRAND ISLAND CSD	2024	2895	361	8043102.48	22280.06227	60282508.86	52239406.38	18044.69996	2778.273741
1.41501E+11	GRAND ISLAND CSD	2025	2829	372	10630874.35	28577.61922	64596243.3	53965368.95	19075.77552	3757.820555
1.41601E+11	HAMBURG CSD	2019	3490	511	8708144.47	17041.37861	58553410.99	49845266.52	14282.31132	2495.170335
1.41601E+11	HAMBURG CSD	2020	3470	574	7468845.92	13011.92669	59255306.51	51786460.59	14924.05204	2152.405164
1.41601E+11	HAMBURG CSD	2021	3350	549	9514016	17329.71949	60311481	50797465	15163.42239	2840.004776
1.41601E+11	HAMBURG CSD	2022	3329	542	8312110	15335.99631	64037609	55725499	16739.41093	2496.878943
1.41601E+11	HAMBURG CSD	2023	3333	585	8471230.07	14480.73516	67457314.32	58986084.25	17697.59503	2541.623183
1.41601E+11	HAMBURG CSD	2024	3341	644	896486.18	1392.059286	59228675.42	58332189.24	17459.49992	268.328698
1.41601E+11	HAMBURG CSD	2025	3295	625	0	0	74401901.43	74401901.43	22580.24323	0
1.41604E+11	FRONTIER CSD	2019	4802	815	7558460.34	9274.184466	68565236.66	61006776.32	12704.45155	1574.023394
1.41604E+11	FRONTIER CSD	2020	4683	799	11351964.45	14207.71521	69750968.59	58399004.14	12470.42583	2424.079532
1.41604E+11	FRONTIER CSD	2021	4588	766	11356133.85	14825.24001	70497286.85	59141153	12890.39952	2475.181746
1.41604E+11	FRONTIER CSD	2022	4578	785	11979597	15260.63312	79788767	67809170	14811.96374	2616.775229
1.41604E+11	FRONTIER CSD	2023	4580	786	4681908.09	5956.626069	81256452.68	76574544.59	16719.33288	1022.250675
1.41604E+11	FRONTIER CSD	2024	4594	824	7641863	9274.105583	97384879.63	89743016.63	19534.83166	1663.444275
1.41604E+11	FRONTIER CSD	2025	4474	840	12524978.22	14910.68836	106586837.9	94061859.66	21024.1081	2799.503402
1.41701E+11	HOLLAND CSD	2019	900	150	1140069.26	7600.461733	15856663.88	14716594.62	16351.7718	1266.743622
1.41701E+11	HOLLAND CSD	2020	865	143	2198337.67	15372.9907	15740048.23	13541710.56	15655.15672	2541.430832
1.41701E+11	HOLLAND CSD	2021	790	128	2425919.94	18952.49953	16269359.22	13843439.28	17523.34086	3070.784734
1.41701E+11	HOLLAND CSD	2022	763	123	1834452	14914.2439	17768934	15934482	20883.98689	2404.262123
1.41701E+11	HOLLAND CSD	2024	732	125	2244712.41	17957.69928	17748650.03	15503937.62	21180.24265	3066.547008
1.41701E+11	HOLLAND CSD	2025	737	129	3089413.24	23948.93984	21181887.89	18092474.65	24548.81228	4191.876852
1.418E+11	LACKAWANNA CITY SD	2019	1996	330	6720914.63	20366.40797	39460637.4	32739722.77	16402.66672	3367.191698
1.418E+11	LACKAWANNA CITY SD	2020	1883	351	5314311.14	15140.48758	32724343.09	27410031.95	14556.57565	2822.257642
1.418E+11	LACKAWANNA CITY SD	2021	1865	303	5839136.99	19271.07917	36976663.66	31137526.67	16695.72476	3130.904552
1.418E+11	LACKAWANNA CITY SD	2022	1862	286	5797089	20269.54196	39835304	34038215	18280.45918	3113.36681
1.418E+11	LACKAWANNA CITY SD	2023	1884	319	6295043.67	19733.67922	44853440.35	38558396.68	20466.24028	3341.318296
1.418E+11	LACKAWANNA CITY SD	2024	2150	375	6921183	18456.488	57067709.53	50146526.53	23323.96583	3219.154884
1.418E+11	LACKAWANNA CITY SD	2025	2094	386	6298310	16316.86528	63655056.97	57356746.97	27390.99664	3007.788921
1.41901E+11	LANCASTER CSD	2019	5773	951	11048036.79	11617.28369	85764473.55	74716436.76	12942.39334	1913.742732
1.41901E+11	LANCASTER CSD	2020	5631	952	7139356.83	7499.324401	79622892.28	72483535.45	12872.23148	1267.866601
1.41901E+11	LANCASTER CSD	2021	5427	932	7761643.04	8327.943176	83376481.84	75614838.8	13933.08251	1430.190352
1.41901E+11	LANCASTER CSD	2022	5341	963	8552124	8880.71028	88067437	79515313	14887.72009	1601.221494
1.41901E+11	LANCASTER CSD	2023	5347	1012	10760192.63	10632.60141	94362893.75	83602701.12	15635.44064	2012.379396
1.41901E+11	LANCASTER CSD	2024	5493	971	14057150.46	14476.98297	113009055.4	98951904.94	18014.18259	2559.102578
1.41901E+11	LANCASTER CSD	2025	5321	954	10293114.2	10789.42788	110635585.4	100342471.2	18857.82206	1934.432287
1.42101E+11	AKRON CSD	2019	1388	165	11621855	70435.48485	24962146	13340291	9611.160663	8373.09438
1.42101E+11	AKRON CSD	2020	1361	167	2711391.92	16235.87976	23889032.51	21177640.59	15560.35312	1992.205672
1.42101E+11	AKRON CSD	2021	1262	157	2355366.67	15002.33548	24157890.77	21802524.1	17276.16807	1866.376125
1.42101E+11	AKRON CSD	2022	1287	170	2307398	13572.92941	25419033	23111635	17957.75835	1792.850039
1.42101E+11	AKRON CSD	2023	1257	180	2177128.26	12095.157	27493195.66	25316067.4	20140.06953	1732.003389
1.42101E+11	AKRON CSD	2024	1230	167	3536317.11	21175.55156	31048874	27512556.89	22367.93243	2875.054561
1.42101E+11	AKRON CSD	2025	1210	177	3380495.65	19098.84548	31676070.6	28295574.95	23384.77269	2793.798058
1.42201E+11	NORTH COLLINS CSD	2019	597	95	2003332.47	21087.71021	12293015.07	10289682.6	17235.64925	3355.665779
1.42201E+11	NORTH COLLINS CSD	2020	580	95	1422957	14978.49474	12301423.58	10878466.58	18755.97686	2453.374138
1.42201E+11	NORTH COLLINS CSD	2021	538	81	1351681	16687.41975	11238631.58	9886950.58	18377.23156	2512.418216
1.42201E+11	NORTH COLLINS CSD	2022	547	87	1905078	21897.44828	13691895	11786817	21548.11152	3482.775137
1.42201E+11	NORTH COLLINS CSD	2023	556	82	1840215	22441.64634	14079169	12238954	22012.50719	3309.739209
1.42201E+11	NORTH COLLINS CSD	2024	561	98	2879673.48	29384.42327	15743425.38	12863751.9	22930.03904	5133.107807
1.42201E+11	NORTH COLLINS CSD	2025	553	97	3432224.4	35383.7567	17087001.56	13654777.16	24692.18293	6206.554069
1.42301E+11	ORCHARD PARK CSD	2019	4759	699	12814433.26	18332.52255	87264967.05	74450533.79	15644.15503	2692.673515
1.42301E+11	ORCHARD PARK CSD	2020	4685	718	10868482	15137.16156	85696510	74828028	15971.83095	2319.846745
1.42301E+11	ORCHARD PARK CSD	2021	4605	735	10965599	14919.18231	88860275	77894676	16915.23909	2381.237568
1.42301E+11	ORCHARD PARK CSD	2022	4707	716	10979813	15334.93436	93213834	82234021	17470.5802	2332.656257
1.42301E+11	ORCHARD PARK CSD	2023	4748	686	12993916	18941.56851	100550960	87557044	18440.82645	2736.713564
1.42301E+11	ORCHARD PARK CSD	2024	4847	728	17895272.35	24581.41806	115354582.4	97459310.01	20107.1405	3692.030607
1.42301E+11	ORCHARD PARK CSD	2025	4769	760	18492192.76	24331.83258	120209056.6	101716863.8	21328.76155	3877.582881
1.425E+11	TONAWANDA CITY SD	2019	1791	245	2098037.5	8563.418367	28143710.62	26045673.12	14542.53106	1171.433557
1.425E+11	TONAWANDA CITY SD	2020	1769	260	2344217.74	9016.222077	28549538.21	26205320.47	14813.63509	1325.165483
1.425E+11	TONAWANDA CITY SD	2021	1712	260	2186620.21	8410.077731	28116530.16	25929909.95	15145.97544	1277.231431
1.425E+11	TONAWANDA CITY SD	2022	1683	256	2518450	9837.695313	29398405	26879955	15971.45276	1496.405229
1.425E+11	TONAWANDA CITY SD	2023	1681	245	2287493.68	9336.708898	31254724.99	28967231.31	17232.14236	1360.793385
1.425E+11	TONAWANDA CITY SD	2024	1738	249	3119466.99	12527.97988	35634037.1	32514570.11	18708.03804	1794.860178
1.425E+11	TONAWANDA CITY SD	2025	1676	251	2937472.93	11703.0794	38001895.87	35064422.94	20921.4934	1752.668813
1.42601E+11	KENMORE-TONAWANDA UFSD 	2019	6852	1269	12474628.87	9830.282797	133525997.1	121051368.2	17666.57446	1820.582147
1.42601E+11	KENMORE-TONAWANDA UFSD 	2020	6648	1274	13501257	10597.53297	132615224	119113967	17917.26339	2030.875
1.42601E+11	KENMORE-TONAWANDA UFSD 	2022	6161	1117	14665406	13129.28021	152309181	137643775	22341.14186	2380.361305
1.42601E+11	KENMORE-TONAWANDA UFSD	2023	6270	1129	20290049	17971.69973	159329268	139039219	22175.31404	3236.052472
1.42601E+11	KENMORE-TONAWANDA UFSD 	2024	6593	1150	24900770	21652.84348	164822319	139921549	21222.74367	3776.849689
1.42601E+11	KENMORE-TONAWANDA UFSD	2025	6301	1214	26339189	21696.20181	167947094	141607905	22473.87796	4180.160133
1.42801E+11	WEST SENECA CSD	2019	6550	966	11845460	12262.38095	100762832	88917372	13575.1713	1808.467176
1.42801E+11	WEST SENECA CSD	2020	6322	1007	10642604.21	10568.62384	103641573	92998968.8	14710.37153	1683.423633
1.42801E+11	WEST SENECA CSD	2021	6055	1031	10850409.84	10524.16085	107226174.4	96375764.53	15916.72412	1791.975201
1.42801E+11	WEST SENECA CSD	2022	6062	1116	13469999	12069.89158	114217456	100747457	16619.50792	2222.038766
1.42801E+11	WEST SENECA CSD	2023	6021	1124	18104470	16107.17972	120395817	102291347	16989.096	3006.88756
1.42801E+11	WEST SENECA CSD	2024	6114	1139	20135802.28	17678.49191	141692553.3	121556751	19881.70608	3293.392588
1.42801E+11	WEST SENECA CSD	2025	5871	1098	15752853.44	14346.86106	143356724.7	127603871.2	21734.6059	2683.163591
1.50203E+11	CROWN POINT CSD	2019	291	48	907914	18914.875	8296701	7388787	25391.02062	3119.979381
1.50203E+11	CROWN POINT CSD	2020	306	52	916246	17620.11538	6315495	5399249	17644.60458	2994.267974
1.50203E+11	CROWN POINT CSD	2022	319	58	407346	7023.206897	6743568	6336222	19862.76489	1276.946708
1.50203E+11	CROWN POINT CSD	2023	321	61	464396	7613.04918	8372363	7907967	24635.41121	1446.716511
1.50203E+11	CROWN POINT CSD	2024	318	58	1427337.09	24609.26017	8427611	7000273.91	22013.43997	4488.481415
1.50203E+11	CROWN POINT CSD	2025	310	62	1871172	30180.19355	9471011.29	7599839.29	24515.61061	6036.03871
1.50301E+11	ELIZABETHTOWN-LEWIS CSD	2019	0	0	1485709		6876761	5391052		Inf
1.50601E+11	KEENE CSD	2019	163	19	452653	23823.84211	5132808	4680155	28712.60736	2777.01227
1.50601E+11	KEENE CSD	2020	157	18	411172	22842.88889	5414174	5003002	31866.25478	2618.929936
1.50601E+11	KEENE CSD	2021	156	20	422006	21100.3	5404330	4982324	31937.97436	2705.166667
1.50601E+11	KEENE CSD	2022	163	27	531577	19688.03704	5733937	5202360	31916.31902	3261.208589
1.50601E+11	KEENE CSD	2023	167	25	486201	19448.04	5621153.5	5134952.5	30748.21856	2911.383234
1.50601E+11	KEENE CSD	2024	172	27	742565	27502.40741	6441831	5699266	33135.26744	4317.238372
1.50601E+11	KEENE CSD	2025	170	28	964169	34434.60714	7318436	6354267	37378.04118	5671.582353
1.50801E+11	MINERVA CSD	2019	99	21	592791	28228.14286	4168532	3575741	36118.59596	5987.787879
1.50801E+11	MINERVA CSD	2020	104	23	606771	26381.34783	4350764.74	3743993.74	35999.93981	5834.336538
1.50801E+11	MINERVA CSD	2021	112	23	676911	29430.91304	4755046	4078135	36411.91964	6043.848214
1.50801E+11	MINERVA CSD	2022	121	24	704873	29369.70833	4641814	3936941	32536.70248	5825.396694
1.50801E+11	MINERVA CSD	2023	119	24	801640	33401.66667	5194529.61	4392889.61	36915.03874	6736.470588
1.50801E+11	MINERVA CSD	2024	101	21	1134680.33	54032.39667	5732795.65	4598115.32	45525.89426	11234.45871
1.50801E+11	MINERVA CSD	2025	104	21	1234357.34	58778.92095	6146067.9	4911710.56	47227.98615	11868.82058
1.50901E+11	MORIAH CSD	2019	703	175	2872779	16415.88	14212519	11339740	16130.49787	4086.456615
1.50901E+11	MORIAH CSD	2020	706	203	2663288	13119.64532	14329700	11666412	16524.66289	3772.362606
1.50901E+11	MORIAH CSD	2021	707	199	2715811	13647.29146	14746539	12030728	17016.5884	3841.316832
1.50901E+11	MORIAH CSD	2022	689	184	2905600	15791.30435	16276397	13370797	19406.09144	4217.12627
1.50901E+11	MORIAH CSD	2023	700	190	2659099	13995.25789	17258974	14599875	20856.96429	3798.712857
1.50901E+11	MORIAH CSD	2024	686	223	4157829	18644.97309	19622050	15464221	22542.59621	6060.975219
1.50901E+11	MORIAH CSD	2025	667	211	4803549	22765.63507	21054874	16251325	24364.8051	7201.722639
1.51001E+11	NEWCOMB CSD	2019	81	9	264261	29362.33333	4449582	4185321	51670.62963	3262.481481
1.51001E+11	NEWCOMB CSD	2020	70	8	267520	33440	4150335	3882815	55468.78571	3821.714286
1.51001E+11	NEWCOMB CSD	2021	74	6	264568	44094.66667	4408550	4143982	55999.75676	3575.243243
1.51001E+11	NEWCOMB CSD	2022	67	7	238598	34085.42857	4535402	4296804	64131.40299	3561.164179
1.51001E+11	NEWCOMB CSD	2025	48	5	761706	152341.2	5198775	4437069	92438.9375	15868.875
1.51102E+11	LAKE PLACID CSD	2019	646	101	1927294.58	19082.12455	17843585.97	15916291.39	24638.22197	2983.428142
1.51102E+11	LAKE PLACID CSD	2020	569	97	1697377.56	17498.73773	15240129.35	13542751.79	23800.96975	2983.088858
1.51102E+11	LAKE PLACID CSD	2021	561	94	2066952.12	21988.85234	16774938.71	14707986.59	26217.4449	3684.406631
1.51102E+11	LAKE PLACID CSD	2022	554	97	2062587	21263.78351	17119116	15056529	27177.85018	3723.081227
1.51102E+11	LAKE PLACID CSD	2023	538	100	1071683	10716.83	17778840	16707157	31054.19517	1991.975836
1.51102E+11	LAKE PLACID CSD	2024	571	101	3728550.26	36916.33921	24511838	20783287.74	36398.05208	6529.86035
1.51102E+11	LAKE PLACID CSD	2025	532	94	3968844	42221.74468	21643487	17674643	33223.01316	7460.233083
1.51401E+11	SCHROON LAKE CSD	2019	258	33	847411	25679.12121	7112413	6265002	24282.95349	3284.53876
1.51401E+11	SCHROON LAKE CSD	2020	278	37	765985	20702.2973	6985588	6219603	22372.67266	2755.341727
1.51401E+11	SCHROON LAKE CSD	2021	208	25	679518	27180.72	6400430	5720912	27504.38462	3266.913462
1.51401E+11	SCHROON LAKE CSD	2022	236	33	777202	23551.57576	7254672	6477470	27446.90678	3293.228814
1.51401E+11	SCHROON LAKE CSD	2023	238	35	949302	27122.91429	7528504.24	6579202.24	27643.70689	3988.663866
1.51401E+11	SCHROON LAKE CSD	2024	233	42	1145172	27266	8195403	7050231	30258.50215	4914.901288
1.51401E+11	SCHROON LAKE CSD	2025	227	44	1495850.21	33996.59568	8878588.62	7382738.41	32523.0767	6589.648502
1.51501E+11	TICONDEROGA CSD	2019	757	158	2171657	13744.66456	17744377	15572720	20571.62483	2868.767503
1.51501E+11	TICONDEROGA CSD	2020	720	150	2576327	17175.51333	17144778	14568451	20233.95972	3578.231944
1.51501E+11	TICONDEROGA CSD	2021	724	143	2493850	17439.51049	16317204	13823354	19093.03039	3444.544199
1.51501E+11	TICONDEROGA CSD	2022	713	146	2494407	17084.97945	17227409	14733002	20663.39691	3498.467041
1.51501E+11	TICONDEROGA CSD	2023	719	152	2268356	14923.39474	18011140	15742784	21895.38804	3154.876217
1.51501E+11	TICONDEROGA CSD	2024	748	157	3806546.94	24245.52191	21038189.53	17231642.59	23036.95533	5088.966497
1.51501E+11	TICONDEROGA CSD	2025	721	154	3822724.83	24822.88851	21951074.88	18128350.05	25143.34265	5301.976186
1.51601E+11	WESTPORT CSD	2019	0	0	838164		5115547	4277383		Inf
1.51701E+11	WILLSBORO CSD	2019	256	44	1067417	24259.47727	7039525.07	5972108.07	23328.54715	4169.597656
1.51701E+11	WILLSBORO CSD	2020	243	48	181527	3781.8125	7050560.49	6869033.49	28267.62753	747.0246914
1.51701E+11	WILLSBORO CSD	2021	245	47	912165	19407.76596	6528996.95	5616831.95	22925.84469	3723.122449
1.51701E+11	WILLSBORO CSD	2022	243	50	883317	17666.34	6928081	6044764	24875.57202	3635.049383
1.51701E+11	WILLSBORO CSD	2023	251	55	897162	16312.03636	7135587.48	6238425.48	24854.28478	3574.350598
1.51701E+11	WILLSBORO CSD	2024	261	66	1293344.43	19596.12773	8517469.01	7224124.58	27678.63824	4955.342644
1.51701E+11	WILLSBORO CSD	2025	246	58	1703787	29375.63793	9265981	7562194	30740.62602	6925.963415
1.51801E+11	BOQUET VALLEY CSD	2020	440	68	1515045	22280.07353	12952943.64	11437898.64	25995.22418	3443.284091
1.51801E+11	BOQUET VALLEY CSD	2021	439	68	2378497	34977.89706	13147159	10768662	24529.98178	5417.98861
1.51801E+11	BOQUET VALLEY CSD	2022	427	73	2506680	34338.08219	13797196	11290516	26441.48946	5870.444965
1.51801E+11	BOQUET VALLEY CSD	2023	399	70	1667656	23823.65714	14347221.79	12679565.79	31778.36038	4179.588972
1.51801E+11	BOQUET VALLEY CSD	2024	389	73	2288858	31354.21918	15436000	13147142	33797.28021	5883.953728
1.51801E+11	BOQUET VALLEY CSD	2025	390	81	0	0	14814580.28	14814580.28	37986.10328	0
1.60101E+11	TUPPER LAKE CSD	2019	761	113	1989805	17608.89381	15141789	13151984	17282.50197	2614.724047
1.60101E+11	TUPPER LAKE CSD	2020	751	121	2091696	17286.7438	15432486	13340790	17764.03462	2785.214381
1.60101E+11	TUPPER LAKE CSD	2021	742	122	3184895	26105.69672	16454791	13269896	17883.95687	4292.311321
1.60101E+11	TUPPER LAKE CSD	2022	756	133	2347304	17648.90226	18146207	15798903	20898.01984	3104.899471
1.60101E+11	TUPPER LAKE CSD	2024	742	149	2145130	14396.84564	24589411	22444281	30248.35714	2891.010782
1.60101E+11	TUPPER LAKE CSD	2025	730	144	3466237.29	24071.09229	20654502	17188264.71	23545.5681	4748.27026
1.60801E+11	CHATEAUGAY CSD	2019	512	79	1213572.12	15361.67241	10140555.16	8926983.04	17435.51375	2370.258047
1.60801E+11	CHATEAUGAY CSD	2020	501	84	1860697	22151.15476	10268354	8407657	16781.7505	3713.966068
1.60801E+11	CHATEAUGAY CSD	2021	503	75	1444451	19259.34667	10407076	8962625	17818.33996	2871.671968
1.60801E+11	CHATEAUGAY CSD	2022	535	93	1474902	15859.16129	11936051	10461149	19553.54953	2756.826168
1.60801E+11	CHATEAUGAY CSD	2023	535	105	1743580	16605.52381	12788594	11045014	20644.88598	3259.028037
1.60801E+11	CHATEAUGAY CSD	2024	557	120	2416068.03	20133.90025	14841376.43	12425308.4	22307.55548	4337.644578
1.60801E+11	CHATEAUGAY CSD	2025	569	120	3385846.88	28215.39067	16563429.64	13177582.76	23159.19641	5950.521757
1.61201E+11	SALMON RIVER CSD	2019	1539	209	5136608	24577.07177	36324194	31187586	20264.83821	3337.627031
1.61201E+11	SALMON RIVER CSD	2020	1453	218	4836274	22184.74312	38177003	33340729	22946.13145	3328.47488
1.61201E+11	SALMON RIVER CSD	2021	1401	204	5008109	24549.55392	36542272	31534163	22508.32477	3574.66738
1.61201E+11	SALMON RIVER CSD	2022	1387	215	3295883	15329.68837	39112405	35816522	25823.01514	2376.267484
1.61201E+11	SALMON RIVER CSD	2023	1382	218	4744183.44	21762.30936	41600499.49	36856316.05	26668.82493	3432.838958
1.61201E+11	SALMON RIVER CSD	2024	1367	243	4147999	17069.95473	49668431	45520432	33299.51134	3034.381127
1.61201E+11	SALMON RIVER CSD	2025	1371	259	3783604	14608.50965	51667974	47884370	34926.60102	2759.740336
1.61401E+11	SARANAC LAKE CSD	2019	1150	177	4247816	23998.96045	26333008	22085192	19204.51478	3693.753043
1.61401E+11	SARANAC LAKE CSD	2020	1150	178	4487824	25212.49438	28276188	23788364	20685.53391	3902.455652
1.61401E+11	SARANAC LAKE CSD	2021	1090	162	4823518	29774.80247	27337719	22514201	20655.23028	4425.245872
1.61401E+11	SARANAC LAKE CSD	2022	1096	177	4630190	26159.26554	28302182	23671992	21598.53285	4224.625912
1.61401E+11	SARANAC LAKE CSD	2023	1068	168	3014396	17942.83333	31087012	28072616	26285.22097	2822.468165
1.61401E+11	SARANAC LAKE CSD	2024	1097	154	5858335.75	38041.14123	35677354.98	29819019.23	27182.33294	5340.324294
1.61401E+11	SARANAC LAKE CSD	2025	1036	145	5874024.63	40510.51469	35550514.37	29676489.74	28645.26037	5669.907944
1.61501E+11	MALONE CSD	2019	2270	361	7307177	20241.48753	41622844	34315667	15117.03392	3219.020705
1.61501E+11	MALONE CSD	2020	2288	404	28560777	70694.99257	47485842	18925065	8271.444493	12482.85708
1.61501E+11	MALONE CSD	2021	2218	407	27263297	66985.98771	46628583.24	19365286.24	8730.967647	12291.83814
1.61501E+11	MALONE CSD	2022	2144	412	9503231	23066.09466	52097388	42594157	19866.67771	4432.477146
1.61501E+11	MALONE CSD	2023	2189	439	9835141	22403.51025	56111462	46276321	21140.39333	4492.983554
1.61501E+11	MALONE CSD	2024	2161	484	10364989.98	21415.26855	61292681.57	50927691.59	23566.72447	4796.385923
1.61501E+11	MALONE CSD	2025	2106	497	11341300.27	22819.51765	63666471.45	52325171.18	24845.76029	5385.232797
1.61601E+11	BRUSHTON-MOIRA CSD	2019	804	148	1405978	9499.851351	14825123	13419145	16690.47886	1748.728856
1.61601E+11	BRUSHTON-MOIRA CSD	2020	791	157	2797673.12	17819.57401	16379651.71	13581978.59	17170.64297	3536.881315
1.61601E+11	BRUSHTON-MOIRA CSD	2021	762	140	2257291	16123.50714	14832622	12575331	16503.05906	2962.324147
1.61601E+11	BRUSHTON-MOIRA CSD	2022	767	132	2823675	21391.47727	16075650	13251975	17277.67275	3681.453716
1.61601E+11	BRUSHTON-MOIRA CSD	2023	786	140	2852078	20371.98571	17984154	15132076	19252.00509	3628.597964
1.61601E+11	BRUSHTON-MOIRA CSD	2024	788	145	3112124	21462.92414	20067900	16955776	21517.48223	3949.395939
1.61601E+11	BRUSHTON-MOIRA CSD	2025	799	138	3409734	24708.21739	21248772	17839038	22326.70588	4267.501877
1.61801E+11	SAINT REGIS FALLS CSD	2019	266	60	1169653	19494.21667	6738087	5568434	20933.96241	4397.191729
1.61801E+11	SAINT REGIS FALLS CSD	2020	268	53	1144402	21592.49057	7268317	6123915	22850.4291	4270.156716
1.61801E+11	SAINT REGIS FALLS CSD	2021	252	53	1239472	23386.26415	7374617	6135145	24345.81349	4918.539683
1.61801E+11	SAINT REGIS FALLS CSD	2022	255	49	824885	16834.38776	7142631	6317746	24775.47451	3234.843137
1.61801E+11	ST REGIS FALLS CSD	2023	227	36	1220003	33888.97222	8159483	6939480	30570.39648	5374.462555
1.61801E+11	SAINT REGIS FALLS CSD	2024	224	48	1149787	23953.89583	8962767	7812980	34879.375	5132.977679
1.61801E+11	ST REGIS FALLS CSD	2025	183	39	1552847	39816.58974	8782377	7229530	39505.62842	8485.502732
1.70301E+11	WHEELERVILLE UFSD 	2019	125	9	340844	37871.55556	3296257	2955413	23643.304	2726.752
1.70301E+11	WHEELERVILLE UFSD 	2020	131	7	206965	29566.42857	3400761	3193796	24380.12214	1579.885496
1.70301E+11	WHEELERVILLE UFSD 	2021	114	5	47335	9467	3177869.44	3130534.44	27460.82842	415.2192982
1.70301E+11	WHEELERVILLE UFSD 	2022	115	9	246267	27363	3282923	3036656	26405.70435	2141.452174
1.70301E+11	WHEELERVILLE UFSD	2023	117	7	277715	39673.57143	3503534.78	3225819.78	27571.10923	2373.632479
1.70301E+11	WHEELERVILLE UFSD 	2024	105	7	148431.99	21204.57	4197298.99	4048867	38560.6381	1413.638
1.70301E+11	WHEELERVILLE UFSD	2025	113	11	157127.32	14284.30182	4435934.99	4278807.67	37865.5546	1390.507257
1.705E+11	GLOVERSVILLE CITY SD	2019	2732	478	6126449.7	12816.84038	47332645.06	41206195.36	15082.79479	2242.477928
1.705E+11	GLOVERSVILLE CITY SD	2020	2625	438	6310651.72	14407.88064	48872767.32	42562115.6	16214.13928	2404.057798
1.705E+11	GLOVERSVILLE CITY SD	2021	2433	413	6533889.37	15820.55538	48030555.91	41496666.54	17055.76101	2685.527896
1.705E+11	GLOVERSVILLE CITY SD	2022	2421	395	6853764	17351.30127	49620673	42766909	17664.97687	2830.964064
1.705E+11	GLOVERSVILLE CITY SD	2023	2423	415	7189948.13	17325.17622	53005125.18	45815177.05	18908.45111	2967.374383
1.705E+11	GLOVERSVILLE CITY SD	2024	2433	428	13035133.04	30455.91832	73436889.59	60401756.55	24826.04051	5357.637912
1.705E+11	GLOVERSVILLE CITY SD	2025	2405	413	13917841.06	33699.37303	75327074.01	61409232.95	25533.98459	5787.0441
1.706E+11	JOHNSTOWN CITY SD	2019	1646	195	3456045.79	17723.31174	29986635.03	26530589.24	16118.21947	2099.663299
1.706E+11	JOHNSTOWN CITY SD	2020	1541	196	4167860	21264.59184	24645785	20477925	13288.72485	2704.646334
1.706E+11	JOHNSTOWN CITY SD	2021	1429	175	3111030.29	17777.31594	26843524.2	23732493.91	16607.76341	2177.068083
1.706E+11	JOHNSTOWN CITY SD	2022	1415	180	2460369	13668.71667	28705353	26244984	18547.69187	1738.776678
1.706E+11	JOHNSTOWN CITY SD	2023	1468	193	2709586.26	14039.30705	30089508.66	27379922.4	18651.1733	1845.767207
1.706E+11	JOHNSTOWN CITY SD	2024	1489	205	3338303.29	16284.40629	36867375.32	33529072.03	22517.84555	2241.976689
1.706E+11	JOHNSTOWN CITY SD	2025	1451	196	2094952.52	10688.53327	37864664.44	35769711.92	24651.76562	1443.799118
1.70801E+11	MAYFIELD CSD	2019	911	114	1581318.48	13871.21474	16132123.39	14550804.91	15972.34348	1735.805137
1.70801E+11	MAYFIELD CSD	2020	875	103	1760921	17096.32039	16499268	14738347	16843.82514	2012.481143
1.70801E+11	MAYFIELD CSD	2021	856	99	2209523	22318.41414	16859093	14649570	17113.98364	2581.218458
1.70801E+11	MAYFIELD CSD	2022	871	99	1689933	17070.0303	17618915	15928982	18288.15385	1940.221584
1.70801E+11	MAYFIELD CSD	2023	829	85	1697566	19971.36471	17602455	15904889	19185.63209	2047.727382
1.70801E+11	MAYFIELD CSD	2024	828	94	2268458	24132.53191	19814386	17545928	21190.7343	2739.683575
1.70801E+11	MAYFIELD CSD	2025	809	91	2514213	27628.71429	21780374	19266161	23814.78492	3107.803461
1.70901E+11	NORTHVILLE CSD	2019	445	58	1140034	19655.75862	9381068	8241034	18519.17753	2561.874157
1.70901E+11	NORTHVILLE CSD	2020	441	64	1451407	22678.23438	9098387	7646980	17340.0907	3291.172336
1.70901E+11	NORTHVILLE CSD	2021	417	59	1356344	22988.88136	9221824	7865480	18862.06235	3252.623501
1.70901E+11	NORTHVILLE CSD	2022	431	54	1615703	29920.42593	10351268	8735565	20268.13225	3748.730858
1.70901E+11	NORTHVILLE CSD	2023	431	44	1664971	37840.25	10985112	9320141	21624.45708	3863.041763
1.70901E+11	NORTHVILLE CSD	2024	400	40	2136390	53409.75	12979159	10842769	27106.9225	5340.975
1.70901E+11	NORTHVILLE CSD	2025	414	43	2250927	52347.13953	13120578	10869651	26255.19565	5437.021739
1.71102E+11	BROADALBIN-PERTH CSD	2019	1753	181	3419228	18890.76243	27085038	23665810	13500.17684	1950.500856
1.71102E+11	BROADALBIN-PERTH CSD	2020	1771	183	2649928	14480.48087	29112447	26462519	14942.13382	1496.289102
1.71102E+11	BROADALBIN-PERTH CSD	2021	1728	179	2612202	14593.30726	29098445	26486243	15327.68692	1511.690972
1.71102E+11	BROADALBIN-PERTH CSD	2023	1693	180	3616176	20089.86667	42399533	38783357	22908.06675	2135.957472
1.71102E+11	BROADALBIN-PERTH CSD	2024	1679	201	3985131.43	19826.52453	37558358.66	33573227.23	19995.96619	2373.514848
1.71102E+11	BROADALBIN-PERTH CSD	2025	1635	183	4431807.14	24217.52536	37637307.55	33205500.41	20309.17456	2710.585407
1.80202E+11	ALEXANDER CSD	2019	856	94	2446043.96	26021.74426	15211948.96	12765905	14913.44042	2857.527991
1.80202E+11	ALEXANDER CSD	2020	787	94	2089014	22223.55319	15295745	13206731	16781.10673	2654.401525
1.80202E+11	ALEXANDER CSD	2021	737	96	2212244	23044.20833	14824230	12611986	17112.59973	3001.687924
1.80202E+11	ALEXANDER CSD	2022	770	93	2216837	23836.95699	15849598	13632761	17704.88442	2879.009091
1.80202E+11	ALEXANDER CSD	2023	736	98	2279901	23264.29592	16943171	14663270	19922.9212	3097.691576
1.80202E+11	ALEXANDER CSD	2024	736	120	2709268.22	22577.23517	20161556.8	17452288.58	23712.34861	3681.070951
1.80202E+11	ALEXANDER CSD	2025	729	129	3394191.3	26311.56047	20438283.12	17044091.82	23380.09852	4655.955144
1.803E+11	BATAVIA CITY SD	2019	2278	265	4248972.36	16033.85796	43575480	39326507.64	17263.61178	1865.220527
1.803E+11	BATAVIA CITY SD	2020	2261	288	4954027.49	17201.48434	43768238.77	38814211.28	17166.83383	2191.078058
1.803E+11	BATAVIA CITY SD	2021	2183	263	5226533.31	19872.75023	41832840.05	36606306.74	16768.80749	2394.197577
1.803E+11	BATAVIA CITY SD	2022	2105	276	5019226	18185.60145	46928976	41909750	19909.61995	2384.430404
1.803E+11	BATAVIA CITY SD	2023	2138	283	5887881.49	20805.23495	50383968.46	44496086.97	20812.01449	2753.920248
1.803E+11	BATAVIA CITY SD	2024	2202	318	6887396.08	21658.47824	55241743.94	48354347.86	21959.28604	3127.791135
1.803E+11	BATAVIA CITY SD	2025	2147	330	7827138.38	23718.60115	54457011.21	46629872.83	21718.61799	3645.616386
1.80701E+11	BYRON-BERGEN CSD	2019	885	101	1895689	18769.19802	18159969	16264280	18377.71751	2142.021469
1.80701E+11	BYRON-BERGEN CSD	2020	864	95	2281973	24020.76842	18666579	16384606	18963.66435	2641.172454
1.80701E+11	BYRON-BERGEN CSD	2021	810	71	1307577.88	18416.58986	16716591.17	15409013.29	19023.4732	1614.293679
1.80701E+11	BYRON-BERGEN CSD	2022	835	63	1604837	25473.60317	17336490	15731653	18840.30299	1921.960479
1.80701E+11	BYRON-BERGEN CSD	2023	843	69	1604874	23259.04348	17968398	16363524	19411.0605	1903.765125
1.80701E+11	BYRON-BERGEN CSD	2024	845	82	2001437.44	24407.77366	21445431.53	19443994.09	23010.64389	2368.565018
1.80701E+11	BYRON-BERGEN CSD	2025	892	98	3124430	31881.93878	21678833	18554403	20800.90022	3502.724215
1.80901E+11	ELBA CSD	2019	391	32	154093.22	4815.413125	8459538.41	8305445.19	21241.5478	394.1003069
1.80901E+11	ELBA CSD	2020	397	39	657658	16863.02564	8455195.56	7797537.56	19641.15254	1656.56927
1.80901E+11	ELBA CSD	2021	402	42	904310	21531.19048	8015598	7111288	17689.77114	2249.527363
1.80901E+11	ELBA CSD	2022	412	42	891125	21217.2619	9200474	8309349	20168.32282	2162.924757
1.80901E+11	ELBA CSD	2023	400	44	1062322	24143.68182	9697740	8635418	21588.545	2655.805
1.80901E+11	ELBA CSD	2024	430	55	890481	16190.56364	10873272	9982791	23215.79302	2070.886047
1.80901E+11	ELBA CSD	2025	410	61	871496.03	14286.82016	11180780.65	10309284.62	25144.59663	2125.600073
1.81001E+11	LE ROY CSD	2019	1203	107	1571238	14684.46729	19425583	17854345	14841.51704	1306.099751
1.81001E+11	LE ROY CSD	2020	1208	121	1631073	13479.94215	20371226	18740153	15513.37169	1350.225993
1.81001E+11	LE ROY CSD	2021	1151	125	2278022	18224.176	19945786	17667764	15349.92528	1979.16768
1.81001E+11	LE ROY CSD	2022	1147	136	1837516	13511.14706	20838322	19000806	16565.65475	1602.01918
1.81001E+11	LE ROY CSD	2023	1149	145	2739763.01	18894.91731	21819693.51	19079930.5	16605.68364	2384.476075
1.81001E+11	LE ROY CSD	2024	1146	170	3919878.64	23058.10965	26118494.49	22198615.85	19370.51994	3420.487469
1.81001E+11	LE ROY CSD	2025	1099	173	4086998.12	23624.26659	27450871.49	23363873.37	21259.21144	3718.833594
1.81101E+11	OAKFIELD-ALABAMA CSD	2019	816	73	2534633	34721	15986523	13451890	16485.15931	3106.167892
1.81101E+11	OAKFIELD-ALABAMA CSD	2020	816	88	1693694	19246.52273	15009625	13315931	16318.54289	2075.605392
1.81101E+11	OAKFIELD-ALABAMA CSD	2021	776	82	2380332	29028.43902	15232415	12852083	16561.96263	3067.438144
1.81101E+11	OAKFIELD-ALABAMA CSD	2022	757	85	2151154	25307.69412	17146664	14995510	19809.12814	2841.682959
1.81101E+11	OAKFIELD-ALABAMA CSD	2023	735	76	2548152.61	33528.32382	18049673.85	15501521.24	21090.50509	3466.874299
1.81101E+11	OAKFIELD-ALABAMA CSD	2024	698	110	2028900.83	18444.553	20873859.85	18844959.02	26998.50862	2906.734713
1.81101E+11	OAKFIELD-ALABAMA CSD	2025	684	116	1784073.14	15379.94086	21949920.9	20165847.76	29482.23357	2608.294064
1.81201E+11	PAVILION CSD	2019	689	81	2185710	26984.07407	15175681.93	12989971.93	18853.37	3172.293179
1.81201E+11	PAVILION CSD	2020	680	81	2213568	27328	14628353	12414785	18257.03676	3255.247059
1.81201E+11	PAVILION CSD	2021	656	70	1070630	15294.71429	13969288	12898658	19662.58841	1632.057927
1.81201E+11	PAVILION CSD	2022	654	81	1257216	15521.18519	15511852	14254636	21796.07951	1922.348624
1.81201E+11	PAVILION CSD	2023	631	87	1551152	17829.33333	16586511	15035359	23827.82726	2458.244057
1.81201E+11	PAVILION CSD	2024	602	80	2372076	29650.95	18212496	15840420	26312.99003	3940.325581
1.81201E+11	PAVILION CSD	2025	627	98	2744815.03	28008.31663	18802740.01	16057924.98	25610.72565	4377.695423
1.81302E+11	PEMBROKE CSD	2019	967	119	2456864	20645.91597	18939611	16482747	17045.23992	2540.707342
1.81302E+11	PEMBROKE CSD	2020	910	130	1799726	13844.04615	19203507	17403781	19125.03407	1977.720879
1.81302E+11	PEMBROKE CSD	2021	893	127	1900505.14	14964.6074	18082435.75	16181930.61	18120.86295	2128.225241
1.81302E+11	PEMBROKE CSD	2022	842	132	2143089	16235.52273	19152830	17009741	20201.59264	2545.236342
1.81302E+11	PEMBROKE CSD	2023	856	136	2334122.83	17162.66787	20531416.87	18197294.04	21258.52107	2726.779007
1.81302E+11	PEMBROKE CSD	2024	924	139	3744941.04	26942.02187	22818362.11	19073421.07	20642.2306	4052.966494
1.81302E+11	PEMBROKE CSD	2025	876	146	4302591.36	29469.80384	23536616.21	19234024.85	21956.64937	4911.633973
1.90301E+11	CAIRO-DURHAM CSD	2019	1236	224	3460962	15450.72321	25252066	21791104	17630.34304	2800.131068
1.90301E+11	CAIRO-DURHAM CSD	2020	1179	219	3989352	18216.21918	24846061	20856709	17690.16879	3383.6743
1.90301E+11	CAIRO-DURHAM CSD	2021	1107	221	2937453	13291.64253	25447852	22510399	20334.59711	2653.525745
1.90301E+11	CAIRO-DURHAM CSD	2022	1045	217	4830594	22260.80184	27662315	22831721	21848.53684	4622.57799
1.90301E+11	CAIRO-DURHAM CSD	2023	1020	202	4787399	23699.99505	28401538.48	23614139.48	23151.11714	4693.528431
1.90301E+11	CAIRO-DURHAM CSD	2024	1072	190	5112624.55	26908.55026	31936343	26823718.45	25022.12542	4769.239319
1.90301E+11	CAIRO-DURHAM CSD	2025	1036	213	4822557.29	22641.11404	32017616.47	27195059.18	26250.05712	4654.978079
1.90401E+11	CATSKILL CSD	2019	1411	235	4417624	18798.4	1628802	-2788822	-1976.48618	3130.846208
1.90401E+11	CATSKILL CSD	2020	1375	216	5946943	27532.14352	33121480	27174537	19763.29964	4325.049455
1.90401E+11	CATSKILL CSD	2021	1320	209	4305344	20599.73206	32277900	27972556	21191.3303	3261.624242
1.90401E+11	CATSKILL CSD	2022	1305	202	4243262	21006.24752	35049715	30806453	23606.47739	3251.541762
1.90401E+11	CATSKILL CSD	2023	1277	180	4571287	25396.03889	35528010	30956723	24241.75646	3579.707909
1.90401E+11	CATSKILL CSD	2024	1268	204	7079729.19	34704.55485	42618452.1	35538722.91	28027.384	5583.382642
1.90401E+11	CATSKILL CSD	2025	1208	209	6887160	32952.91866	41413208.85	34526048.85	28581.16627	5701.291391
1.90501E+11	COXSACKIE-ATHENS CSD	2019	1300	149	2344204	15732.91275	25852150	23507946	18083.03538	1803.233846
1.90501E+11	COXSACKIE-ATHENS CSD	2020	1242	164	2260410	13782.9878	26027256	23766846	19135.94686	1819.975845
1.90501E+11	COXSACKIE-ATHENS CSD	2021	1188	153	2108630	13781.89542	26406651	24298021	20452.87963	1774.941077
1.90501E+11	COXSACKIE-ATHENS CSD	2022	1129	152	2748523	18082.38816	28161062	25412539	22508.89194	2434.475642
1.90501E+11	COXSACKIE-ATHENS CSD	2023	1148	142	3540081.56	24930.15183	30426925.84	26886844.28	23420.59606	3083.694739
1.90501E+11	COXSACKIE-ATHENS CSD	2024	1136	152	4248038.9	27947.62434	34542529.59	30294490.69	26667.68547	3739.470863
1.90501E+11	COXSACKIE-ATHENS CSD	2025	1125	164	4871611.6	29704.94878	35944365.79	31072754.19	27620.22595	4330.321422
1.90701E+11	GREENVILLE CSD	2019	1153	190	6298573	33150.38421	24527024.6	18228451.6	15809.58508	5462.769297
1.90701E+11	GREENVILLE CSD	2020	1126	190	552610	2908.473684	26504029	25951419	23047.44139	490.7726465
1.90701E+11	GREENVILLE CSD	2021	1095	184	3931448	21366.56522	26438677	22507229	20554.54703	3590.36347
1.90701E+11	GREENVILLE CSD	2022	1080	176	4170867	23698.10795	27731910	23561043	21815.78056	3861.913889
1.90701E+11	GREENVILLE CSD	2023	1080	192	4345207.99	22631.29161	28446686.24	24101478.25	22316.18356	4023.340731
1.90701E+11	GREENVILLE CSD	2024	1116	191	4945825.33	25894.37346	32965916.04	28020090.71	25107.60816	4431.743127
1.90701E+11	GREENVILLE CSD	2025	1057	204	5601623.72	27458.9398	34037624.31	28436000.59	26902.55496	5299.549404
1.90901E+11	HUNTER-TANNERSVILLE CSD	2019	363	72	1242378.16	17255.25222	10405607.95	9163229.79	25243.05727	3422.529366
1.90901E+11	HUNTER-TANNERSVILLE CSD	2020	353	71	1674384	23582.87324	10785382.5	9110998.5	25810.19405	4743.29745
1.90901E+11	HUNTER-TANNERSVILLE CSD	2021	353	67	1406524	20992.89552	10784449	9377925	26566.35977	3984.487252
1.90901E+11	HUNTER-TANNERSVILLE CSD	2022	342	60	1764589	29409.81667	11918224	10153635	29688.99123	5159.616959
1.90901E+11	HUNTER-TANNERSVILLE CSD	2023	339	64	1745626	27275.40625	12183361	10437735	30789.77876	5149.339233
1.90901E+11	HUNTER-TANNERSVILLE CSD	2024	320	61	1486303.29	24365.6277	13412063.94	11925760.65	37268.00203	4644.697781
1.90901E+11	HUNTER-TANNERSVILLE CSD	2025	331	66	2000877.32	30316.32303	13592200	11591322.68	35019.10175	6044.946586
1.91401E+11	WINDHAM-ASHLAND-JEWETT CSD	2019	312	40	1199086	29977.15	9512340	8313254	26645.04487	3843.224359
1.91401E+11	WINDHAM-ASHLAND-JEWETT CSD	2020	309	50	576923.98	11538.4796	9558986.67	8982062.69	29068.16405	1867.067896
1.91401E+11	WINDHAM-ASHLAND-JEWETT CSD	2021	301	52	615720.45	11840.77788	9730455.91	9114735.46	30281.51316	2045.58289
1.91401E+11	WINDHAM-ASHLAND-JEWETT CSD	2022	294	57	758528	13307.50877	10068330	9309802	31665.9932	2580.027211
1.91401E+11	WINDHAM-ASHLAND-JEWETT CSD	2023	295	58	494830	8531.551724	10731743	10236913	34701.4	1677.389831
1.91401E+11	WINDHAM-ASHLAND-JEWETT CSD	2024	296	56	917430.32	16382.68429	12442829.17	11525398.85	38937.15828	3099.426757
1.91401E+11	WINDHAM-ASHLAND-JEWETT CSD	2025	283	60	1049696.71	17494.94517	12766875.74	11717179.03	41403.45947	3709.175654
2.00101E+11	PISECO COMN SD	2020	0	0	400		412330	411930		Inf
2.00101E+11	PISECO COMN SD	2021	0	0	0		265186	265186		
2.00101E+11	PISECO COMN SD	2025	0	0	0		634915	634915		
2.00401E+11	INDIAN LAKE CSD	2019	118	17	504911	29700.64706	4879101	4374190	37069.40678	4278.90678
2.00401E+11	INDIAN LAKE CSD	2020	108	16	280476	17529.75	4658672	4378196	40538.85185	2597
2.00401E+11	INDIAN LAKE CSD	2021	108	14	0	0	4869499	4869499	45087.9537	0
2.00401E+11	INDIAN LAKE CSD	2022	119	18	353615	19645.27778	5365731	5012116	42118.62185	2971.554622
2.00401E+11	INDIAN LAKE CSD	2023	126	16	0	0	5731650	5731650	45489.28571	0
2.00401E+11	INDIAN LAKE CSD	2025	126	21	767156	36531.2381	6568364	5801208	46041.33333	6088.539683
2.00501E+11	INLET COMN SD	2020	0	0	0		186466	186466		
2.00501E+11	INLET COMN SD	2021	0	0	0		159814	159814		
2.00501E+11	INLET COMN SD	2022	0	0	0		137328	137328		
2.00501E+11	INLET COMN SD	2023	0	0	0		161151	161151		
2.00501E+11	INLET COMN SD	2025	0	0	0		972680	972680		
2.00601E+11	LAKE PLEASANT CSD	2019	76	12	178622	14885.16667	3532943	3354321	44135.80263	2350.289474
2.00601E+11	LAKE PLEASANT CSD	2020	72	9	546017	60668.55556	3420887.88	2874870.88	39928.76222	7583.569444
2.00601E+11	LAKE PLEASANT CSD	2022	70	8	345310	43163.75	3460892	3115582	44508.31429	4933
2.00601E+11	LAKE PLEASANT CSD	2023	73	9	413031	45892.33333	3584640.07	3171609.07	43446.69959	5657.958904
2.00601E+11	LAKE PLEASANT CSD	2024	65	10	560891	56089.1	4536557	3975666	61164.09231	8629.092308
2.00601E+11	LAKE PLEASANT CSD	2025	67	9	555798.26	61755.36222	4373153.01	3817354.75	56975.44403	8295.496418
2.00701E+11	LONG LAKE CSD	2019	63	8	126625	15828.125	3261837	3135212	49765.26984	2009.920635
2.00701E+11	LONG LAKE CSD	2020	65	11	224187	20380.63636	3433979.52	3209792.52	49381.42338	3449.030769
2.00701E+11	LONG LAKE CSD	2021	67	8	157766	19720.75	3462166.43	3304400.43	49319.4094	2354.716418
2.00701E+11	LONG LAKE CSD	2022	66	10	177709	17770.9	3628365	3450656	52282.66667	2692.560606
2.00701E+11	LONG LAKE CSD	2023	59	7	108534	15504.85714	4122924.39	4014390.39	68040.51508	1839.559322
2.00701E+11	LONG LAKE CSD	2024	59	7	148121.48	21160.21143	3952565.95	3804444.47	64482.10966	2510.533559
2.00701E+11	LONG LAKE CSD	2025	59	8	190121.59	23765.19875	3853397.43	3663275.84	62089.42102	3222.399831
2.00702E+11	RAQUETTE LAKE UFSD	2021	0	0	0		109527	109527		
2.00702E+11	RAQUETTE LAKE UFSD	2025	0	0	0		343362	343362		
2.00901E+11	WELLS CSD	2019	144	27	307569	11391.44444	2411635	2104066	14611.56944	2135.895833
2.00901E+11	WELLS CSD	2020	140	17	192275	11310.29412	4494212	4301937	30728.12143	1373.392857
2.00901E+11	WELLS CSD	2021	142	20	132609	6630.45	4868572	4735963	33351.85211	933.8661972
2.00901E+11	WELLS CSD	2022	141	21	0	0	4720394	4720394	33477.97163	0
2.00901E+11	WELLS CSD	2023	133	12	0	0	5033690	5033690	37847.29323	0
2.00901E+11	WELLS CSD	2024	135	18	133285	7404.722222	6100625	5967340	44202.51852	987.2962963
2.00901E+11	WELLS CSD	2025	127	21	0	0	6868994	6868994	54086.56693	0
2.10302E+11	WEST CANADA VALLEY CSD	2019	704	96	1007680	10496.66667	13615002	12607322	17908.12784	1431.363636
2.10302E+11	WEST CANADA VALLEY CSD	2020	650	86	1021456	11877.39535	14297836	13276380	20425.2	1571.470769
2.10302E+11	WEST CANADA VALLEY CSD	2021	636	79	1066369	13498.34177	14698688	13632319	21434.46384	1676.680818
2.10302E+11	WEST CANADA VALLEY CSD	2022	615	71	1154145	16255.56338	14920004	13765859	22383.51057	1876.658537
2.10302E+11	WEST CANADA VALLEY CSD	2024	642	72	2342462.16	32534.19667	21489474.02	19147011.86	29824.00601	3648.694953
2.10302E+11	WEST CANADA VALLEY CSD	2025	676	73	2254055	30877.46575	20219159	17965104	26575.59763	3334.400888
2.10402E+11	FRANKFORT-SCHUYLER CSD	2019	942	140	2528055	18057.53571	16309683	13781628	14630.17834	2683.710191
2.10402E+11	FRANKFORT-SCHUYLER CSD	2020	893	143	2746646.13	19207.31559	15479702.14	12733056.01	14258.74133	3075.751545
2.10402E+11	FRANKFORT-SCHUYLER CSD	2021	862	130	2602954.94	20022.73031	14743142.02	12140187.08	14083.74371	3019.669304
2.10402E+11	FRANKFORT-SCHUYLER CSD	2022	823	118	1138955	9652.161017	17520563	16381608	19904.74848	1383.90644
2.10402E+11	FRANKFORT-SCHUYLER CSD	2023	817	119	912064.48	7664.407395	18976175.78	18064111.3	22110.29535	1116.357993
2.10402E+11	FRANKFORT-SCHUYLER CSD	2024	859	114	1234562.55	10829.49605	20502798.25	19268235.7	22431.0078	1437.209022
2.10402E+11	FRANKFORT-SCHUYLER CSD	2025	850	127	2105549.47	16579.12969	21030692.48	18925143.01	22264.87413	2477.117024
2.10601E+11	HERKIMER CSD	2019	1094	144	144069	1000.479167	21476981	21332912	19499.91956	131.690128
2.10601E+11	HERKIMER CSD	2020	1110	162	1625870	10036.23457	18670771.09	17044901.09	15355.76675	1464.747748
2.10601E+11	HERKIMER CSD	2021	1050	157	1304131.93	8306.572803	18643841.81	17339709.88	16514.00941	1242.03041
2.10601E+11	HERKIMER CSD	2022	1099	150	1492491	9949.94	20893019	19400528	17652.89172	1358.044586
2.10601E+11	HERKIMER CSD	2023	1095	172	1527368.8	8880.051163	20986409.45	19459040.65	17770.81338	1394.857352
2.10601E+11	HERKIMER CSD	2024	1086	179	4377300.06	24454.19028	26375294.08	21997994.02	20255.97976	4030.663039
2.10601E+11	HERKIMER CSD	2025	1068	170	4508233.27	26519.01924	27321820.09	22813586.82	21361.03635	4221.1922
2.108E+11	LITTLE FALLS CITY SD	2019	1124	195	2944384.18	15099.40605	20639200.17	17694815.99	15742.71885	2619.558879
2.108E+11	LITTLE FALLS CITY SD	2020	1073	191	3210713.46	16810.01812	21328906.81	18118193.35	16885.54832	2992.277223
2.108E+11	LITTLE FALLS CITY SD	2021	1059	182	3233907.45	17768.72225	20559522.55	17325615.1	16360.3542	3053.736969
2.108E+11	LITTLE FALLS CITY SD	2022	1071	178	2772457	15575.60112	24749552	21977095	20520.1634	2588.661998
2.108E+11	LITTLE FALLS CITY SD	2023	1052	179	4817817.22	26915.18	25673174.58	20855357.36	19824.48418	4579.674163
2.108E+11	LITTLE FALLS CITY SD	2024	1071	188	4099331.99	21804.95739	29702986.48	25603654.49	23906.30671	3827.57422
2.108E+11	LITTLE FALLS CITY SD	2025	1005	197	4629513.06	23500.06629	29512321.5	24882808.44	24759.01337	4606.480657
2.11003E+11	DOLGEVILLE CSD	2019	937	116	1448594	12487.87931	16920374.88	15471780.88	16512.03936	1545.991462
2.11003E+11	DOLGEVILLE CSD	2020	850	113	1284541	11367.61947	14833166.01	13548625.01	15939.55884	1511.224706
2.11003E+11	DOLGEVILLE CSD	2021	788	104	175629	1688.740385	14918502.81	14742873.81	18709.23072	222.8794416
2.11003E+11	DOLGEVILLE CSD	2022	805	98	167340	1707.55102	16659114	16491774	20486.67578	207.8757764
2.11003E+11	DOLGEVILLE CSD	2023	796	107	158700	1483.17757	16788915	16630215	20892.2299	199.3718593
2.11003E+11	DOLGEVILLE CSD	2024	796	133	2587344.53	19453.71827	20453598.66	17866254.13	22445.04288	3250.432827
2.11003E+11	DOLGEVILLE CSD	2025	789	133	3001006.88	22563.9615	18716046.25	15715039.37	19917.66714	3803.557516
2.11103E+11	POLAND CSD	2019	552	56	2041728	36459.42857	12071568	10029840	18170	3698.782609
2.11103E+11	POLAND CSD	2020	523	63	2151760	34154.92063	12484097	10332337	19755.90249	4114.263862
2.11103E+11	POLAND CSD	2021	490	60	1805545	30092.41667	11918933	10113388	20639.56735	3684.785714
2.11103E+11	POLAND CSD	2022	508	67	1519932	22685.55224	11933738	10413806	20499.61811	2991.992126
2.11103E+11	POLAND CSD	2023	491	65	1698634	26132.83077	12992470	11293836	23001.70265	3459.539715
2.11103E+11	POLAND CSD	2024	503	70	1619130.24	23130.432	16094539.02	14475408.78	28778.14867	3218.946799
2.11103E+11	POLAND CSD	2025	507	76	1666191.16	21923.56789	15806628	14140436.84	27890.40797	3286.373097
2.11701E+11	VAN HORNESVILLE-OWEN D YOUNG CSD	2019	187	0	312191		4197911.29	3885720.29	20779.25289	1669.470588
2.11701E+11	VAN HORNESVILLE-OWEN D YOUNG CSD	2020	181	6	354964	59160.66667	4329141.86	3974177.86	21956.78376	1961.127072
2.11701E+11	VAN HORNESVILLE-OWEN D YOUNG CSD	2021	166	9	437299	48588.77778	4790011	4352712	26221.15663	2634.331325
2.11701E+11	VAN HORNESVILLE-OWEN D YOUNG CSD	2022	172	13	311743	23980.23077	5150054	4838311	28129.71512	1812.459302
2.11701E+11	VAN HORNESVILLE-OWEN D YOUNG CSD	2023	174	17	237272	13957.17647	5381328	5144056	29563.54023	1363.632184
2.11701E+11	VAN HORNESVILLE-OWEN D YOUNG CSD	2024	162	19	1142878.43	60151.49632	6378391.02	5235512.59	32317.97895	7054.805123
2.11701E+11	VAN HORNESVILLE-OWEN D YOUNG CSD	2025	159	22	480543.08	21842.86727	6230517.84	5749974.76	36163.36327	3022.283522
2.11901E+11	TOWN OF WEBB UFSD 	2019	251	36	611735	16992.63889	7023173	6411438	25543.57769	2437.191235
2.11901E+11	TOWN OF WEBB UFSD 	2020	272	45	677701.55	15060.03444	7309401.34	6631699.79	24381.24923	2491.549816
2.11901E+11	TOWN OF WEBB UFSD 	2021	257	45	763944	16976.53333	7700344.18	6936400.18	26989.88397	2972.544747
2.11901E+11	TOWN OF WEBB UFSD 	2022	257	49	853057	17409.32653	8438867	7585810	29516.77043	3319.287938
2.11901E+11	TOWN OF WEBB UFSD	2023	246	44	895391	20349.79545	8944733	8049342	32720.90244	3639.800813
2.11901E+11	TOWN OF WEBB UFSD 	2024	234	41	1088040.72	26537.57854	9652276.18	8564235.46	36599.29684	4649.746667
2.11901E+11	TOWN OF WEBB UFSD	2025	236	40	1076927.97	26923.19925	10292477.74	9215549.77	39048.9397	4563.25411
2.12001E+11	MOUNT MARKHAM CSD	2019	1103	200	1811411	9057.055	20697036	18885625	17122.05349	1642.258386
2.12001E+11	MOUNT MARKHAM CSD	2020	1091	190	1656603	8718.963158	20947629	19291026	17681.967	1518.426214
2.12001E+11	MOUNT MARKHAM CSD	2021	1039	177	2652391	14985.25989	21599489	18947098	18235.89798	2552.830606
2.12001E+11	MOUNT MARKHAM CSD	2022	1070	194	1690985	8716.417526	22429164	20738179	19381.4757	1580.359813
2.12001E+11	MOUNT MARKHAM CSD	2023	1067	174	1914960.43	11005.51971	24905532.06	22990571.63	21546.92749	1794.714555
2.12001E+11	MOUNT MARKHAM CSD	2024	1055	155	1767261.08	11401.68439	28964282.52	27197021.44	25779.16724	1675.128986
2.12001E+11	MOUNT MARKHAM CSD	2025	1033	157	1338599.1	8526.108917	29454420.58	28115821.48	27217.63938	1295.836496
2.12101E+11	CENTRAL VALLEY CSD AT ILION-MOHAWK	2019	2208	354	1550716	4380.553672	37049567	35498851	16077.37817	702.317029
2.12101E+11	CENTRAL VALLEY CSD AT ILION-MOHAWK	2020	2201	361	2734998	7576.171745	34164166	31429168	14279.49478	1242.616084
2.12101E+11	CENTRAL VALLEY CSD AT ILION-MOHAWK	2021	2101	351	3104207	8843.894587	37648682	34544475	16441.92051	1477.490243
2.12101E+11	CENTRAL VALLEY CSD AT ILION-MOHAWK	2022	2090	380	3283266	8640.173684	40935740	37652474	18015.5378	1570.94067
2.12101E+11	CENTRAL VALLEY CSD AT ILION-MOHAWK	2023	2086	399	2323272	5822.736842	40337492	38014220	18223.49952	1113.744966
2.12101E+11	CENTRAL VALLEY CSD AT ILION-MOHAWK	2024	2070	437	7125003.36	16304.35551	51249927.41	44124924.05	21316.38843	3442.030609
2.12101E+11	CENTRAL VALLEY CSD AT ILION-MOHAWK	2025	2015	411	9191404	22363.51338	54323530	45132126	22398.07742	4561.490819
2.20101E+11	SOUTH JEFFERSON CSD	2019	1887	321	3250083.23	10124.86988	26588287.91	23338204.68	12367.88801	1722.354653
2.20101E+11	SOUTH JEFFERSON CSD	2020	1894	350	3744261	10697.88857	28428716	24684455	13032.97518	1976.906547
2.20101E+11	SOUTH JEFFERSON CSD	2021	1773	323	3650521	11301.9226	27658907	24008386	13541.10886	2058.951495
2.20101E+11	SOUTH JEFFERSON CSD	2022	1865	329	3953382	12016.35866	29552895	25599513	13726.28043	2119.775871
2.20101E+11	SOUTH JEFFERSON CSD	2023	1827	313	3781601	12081.79233	31012001	27230400	14904.4335	2069.841817
2.20101E+11	SOUTH JEFFERSON CSD	2024	1802	325	4326706.67	13312.9436	36670242.44	32343535.77	17948.688	2401.058085
2.20101E+11	SOUTH JEFFERSON CSD	2025	1788	336	4417081.65	13146.07634	38912967.07	34495885.42	19293.00079	2470.403607
2.20202E+11	ALEXANDRIA CSD	2019	501	85	1801655.8	21195.95059	9793622.96	7991967.16	15952.03026	3596.119361
2.20202E+11	ALEXANDRIA CSD	2020	492	93	1263435.03	13585.3229	10440075.13	9176640.1	18651.70752	2567.957378
2.20202E+11	ALEXANDRIA CSD	2021	474	86	1147881.47	13347.45895	10688290.97	9540409.5	20127.4462	2421.690865
2.20202E+11	ALEXANDRIA CSD	2022	472	69	907340	13149.85507	11272935	10365595	21961.00636	1922.330508
2.20202E+11	ALEXANDRIA CSD	2023	461	72	1591659	22106.375	12251441	10659782	23123.17137	3452.62256
2.20202E+11	ALEXANDRIA CSD	2024	473	79	1993687.21	25236.54696	14149129.55	12155442.34	25698.6096	4214.983531
2.20202E+11	ALEXANDRIA CSD	2025	467	80	1869084.63	23363.55788	14794370.2	12925285.57	27677.27103	4002.322548
2.20301E+11	INDIAN RIVER CSD	2019	3877	545	2126746.19	3902.286587	71868426.62	69741680.43	17988.56859	548.5546015
2.20301E+11	INDIAN RIVER CSD	2020	3543	547	2117737.21	3871.54883	68572268.82	66454531.61	18756.57116	597.7243043
2.20301E+11	INDIAN RIVER CSD	2021	3264	521	2058912.89	3951.848157	67552922.2	65494009.31	20065.56658	630.7943903
2.20301E+11	INDIAN RIVER CSD	2022	3381	542	2139898	3948.151292	67571999	65432101	19352.88406	632.9186631
2.20301E+11	INDIAN RIVER CSD	2023	3403	563	2962779.79	5262.486306	74106670.83	71143891.04	20906.22716	870.6376109
2.20301E+11	INDIAN RIVER CSD	2024	3552	565	3364553.61	5954.962142	89844762.64	86480209.03	24346.9057	947.2279307
2.20301E+11	INDIAN RIVER CSD	2025	3326	583	3576420.61	6134.512196	93201995.71	89625575.1	26946.95583	1075.291825
2.20401E+11	GENERAL BROWN CSD	2019	1446	241	2530480.84	10499.9205	17610470.16	15079989.32	10428.76163	1749.98675
2.20401E+11	GENERAL BROWN CSD	2020	1436	251	2739931	10916.05976	19482643	16742712	11659.27019	1908.029944
2.20401E+11	GENERAL BROWN CSD	2021	1358	228	1622308	7115.385965	19239470	17617162	12972.87334	1194.630339
2.20401E+11	GENERAL BROWN CSD	2022	1370	232	3130499	13493.53017	21739144	18608645	13582.95255	2285.035766
2.20401E+11	GENERAL BROWN CSD	2023	1386	244	1416290.78	5804.47041	22247271.51	20830980.73	15029.56763	1021.85482
2.20401E+11	GENERAL BROWN CSD	2024	1348	233	1674359	7186.090129	24770570.86	23096211.86	17133.68832	1242.106083
2.20401E+11	GENERAL BROWN CSD	2025	1349	213	1491228.14	7001.07108	25377278.21	23886050.07	17706.48634	1105.432276
2.20701E+11	THOUSAND ISLANDS CSD	2019	884	118	1789333	15163.83898	16071991	14282658	16156.85294	2024.132353
2.20701E+11	THOUSAND ISLANDS CSD	2020	867	112	1823800	16283.92857	16818009	14994209	17294.35871	2103.575548
2.20701E+11	THOUSAND ISLANDS CSD	2021	787	112	1638947	14633.45536	15779217.31	14140270.31	17967.30662	2082.524778
2.20701E+11	THOUSAND ISLANDS CSD	2022	892	127	1866880	14699.84252	15938838	14071958	15775.73767	2092.914798
2.20701E+11	THOUSAND ISLANDS CSD	2023	874	121	1978228	16348.99174	16800188	14821960	16958.7643	2263.418764
2.20701E+11	THOUSAND ISLANDS CSD	2024	823	118	1918828	16261.25424	19275465	17356637	21089.47388	2331.504253
2.20701E+11	THOUSAND ISLANDS CSD	2025	797	122	1158319	9494.418033	19169633	18011314	22598.88833	1453.348808
2.20909E+11	BELLEVILLE-HENDERSON CSD	2019	484	75	795205	10602.73333	7669407	6874202	14202.89669	1642.985537
2.20909E+11	BELLEVILLE-HENDERSON CSD	2020	497	87	968084	11127.4023	8433300	7465216	15020.55533	1947.855131
2.20909E+11	BELLEVILLE-HENDERSON CSD	2021	492	78	531926	6819.564103	9039677	8507751	17292.17683	1081.150407
2.20909E+11	BELLEVILLE-HENDERSON CSD	2022	500	81	332957	4110.580247	9805226	9472269	18944.538	665.914
2.20909E+11	BELLEVILLE-HENDERSON CSD	2023	502	92	400590.23	4354.24163	9902754.51	9502164.28	18928.6141	797.988506
2.20909E+11	BELLEVILLE-HENDERSON CSD	2024	502	99	1044607.16	10551.58747	11318574.11	10273966.95	20466.06962	2080.890757
2.20909E+11	BELLEVILLE-HENDERSON CSD	2025	489	106	1184942	11178.69811	12266761	11081819	22662.20654	2423.194274
2.21001E+11	SACKETS HARBOR CSD	2019	432	73	449232	6153.863014	7007616	6558384	15181.44444	1039.888889
2.21001E+11	SACKETS HARBOR CSD	2020	418	74	481665	6508.986486	7525517	7043852	16851.32057	1152.308612
2.21001E+11	SACKETS HARBOR CSD	2021	391	80	529307	6616.3375	7259001	6729694	17211.49361	1353.726343
2.21001E+11	SACKETS HARBOR CSD	2022	397	64	537290	8395.15625	8020248	7482958	18848.76071	1353.375315
2.21001E+11	SACKETS HARBOR CSD	2023	410	70	528886	7555.514286	8213604	7684718	18743.21463	1289.965854
2.21001E+11	SACKETS HARBOR CSD	2024	417	78	1023008	13115.48718	9670299	8647291	20736.90887	2453.256595
2.21001E+11	SACKETS HARBOR CSD	2025	412	68	1407265	20695.07353	9788931	8381666	20343.84951	3415.691748
2.21301E+11	LYME CSD	2019	348	60	466312.07	7771.867833	6605690.4	6139378.33	17641.89175	1339.977213
2.21301E+11	LYME CSD	2020	349	66	380993.13	5772.623182	6686167.16	6305174.03	18066.40123	1091.67086
2.21301E+11	LYME CSD	2021	332	71	312515	4401.619718	6404563.94	6092048.94	18349.545	941.310241
2.21301E+11	LYME CSD	2022	330	66	730257	11064.5	7552289	6822032	20672.82424	2212.9
2.21301E+11	LYME CSD	2023	337	70	753333	10761.9	7890407.79	7137074.79	21178.26347	2235.409496
2.21301E+11	LYME CSD	2024	345	77	764911.23	9933.912078	8800979.98	8036068.75	23292.9529	2217.134
2.21301E+11	LYME CSD	2025	336	76	886194.44	11660.45316	8775728.01	7889533.57	23480.75467	2637.483452
2.21401E+11	LA FARGEVILLE CSD	2019	535	83	720683	8682.927711	8516879	7796196	14572.32897	1347.071028
2.21401E+11	LA FARGEVILLE CSD	2020	528	82	907868	11071.56098	9001298	8093430	15328.46591	1719.44697
2.21401E+11	LA FARGEVILLE CSD	2021	489	73	501828	6874.356164	8777627	8275799	16923.92434	1026.233129
2.21401E+11	LA FARGEVILLE CSD	2022	493	77	508977	6610.090909	9241250	8732273	17712.5213	1032.407708
2.21401E+11	LA FARGEVILLE CSD	2023	496	81	318790	3935.679012	9589588	9270798	18691.125	642.7217742
2.21401E+11	LA FARGEVILLE CSD	2024	468	76	868699.7	11430.25921	10478984.86	9610285.16	20534.79735	1856.19594
2.21401E+11	LA FARGEVILLE CSD	2025	448	73	880736	12064.87671	10475393	9594657	21416.64509	1965.928571
2.22E+11	WATERTOWN CITY SD	2019	4373	792	5358807	6766.170455	39744789	34385982	7863.247656	1225.430368
2.22E+11	WATERTOWN CITY SD	2020	3972	744	5352439	7194.138441	58783830	53431391	13452.01183	1347.542548
2.22E+11	WATERTOWN CITY SD	2021	3895	702	5285136	7528.683761	57212236	51927100	13331.73299	1356.902696
2.22E+11	WATERTOWN CITY SD	2022	3906	702	5717034	8143.923077	58908093	53191059	13617.78264	1463.654378
2.22E+11	WATERTOWN CITY SD	2023	3909	686	1577840	2300.058309	67513677	65935837	16867.69941	403.6428754
2.22E+11	WATERTOWN CITY SD	2024	4340	733	11211332	15295.13233	81351553	70140221	16161.34124	2583.256221
2.22E+11	WATERTOWN CITY SD	2025	3940	759	12321799.88	16234.25544	91801542.31	79479742.43	20172.52346	3127.360376
2.22201E+11	CARTHAGE CSD	2019	3230	567	5130870.54	9049.154392	50515994.51	45385123.97	14051.12197	1588.504811
2.22201E+11	CARTHAGE CSD	2020	3065	544	4976121.35	9147.281893	52562147.3	47586025.95	15525.62021	1623.53062
2.22201E+11	CARTHAGE CSD	2021	2814	517	7268589.05	14059.16644	54359672.82	47091083.77	16734.57135	2583.009613
2.22201E+11	CARTHAGE CSD	2022	2912	536	5653107	10546.84142	56154594	50501487	17342.54361	1941.314217
2.22201E+11	CARTHAGE CSD	2023	2900	532	8028964	15092.03759	57634568	49605604	17105.38069	2768.608276
2.22201E+11	CARTHAGE CSD	2024	3114	565	9080640.16	16071.92949	71175171.27	62094531.11	19940.44031	2916.069416
2.22201E+11	CARTHAGE CSD	2025	3169	604	9605693.25	15903.46565	71676343.95	62070650.7	19586.82572	3031.143342
2.30201E+11	COPENHAGEN CSD	2019	472	73	461910	6327.534247	8312926	7851016	16633.50847	978.6228814
2.30201E+11	COPENHAGEN CSD	2020	447	78	284579	3648.448718	8386724.66	8102145.66	18125.6055	636.6420582
2.30201E+11	COPENHAGEN CSD	2021	465	65	747804	11504.67692	8670390.4	7922586.4	17037.82022	1608.180645
2.30201E+11	COPENHAGEN CSD	2022	477	75	829025	11053.66667	9879495	9050470	18973.73166	1737.997904
2.30201E+11	COPENHAGEN CSD	2023	472	71	947921	13351	10667759.86	9719838.86	20592.87894	2008.307203
2.30201E+11	COPENHAGEN CSD	2024	483	82	1206409.37	14712.30939	11368095	10161685.63	21038.6866	2497.741967
2.30201E+11	COPENHAGEN CSD	2025	473	87	1191897.16	13699.96736	11565068.01	10373170.85	21930.59376	2519.867146
2.30301E+11	HARRISVILLE CSD	2019	381	66	707506	10719.78788	8762847	8055341	21142.6273	1856.971129
2.30301E+11	HARRISVILLE CSD	2020	359	48	0	0	9134013.95	9134013.95	25442.93579	0
2.30301E+11	HARRISVILLE CSD	2021	344	41	0	0	8886339	8886339	25832.38081	0
2.30301E+11	HARRISVILLE CSD	2022	348	52	846933	16287.17308	9797523	8950590	25720.08621	2433.715517
2.30301E+11	HARRISVILLE CSD	2023	330	57	812334	14251.47368	10692871	9880537	29941.02121	2461.618182
2.30301E+11	HARRISVILLE CSD	2024	340	61	971477	15925.85246	11084965.68	10113488.68	29745.55494	2857.285294
2.30301E+11	HARRISVILLE CSD	2025	312	56	950228.93	16968.37375	10868662.74	9918433.81	31789.85196	3045.605545
2.30901E+11	LOWVILLE ACADEMY & CSD	2019	1326	187	2411599.26	12896.25273	22094058.64	19682459.38	14843.4837	1818.702308
2.30901E+11	LOWVILLE ACADEMY & CSD	2020	1347	214	2525937	11803.44393	22042718.76	19516781.76	14489.07332	1875.231626
2.30901E+11	LOWVILLE ACADEMY & CSD	2021	1247	182	2372232	13034.24176	22198080.17	19825848.17	15898.83574	1902.351243
2.30901E+11	LOWVILLE ACADEMY & CSD	2022	1291	170	2554399	15025.87647	23466320	20911921	16198.2347	1978.620449
2.30901E+11	LOWVILLE ACADEMY & CSD	2023	1282	179	2854036	15944.3352	24376779.47	21522743.47	16788.41144	2226.237129
2.30901E+11	LOWVILLE ACADEMY & CSD	2024	1287	212	3299520.58	15563.77632	27218837.6	23919317.02	18585.32791	2563.730054
2.30901E+11	LOWVILLE ACADEMY & CSD	2025	1276	218	3580502.01	16424.32115	27750576.37	24170074.36	18942.06455	2806.036058
2.31101E+11	SOUTH LEWIS CSD	2019	1000	242	1851465	7650.681818	21377194	19525729	19525.729	1851.465
2.31101E+11	SOUTH LEWIS CSD	2020	1030	263	2094541	7964.034221	21724657	19630116	19058.36505	2033.534951
2.31101E+11	SOUTH LEWIS CSD	2021	913	235	2012277	8562.880851	20860793	18848516	20644.59584	2204.027382
2.31101E+11	SOUTH LEWIS CSD	2022	959	251	1951955	7776.713147	21930048	19978093	20832.21376	2035.406674
2.31101E+11	SOUTH LEWIS CSD	2023	1043	262	2029022	7744.358779	23566591	21537569	20649.63471	1945.371045
2.31101E+11	SOUTH LEWIS CSD	2024	1056	286	3759546	13145.26573	26863537.29	23103991.29	21878.77963	3560.176136
2.31101E+11	SOUTH LEWIS CSD	2025	1035	276	4466076.59	16181.43692	27834186.52	23368109.93	22577.88399	4315.049845
2.31301E+11	BEAVER RIVER CSD	2019	892	155	1842480	11886.96774	13486199	11643719	13053.49664	2065.560538
2.31301E+11	BEAVER RIVER CSD	2020	907	163	593803	3642.96319	13717882	13124079	14469.76736	654.6890849
2.31301E+11	BEAVER RIVER CSD	2021	805	139	1353924	9740.460432	13711407.91	12357483.91	15350.91169	1681.893168
2.31301E+11	BEAVER RIVER CSD	2022	842	148	1510496	10206.05405	15087582	13577086	16124.80523	1793.938242
2.31301E+11	BEAVER RIVER CSD	2023	872	151	1421049	9410.92053	15738887.5	14317838.5	16419.53956	1629.643349
2.31301E+11	BEAVER RIVER CSD	2024	872	176	2092433.9	11888.82898	19060246.5	16967812.6	19458.50069	2399.580161
2.31301E+11	BEAVER RIVER CSD	2025	863	173	2714148.68	15688.72069	19782431.19	17068282.51	19777.84764	3145.015852
2.40101E+11	AVON CSD	2019	1004	84	1793851	21355.36905	16469237	14675386	14616.91833	1786.704183
2.40101E+11	AVON CSD	2020	1007	79	1750370	22156.58228	16098425	14348055	14248.31678	1738.202582
2.40101E+11	AVON CSD	2021	944	85	2420903	28481.21176	16625770	14204867	15047.5286	2564.51589
2.40101E+11	AVON CSD	2022	924	83	2052795	24732.46988	18352200	16299405	17640.0487	2221.63961
2.40101E+11	AVON CSD	2023	935	87	1970234	22646.36782	19156484	17186250	18381.01604	2107.202139
2.40101E+11	AVON CSD	2024	916	100	2552104	25521.04	21575156	19023052	20767.52402	2786.139738
2.40101E+11	AVON CSD	2025	906	96	2798217	29148.09375	23695652	20897435	23065.60155	3088.539735
2.40201E+11	CALEDONIA-MUMFORD CSD	2019	808	115	295740	2571.652174	15886043	15590303	19294.92946	366.0148515
2.40201E+11	CALEDONIA-MUMFORD CSD	2020	807	104	262825	2527.163462	14925290	14662465	18169.10161	325.6815366
2.40201E+11	CALEDONIA-MUMFORD CSD	2021	782	95	351319	3698.094737	15643867	15292548	19555.68798	449.2570332
2.40201E+11	CALEDONIA-MUMFORD CSD	2022	787	99	1565239	15810.49495	16206005	14640766	18603.26048	1988.867853
2.40201E+11	CALEDONIA-MUMFORD CSD	2024	803	115	1541092.07	13400.80061	18054530.88	16513438.81	20564.68096	1919.168207
2.40201E+11	CALEDONIA-MUMFORD CSD	2025	797	113	2824984.81	24999.86558	19941940.6	17116955.79	21476.73248	3544.522974
2.40401E+11	GENESEO CSD	2019	846	124	1615871	13031.21774	16725273.17	15109402.17	17859.81344	1910.013002
2.40401E+11	GENESEO CSD	2020	855	123	2110534.99	17158.82106	15802190.55	13691655.56	16013.63223	2468.461977
2.40401E+11	GENESEO CSD	2021	828	118	2104510.03	17834.83076	16273537.82	14169027.79	17112.3524	2541.67878
2.40401E+11	GENESEO CSD	2022	831	121	1802409	14895.94215	18028252	16225843	19525.68351	2168.963899
2.40401E+11	GENESEO CSD	2023	839	124	2830949	22830.23387	19304503.08	16473554.08	19634.74861	3374.194279
2.40401E+11	GENESEO CSD	2025	873	155	0	0	22923862.93	22923862.93	26258.72042	0
2.40801E+11	LIVONIA CSD	2019	1496	164	2276484.58	13881.00354	29087036.42	26810551.84	17921.49187	1521.714291
2.40801E+11	LIVONIA CSD	2020	1499	177	2845108.37	16074.05859	29521144.5	26676036.13	17795.88801	1898.004249
2.40801E+11	LIVONIA CSD	2021	1464	188	2858041.31	15202.34739	26331111.23	23473069.92	16033.5177	1952.21401
2.40801E+11	LIVONIA CSD	2022	1473	198	3399806	17170.73737	29497679	26097873	17717.49695	2308.082824
2.40801E+11	LIVONIA CSD	2023	1429	198	3614154.92	18253.30768	31675300.42	28061145.5	19636.91078	2529.149699
2.40801E+11	LIVONIA CSD	2024	1387	225	4407531.25	19589.02778	36228836.4	31821305.15	22942.54156	3177.744232
2.40801E+11	LIVONIA CSD	2025	1339	233	4011075.55	17214.91652	35914384.57	31903309.02	23826.22033	2995.575467
2.40901E+11	MOUNT MORRIS CSD	2019	597	104	1759296	16916.30769	11005643.43	9246347.43	15488.01915	2946.894472
2.40901E+11	MOUNT MORRIS CSD	2020	539	99	1755684.03	17734.18212	11439764.8	9684080.77	17966.75468	3257.298757
2.40901E+11	MOUNT MORRIS CSD	2021	525	86	1750830	20358.48837	11391508	9640678	18363.19619	3334.914286
2.40901E+11	MOUNT MORRIS CSD	2022	558	92	1621136	17621.04348	14078981	12457845	22325.8871	2905.261649
2.40901E+11	MT MORRIS CSD	2023	539	85	1794025	21106.17647	14015987.2	12221962.2	22675.25455	3328.432282
2.40901E+11	MOUNT MORRIS CSD	2024	535	85	2481701.29	29196.48576	16267195.01	13785493.72	25767.27798	4638.694
2.40901E+11	MT MORRIS CSD	2025	533	86	3067300.73	35666.28756	17251095.01	14183794.28	26611.2463	5754.78561
2.41001E+11	DANSVILLE CSD	2019	1490	177	4119083	23271.65537	25710829	21591746	14491.1047	2764.485235
2.41001E+11	DANSVILLE CSD	2020	1420	187	3993225	21354.14439	25341751.51	21348526.51	15034.1736	2812.130282
2.41001E+11	DANSVILLE CSD	2021	1345	166	4211160	25368.43373	25436902	21225742	15781.22082	3130.973978
2.41001E+11	DANSVILLE CSD	2022	1324	180	4102041	22789.11667	27796094	23694053	17895.81042	3098.218278
2.41001E+11	DANSVILLE CSD	2023	1334	192	4293803	22363.55729	28876740	24582937	18427.98876	3218.742879
2.41001E+11	DANSVILLE CSD	2024	1355	215	3964102	18437.68372	35461670	31497568	23245.43764	2925.536531
2.41001E+11	DANSVILLE CSD	2025	1316	202	3887449.71	19244.80054	35268686.94	31381237.23	23845.92495	2953.989141
2.41101E+11	DALTON-NUNDA CSD (KESHEQUA)	2019	624	73	4981236	68236.10959	13170402	8189166	13123.66346	7982.75
2.41101E+11	DALTON-NUNDA CSD (KESHEQUA)	2020	617	81	3438897.67	42455.52679	12489490.65	9050592.98	14668.70823	5573.578071
2.41101E+11	DALTON-NUNDA CSD (KESHEQUA)	2021	605	67	1154268.75	17227.89179	12583471.05	11429202.3	18891.24347	1907.882231
2.41101E+11	DALTON-NUNDA CSD (KESHEQUA)	2022	606	67	919611	13725.53731	14144207	13224596	21822.76568	1517.509901
2.41101E+11	DALTON-NUNDA CSD (KESHEQUA)	2023	544	65	981903.06	15106.20092	14801085.67	13819182.61	25402.90921	1804.96886
2.41101E+11	DALTON-NUNDA CSD (KESHEQUA)	2024	527	66	1294810.03	19618.33379	16265604.35	14970794.32	28407.57935	2456.945028
2.41101E+11	DALTON-NUNDA CSD (KESHEQUA)	2025	534	70	1410728.92	20153.27029	17219998.06	15809269.14	29605.37292	2641.814457
2.41701E+11	YORK CSD	2019	731	116	1473361.62	12701.39328	13651556.58	12178194.96	16659.63743	2015.542572
2.41701E+11	YORK CSD	2020	688	112	2003214.93	17885.84759	13670430.21	11667215.28	16958.16174	2911.649608
2.41701E+11	YORK CSD	2021	689	111	1772814.5	15971.3018	13239462.22	11466647.72	16642.44952	2573.025399
2.41701E+11	YORK CSD	2022	668	106	1204058	11359.03774	15249752	14045694	21026.48802	1802.482036
2.41701E+11	YORK CSD	2023	650	101	1203275	11913.61386	15534982	14331707	22048.78	1851.192308
2.41701E+11	YORK CSD	2024	671	107	959061	8963.186916	18836251	17877190	26642.60805	1429.301043
2.41701E+11	YORK CSD	2025	618	111	2893146.19	26064.38009	19509104.51	16615958.32	26886.66395	4681.466327
2.50109E+11	BROOKFIELD CSD	2019	228	40	959229	23980.725	5523465	4564236	20018.57895	4207.144737
2.50109E+11	BROOKFIELD CSD	2020	220	34	1208774	35552.17647	5318242	4109468	18679.4	5494.427273
2.50109E+11	BROOKFIELD CSD	2021	202	38	1017280	26770.52632	6460418	5443138	26946.22772	5036.039604
2.50109E+11	BROOKFIELD CSD	2023	206	46	1279370	27812.3913	5959962.8	4680592.8	22721.32427	6210.533981
2.50109E+11	BROOKFIELD CSD	2024	200	42	1223587.52	29133.03619	6825598	5602010.48	28010.0524	6117.9376
2.50109E+11	BROOKFIELD CSD	2025	189	40	978953.8	24473.845	6734874.05	5755920.25	30454.6045	5179.649735
2.50201E+11	CAZENOVIA CSD	2019	1422	154	2332375.33	15145.29435	23800779.31	21468403.98	15097.33051	1640.207686
2.50201E+11	CAZENOVIA CSD	2020	1360	151	2660373.49	17618.36748	24083224.25	21422850.76	15752.09615	1956.156978
2.50201E+11	CAZENOVIA CSD	2022	1340	140	2192516	15660.82857	26415801	24223285	18077.07836	1636.20597
2.50201E+11	CAZENOVIA CSD	2023	1312	147	2406341.74	16369.6717	27890741.3	25484399.56	19424.08503	1834.101936
2.50201E+11	CAZENOVIA CSD	2024	1331	166	2428657.61	14630.46753	32282828.31	29854170.7	22429.88032	1824.686409
2.50201E+11	CAZENOVIA CSD	2025	1359	175	3868819.38	22107.53931	33893361.72	30024542.34	22093.1143	2846.813377
2.50301E+11	DERUYTER CSD	2019	333	59	1052132	17832.74576	9161570	8109438	24352.66667	3159.555556
2.50301E+11	DERUYTER CSD	2020	354	60	1053176	17552.93333	8659258	7606082	21486.10734	2975.073446
2.50301E+11	DERUYTER CSD	2021	340	61	963753.8	15799.24262	9271515.09	8307761.29	24434.59203	2834.57
2.50301E+11	DERUYTER CSD	2022	335	59	1020043	17288.86441	9553467	8533424	25472.90746	3044.904478
2.50301E+11	DERUYTER CSD	2023	323	56	955299.73	17058.92375	10621296.09	9665996.36	29925.68533	2957.584303
2.50301E+11	DERUYTER CSD	2024	321	62	1038653.63	16752.4779	11011161.14	9972507.51	31067.00159	3235.68109
2.50301E+11	DERUYTER CSD	2025	306	61	1124750.72	18438.53639	11256779.77	10132029.05	33111.20605	3675.655948
2.50401E+11	MORRISVILLE-EATON CSD	2019	638	108	2370159	21945.91667	13715199	11345040	17782.19436	3714.982759
2.50401E+11	MORRISVILLE-EATON CSD	2020	621	115	1807653.98	15718.73026	12877705.93	11070051.95	17826.17061	2910.875974
2.50401E+11	MORRISVILLE-EATON CSD	2021	565	112	1888350.6	16860.27321	13725390.76	11837040.16	20950.51356	3342.213451
2.50401E+11	MORRISVILLE-EATON CSD	2022	592	117	1024461	8756.076923	13807176	12782715	21592.42399	1730.508446
2.50401E+11	MORRISVILLE-EATON CSD	2023	598	107	745184.86	6964.344486	13922238.93	13177054.07	22035.20747	1246.128528
2.50401E+11	MORRISVILLE-EATON CSD	2024	588	115	1052489.92	9152.086261	15834585.55	14782095.63	25139.61842	1789.948844
2.50401E+11	MORRISVILLE-EATON CSD	2025	590	113	970578.17	8589.187345	15180337.57	14209759.4	24084.33797	1645.047746
2.50701E+11	HAMILTON CSD	2019	573	91	1749867	19229.30769	12128364	10378497	18112.56021	3053.86911
2.50701E+11	HAMILTON CSD	2020	588	97	1530967	15783.16495	12114909	10583942	17999.90136	2603.685374
2.50701E+11	HAMILTON CSD	2021	565	86	1716772	19962.46512	12359906	10643134	18837.40531	3038.534513
2.50701E+11	HAMILTON CSD	2022	568	88	1524960	17329.09091	12355565	10830605	19067.96655	2684.788732
2.50701E+11	HAMILTON CSD	2023	559	92	1675141	18208.05435	13286018	11610877	20770.79964	2996.674419
2.50701E+11	HAMILTON CSD	2024	562	104	2245718	21593.44231	14563514	12317796	21917.78648	3995.939502
2.50701E+11	HAMILTON CSD	2025	542	93	2198911	23644.2043	14732022	12533111	23123.82103	4057.031365
2.50901E+11	CANASTOTA CSD	2019	1310	202	2740976.72	13569.19168	23740313.66	20999336.94	16030.0282	2092.348641
2.50901E+11	CANASTOTA CSD	2020	1275	190	2312069.42	12168.78642	22512799.52	20200730.1	15843.70988	1813.38778
2.50901E+11	CANASTOTA CSD	2021	1265	209	3592338.61	17188.22301	24939372.24	21347033.63	16875.1254	2839.793368
2.50901E+11	CANASTOTA CSD	2022	1256	215	2285686	10631.09767	26777940	24492254	19500.20223	1819.813694
2.50901E+11	CANASTOTA CSD	2023	1211	214	2554614	11937.4486	28367763	25813149	21315.56482	2109.507845
2.50901E+11	CANASTOTA CSD	2024	1241	220	2759977	12545.35	31719627.54	28959650.54	23335.73774	2223.994359
2.50901E+11	CANASTOTA CSD	2025	1184	214	2145425	10025.35047	31455787	29310362	24755.37331	1812.014358
2.51101E+11	MADISON CSD	2019	456	67	1174736	17533.37313	8605139.34	7430403.34	16294.74417	2576.175439
2.51101E+11	MADISON CSD	2020	484	74	1133204	15313.56757	8878812.29	7745608.29	16003.32291	2341.330579
2.51101E+11	MADISON CSD	2021	461	69	1113270	16134.34783	8936531.02	7823261.02	16970.19744	2414.902386
2.51101E+11	MADISON CSD	2022	444	73	1112001	15232.89041	9812911	8700910	19596.64414	2504.506757
2.51101E+11	MADISON CSD	2023	446	71	1176638	16572.3662	10651275	9474637	21243.58072	2638.201794
2.51101E+11	MADISON CSD	2024	430	79	1695972.16	21468.00203	12058484.12	10362511.96	24098.86502	3944.121302
2.51101E+11	MADISON CSD	2025	411	82	1807440	22041.95122	12148339	10340899	25160.3382	4397.664234
2.514E+11	ONEIDA CITY SD	2019	1930	324	3282114.95	10129.98441	35476043.77	32193928.82	16680.79213	1700.577694
2.514E+11	ONEIDA CITY SD	2020	1937	350	2473605	7067.442857	36354783	33881178	17491.57357	1277.028911
2.514E+11	ONEIDA CITY SD	2021	1830	318	3153209	9915.751572	36813016	33659807	18393.33716	1723.065027
2.514E+11	ONEIDA CITY SD	2022	1793	327	3594732	10993.06422	39573226	35978494	20066.08701	2004.87005
2.514E+11	ONEIDA CITY SD	2023	1768	330	4038767	12238.68788	41752228.64	37713461.64	21331.14346	2284.370475
2.514E+11	ONEIDA CITY SD	2025	1657	321	3137656.24	9774.630031	47315903.73	44178247.49	26661.58569	1893.576488
2.51501E+11	STOCKBRIDGE VALLEY CSD	2019	427	52	995389	19142.09615	8381483	7386094	17297.64403	2331.12178
2.51501E+11	STOCKBRIDGE VALLEY CSD	2020	410	58	1207520	20819.31034	8311507	7103987	17326.79756	2945.170732
2.51501E+11	STOCKBRIDGE VALLEY CSD	2021	385	52	1433007	27557.82692	8937920	7504913	19493.28052	3722.096104
2.51501E+11	STOCKBRIDGE VALLEY CSD	2022	389	52	1472091	28309.44231	9014499	7542408	19389.22365	3784.29563
2.51501E+11	STOCKBRIDGE VALLEY CSD	2023	397	57	1706498	29938.5614	9721766	8015268	20189.59194	4298.483627
2.51501E+11	STOCKBRIDGE VALLEY CSD	2024	409	69	1123401	16281.17391	11143478	10020077	24498.96577	2746.701711
2.51501E+11	STOCKBRIDGE VALLEY CSD	2025	377	60	1112054	18534.23333	11508668	10396614	27577.22546	2949.745358
2.51601E+11	CHITTENANGO CSD	2019	1946	325	3882897.55	11947.37708	32157741.44	28274843.89	14529.72451	1995.322482
2.51601E+11	CHITTENANGO CSD	2020	1904	311	3209170.38	10318.87582	32851493.37	29642322.99	15568.44695	1685.488645
2.51601E+11	CHITTENANGO CSD	2021	1895	338	3101789.47	9176.891923	33240430.85	30138641.38	15904.29624	1636.828216
2.51601E+11	CHITTENANGO CSD	2022	1932	324	2916332	9001.024691	36363242	33446910	17312.06522	1509.488613
2.51601E+11	CHITTENANGO CSD	2023	1910	352	3095564.93	8794.218551	37234486.63	34138921.7	17873.78099	1620.714623
2.51601E+11	CHITTENANGO CSD	2024	1943	391	2889144.83	7389.117212	44604436.65	41715291.82	21469.52744	1486.950504
2.51601E+11	CHITTENANGO CSD	2025	1894	372	3779816.58	10160.79726	45781369.37	42001552.79	22176.11024	1995.679293
2.60101E+11	BRIGHTON CSD	2019	3612	455	14004961	30780.13407	65505756	51500795	14258.24889	3877.34247
2.60101E+11	BRIGHTON CSD	2020	3518	407	6915224	16990.72236	64411981	57496757	16343.5921	1965.66913
2.60101E+11	BRIGHTON CSD	2021	3370	402	6069557	15098.4005	65305108	59235551	17577.31484	1801.05549
2.60101E+11	BRIGHTON CSD	2022	3378	391	10905919	27892.37596	71321736	60415817	17885.08496	3228.513618
2.60101E+11	BRIGHTON CSD	2023	3423	392	9826414	25067.38265	76790802	66964388	19563.06982	2870.702308
2.60101E+11	BRIGHTON CSD	2024	3417	406	15248895	37558.85468	88386143	73137248	21403.93562	4462.655838
2.60101E+11	BRIGHTON CSD	2025	3409	415	11446928	27582.95904	86560406.28	75113478.28	22033.87453	3357.855089
2.60401E+11	GATES-CHILI CSD	2019	3913	446	12783627.77	28662.84253	81987854.11	69204226.34	17685.72102	3266.963396
2.60401E+11	GATES-CHILI CSD	2020	3796	475	6502526.92	13689.53036	75341834.46	68839307.54	18134.6964	1712.994447
2.60401E+11	GATES-CHILI CSD	2021	3579	449	16054430.82	35755.97065	81174421.24	65119990.42	18195.02387	4485.73088
2.60401E+11	GATES-CHILI CSD	2022	3553	458	6989088	15260.01747	90410090	83421002	23479.03237	1967.094849
2.60401E+11	GATES CHILI CSD	2023	3685	470	7663000.66	16304.25672	96635400.91	88972400.25	24144.47768	2079.511712
2.60401E+11	GATES-CHILI CSD	2024	3696	520	6701096.58	12886.72419	99628129.87	92927033.29	25142.59559	1813.067256
2.60401E+11	GATES CHILI CSD	2025	3595	532	9016548	16948.3985	108873969	99857421	27776.75132	2508.080111
2.60501E+11	GREECE CSD	2019	10935	1438	28259620.2	19652.03074	179470814	151211193.8	13828.18416	2584.327407
2.60501E+11	GREECE CSD	2020	10776	1511	26219589.73	17352.475	182132985.6	155913395.8	14468.57793	2433.146783
2.60501E+11	GREECE CSD	2021	10377	1474	19659855.67	13337.75826	184664439.2	165004583.6	15900.991	1894.560631
2.60501E+11	GREECE CSD	2022	10165	1464	23515732	16062.65847	200328167	176812435	17394.23856	2313.402066
2.60501E+11	GREECE CSD	2023	10155	1526	25979081.42	17024.29975	217483815.6	191504734.2	18858.17176	2558.255187
2.60501E+11	GREECE CSD	2024	10024	1572	26500000	16857.50636	265236467.9	238736467.9	23816.48722	2643.655227
2.60501E+11	GREECE CSD	2025	9934	1647	65233896.99	39607.70916	277470665.8	212236768.8	21364.68379	6566.730118
2.60801E+11	EAST IRONDEQUOIT CSD	2019	3114	303	8455144	27904.76568	63597413	55142269	17707.85774	2715.203597
2.60801E+11	EAST IRONDEQUOIT CSD	2020	3038	326	11913239.53	36543.67954	64369644.43	52456404.9	17266.75606	3921.408667
2.60801E+11	EAST IRONDEQUOIT CSD	2021	2840	286	10670897	37310.82867	63678914	53008017	18664.79472	3757.358099
2.60801E+11	EAST IRONDEQUOIT CSD	2022	2795	284	10495108	36954.60563	66568476	56073368	20062.02791	3754.95814
2.60801E+11	EAST IRONDEQUOIT CSD	2023	2725	279	11629840	41684.01434	69120674.22	57490834.22	21097.55384	4267.831193
2.60801E+11	EAST IRONDEQUOIT CSD	2024	2767	335	11324145	33803.41791	82581913.22	71257768.22	25752.7171	4092.571377
2.60801E+11	EAST IRONDEQUOIT CSD	2025	2748	353	13108143.82	37133.5519	89208244.43	76100100.61	27692.90415	4770.066892
2.60803E+11	WEST IRONDEQUOIT CSD	2019	3641	403	8765739.87	21751.21556	61910887.25	53145147.38	14596.30524	2407.50889
2.60803E+11	WEST IRONDEQUOIT CSD	2020	3620	404	5848399.19	14476.23562	61691060.05	55842660.86	15426.14941	1615.579887
2.60803E+11	WEST IRONDEQUOIT CSD	2021	3576	414	7437431.87	17964.81128	65762629.51	58325197.64	16310.17831	2079.818756
2.60803E+11	WEST IRONDEQUOIT CSD	2022	3587	402	6455951	16059.5796	68468658	62012707	17288.18149	1799.819069
2.60803E+11	WEST IRONDEQUOIT CSD	2023	3577	453	5845298.36	12903.52839	72428377.48	66583079.12	18614.22396	1634.134291
2.60803E+11	WEST IRONDEQUOIT CSD	2024	3620	478	8662914.04	18123.25113	82696880.38	74033966.34	20451.37192	2393.070177
2.60803E+11	WEST IRONDEQUOIT CSD	2025	3579	513	6888130.15	13427.15429	86515516.96	79627386.81	22248.50148	1924.596298
2.60901E+11	HONEOYE FALLS-LIMA CSD	2019	2165	263	5455023.21	20741.53312	39776529.04	34321505.83	15852.88953	2519.641206
2.60901E+11	HONEOYE FALLS-LIMA CSD	2020	2122	257	7437400.27	28939.30066	37664566.17	30227165.9	14244.65877	3504.901164
2.60901E+11	HONEOYE FALLS-LIMA CSD	2021	2070	271	4727105	17443.19188	37400009.36	32672904.36	15784.01177	2283.625604
2.60901E+11	HONEOYE FALLS-LIMA CSD	2022	2042	262	5065478	19333.8855	42096316	37030838	18134.59256	2480.645446
2.60901E+11	HONEOYE FALLS-LIMA CSD	2023	2006	262	5384516	20551.58779	42974782	37590266	18738.91625	2684.205384
2.60901E+11	HONEOYE FALLS-LIMA CSD	2024	2085	270	7994266.83	29608.39567	50307581.44	42313314.61	20294.15569	3834.180734
2.60901E+11	HONEOYE FALLS-LIMA CSD	2025	2044	267	9347001.87	35007.49764	52223503.43	42876501.56	20976.76202	4572.897197
2.61001E+11	SPENCERPORT CSD	2019	3646	471	8460863	17963.61571	66180883	57720020	15831.05321	2320.587767
2.61001E+11	SPENCERPORT CSD	2020	3618	469	10531628	22455.4968	66527448	55995820	15477.0094	2910.897734
2.61001E+11	SPENCERPORT CSD	2021	3565	455	9020425	19825.10989	68477871	59457446	16678.10547	2530.273492
2.61001E+11	SPENCERPORT CSD	2022	3564	439	8451837	19252.47608	72047143	63595306	17843.80079	2371.44697
2.61001E+11	SPENCERPORT CSD	2023	3573	438	8614939	19668.8105	76368914	67753975	18962.76938	2411.122026
2.61001E+11	SPENCERPORT CSD	2024	3605	477	12464143.14	26130.27912	90568787.24	78104644.1	21665.6433	3457.459956
2.61001E+11	SPENCERPORT CSD	2025	3587	453	13304506.66	29369.77188	98192772.36	84888265.7	23665.53267	3709.090231
2.61101E+11	HILTON CSD	2019	4503	472	9194256.49	19479.35697	67055646.09	57861389.6	12849.52023	2041.806904
2.61101E+11	HILTON CSD	2020	4400	500	10737677.66	21475.35532	68824290.41	58086612.75	13201.5029	2440.381286
2.61101E+11	HILTON CSD	2022	4265	527	9789268	18575.4611	75665816	65876548	15445.84947	2295.256272
2.61101E+11	HILTON CSD	2023	4173	546	8352416.39	15297.46592	81176922.95	72824506.56	17451.35551	2001.537596
2.61101E+11	HILTON CSD	2024	4166	595	10492981.38	17635.26282	95447204.93	84954223.55	20392.27642	2518.718526
2.61101E+11	HILTON CSD	2025	4123	612	11767083.82	19227.26114	98147456.4	86380372.58	20950.85437	2854.010143
2.61201E+11	PENFIELD CSD	2019	4546	391	4709065.53	12043.64586	80310683.68	75601618.15	16630.36035	1035.870112
2.61201E+11	PENFIELD CSD	2020	4587	404	8766788	21699.9703	76807295	68040507	14833.33486	1911.224766
2.61201E+11	PENFIELD CSD	2021	4453	398	7091577.24	17818.03327	78541002.49	71449425.25	16045.23361	1592.539241
2.61201E+11	PENFIELD CSD	2022	4492	413	4145877	10038.4431	81037076	76891199	17117.36398	922.9467943
2.61201E+11	PENFIELD CSD	2023	4619	483	4828866	9997.652174	84553971	79725105	17260.25222	1045.435376
2.61201E+11	PENFIELD CSD	2024	4719	515	4553016	8840.807767	101185558	96632542	20477.3346	964.8264463
2.61201E+11	PENFIELD CSD	2025	4652	576	8949356.74	15537.07767	106922170.5	97972813.73	21060.36409	1923.765421
2.61301E+11	FAIRPORT CSD	2019	5735	657	9002174.19	13701.93941	100853151.9	91850977.74	16015.8636	1569.690356
2.61301E+11	FAIRPORT CSD	2020	5683	658	9879115.95	15013.85403	103932469.9	94053353.99	16549.94791	1738.362828
2.61301E+11	FAIRPORT CSD	2021	5465	661	8880390.08	13434.78076	103094981.3	94214591.17	17239.63242	1624.957014
2.61301E+11	FAIRPORT CSD	2022	5407	673	9985043	14836.61664	109708251	99723208	18443.35269	1846.688182
2.61301E+11	FAIRPORT CSD	2023	5320	678	11054618.18	16304.74658	115784790.8	104730172.6	19686.12267	2077.935748
2.61301E+11	FAIRPORT CSD	2024	5255	675	12927026.36	19151.15016	130566995.5	117639969.1	22386.29288	2459.947928
2.61301E+11	FAIRPORT CSD	2025	5093	692	11229649.1	16227.81662	137769932.6	126540283.5	24845.92255	2204.918339
2.61313E+11	EAST ROCHESTER UFSD 	2019	978	161	4165482	25872.55901	22507464	18341982	18754.58282	4259.184049
2.61313E+11	EAST ROCHESTER UFSD 	2020	1007	185	3041117	16438.47027	21903486	18862369	18731.25025	3019.97716
2.61313E+11	EAST ROCHESTER UFSD 	2022	985	172	3193765	18568.40116	24881903	21688138	22018.41421	3242.401015
2.61313E+11	EAST ROCHESTER UFSD	2023	973	140	5141589	36725.63571	25739728.22	20598139.22	21169.72171	5284.264132
2.61313E+11	EAST ROCHESTER UFSD 	2024	960	170	5080246.49	29883.80288	27383738.65	22303492.16	23232.80433	5291.923427
2.61313E+11	EAST ROCHESTER UFSD	2025	922	163	4805010.47	29478.59184	26232931.59	21427921.12	23240.69536	5211.508102
2.61401E+11	PITTSFORD CSD	2019	5694	648	8570086.12	13225.44154	108632024.2	100061938.1	17573.22411	1505.108205
2.61401E+11	PITTSFORD CSD	2020	5588	669	12594669.2	18826.11241	110988005.8	98393336.56	17607.97004	2253.87781
2.61401E+11	PITTSFORD CSD	2021	5543	691	17558348.76	25410.05609	112915509.5	95357160.75	17203.16809	3167.661692
2.61401E+11	PITTSFORD CSD	2022	5505	702	13686978	19497.11966	121345340	107658362	19556.46903	2486.281199
2.61401E+11	PITTSFORD CSD	2023	5503	712	10750042.05	15098.37367	124237130.3	113487088.2	20622.76726	1953.487561
2.61401E+11	PITTSFORD CSD	2024	5538	771	8437920	10944.12451	137651257.2	129213337.2	23332.13023	1523.640303
2.61401E+11	PITTSFORD CSD	2025	5516	792	8835805	11156.31944	142968967.2	134133162.2	24317.10699	1601.850073
2.61501E+11	CHURCHVILLE-CHILI CSD	2019	3816	404	2686102	6648.767327	59246428	56560326	14821.88836	703.9051363
2.61501E+11	CHURCHVILLE-CHILI CSD	2020	3751	396	3113869.61	7863.307096	59243079.57	56129209.96	14963.79898	830.1438576
2.61501E+11	CHURCHVILLE-CHILI CSD	2021	3667	379	2961208.15	7813.214116	61396165.15	58434957	15935.35779	807.528811
2.61501E+11	CHURCHVILLE-CHILI CSD	2022	3750	399	7839767	19648.53885	64853953	57014186	15203.78293	2090.604533
2.61501E+11	CHURCHVILLE-CHILI CSD	2023	3779	428	6842443.27	15987.01699	68113785.67	61271342.4	16213.63916	1810.649185
2.61501E+11	CHURCHVILLE-CHILI CSD	2024	3740	473	3092392.12	6537.826892	82021329.89	78928937.77	21103.99406	826.8428128
2.61501E+11	CHURCHVILLE-CHILI CSD	2025	3766	488	3652095.53	7483.802316	87019055.58	83366960.05	22136.73926	969.754522
2.616E+11	ROCHESTER CITY SD	2019	28841	5521	116307192	21066.32711	598598445	482291253	16722.41784	4032.703166
2.616E+11	ROCHESTER CITY SD	2020	26381	5660	106974127	18900.02244	524599352	417625225	15830.5305	4054.968614
2.616E+11	ROCHESTER CITY SD	2021	24364	5081	102678568.9	20208.3387	486110649.4	383432080.5	15737.64901	4214.355974
2.616E+11	ROCHESTER CITY SD	2022	23519	4842	105072918	21700.31351	547202094	442129176	18798.80845	4467.575917
2.616E+11	ROCHESTER CITY SD	2023	22300	4470	113152082.5	25313.66498	625300687.5	512148605	22966.30516	5074.084416
2.616E+11	ROCHESTER CITY SD	2024	22702	4795	106058795.3	22118.62258	772974679.9	666915884.6	29376.96611	4671.782013
2.616E+11	ROCHESTER CITY SD	2025	21529	4853	105958674.1	21833.64396	733858355.1	627899681	29165.29709	4921.67189
2.61701E+11	RUSH-HENRIETTA CSD	2019	5527	518	18995498	36670.84556	105785817	86790319	15702.97069	3436.855075
2.61701E+11	RUSH-HENRIETTA CSD	2020	5466	533	17796320	33388.96811	107326014	89529694	16379.38053	3255.821442
2.61701E+11	RUSH-HENRIETTA CSD	2021	5318	524	9506698	18142.55344	108147541	98640843	18548.48496	1787.645355
2.61701E+11	RUSH-HENRIETTA CSD	2022	5365	581	14918239	25676.83133	115045932	100127693	18663.1301	2780.659646
2.61701E+11	RUSH-HENRIETTA CSD	2023	5484	629	14252149	22658.42448	122752322.5	108500173.5	19784.86023	2598.860139
2.61701E+11	RUSH-HENRIETTA CSD	2024	5699	759	26742239	35233.51647	143485269	116743030	20484.82716	4692.444113
2.61701E+11	RUSH-HENRIETTA CSD	2025	5596	886	10404644.1	11743.39063	142937911.5	132533267.4	23683.57172	1859.300232
2.61801E+11	BROCKPORT CSD	2019	3362	496	8974043	18092.82863	63732370	54758327	16287.42623	2669.257287
2.61801E+11	BROCKPORT CSD	2020	3293	515	7648258.6	14850.98757	63072890.26	55424631.66	16831.04514	2322.580808
2.61801E+11	BROCKPORT CSD	2021	3109	491	6962545.22	14180.3365	61765240.81	54802695.59	17627.11341	2239.480611
2.61801E+11	BROCKPORT CSD	2022	3059	507	6910908	13630.98225	66503515	59592607	19481.07453	2259.204969
2.61801E+11	BROCKPORT CSD	2023	3087	532	6998335	13154.76504	67327984	60329649	19543.13217	2267.034338
2.61801E+11	BROCKPORT CSD	2024	3298	608	11876922.38	19534.41181	83070020.37	71193097.99	21586.74894	3601.249964
2.61801E+11	BROCKPORT CSD	2025	3254	645	16458979.72	25517.79802	90989742.87	74530763.15	22904.35254	5058.076128
2.61901E+11	WEBSTER CSD	2019	8343	785	0	0	144021055	144021055	17262.5021	0
2.61901E+11	WEBSTER CSD	2020	8295	815	0	0	144863753	144863753	17463.98469	0
2.61901E+11	WEBSTER CSD	2021	8039	775	1916679	2473.134194	148567534	146650855	18242.42505	238.422565
2.61901E+11	WEBSTER CSD	2022	8072	821	1812756	2207.985384	157507079	155694323	19288.19661	224.5733399
2.61901E+11	WEBSTER CSD	2023	8006	894	13914432	15564.24161	163142218	149227786	18639.49363	1738.0005
2.61901E+11	WEBSTER CSD	2024	8088	1055	25888086	24538.47014	192297686	166409600	20574.87636	3200.801929
2.61901E+11	WEBSTER CSD	2025	7940	1126	22858361	20300.49822	211623091	188764730	23773.89547	2878.886776
2.62001E+11	WHEATLAND-CHILI CSD	2019	641	86	743229	8642.197674	15715986	14972757	23358.43526	1159.483619
2.62001E+11	WHEATLAND-CHILI CSD	2020	636	83	965232.13	11629.30277	15655332.6	14690100.47	23097.64225	1517.660582
2.62001E+11	WHEATLAND-CHILI CSD	2021	640	86	2036175.87	23676.4636	16737487.1	14701311.23	22970.7988	3181.524797
2.62001E+11	WHEATLAND-CHILI CSD	2022	670	83	1037633	12501.60241	16070779	15033146	22437.53134	1548.70597
2.62001E+11	WHEATLAND-CHILI CSD	2023	679	89	990263.44	11126.55551	16965171.63	15974908.19	23527.11074	1458.414492
2.62001E+11	WHEATLAND-CHILI CSD	2024	677	94	1201090	12777.55319	20082581.73	18881491.73	27889.94347	1774.135894
2.62001E+11	WHEATLAND-CHILI CSD	2025	661	95	1326065.57	13958.58495	20210501.55	18884435.98	28569.49467	2006.150635
2.701E+11	AMSTERDAM CITY SD	2019	3957	594	6190103.68	10421.04997	62278243.74	56088140.06	14174.40992	1564.342603
2.701E+11	AMSTERDAM CITY SD	2020	3694	581	13398088.01	23060.39244	63563462.07	50165374.06	13580.2312	3626.986467
2.701E+11	AMSTERDAM CITY SD	2021	3613	587	10153907.66	17297.96876	61107111.94	50953204.28	14102.74129	2810.381306
2.701E+11	AMSTERDAM CITY SD	2022	3606	563	12234879	21731.57904	66276845	54041966	14986.67942	3392.922629
2.701E+11	AMSTERDAM CITY SD	2023	3652	565	9048746.02	16015.47968	67596036.5	58547290.48	16031.56913	2477.750827
2.701E+11	AMSTERDAM CITY SD	2024	3789	614	10010977.72	16304.52397	84062718.42	74051740.7	19543.87456	2642.116052
2.701E+11	AMSTERDAM CITY SD	2025	3672	652	10293217.37	15787.14321	93492650.3	83199432.93	22657.79764	2803.163772
2.70301E+11	CANAJOHARIE CSD	2019	906	80	1795743	22446.7875	18839936	17044193	18812.57506	1982.056291
2.70301E+11	CANAJOHARIE CSD	2020	854	83	1773169.77	21363.4912	18357364.62	16584194.85	19419.43191	2076.311206
2.70301E+11	CANAJOHARIE CSD	2021	829	100	1906397.91	19063.9791	18824186.09	16917788.18	20407.46463	2299.635597
2.70301E+11	CANAJOHARIE CSD	2022	866	90	1945110	21612.33333	19872855	17927745	20701.78406	2246.08545
2.70301E+11	CANAJOHARIE CSD	2023	842	85	2743665	32278.41176	20308016	17564351	20860.27435	3258.509501
2.70301E+11	CANAJOHARIE CSD	2024	850	103	2421408	23508.81553	21613702	19192294	22579.16941	2848.715294
2.70301E+11	CANAJOHARIE CSD	2025	845	99	2538904.8	25645.50303	22569775.02	20030870.22	23705.17186	3004.621065
2.70601E+11	FONDA-FULTONVILLE CSD	2019	1279	170	1586016	9329.505882	23661496	22075480	17259.95309	1240.043784
2.70601E+11	FONDA-FULTONVILLE CSD	2020	1299	184	155905	847.3097826	22983731	22827826	17573.38414	120.0192456
2.70601E+11	FONDA-FULTONVILLE CSD	2021	1238	167	3197829	19148.67665	22363048.74	19165219.74	15480.79139	2583.060582
2.70601E+11	FONDA-FULTONVILLE CSD	2022	1252	176	2240667	12731.0625	24404465	22163798	17702.71406	1789.670128
2.70601E+11	FONDA-FULTONVILLE CSD	2023	1277	164	2830146	17256.9878	26552370.78	23722224.78	18576.52684	2216.245889
2.70601E+11	FONDA-FULTONVILLE CSD	2024	1257	181	3350068.76	18508.66718	28159912.01	24809843.25	19737.34547	2665.130278
2.70601E+11	FONDA-FULTONVILLE CSD	2025	1242	198	0	0	30433939.99	30433939.99	24503.97745	0
2.70701E+11	FORT PLAIN CSD	2019	804	168	1825283.62	10864.78345	16101201.06	14275917.44	17756.11622	2270.253259
2.70701E+11	FORT PLAIN CSD	2020	802	148	1950622.08	13179.87892	16751999.11	14801377.03	18455.58233	2432.197107
2.70701E+11	FORT PLAIN CSD	2021	699	127	2588984.25	20385.70276	16635365.95	14046381.7	20094.96667	3703.840129
2.70701E+11	FORT PLAIN CSD	2022	698	134	1450519	10824.76866	17333842	15883323	22755.47708	2078.10745
2.70701E+11	FORT PLAIN CSD	2023	710	124	1444102.02	11645.98403	17852950.31	16408848.29	23111.05393	2033.946507
2.70701E+11	FORT PLAIN CSD	2024	671	101	1343224.77	13299.25515	20459206.96	19115982.19	28488.79611	2001.825291
2.70701E+11	FORT PLAIN CSD	2025	655	104	1874066.97	18019.87471	21207213.05	19333146.08	29516.25356	2861.170947
2.71201E+11	OPPENHEIM-EPHRATAH-ST. JOHNSVILLE CSD	2019	709	113	5359065	47425.35398	16878833	11519768	16247.90973	7558.624824
2.71201E+11	OPPENHEIM-EPHRATAH-ST. JOHNSVILLE CSD	2020	719	126	2736009	21714.35714	15157179	12421170	17275.61892	3805.297636
2.71201E+11	OPPENHEIM-EPHRATAH-ST. JOHNSVILLE CSD	2021	728	121	2155696	17815.66942	13556090	11400394	15659.88187	2961.120879
2.71201E+11	OPPENHEIM-EPHRATAH-ST. JOHNSVILLE CSD	2022	742	114	2276745	19971.44737	15865440	13588695	18313.60512	3068.389488
2.71201E+11	OPPENHEIM-EPHRATAH-ST. JOHNSVILLE CS	2023	751	104	1784991	17163.375	15706373	13921382	18537.1265	2376.818908
2.71201E+11	OPPENHEIM-EPHRATAH-ST. JOHNSVILLE CSD	2024	718	101	2624167	25981.85149	19321217	16697050	23254.94429	3654.828691
2.71201E+11	OPPENHEIM-EPHRATAH-ST. JOHNSVILLE CS	2025	695	112	3484687.5	31113.28125	20824087.01	17339399.51	24948.77627	5013.938849
2.801E+11	GLEN COVE CITY SD	2019	3198	599	7306095.15	12197.15384	70620285.75	63314190.6	19798.05835	2284.582598
2.801E+11	GLEN COVE CITY SD	2020	3198	575	7360431.18	12800.74988	72978203.19	65617772.01	20518.37774	2301.573227
2.801E+11	GLEN COVE CITY SD	2021	3072	561	7529482.03	13421.5366	74223299.73	66693817.7	21710.22712	2451.003265
2.801E+11	GLEN COVE CITY SD	2022	3085	565	8505564	15054.09558	77571441	69065877	22387.64246	2757.070989
2.801E+11	GLEN COVE CITY SD	2023	3121	576	8514187.87	14781.57616	79726417.57	71212229.7	22817.11942	2728.031999
2.801E+11	GLEN COVE CITY SD	2024	3178	606	13159333.34	21715.07152	93448620.43	80289287.09	25264.09285	4140.75939
2.801E+11	GLEN COVE CITY SD	2025	3136	630	8618705.94	13680.48562	95972527.28	87353821.34	27855.17262	2748.311843
2.80201E+11	HEMPSTEAD UFSD 	2019	7273	716	14203689.47	19837.55513	155375338.9	141171649.4	19410.3739	1952.934067
2.80201E+11	HEMPSTEAD UFSD 	2020	7114	763	13838188.04	18136.55051	152877702.4	139039514.3	19544.49175	1945.204954
2.80201E+11	HEMPSTEAD UFSD 	2021	6341	644	43450392.66	67469.55382	140657651.8	97207259.13	15329.95728	6852.293433
2.80201E+11	HEMPSTEAD UFSD 	2022	6119	648	46277584	71416.02469	158599482	112321898	18356.25069	7562.932505
2.80201E+11	HEMPSTEAD UFSD	2023	5710	632	48973339.31	77489.46093	167042806.2	118069466.9	20677.66496	8576.766954
2.80201E+11	HEMPSTEAD UFSD 	2024	6020	727	19885277.35	27352.51355	199638648.2	179753370.9	29859.36393	3303.202218
2.80201E+11	HEMPSTEAD UFSD	2025	5322	750	21950028.19	29266.70425	193933459.9	171983431.7	32315.56401	4124.394624
2.80202E+11	UNIONDALE UFSD 	2019	7208	787	24002671.02	30498.94666	181823186.8	157820515.8	21895.18809	3330.004304
2.80202E+11	UNIONDALE UFSD 	2020	7015	869	23204199.14	26702.18543	170137401.8	146933202.6	20945.57415	3307.797454
2.80202E+11	UNIONDALE UFSD 	2021	6523	848	23756937.85	28015.2569	188181244.5	164424306.7	25206.8537	3642.026345
2.80202E+11	UNIONDALE UFSD 	2022	6248	850	13034273	15334.43882	182139769	169105496	27065.54033	2086.151248
2.80202E+11	UNIONDALE UFSD	2023	6031	848	13063237.47	15404.76117	191884184.9	178820947.4	29650.29803	2166.015167
2.80202E+11	UNIONDALE UFSD 	2024	6032	932	17088499.3	18335.29968	225778687.4	208690188.1	34597.17972	2832.974022
2.80202E+11	UNIONDALE UFSD	2025	5987	980	13188423.5	13457.575	228117654.7	214929231.2	35899.32039	2202.843411
2.80203E+11	EAST MEADOW UFSD 	2019	7136	874	21786913	24927.81808	185783578	163996665	22981.59543	3053.098795
2.80203E+11	EAST MEADOW UFSD 	2020	7240	879	21963000	24986.34812	180673229	158710229	21921.30235	3033.563536
2.80203E+11	EAST MEADOW UFSD 	2021	7244	855	23538602	27530.52865	186529683	162991081	22500.14923	3249.392877
2.80203E+11	EAST MEADOW UFSD 	2022	7398	925	24346493	26320.53297	193464839	169118346	22860.00892	3290.956069
2.80203E+11	EAST MEADOW UFSD	2023	7646	956	28802885	30128.54079	212901880	184098995	24077.81781	3767.052707
2.80203E+11	EAST MEADOW UFSD 	2024	8055	1018	38251871	37575.51179	239288634	201036763	24958.00906	4748.83563
2.80203E+11	EAST MEADOW UFSD	2025	7783	1070	40292833	37656.85327	248717220	208424387	26779.4407	5177.031093
2.80204E+11	NORTH BELLMORE UFSD 	2019	2116	434	7318356.24	16862.57198	46214300.66	38895944.42	18381.82629	3458.580454
2.80204E+11	NORTH BELLMORE UFSD 	2020	2020	414	7521673.77	18168.29413	45715340.92	38193667.15	18907.75601	3723.600876
2.80204E+11	NORTH BELLMORE UFSD 	2021	2041	415	7718726.11	18599.34002	46721334.67	39002608.56	19109.55833	3781.835429
2.80204E+11	NORTH BELLMORE UFSD 	2022	2039	373	8389113	22490.91957	50904877	42515764	20851.282	4114.327121
2.80204E+11	NORTH BELLMORE UFSD	2023	2030	347	7949198	22908.35159	50912388	42963190	21164.133	3915.861084
2.80204E+11	NORTH BELLMORE UFSD 	2024	2282	379	10232121.36	26997.68169	57123406.51	46891285.15	20548.32829	4483.839334
2.80204E+11	NORTH BELLMORE UFSD	2025	2128	426	13865551	32548.24178	62486340	48620789	22848.11513	6515.766447
2.80205E+11	LEVITTOWN UFSD 	2019	7138	869	30030753.95	34557.82963	171153791.9	141123037.9	19770.66936	4207.166426
2.80205E+11	LEVITTOWN UFSD 	2020	7102	859	32663453.36	38024.97481	191418774.5	158755321.1	22353.60759	4599.190842
2.80205E+11	LEVITTOWN UFSD 	2021	7086	873	30363081.68	34780.16229	188373765.4	158010683.7	22298.99573	4284.939554
2.80205E+11	LEVITTOWN UFSD 	2022	7055	920	28095239	30538.30326	186353671	158258432	22432.09525	3982.315946
2.80205E+11	LEVITTOWN UFSD	2023	7091	949	29979624	31590.75237	197871856	167892232	23676.80609	4227.841489
2.80205E+11	LEVITTOWN UFSD 	2024	7412	1035	34161667	33006.44155	220312668	186151001	25114.81395	4608.967485
2.80205E+11	LEVITTOWN UFSD	2025	7061	1116	33919559.05	30393.87012	233799487.3	199879928.3	28307.595	4803.789697
2.80206E+11	SEAFORD UFSD 	2019	2256	369	6065566.02	16437.84829	58098187	52032620.98	23064.10504	2688.63742
2.80206E+11	SEAFORD UFSD 	2020	2247	334	3801566	11381.93413	58681006	54879440	24423.42679	1691.840676
2.80206E+11	SEAFORD UFSD 	2021	2185	326	8222805	25223.32822	59720330	51497525	23568.66133	3763.297483
2.80206E+11	SEAFORD UFSD 	2022	2171	309	3275333	10599.78317	62465513	59190180	27264.01658	1508.674804
2.80206E+11	SEAFORD UFSD	2023	2181	306	5183620.28	16939.93556	64853270.93	59669650.65	27358.84945	2376.717231
2.80206E+11	SEAFORD UFSD 	2024	2174	311	8948273.43	28772.58338	73976835.72	65028562.29	29911.94218	4116.041136
2.80206E+11	SEAFORD UFSD	2025	2184	334	6602404.67	19767.67865	77701860.87	71099456.2	32554.69606	3023.079061
2.80207E+11	BELLMORE UFSD 	2019	1049	140	3848130.45	27486.64607	30387306.75	26539176.3	25299.50076	3668.379838
2.80207E+11	BELLMORE UFSD 	2020	1037	164	3915395.19	23874.36091	29223387.11	25307991.92	24405.00667	3775.694494
2.80207E+11	BELLMORE UFSD 	2021	1027	182	5673599	31173.62088	30543413.94	24869814.94	24215.98339	5524.439143
2.80207E+11	BELLMORE UFSD 	2022	1040	207	5512024	26628.13527	30923752	25411728	24434.35385	5300.023077
2.80207E+11	BELLMORE UFSD	2023	1082	218	6616792	30352.25688	32018737	25401945	23476.84381	6115.334566
2.80207E+11	BELLMORE UFSD 	2024	1139	267	8046790.07	30137.79052	37795284.32	29748494.25	26118.08099	7064.78496
2.80207E+11	BELLMORE UFSD	2025	1135	273	7466079.4	27348.27619	37987815.85	30521736.45	26891.39775	6578.043524
2.80208E+11	ROOSEVELT UFSD 	2019	3362	450	26758672.88	59463.71751	78487616.3	51728943.42	15386.36033	7959.153147
2.80208E+11	ROOSEVELT UFSD 	2020	3509	489	9050088.96	18507.33939	71234203.41	62184114.45	17721.32073	2579.107712
2.80208E+11	ROOSEVELT UFSD 	2021	3307	437	13891036.13	31787.26803	73227451.64	59336415.51	17942.67176	4200.494748
2.80208E+11	ROOSEVELT UFSD 	2022	3140	399	10478335	26261.49123	84501830	74023495	23574.36146	3337.049363
2.80208E+11	ROOSEVELT UFSD	2023	3076	377	11393941.94	30222.65767	91944742.31	80550800.37	26186.86618	3704.142373
2.80208E+11	ROOSEVELT UFSD 	2024	3044	408	16002618.21	39222.10346	110285503.5	94282885.26	30973.35258	5257.101909
2.80208E+11	ROOSEVELT UFSD	2025	3144	441	16477820.33	37364.67195	114099532	97621711.71	31050.16276	5241.037001
2.80209E+11	FREEPORT UFSD 	2019	7049	984	22658161.77	23026.58716	157839545.7	135181383.9	19177.38458	3214.379596
2.80209E+11	FREEPORT UFSD 	2020	6765	978	26194829.86	26784.07961	145344193	119149363.1	17612.61835	3872.110844
2.80209E+11	FREEPORT UFSD 	2021	6490	1008	24266797.53	24074.2039	144734133.9	120467336.3	18561.99327	3739.105937
2.80209E+11	FREEPORT UFSD 	2022	6338	957	24293826	25385.39812	153823580	129529754	20437.00757	3833.042916
2.80209E+11	FREEPORT UFSD	2023	6342	990	33324934.27	33661.54977	165131818.9	131806884.6	20783.17323	5254.641165
2.80209E+11	FREEPORT UFSD 	2024	6449	1005	22814501.66	22700.99668	195867523.4	173053021.7	26834.08617	3537.680518
2.80209E+11	FREEPORT UFSD	2025	6125	1019	18674693.83	18326.49051	214684612.9	196009919	32001.61943	3048.929605
2.8021E+11	BALDWIN UFSD 	2019	4509	786	14331070.47	18232.91408	109701998.4	95370927.97	21151.23707	3178.325675
2.8021E+11	BALDWIN UFSD 	2020	4477	772	16138591.63	20904.91144	107707820.3	91569228.65	20453.25634	3604.778117
2.8021E+11	BALDWIN UFSD 	2021	4433	769	15967856.8	20764.44317	108879365.2	92911508.35	20959.05896	3602.043041
2.8021E+11	BALDWIN UFSD 	2022	4368	773	16357122	21160.5718	112748623	96391501	22067.65133	3744.762363
2.8021E+11	BALDWIN UFSD	2023	4357	765	17095879	22347.55425	119823998	102728119	23577.71838	3923.773009
2.8021E+11	BALDWIN UFSD 	2024	4470	772	17672874	22892.32383	137437241	119764367	26792.92327	3953.663087
2.8021E+11	BALDWIN UFSD	2025	4309	819	18444658	22520.94994	139322813	120878155	28052.48434	4280.496171
2.80211E+11	OCEANSIDE UFSD 	2019	5507	668	14896312.43	22299.86891	131060950.6	116164638.1	21093.99639	2704.977743
2.80211E+11	OCEANSIDE UFSD 	2020	5506	678	14842572.16	21891.69935	124080110.4	109237538.2	19839.72724	2695.70871
2.80211E+11	OCEANSIDE UFSD 	2021	5435	679	15219050.9	22413.91885	137620738.2	122401687.3	22521.00962	2800.193358
2.80211E+11	OCEANSIDE UFSD 	2022	5491	703	16079584	22872.80797	137907150	121827566	22186.77217	2928.352577
2.80211E+11	OCEANSIDE UFSD	2023	5479	749	16224502.46	21661.55202	143271712.6	127047210.2	23188.02887	2961.215999
2.80211E+11	OCEANSIDE UFSD 	2024	5513	873	5781718	6622.815578	157830568.9	152048850.9	27580.05639	1048.742608
2.80211E+11	OCEANSIDE UFSD	2025	5465	927	0	0	162194384.4	162194384.4	29678.75287	0
2.80212E+11	MALVERNE UFSD 	2019	1728	264	8066003.46	30553.04341	49148871.67	41082868.21	23774.80799	4667.826076
2.80212E+11	MALVERNE UFSD 	2020	1724	275	8146288.04	29622.8656	48394680.71	40248392.67	23345.93542	4725.225081
2.80212E+11	MALVERNE UFSD 	2021	1699	255	4283184.68	16796.80267	45896037.44	41612852.76	24492.55607	2521.003343
2.80212E+11	MALVERNE UFSD 	2022	1725	253	4512890	17837.50988	49823333	45310443	26266.92348	2616.168116
2.80212E+11	MALVERNE UFSD	2023	1797	264	4875380.82	18467.35159	51206188.02	46330807.2	25782.30785	2713.066678
2.80212E+11	MALVERNE UFSD 	2024	1853	273	3708585.67	13584.56289	59557340.87	55848755.2	30139.64123	2001.395397
2.80212E+11	MALVERNE UFSD	2025	1801	271	4086388.86	15078.92568	62164961.18	58078572.32	32247.95798	2268.955502
2.80213E+11	VALLEY STREAM 13 UFSD 	2019	1992	279	8246482.91	29557.28642	43086798.46	34840315.55	17490.11825	4139.800658
2.80213E+11	VALLEY STREAM 13 UFSD 	2020	1963	289	9190320.73	31800.41775	42854838.7	33664517.97	17149.5252	4681.773169
2.80213E+11	VALLEY STREAM 13 UFSD 	2021	1872	268	11231227.99	41907.56713	45933925.67	34702697.68	18537.76585	5999.587601
2.80213E+11	VALLEY STREAM 13 UFSD 	2022	1924	270	11559467	42812.84074	49339204	37779737	19636.03794	6008.038981
2.80213E+11	VALLEY STREAM 13 UFSD	2023	2005	295	10805794	36629.81017	50754321	39948527	19924.45237	5389.423441
2.80213E+11	VALLEY STREAM 13 UFSD 	2024	2032	360	12183973	33844.36944	57117065	44933092	22112.74213	5996.049705
2.80213E+11	VALLEY STREAM 13 UFSD	2025	2054	409	14321177.54	35015.10401	58183903.07	43862725.53	21354.78361	6972.335706
2.80214E+11	HEWLETT-WOODMERE UFSD 	2019	2996	415	14732809	35500.74458	97211434	82478625	27529.58111	4917.492991
2.80214E+11	HEWLETT-WOODMERE UFSD 	2020	2958	417	25420944	60961.4964	96752618	71331674	24114.83232	8593.963489
2.80214E+11	HEWLETT-WOODMERE UFSD 	2021	2919	454	12520637	27578.49559	99932805	87412168	29945.92943	4289.358342
2.80214E+11	HEWLETT-WOODMERE UFSD 	2022	2802	465	12503116	26888.42151	102609874	90106758	32158.01499	4462.211278
2.80214E+11	HEWLETT-WOODMERE UFSD	2023	2862	486	13523487	27826.10494	105072754	91549267	31987.86408	4725.187631
2.80214E+11	HEWLETT-WOODMERE UFSD 	2024	2802	546	21510617.81	39396.73592	118405705.7	96895087.89	34580.68804	7676.880018
2.80214E+11	HEWLETT-WOODMERE UFSD	2025	2743	548	23794354.15	43420.35429	132831238.3	109036884.2	39750.96033	8674.57315
2.80215E+11	LAWRENCE UFSD 	2019	2578	421	11003533.55	26136.65926	71342818.68	60339285.13	23405.46359	4268.244201
2.80215E+11	LAWRENCE UFSD 	2020	2446	422	10746471.44	25465.57213	67803917.89	57057446.45	23326.83829	4393.487915
2.80215E+11	LAWRENCE UFSD 	2021	2336	411	12296134.35	29917.60182	66784291.67	54488157.32	23325.40981	5263.756143
2.80215E+11	LAWRENCE UFSD 	2022	2260	396	12241167	30912.03788	67766973	55525806	24568.94071	5416.445575
2.80215E+11	LAWRENCE UFSD	2023	2262	380	13171445.25	34661.69803	69025057.38	55853612.13	24692.13622	5822.920093
2.80215E+11	LAWRENCE UFSD 	2024	2427	361	20687544	57306.21607	99598363	78910819	32513.72847	8523.915946
2.80215E+11	LAWRENCE UFSD	2025	2155	362	0	0	101935426	101935426	47301.82181	0
2.80216E+11	ELMONT UFSD 	2019	3657	401	17023017	42451.41397	74904981	57881964	15827.7178	4654.913043
2.80216E+11	ELMONT UFSD 	2020	3538	413	16677366	40381.03148	76015392	59338026	16771.62973	4713.783493
2.80216E+11	ELMONT UFSD 	2021	3402	386	14974331	38793.60363	75024094	60049763	17651.31188	4401.625808
2.80216E+11	ELMONT UFSD 	2022	3349	411	17284493	42054.72749	80057627	62773134	18743.84413	5161.090773
2.80216E+11	ELMONT UFSD	2023	3353	456	19336285	42404.13377	84583552	65247267	19459.36982	5766.86102
2.80216E+11	ELMONT UFSD 	2024	3362	563	25649700	45558.9698	98384711	72735011	21634.44706	7629.298037
2.80216E+11	ELMONT UFSD	2025	3386	637	29660863	46563.36421	100447073	70786210	20905.55523	8759.853219
2.80217E+11	FRANKLIN SQUARE UFSD 	2019	2058	280	4210517.26	15037.56164	32365460.98	28154943.72	13680.73067	2045.926754
2.80217E+11	FRANKLIN SQUARE UFSD 	2020	1987	269	4777176.54	17759.02059	33296241.91	28519065.37	14352.82605	2404.215672
2.80217E+11	FRANKLIN SQUARE UFSD 	2021	1984	261	4354727	16684.77778	34348532	29993805	15117.84526	2194.922883
2.80217E+11	FRANKLIN SQUARE UFSD 	2022	1955	255	4987045	19557.03922	37683100	32696055	16724.32481	2550.918159
2.80217E+11	FRANKLIN SQUARE UFSD	2023	1924	266	5576938	20965.93233	40437531	34860593	18118.81133	2898.616424
2.80217E+11	FRANKLIN SQUARE UFSD 	2024	1938	315	8208748.7	26059.51968	47111441.94	38902693.24	20073.62912	4235.680444
2.80217E+11	FRANKLIN SQUARE UFSD	2025	1859	339	10021074	29560.69027	48618864	38597790	20762.66272	5390.572351
2.80218E+11	GARDEN CITY UFSD 	2019	3875	502	12541964.51	24983.99305	93294791.75	80752827.24	20839.43929	3236.636003
2.80218E+11	GARDEN CITY UFSD 	2020	3939	501	14066217	28076.28144	92566599	78500382	19929.01295	3571.012186
2.80218E+11	GARDEN CITY UFSD 	2021	3914	552	14422842	26128.33696	96492170.01	82069328.01	20968.14717	3684.936638
2.80218E+11	GARDEN CITY UFSD 	2022	3928	527	15252482	28942.09108	101643862	86391380	21993.73218	3883.014766
2.80218E+11	GARDEN CITY UFSD	2023	3918	517	15629984	30232.07737	105373366	89743382	22905.40633	3989.276161
2.80218E+11	GARDEN CITY UFSD 	2024	3975	522	17730425.69	33966.33274	114180953.7	96450528.01	24264.28378	4460.48445
2.80218E+11	GARDEN CITY UFSD	2025	3931	546	18360739.38	33627.7278	118252743.6	99892004.21	25411.34678	4670.755375
2.80219E+11	EAST ROCKAWAY UFSD 	2019	1156	147	4624664.98	31460.30599	32908130.33	28283465.35	24466.66553	4000.575242
2.80219E+11	EAST ROCKAWAY UFSD 	2020	1173	143	3742632	26172.25175	32252593.88	28509961.88	24305.16784	3190.649616
2.80219E+11	EAST ROCKAWAY UFSD 	2021	1125	146	4076416	27920.65753	33062513	28986097	25765.41956	3623.480889
2.80219E+11	EAST ROCKAWAY UFSD 	2022	1119	164	4378633	26698.98171	35652211	31273578	27947.79088	3912.987489
2.80219E+11	EAST ROCKAWAY UFSD	2023	1151	186	5095703	27396.25269	36894916.31	31799213.31	27627.46595	4427.196351
2.80219E+11	EAST ROCKAWAY UFSD 	2024	1181	198	7139223.55	36056.6846	40663893.52	33524669.97	28386.68075	6045.066511
2.80219E+11	EAST ROCKAWAY UFSD	2025	1126	218	8378703.32	38434.4189	42542769.83	34164066.51	30341.08926	7441.121954
2.8022E+11	LYNBROOK UFSD 	2019	2807	413	10404060	25191.42857	74022923	63618863	22664.3616	3706.46954
2.8022E+11	LYNBROOK UFSD 	2020	2787	418	9136744	21858.23923	73568223	64431479	23118.57876	3278.343739
2.8022E+11	LYNBROOK UFSD 	2021	2759	434	12998703	29950.92857	76150866	63152163	22889.51178	4711.382022
2.8022E+11	LYNBROOK UFSD 	2022	2725	415	10302712	24825.81205	78781386	68478674	25129.78862	3780.811743
2.8022E+11	LYNBROOK UFSD	2023	2746	440	10347044	23516.00909	84624900	74277856	27049.47414	3768.042243
2.8022E+11	LYNBROOK UFSD 	2024	2831	449	16136091	35937.84187	108698176	92562085	32695.89721	5699.784882
2.8022E+11	LYNBROOK UFSD	2025	2725	472	16415332.22	34778.24623	99509719.79	83094387.57	30493.35324	6023.975127
2.80221E+11	ROCKVILLE CENTRE UFSD 	2019	3576	507	16571997	32686.38462	99332959	82760962	23143.44575	4634.227349
2.80221E+11	ROCKVILLE CENTRE UFSD 	2020	3579	516	14428896.51	27962.97773	105548118	91119221.48	25459.40807	4031.544149
2.80221E+11	ROCKVILLE CENTRE UFSD 	2021	3501	520	20609269	39633.20962	105081352	84472083	24127.98715	5886.680663
2.80221E+11	ROCKVILLE CENTRE UFSD 	2022	3453	549	15632235	28474.01639	112732375	97100140	28120.51549	4527.14596
2.80221E+11	ROCKVILLE CENTRE UFSD	2023	3382	508	20872407	41087.41535	118052470	97180063	28734.49527	6171.616499
2.80221E+11	ROCKVILLE CENTRE UFSD 	2024	3397	519	22185470.1	42746.57052	126031641.2	103846171.1	30569.965	6530.900824
2.80221E+11	ROCKVILLE CENTRE UFSD	2025	3276	536	22843061.12	42617.65134	130130545.7	107287484.5	32749.5374	6972.85138
2.80222E+11	FLORAL PARK-BELLEROSE UFSD 	2019	1563	200	3581238.36	17906.1918	25876627.35	22295388.99	14264.48432	2291.259347
2.80222E+11	FLORAL PARK-BELLEROSE UFSD 	2020	1482	238	3144398.72	13211.75933	26466211.07	23321812.35	15736.71549	2121.726532
2.80222E+11	FLORAL PARK-BELLEROSE UFSD 	2021	1518	231	1556133.83	6736.510087	26967774.79	25411640.96	16740.21144	1025.1211
2.80222E+11	FLORAL PARK-BELLEROSE UFSD 	2022	1595	237	3667152	15473.21519	27862967	24195815	15169.78997	2299.154859
2.80222E+11	FLORAL PARK-BELLEROSE UFSD	2023	1598	252	5498618.66	21819.91532	30725738.44	25227119.78	15786.68322	3440.937835
2.80222E+11	FLORAL PARK-BELLEROSE UFSD 	2024	1568	291	6381793	21930.56014	34228745	27846952	17759.53571	4070.021046
2.80222E+11	FLORAL PARK-BELLEROSE UFSD	2025	1580	307	7317333	23834.96091	35792910	28475577	18022.51709	4631.223418
2.80223E+11	WANTAGH UFSD 	2019	2790	381	7889079	20706.24409	67822431	59933352	21481.48817	2827.626882
2.80223E+11	WANTAGH UFSD 	2020	2770	371	8618832.66	23231.35488	68748618	60129785.34	21707.50373	3111.491935
2.80223E+11	WANTAGH UFSD 	2021	2755	375	9413365	25102.30667	69829219	60415854	21929.52958	3416.829401
2.80223E+11	WANTAGH UFSD 	2022	2803	414	8782321	21213.33575	70409961	61627640	21986.31466	3133.186229
2.80223E+11	WANTAGH UFSD	2023	2869	435	10259124	23584.1931	74981200	64722076	22559.10631	3575.853608
2.80223E+11	WANTAGH UFSD 	2024	2857	484	13013027.88	26886.42124	85239935.03	72226907.15	25280.68154	4554.787497
2.80223E+11	WANTAGH UFSD	2025	2854	499	14154337.75	28365.40631	88064528.08	73910190.33	25897.05337	4959.473633
2.80224E+11	VALLEY STREAM 24 UFSD 	2019	1079	112	3783819.37	33784.10152	26224646.04	22440826.67	20797.80044	3506.783475
2.80224E+11	VALLEY STREAM 24 UFSD 	2020	1097	112	4057053.76	36223.69429	26316473.78	22259420.02	20291.17595	3698.31701
2.80224E+11	VALLEY STREAM 24 UFSD 	2021	1044	101	3650603	36144.58416	26633930.65	22983327.65	22014.68166	3496.746169
2.80224E+11	VALLEY STREAM 24 UFSD 	2022	1013	102	3767418	36935.47059	29354451	25587033	25258.67029	3719.070089
2.80224E+11	VALLEY STREAM 24 UFSD	2023	1022	121	4008744	33130.1157	29641719.59	25632975.59	25081.18942	3922.450098
2.80224E+11	VALLEY STREAM 24 UFSD 	2024	1117	130	5576986.24	42899.89415	32936134.03	27359147.79	24493.4179	4992.82564
2.80224E+11	VALLEY STREAM 24 UFSD	2025	1036	156	8438207.94	54091.07654	38231079.99	29792872.05	28757.5985	8144.988359
2.80225E+11	MERRICK UFSD 	2019	1494	215	6426281.34	29889.68065	44501190.14	38074908.8	25485.21339	4301.393133
2.80225E+11	MERRICK UFSD 	2020	1510	208	6499559.5	31247.88221	44476090.92	37976531.42	25150.02081	4304.34404
2.80225E+11	MERRICK UFSD 	2021	1531	213	6612884.15	31046.40446	48427966.18	41815082.03	27312.26782	4319.323416
2.80225E+11	MERRICK UFSD 	2022	1543	220	7656347	34801.57727	47806972	40150625	26021.14388	4961.987686
2.80225E+11	MERRICK UFSD	2023	1663	223	7609254.22	34122.21623	49389020.62	41779766.4	25123.13073	4575.618894
2.80225E+11	MERRICK UFSD 	2024	1701	238	8058587.87	33859.6129	52735354.35	44676766.48	26265.00087	4737.559006
2.80225E+11	MERRICK UFSD	2025	1698	260	8692820.11	33433.9235	55835230.78	47142410.67	27763.49274	5119.446472
2.80226E+11	ISLAND TREES UFSD 	2019	2187	236	7590977	32165.15678	53951407	46360430	21198.18473	3470.954275
2.80226E+11	ISLAND TREES UFSD 	2020	2238	233	7075898	30368.66094	53733062	46657164	20847.70509	3161.705987
2.80226E+11	ISLAND TREES UFSD 	2021	2161	219	6977779	31862.00457	55345552	48367773	22382.1254	3228.958353
2.80226E+11	ISLAND TREES UFSD 	2022	2185	220	7064955	32113.43182	57781805	50716850	23211.373	3233.389016
2.80226E+11	ISLAND TREES UFSD	2023	2182	200	7418543	37092.715	60210307	52791764	24194.20898	3399.882218
2.80226E+11	ISLAND TREES UFSD 	2024	2360	214	11276474	52693.80374	70067353	58790879	24911.38941	4778.166949
2.80226E+11	ISLAND TREES UFSD	2025	2261	224	11774203.91	52563.41031	73603713.89	61829509.98	27346.09022	5207.520526
2.80227E+11	WEST HEMPSTEAD UFSD 	2019	1795	322	8484587.28	26349.64994	51198700.38	42714113.1	23796.16329	4726.789571
2.80227E+11	WEST HEMPSTEAD UFSD 	2020	1759	326	5781352.1	17734.2089	48607661.82	42826309.72	24346.96403	3286.726606
2.80227E+11	WEST HEMPSTEAD UFSD 	2021	1693	331	5978800.75	18062.84215	49140818.52	43162017.77	25494.39916	3531.483018
2.80227E+11	WEST HEMPSTEAD UFSD 	2022	1635	328	6762499	20617.375	52194896	45432397	27787.39878	4136.085015
2.80227E+11	WEST HEMPSTEAD UFSD	2023	1548	317	1125844	3551.55836	58255762	57129918	36905.63178	727.2894057
2.80227E+11	WEST HEMPSTEAD UFSD 	2024	1658	321	12458835.37	38812.57125	71705718.95	59246883.58	35733.94667	7514.375977
2.80227E+11	WEST HEMPSTEAD UFSD	2025	1596	309	16167586	52322.28479	71406625	55239039	34610.92669	10130.06642
2.80229E+11	NORTH MERRICK UFSD 	2019	1190	186	5124058.71	27548.70274	30134304.7	25010245.99	21017.01344	4305.931689
2.80229E+11	NORTH MERRICK UFSD 	2020	1188	199	5454507.97	27409.58779	30159450.96	24704942.99	20795.40656	4591.336675
2.80229E+11	NORTH MERRICK UFSD 	2021	1179	210	5183079.57	24681.33129	31785740.7	26602661.13	22563.7499	4396.165878
2.80229E+11	NORTH MERRICK UFSD 	2022	1201	218	5460699	25049.07798	31652430	26191731	21808.26894	4546.793505
2.80229E+11	NORTH MERRICK UFSD	2023	1213	218	5680653.65	26058.04427	33570810.19	27890156.54	22992.70943	4683.143982
2.80229E+11	NORTH MERRICK UFSD 	2024	1315	232	8381720.11	36128.10392	36797750.32	28416030.21	21609.14845	6373.931643
2.80229E+11	NORTH MERRICK UFSD	2025	1237	240	9766354.02	40693.14175	39597637.61	29831283.59	24115.83152	7895.193226
2.8023E+11	VALLEY STREAM 30 UFSD 	2019	1465	139	2710414.56	19499.38532	31135633.15	28425218.59	19402.87958	1850.112328
2.8023E+11	VALLEY STREAM 30 UFSD 	2020	1464	140	2085923.55	14899.45393	31740121.95	29654198.4	20255.6	1424.811168
2.8023E+11	VALLEY STREAM 30 UFSD 	2021	1376	140	2704553.96	19318.24257	32443720	29739166.04	21612.76602	1965.518866
2.8023E+11	VALLEY STREAM 30 UFSD 	2022	1433	139	3374338	24275.81295	36452918	33078580	23083.44731	2354.736916
2.8023E+11	VALLEY STREAM 30 UFSD	2023	1450	152	3539957.9	23289.19671	38446280.37	34906322.47	24073.32584	2441.350276
2.8023E+11	VALLEY STREAM 30 UFSD 	2024	1469	170	3259150.18	19171.47165	39837956.41	36578806.23	24900.48076	2218.61823
2.8023E+11	VALLEY STREAM 30 UFSD	2025	1456	176	5373012	30528.47727	42140299	36767287	25252.25755	3690.255495
2.80231E+11	ISLAND PARK UFSD 	2019	731	85	3161671.94	37196.14047	24595932.12	21434260.18	29321.83335	4325.132613
2.80231E+11	ISLAND PARK UFSD 	2020	743	97	3194418.18	32932.14619	23861156.48	20666738.3	27815.26016	4299.351521
2.80231E+11	ISLAND PARK UFSD 	2021	703	86	3898713.61	45333.87919	23347759.91	19449046.3	27665.78421	5545.823058
2.80231E+11	ISLAND PARK UFSD 	2022	690	89	4153802	46671.93258	22966006	18812204	27264.06377	6020.002899
2.80231E+11	ISLAND PARK UFSD	2023	686	90	2655670.77	29507.453	24397960.7	21742289.93	31694.30019	3871.24019
2.80231E+11	ISLAND PARK UFSD 	2024	717	109	0	0	28540461.09	28540461.09	39805.38506	0
2.80231E+11	ISLAND PARK UFSD	2025	715	123	888052	7219.934959	29903481.9	29015429.9	40581.02084	1242.030769
2.80251E+11	VALLEY STREAM CENTRAL HIGH SD	2019	4558	673	17329130	25749.07875	98770566	81441436	17867.80079	3801.915314
2.80251E+11	VALLEY STREAM CENTRAL HIGH SD	2020	4542	642	10121741	15765.95171	101448619	91326878	20107.19463	2228.476662
2.80251E+11	VALLEY STREAM CENTRAL HIGH SD	2021	4645	674	16599001	24627.59792	101611296	85012295	18301.89343	3573.520129
2.80251E+11	VALLEY STREAM CENTRAL HIGH SD	2022	4662	648	10727780	16555.21605	108659891	97932111	21006.45882	2301.111111
2.80251E+11	VALLEY STREAM CENTRAL HS DISTRICT	2023	4588	630	11083782.44	17593.30546	117427159.8	106343377.4	23178.59141	2415.820061
2.80251E+11	VALLEY STREAM CENTRAL HIGH SD	2024	4593	601	16466056.86	27397.76516	144701499.7	128235442.8	27919.75676	3585.033063
2.80251E+11	VALLEY STREAM CENTRAL HS DISTRICT	2025	4547	612	27956026.57	45679.78198	154083137.6	126127111	27738.53333	6148.235445
2.80252E+11	SEWANHAKA CENTRAL HIGH SD	2019	8141	1057	52941421.18	50086.49118	170620832.4	117679411.2	14455.1543	6503.061194
2.80252E+11	SEWANHAKA CENTRAL HIGH SD	2020	8140	1013	26400159.67	26061.36196	165556332.4	139156172.7	17095.35292	3243.262859
2.80252E+11	SEWANHAKA CENTRAL HIGH SD	2021	8003	980	23724845	24209.02551	174591943	150867098	18851.31801	2964.49394
2.80252E+11	SEWANHAKA CENTRAL HIGH SD	2022	7817	1030	22223445	21576.16019	183147473	160924028	20586.41781	2842.963413
2.80252E+11	SEWANHAKA CENTRAL HS DISTRICT	2023	7770	1050	28929742.92	27552.13611	198228215.8	169298472.9	21788.73525	3723.261637
2.80252E+11	SEWANHAKA CENTRAL HIGH SD	2024	7755	1075	26007623	24193.13767	208380991	182373368	23516.87531	3353.658672
2.80252E+11	SEWANHAKA CENTRAL HS DISTRICT	2025	7728	1080	29630500.2	27435.64833	223937794.8	194307294.6	25143.28347	3834.174457
2.80253E+11	BELLMORE-MERRICK CENTRAL HIGH SD	2019	5276	788	14310967	18161.12563	135447143	121136176	22959.8514	2712.465315
2.80253E+11	BELLMORE-MERRICK CENTRAL HIGH SD	2020	5272	792	18299227	23105.0846	133979860	115680633	21942.45694	3471.021813
2.80253E+11	BELLMORE-MERRICK CENTRAL HIGH SD	2021	5183	798	19521277	24462.75313	138058975	118537698	22870.48003	3766.404978
2.80253E+11	BELLMORE-MERRICK CENTRAL HIGH SD	2022	5141	837	20590457	24600.30705	142633838	122043381	23739.22992	4005.146275
2.80253E+11	BELLMORE-MERRICK CENTRAL HS DISTRICT	2023	5200	890	18641066	20945.01798	149385172	130744106	25143.09731	3584.820385
2.80253E+11	BELLMORE-MERRICK CENTRAL HIGH SD	2024	5222	920	30783795	33460.64674	173016139	142232344	27237.13979	5895.020107
2.80253E+11	BELLMORE-MERRICK CENTRAL HS DISTRICT	2025	5284	942	32341239.55	34332.52606	180267508.5	147926269	27995.13039	6120.597947
2.803E+11	LONG BEACH CITY SD	2019	3796	551	16879291.23	30633.92238	118031070.4	101151779.2	26646.93867	4446.599376
2.803E+11	LONG BEACH CITY SD	2020	3793	556	17907168.06	32207.1368	118932357.8	101025189.7	26634.64005	4721.109428
2.803E+11	LONG BEACH CITY SD	2021	3654	505	18543128.75	36719.06683	118089634.8	99546506.05	27243.15984	5074.747879
2.803E+11	LONG BEACH CITY SD	2022	3567	538	15759589	29292.91636	118544051	102784462	28815.38043	4418.163443
2.803E+11	LONG BEACH CITY SD	2023	3528	543	14735860.53	27137.8647	123818909.1	109083048.6	30919.23146	4176.831216
2.803E+11	LONG BEACH CITY SD	2024	3531	568	16500946.6	29050.96232	136658272.2	120157325.6	34029.26242	4673.165279
2.803E+11	LONG BEACH CITY SD	2025	3457	589	15219404.88	25839.39708	140385194.1	125165789.2	36206.47649	4402.489118
2.80401E+11	WESTBURY UFSD 	2020	5193	482	22726853.91	47151.14919	125154404.9	102427551	19724.1577	4376.440191
2.80401E+11	WESTBURY UFSD 	2021	4831	435	23187767.5	53305.21264	127762523	104574755.5	21646.60639	4799.786276
2.80401E+11	WESTBURY UFSD 	2022	4793	479	22939132	47889.62839	123138444	100199312	20905.34363	4785.965366
2.80401E+11	WESTBURY UFSD	2023	4589	486	14827786.17	30509.84809	139886783.9	125058997.7	27251.90623	3231.158459
2.80401E+11	WESTBURY UFSD 	2024	4559	546	33119676.92	60658.74894	172112965.6	138993288.7	30487.67025	7264.680175
2.80401E+11	WESTBURY UFSD	2025	4479	575	35816822.52	62290.12612	177109104.4	141292281.9	31545.49718	7996.611413
2.80402E+11	EAST WILLISTON UFSD 	2019	1694	207	6006395	29016.40097	51805136	45798741	27035.85655	3545.687721
2.80402E+11	EAST WILLISTON UFSD 	2020	1722	202	7650020	37871.38614	51487107	43837087	25457.07724	4442.520325
2.80402E+11	EAST WILLISTON UFSD 	2021	1649	203	7583900	37359.1133	55445804	47861904	29024.80534	4599.090358
2.80402E+11	EAST WILLISTON UFSD 	2022	1620	199	8266073	41538.05528	55686595	47420522	29271.92716	5102.514198
2.80402E+11	EAST WILLISTON UFSD	2023	1594	210	9404933	44785.39524	57750197.76	48345264.76	30329.5262	5900.208908
2.80402E+11	EAST WILLISTON UFSD 	2024	1638	224	10320141.78	46072.06152	66287789.62	55967647.84	34168.28317	6300.452857
2.80402E+11	EAST WILLISTON UFSD	2025	1571	232	10658740.7	45942.84784	67643190.82	56984450.12	36272.72446	6784.68536
2.80403E+11	ROSLYN UFSD 	2019	3172	321	9285650.35	28927.25966	94745283.92	85459633.57	26941.87691	2927.380312
2.80403E+11	ROSLYN UFSD 	2020	3213	320	9771478.96	30535.87175	93760799.05	83989320.09	26140.46688	3041.232169
2.80403E+11	ROSLYN UFSD 	2021	3192	309	10367074	33550.40129	95755752	85388678	26750.83897	3247.830201
2.80403E+11	ROSLYN UFSD 	2022	3313	324	10808280	33358.88889	98180420	87372140	26372.51434	3262.384546
2.80403E+11	ROSLYN UFSD	2023	3295	316	10638689.22	33666.73804	101428354.9	90789665.63	27553.76802	3228.737244
2.80403E+11	ROSLYN UFSD 	2024	3355	336	12892540.76	38370.65702	111207630	98315089.24	29304.05044	3842.784131
2.80403E+11	ROSLYN UFSD	2025	3329	353	12556295.79	35570.24303	115307088.7	102750793	30865.36286	3771.792067
2.80404E+11	PORT WASHINGTON UFSD 	2019	5531	836	15043813.17	17994.99183	137698649.8	122654836.6	22175.88801	2719.908366
2.80404E+11	PORT WASHINGTON UFSD 	2020	5436	826	14953889	18103.98184	137699475	122745586	22580.12987	2750.899375
2.80404E+11	PORT WASHINGTON UFSD 	2021	5259	823	17137323	20822.99271	144483432	127346109	24214.89047	3258.665716
2.80404E+11	PORT WASHINGTON UFSD 	2022	5211	807	16751128	20757.28377	143048916	126297788	24236.76607	3214.570716
2.80404E+11	PORT WASHINGTON UFSD	2023	5253	823	17515259.16	21282.2104	151973896.4	134458637.2	25596.54239	3334.334506
2.80404E+11	PORT WASHINGTON UFSD 	2024	5277	838	20588287.5	24568.36217	171934560.6	151346273.1	28680.36254	3901.513644
2.80404E+11	PORT WASHINGTON UFSD	2025	5298	869	12662983.06	14571.90226	174745506	162082523	30593.1527	2390.144028
2.80405E+11	NEW HYDE PARK-GARDEN CITY PARK UFSD 	2019	1756	186	4073461.79	21900.3322	34468650.74	30395188.95	17309.33312	2319.73906
2.80405E+11	NEW HYDE PARK-GARDEN CITY PARK UFSD 	2020	1784	195	4128118	21169.8359	34848120	30720002	17219.73206	2313.967489
2.80405E+11	NEW HYDE PARK-GARDEN CITY PARK UFSD 	2021	1667	194	4095417.11	21110.39747	35688416.35	31592999.24	18952.00914	2456.758914
2.80405E+11	NEW HYDE PARK-GARDEN CITY PARK UFSD 	2022	1630	198	4513259	22794.23737	35100690	30587431	18765.29509	2768.870552
2.80405E+11	NEW HYDE PARK-GARDEN CITY PARK UFSD	2023	1648	217	4889040	22530.13825	39477918	34588878	20988.39684	2966.650485
2.80405E+11	NEW HYDE PARK-GARDEN CITY PARK UFSD 	2024	1606	228	5618550	24642.76316	43246699	37628149	23429.73163	3498.474471
2.80405E+11	NEW HYDE PARK-GARDEN CITY PARK UFSD	2025	1551	242	6186851.08	25565.50033	45711745.98	39524894.9	25483.49123	3988.943314
2.80406E+11	MANHASSET UFSD 	2019	3220	385	11412112	29641.84935	81194709	69782597	21671.61398	3544.134161
2.80406E+11	MANHASSET UFSD 	2020	3163	362	11577491	31982.01934	81147956.42	69570465.42	21995.08866	3660.288018
2.80406E+11	MANHASSET UFSD 	2021	3025	355	609212	1716.090141	87246828	86637616	28640.53421	201.3923967
2.80406E+11	MANHASSET UFSD 	2022	3009	351	737760	2101.880342	86946363	86208603	28650.25025	245.1844467
2.80406E+11	MANHASSET UFSD	2023	2996	364	735916	2021.747253	90252534	89516618	29878.71095	245.6328438
2.80406E+11	MANHASSET UFSD 	2024	3015	373	16601005.99	44506.71847	103621758.7	87020752.69	28862.60454	5506.137973
2.80406E+11	MANHASSET UFSD	2025	3007	355	13577718.09	38247.09321	106643563.1	93065845.05	30949.73231	4515.370166
2.80407E+11	GREAT NECK UFSD 	2019	6787	1072	91409922	85270.44963	207250999	115841077	17068.08265	13468.38397
2.80407E+11	GREAT NECK UFSD 	2020	6824	1071	28225221.58	26354.08177	196411001.5	168185779.9	24646.21628	4136.169634
2.80407E+11	GREAT NECK UFSD 	2021	6799	1069	31738564	29689.95697	204935465	173196901	25473.87866	4668.122371
2.80407E+11	GREAT NECK UFSD 	2022	6742	1103	28133562	25506.40254	207708636	179575074	26635.28241	4172.880748
2.80407E+11	GREAT NECK UFSD	2023	6800	1097	37829137.01	34484.1723	217806880	179977743	26467.31515	5563.108384
2.80407E+11	GREAT NECK UFSD 	2024	6825	1140	43290385.86	37974.02268	249125775.2	205835389.4	30159.03141	6342.913679
2.80407E+11	GREAT NECK UFSD	2025	6800	1113	44070875	39596.4735	260007734.9	215936859.9	31755.42057	6481.011029
2.80409E+11	HERRICKS UFSD 	2019	4014	503	22521617	44774.58648	100188699	77667082	19349.04883	5610.766567
2.80409E+11	HERRICKS UFSD 	2020	4007	470	22470995	47810.62766	103518172	81047177	20226.39805	5607.934864
2.80409E+11	HERRICKS UFSD 	2021	4028	452	22220761.78	49160.97739	109562584.6	87341822.81	21683.67001	5516.574424
2.80409E+11	HERRICKS UFSD 	2022	4128	479	23346699	48740.49896	112186756	88840057	21521.33164	5655.692587
2.80409E+11	HERRICKS UFSD	2023	4247	481	25086928	52155.77547	115458895	90371967	21279.01271	5906.976219
2.80409E+11	HERRICKS UFSD 	2024	4447	496	19169676.48	38648.54129	131853219.2	112683542.7	25339.22705	4310.698556
2.80409E+11	HERRICKS UFSD	2025	4258	478	18647130.41	39010.73308	170384902.3	151737771.9	35635.92577	4379.316677
2.8041E+11	MINEOLA UFSD 	2019	2935	344	10211814	29685.50581	83431409	73219595	24947.05111	3479.323339
2.8041E+11	MINEOLA UFSD 	2020	2928	357	9863324	27628.35854	83264690	73401366	25068.77254	3368.621585
2.8041E+11	MINEOLA UFSD 	2021	2881	344	9738662	28310.06395	84096357	74357695	25809.6824	3380.306144
2.8041E+11	MINEOLA UFSD 	2022	2862	378	10082533	26673.36772	85802789	75720256	26457.11251	3522.897624
2.8041E+11	MINEOLA UFSD	2023	2830	409	10829015	26476.80929	89293528	78464513	27725.97633	3826.507067
2.8041E+11	MINEOLA UFSD 	2024	2942	446	16008636.46	35893.80372	100683921.7	84675285.23	28781.53815	5441.412801
2.8041E+11	MINEOLA UFSD	2025	2794	482	15409807	31970.55394	100545506	85135699	30470.90157	5515.321045
2.80411E+11	CARLE PLACE UFSD 	2019	1339	225	5601793	24896.85778	44681384	39079591	29185.65422	4183.5646
2.80411E+11	CARLE PLACE UFSD 	2020	1358	236	5783307.94	24505.54212	44258694.13	38475386.19	28332.39042	4258.695096
2.80411E+11	CARLE PLACE UFSD 	2021	1309	219	6020284.1	27489.88174	45509434.12	39489150.02	30167.41789	4599.147517
2.80411E+11	CARLE PLACE UFSD 	2022	1273	215	6791017	31586.12558	46238274	39447257	30987.63315	5334.655931
2.80411E+11	CARLE PLACE UFSD	2023	1276	211	6359836	30141.40284	47407731	41047895	32169.19671	4984.197492
2.80411E+11	CARLE PLACE UFSD 	2024	1298	219	6946333.79	31718.41913	51521867.46	44575533.67	34341.70545	5351.566864
2.80411E+11	CARLE PLACE UFSD	2025	1306	220	6801684.68	30916.74855	53099418.96	46297734.28	35450.02625	5208.028086
2.80501E+11	NORTH SHORE CSD	2019	2580	395	9593002.36	24286.08192	91476990.53	81883988.17	31737.97991	3718.217969
2.80501E+11	NORTH SHORE CSD	2020	2567	393	10758571.58	27375.5002	92852171.31	82093599.73	31980.36608	4191.106965
2.80501E+11	NORTH SHORE CSD	2021	2509	389	11384783.13	29266.79468	101808366.9	90423583.72	36039.6906	4537.577971
2.80501E+11	NORTH SHORE CSD	2022	2519	429	10974682	25582.00932	100802297	89827615	35660.02977	4356.761413
2.80501E+11	NORTH SHORE CSD	2023	2551	429	11920273.28	27786.1848	103641520.8	91721247.54	35955.01668	4672.784508
2.80501E+11	NORTH SHORE CSD	2024	2615	441	14191217.36	32179.6312	112227745.9	98036528.58	37490.06829	5426.851763
2.80501E+11	NORTH SHORE CSD	2025	2541	471	10097523.51	21438.47879	113437189	103339665.5	40668.89631	3973.838453
2.80502E+11	SYOSSET CSD	2019	6465	696	32336296	46460.1954	202846305	170510009	26374.32467	5001.747254
2.80502E+11	SYOSSET CSD	2020	6580	663	31204267.32	47065.25991	202435740.6	171231473.3	26023.02025	4742.289866
2.80502E+11	SYOSSET CSD	2021	6529	625	33016887.88	52827.02061	210210153.4	177193265.5	27139.41883	5056.959393
2.80502E+11	SYOSSET CSD	2022	6741	619	35878128	57961.43457	216142954	180264826	26741.55556	5322.374722
2.80502E+11	SYOSSET CSD	2023	6886	631	33707695	53419.48494	229916474	196208779	28493.86857	4895.105286
2.80502E+11	SYOSSET CSD	2024	7190	650	35511875.26	54633.65425	250570431.5	215058556.2	29910.78668	4939.064709
2.80502E+11	SYOSSET CSD	2025	6980	687	38270787.64	55707.11447	266074611.1	227803823.5	32636.65093	5482.920865
2.80503E+11	LOCUST VALLEY CSD	2019	2034	323	11256018	34848.35294	76097081	64841063	31878.59538	5533.932153
2.80503E+11	LOCUST VALLEY CSD	2020	2012	306	12621544	41246.87582	74623187	62001643	30815.92594	6273.133201
2.80503E+11	LOCUST VALLEY CSD	2021	1964	317	12921298	40761.19243	76011003	63089705	32123.06772	6579.072301
2.80503E+11	LOCUST VALLEY CSD	2022	1889	336	11677547	34754.60417	77696799	66019252	34949.31286	6181.867125
2.80503E+11	LOCUST VALLEY CSD	2023	1898	359	12858920	35818.71866	81070929	68212009	35938.88778	6774.984194
2.80503E+11	LOCUST VALLEY CSD	2024	1858	371	12456167	33574.57412	87907401	75451234	40608.84499	6704.072659
2.80503E+11	LOCUST VALLEY CSD	2025	1790	349	12910835	36993.79656	89305619	76394784	42678.65028	7212.756983
2.80504E+11	PLAINVIEW-OLD BETHPAGE CSD	2019	4937	723	11799392.82	16320.04539	131931509.1	120132116.3	24333.0193	2389.992469
2.80504E+11	PLAINVIEW-OLD BETHPAGE CSD	2020	4955	726	14767949.34	20341.52802	133138373.4	118370424.1	23889.08659	2980.41359
2.80504E+11	PLAINVIEW-OLD BETHPAGE CSD	2021	4972	769	15927464.64	20711.91761	140202972.4	124275507.7	24995.07396	3203.432148
2.80504E+11	PLAINVIEW-OLD BETHPAGE CSD	2022	5056	864	16543900	19148.03241	144258492	127714592	25260.00633	3272.13212
2.80504E+11	PLAINVIEW-OLD BETHPAGE CSD	2023	5200	934	16713476.92	17894.5149	150868296.5	134154819.6	25799.00376	3214.130177
2.80504E+11	PLAINVIEW-OLD BETHPAGE CSD	2024	5548	1009	19890733.14	19713.31332	165057913.8	145167180.6	26165.67783	3585.207848
2.80504E+11	PLAINVIEW-OLD BETHPAGE CSD	2025	5406	1023	18349568.81	17937.01741	166915444.3	148565875.4	27481.66397	3394.296857
2.80506E+11	OYSTER BAY-EAST NORWICH CSD	2019	1554	212	6221699.97	29347.64137	48337420.68	42115720.71	27101.49338	4003.667934
2.80506E+11	OYSTER BAY-EAST NORWICH CSD	2020	1564	228	6383383.87	27997.29768	48650198.53	42266814.66	27024.81756	4081.447487
2.80506E+11	OYSTER BAY-EAST NORWICH CSD	2021	1503	225	12920221	57423.20444	51308646	38388425	25541.20093	8596.28809
2.80506E+11	OYSTER BAY-EAST NORWICH CSD	2022	1421	216	6967003	32254.64352	51037284	44070281	31013.56861	4902.887403
2.80506E+11	OYSTER BAY-EAST NORWICH CSD	2023	1391	213	8974694.08	42134.71399	52384818.82	43410124.74	31207.85387	6451.972739
2.80506E+11	OYSTER BAY-EAST NORWICH CSD	2024	1378	216	9564637.5	44280.72917	58017411.89	48452774.39	35161.66501	6940.956096
2.80506E+11	OYSTER BAY-EAST NORWICH CSD	2025	1345	220	10254702	46612.28182	59357667	49102965	36507.78067	7624.313755
2.80515E+11	JERICHO UFSD 	2019	3070	364	18231269.96	50085.90648	103622384.4	85391114.39	27814.69524	5938.524417
2.80515E+11	JERICHO UFSD 	2020	3159	342	17157422.98	50167.90345	105314539.4	88157116.41	27906.65287	5431.282995
2.80515E+11	JERICHO UFSD 	2021	3138	318	16705685	52533.60063	107845142	91139457	29043.80402	5323.672721
2.80515E+11	JERICHO UFSD 	2022	3176	290	15559071	53651.96897	107880376	92321305	29068.42097	4898.951826
2.80515E+11	JERICHO UFSD	2023	3223	253	16501873.38	65224.79597	113332079.4	96830206.06	30043.50173	5120.035178
2.80515E+11	JERICHO UFSD 	2024	3328	271	16573750.59	61157.75125	127883170.7	111309420.1	33446.34016	4980.093326
2.80515E+11	JERICHO UFSD	2025	3230	266	17617404.08	66230.84241	132444950.9	114827546.9	35550.32411	5454.304669
2.80517E+11	HICKSVILLE UFSD 	2019	5367	671	15935246.19	23748.50401	119156507.3	103221261.1	19232.58078	2969.116115
2.80517E+11	HICKSVILLE UFSD 	2020	5393	698	15757095.66	22574.63562	117565231.6	101808136	18877.82977	2921.768155
2.80517E+11	HICKSVILLE UFSD 	2021	5175	673	16099605.8	23922.14829	120090478.3	103990872.5	20094.85459	3111.034937
2.80517E+11	HICKSVILLE UFSD 	2022	5369	706	15271096	21630.44759	130282361	115011265	21421.35686	2844.309182
2.80517E+11	HICKSVILLE UFSD	2023	5485	788	17322507.02	21982.87693	138531801.3	121209294.3	22098.32166	3158.159894
2.80517E+11	HICKSVILLE UFSD 	2024	5442	836	25916382.24	31000.45722	162429005.6	136512623.3	25085.0098	4762.290011
2.80517E+11	HICKSVILLE UFSD	2025	5286	838	28401677.57	33892.21667	161948235.2	133546557.6	25264.19932	5372.999919
2.80518E+11	PLAINEDGE UFSD 	2019	2861	389	9289355	23880.08997	55320038	46030683	16089.01887	3246.890947
2.80518E+11	PLAINEDGE UFSD 	2020	2823	386	10786986.91	27945.56194	74365097.8	63578110.89	22521.47038	3821.107655
2.80518E+11	PLAINEDGE UFSD 	2021	2761	400	13155093.45	32887.73363	79747200.02	66592106.57	24118.83614	4764.611898
2.80518E+11	PLAINEDGE UFSD 	2022	2842	410	14386903	35090.00732	80806463	66419560	23370.71077	5062.245954
2.80518E+11	PLAINEDGE UFSD	2023	2881	406	14988577.99	36917.67978	85411916.86	70423338.87	24444.0607	5202.560913
2.80518E+11	PLAINEDGE UFSD 	2024	2940	464	17760058.38	38275.98789	93832237.04	76072178.66	25874.8907	6040.836184
2.80518E+11	PLAINEDGE UFSD	2025	2960	504	19477644.98	38646.12099	96597556.25	77119911.27	26054.02408	6580.285466
2.80521E+11	BETHPAGE UFSD 	2019	2956	376	10179084	27072.03191	77461162	67282078	22761.19012	3443.533153
2.80521E+11	BETHPAGE UFSD 	2020	2945	360	10339033	28719.53611	78781402	68442369	23240.19321	3510.707301
2.80521E+11	BETHPAGE UFSD 	2021	2913	364	10916111	29989.31593	79672547	68756436	23603.30793	3747.377618
2.80521E+11	BETHPAGE UFSD 	2022	2919	358	10697302	29880.73184	80500120	69802818	23913.26413	3664.714628
2.80521E+11	BETHPAGE UFSD	2023	2971	385	12141930	31537.48052	84747662	72605732	24438.14608	4086.815887
2.80521E+11	BETHPAGE UFSD 	2024	3063	408	12069514.08	29582.14235	95470851.2	83401337.12	27228.64418	3940.422488
2.80521E+11	BETHPAGE UFSD	2025	2957	378	12387602.02	32771.43392	98257206.63	85869604.61	29039.43342	4189.24654
2.80522E+11	FARMINGDALE UFSD 	2019	5703	902	16060539.41	17805.47606	144515347.3	128454807.9	22524.07644	2816.156305
2.80522E+11	FARMINGDALE UFSD 	2020	5521	926	17267224.22	18647.11039	145695820.3	128428596	23261.83591	3127.553744
2.80522E+11	FARMINGDALE UFSD 	2021	5314	923	17935004	19431.20693	148587389.3	130652385.3	24586.44811	3375.047798
2.80522E+11	FARMINGDALE UFSD 	2022	5246	957	19883786	20777.20585	155783439	135899653	25905.38563	3790.275639
2.80522E+11	FARMINGDALE UFSD	2023	5126	967	21156854.99	21878.85728	162004699.1	140847844.1	27477.14478	4127.361488
2.80522E+11	FARMINGDALE UFSD 	2024	5330	1026	39192011.77	38198.84188	185905456.4	146713444.6	27525.97459	7353.097893
2.80522E+11	FARMINGDALE UFSD	2025	5180	1065	34997750.68	32861.73773	190794482.5	155796731.8	30076.58916	6756.322525
2.80523E+11	MASSAPEQUA UFSD 	2019	6764	809	14422821	17827.96168	91434663	77011842	11385.54731	2132.291691
2.80523E+11	MASSAPEQUA UFSD 	2020	6713	858	26097362	30416.50583	170555533	144458171	21519.16744	3887.58558
2.80523E+11	MASSAPEQUA UFSD 	2021	6548	858	26792857	31227.10606	178061525	151268668	23101.50703	4091.761912
2.80523E+11	MASSAPEQUA UFSD 	2022	6488	912	29878311	32761.30592	183820026	153941715	23727.14473	4605.165074
2.80523E+11	MASSAPEQUA UFSD	2023	6477	954	30939713	32431.56499	189475679	158535966	24476.75868	4776.858577
2.80523E+11	MASSAPEQUA UFSD 	2024	6482	1020	41574932	40759.73725	214670805	173095873	26704.08408	6413.904968
2.80523E+11	MASSAPEQUA UFSD	2025	6460	1064	45619059	42875.05545	221643712	176024653	27248.3983	7061.773839
4.00301E+11	LEWISTON-PORTER CSD	2019	1980	340	5145915	15135.04412	36387985	31242070	15778.82323	2598.94697
4.00301E+11	LEWISTON-PORTER CSD	2020	1920	339	5385677.64	15886.95469	35884948.3	30499270.66	15885.0368	2805.040438
4.00301E+11	LEWISTON-PORTER CSD	2021	1860	329	3766389	11447.99088	36472533	32706144	17583.94839	2024.940323
4.00301E+11	LEWISTON-PORTER CSD	2022	1867	325	3861863	11882.65538	39662787	35800924	19175.64221	2068.485806
4.00301E+11	LEWISTON-PORTER CSD	2023	1836	297	4289043	14441.22222	42106029	37816986	20597.48693	2336.080065
4.00301E+11	LEWISTON-PORTER CSD	2024	1954	282	6423342.01	22777.80855	47075437.25	40652095.24	20804.55232	3287.278408
4.00301E+11	LEWISTON-PORTER CSD	2025	1909	302	8002894.31	26499.65003	45577630.33	37574736.02	19682.94186	4192.191886
4.004E+11	LOCKPORT CITY SD	2019	4570	833	8679759.58	10419.87945	76390956.32	67711196.74	14816.45443	1899.290937
4.004E+11	LOCKPORT CITY SD	2020	4328	779	8855230.74	11367.43356	78458900.58	69603669.84	16082.1788	2046.032981
4.004E+11	LOCKPORT CITY SD	2021	4179	730	8577016.78	11749.33805	78867141.64	70290124.86	16819.84323	2052.408897
4.004E+11	LOCKPORT CITY SD	2022	4140	707	9465600	13388.4017	87865718	78400118	18937.22657	2286.376812
4.004E+11	LOCKPORT CITY SD	2023	4131	705	10209684.83	14481.82245	92819387.25	82609702.42	19997.50724	2471.48023
4.004E+11	LOCKPORT CITY SD	2024	4182	768	7630823.67	9935.96832	110796137.9	103165314.3	24668.8939	1824.682848
4.004E+11	LOCKPORT CITY SD	2025	4064	824	11374943.28	13804.54282	112117821.6	100742878.3	24789.09408	2798.952579
4.00601E+11	NEWFANE CSD	2019	1469	239	3697950	15472.59414	29016646	25318696	17235.32743	2517.324711
4.00601E+11	NEWFANE CSD	2020	1366	252	5354905	21249.62302	27650785	22295880	16322.0205	3920.135432
4.00601E+11	NEWFANE CSD	2021	1305	237	6042111	25494.13924	28045062	22002951	16860.49885	4629.970115
4.00601E+11	NEWFANE CSD	2022	1314	231	6452537	27933.06061	29599968	23147431	17616.00533	4910.606545
4.00601E+11	NEWFANE CSD	2023	1273	220	7180228	32637.4	32272627	25092399	19711.23252	5640.399057
4.00601E+11	NEWFANE CSD	2024	1305	252	6124184	24302.31746	37367725	31243541	23941.41073	4692.861303
4.00601E+11	NEWFANE CSD	2025	1277	233	5988184	25700.36052	37354730	31366546	24562.68285	4689.259201
4.00701E+11	NIAGARA-WHEATFIELD CSD	2019	3518	486	8716300	17934.77366	61505133	52788833	15005.35333	2477.629335
4.00701E+11	NIAGARA-WHEATFIELD CSD	2020	3429	466	4351584	9338.16309	61242524	56890940	16591.11694	1269.053368
4.00701E+11	NIAGARA-WHEATFIELD CSD	2021	3314	487	7737612	15888.32033	64014405	56276793	16981.53078	2334.825588
4.00701E+11	NIAGARA-WHEATFIELD CSD	2022	3228	488	8029951	16454.81762	68697719	60667768	18794.228	2487.593247
4.00701E+11	NIAGARA-WHEATFIELD CSD	2023	3141	522	7416027	14206.94828	73015006	65598979	20884.74339	2361.040115
4.00701E+11	NIAGARA-WHEATFIELD CSD	2024	3251	547	12398436	22666.24497	77932780	65534344	20158.21101	3813.729929
4.00701E+11	NIAGARA-WHEATFIELD CSD	2025	3086	541	12994609.57	24019.61104	80039753.13	67045143.56	21725.58119	4210.826173
4.008E+11	NIAGARA FALLS CITY SD	2019	7015	1229	15221975	12385.65907	115833918	100611943	14342.401	2169.918033
4.008E+11	NIAGARA FALLS CITY SD	2020	7030	1402	14673387	10466.03923	117033340	102359953	14560.44851	2087.252774
4.008E+11	NIAGARA FALLS CITY SD	2021	6813	1321	15467573	11708.98789	118005853	102538280	15050.38603	2270.302803
4.008E+11	NIAGARA FALLS CITY SD	2022	6937	1358	16158955	11899.08321	133777765	117618810	16955.28471	2329.386622
4.008E+11	NIAGARA FALLS CITY SD	2023	6831	1423	18130348	12740.93324	141049910	122919562	17994.37301	2654.127946
4.008E+11	NIAGARA FALLS CITY SD	2024	6828	1602	21571889	13465.59863	168392167	146820278	21502.67692	3159.327622
4.008E+11	NIAGARA FALLS CITY SD	2025	6624	1611	23845771	14801.8442	173174081	149328310	22543.52506	3599.905042
4.009E+11	NORTH TONAWANDA CITY SD	2019	3404	714	10958783	15348.43557	57316279	46357496	13618.53584	3219.38396
4.009E+11	NORTH TONAWANDA CITY SD	2020	3184	666	12841345.08	19281.29892	55430588.38	42589243.3	13376.01862	4033.085766
4.009E+11	NORTH TONAWANDA CITY SD	2021	3101	618	11382371.87	18418.07746	57094311.05	45711939.18	14741.03166	3670.548813
4.009E+11	NORTH TONAWANDA CITY SD	2022	3103	591	6483697	10970.7225	58017250	51533553	16607.65485	2089.493071
4.009E+11	NORTH TONAWANDA CITY SD	2023	3102	559	7063026.64	12635.11027	59501741.43	52438714.79	16904.80812	2276.926705
4.009E+11	NORTH TONAWANDA CITY SD	2024	3246	533	10196053.04	19129.55542	71316403.78	61120350.74	18829.43646	3141.113075
4.009E+11	NORTH TONAWANDA CITY SD	2025	3125	537	10698896.38	19923.45695	71143186.02	60444289.64	19342.17268	3423.646842
4.01001E+11	STARPOINT CSD	2019	2878	324	3749806	11573.47531	42708296	38958490	13536.65393	1302.920778
4.01001E+11	STARPOINT CSD	2020	2911	330	4386293	13291.79697	43294122	38907829	13365.79492	1506.799382
4.01001E+11	STARPOINT CSD	2021	2927	345	4649239	13476.05507	45061233	40411994	13806.6259	1588.397335
4.01001E+11	STARPOINT CSD	2022	2876	345	4637093	13440.84928	50080301	45443208	15800.83727	1612.341099
4.01001E+11	STARPOINT CSD	2023	2902	373	3723465	9982.479893	52416698	48693233	16779.19814	1283.068573
4.01001E+11	STARPOINT CSD	2024	2899	386	8473494.14	21952.05736	63006156.53	54532662.39	18810.85284	2922.902428
4.01001E+11	STARPOINT CSD	2025	2870	405	8691052.38	21459.38859	64430956.59	55739904.21	19421.56941	3028.241247
4.01201E+11	ROYALTON-HARTLAND CSD	2019	1293	156	2910784.83	18658.87712	20190756.69	17279971.86	13364.24738	2251.18703
4.01201E+11	ROYALTON-HARTLAND CSD	2020	1271	170	3132187.99	18424.63524	20408098	17275910.01	13592.37609	2464.349323
4.01201E+11	ROYALTON-HARTLAND CSD	2021	1197	155	3221723	20785.30968	20909168	17687445	14776.4787	2691.497911
4.01201E+11	ROYALTON-HARTLAND CSD	2022	1199	177	3072861	17360.79661	22154744	19081883	15914.83153	2562.853211
4.01201E+11	ROYALTON-HARTLAND CSD	2023	1178	192	3458406.73	18012.53505	22704141.44	19245734.71	16337.63558	2935.829143
4.01201E+11	ROYALTON-HARTLAND CSD	2024	1151	216	4556443.11	21094.64403	27539690.77	22983247.66	19968.06921	3958.682111
4.01201E+11	ROYALTON-HARTLAND CSD	2025	1104	224	4755326.43	21229.13585	28207914.33	23452587.9	21243.28614	4307.360897
4.01301E+11	BARKER CSD	2019	761	82	2186639	26666.32927	14845355	12658716	16634.318	2873.375821
4.01301E+11	BARKER CSD	2020	735	89	1380627	15512.66292	14771430	13390803	18218.77959	1878.404082
4.01301E+11	BARKER CSD	2021	690	84	1145091	13632.03571	14681195	13536104	19617.54203	1659.552174
4.01301E+11	BARKER CSD	2022	671	91	1569463	17246.84615	16365308	14795845	22050.43964	2338.991058
4.01301E+11	BARKER CSD	2023	643	105	1117234	10640.32381	16713151	15595917	24254.92535	1737.533437
4.01301E+11	BARKER CSD	2024	656	116	2940019	25344.99138	19796308.06	16856289.06	25695.56259	4481.73628
4.01301E+11	BARKER CSD	2025	651	113	3315823.54	29343.57115	20306752.44	16990928.9	26099.73717	5093.430937
4.01501E+11	WILSON CSD	2019	1109	163	3757842	23054.2454	21945790	18187948	16400.3138	3388.495942
4.01501E+11	WILSON CSD	2020	1060	153	2445012.08	15980.47111	20830285.64	18385273.56	17344.5977	2306.61517
4.01501E+11	WILSON CSD	2021	1017	167	2636161	15785.39521	20769814	18133653	17830.53392	2592.095379
4.01501E+11	WILSON CSD	2022	994	157	2734372	17416.38217	22433287	19698915	19817.82193	2750.877264
4.01501E+11	WILSON CSD	2023	980	157	2389505	15219.77707	22731620	20342115	20757.2602	2438.270408
4.01501E+11	WILSON CSD	2024	983	157	4842694.43	30845.18745	26404645.68	21561951.25	21934.84359	4926.443978
4.01501E+11	WILSON CSD	2025	970	153	5283431.45	34532.2317	27201226	21917794.55	22595.66448	5446.836546
4.10401E+11	ADIRONDACK CSD	2019	1219	173	1521554.5	8795.112717	23008901.14	21487346.64	17627.0276	1248.198934
4.10401E+11	ADIRONDACK CSD	2020	1194	170	2405186.31	14148.15476	16732246.03	14327059.72	11999.2125	2014.393894
4.10401E+11	ADIRONDACK CSD	2021	1161	160	1620951.4	10130.94625	22405205.16	20784253.76	17902.02736	1396.168303
4.10401E+11	ADIRONDACK CSD	2022	1174	160	1630174	10188.5875	24823288	23193114	19755.63373	1388.563884
4.10401E+11	ADIRONDACK CSD	2023	1178	165	2969919	17999.50909	28950272	25980353	22054.62903	2521.15365
4.10401E+11	ADIRONDACK CSD	2024	1180	174	3500445.21	20117.50121	30204520.98	26704075.77	22630.57269	2966.478992
4.10401E+11	ADIRONDACK CSD	2025	1170	188	3782515	20119.76064	30685661.02	26903146.02	22994.1419	3232.918803
4.10601E+11	CAMDEN CSD	2019	2079	279	7972393	28574.8853	40739794	32767401	15761.13564	3834.724868
4.10601E+11	CAMDEN CSD	2020	2064	286	6751586	23606.94406	39258709	32507123	15749.5751	3271.117248
4.10601E+11	CAMDEN CSD	2021	1992	288	8105941	28145.62847	41195153	33089212	16611.0502	4069.24749
4.10601E+11	CAMDEN CSD	2022	2019	299	8291284	27730.04682	44118515	35827231	17745.03764	4106.629024
4.10601E+11	CAMDEN CSD	2023	1969	304	3271618	10761.90132	45441535	42169917	21416.92077	1661.56323
4.10601E+11	CAMDEN CSD	2024	2001	304	1730174.84	5691.364605	48599627.55	46869452.71	23423.01485	864.6550925
4.10601E+11	CAMDEN CSD	2025	2001	297	2102138.69	7077.908047	53716635.6	51614496.91	25794.35128	1050.544073
4.11101E+11	CLINTON CSD	2019	1302	137	2115673	15442.86861	21985458	19869785	15260.97158	1624.94086
4.11101E+11	CLINTON CSD	2020	1258	131	1579057	12053.87023	22110533	20531476	16320.72814	1255.212242
4.11101E+11	CLINTON CSD	2021	1244	122	1637703	13423.79508	22663896.94	21026193.94	16902.08516	1316.481511
4.11101E+11	CLINTON CSD	2022	1245	137	1257013	9175.277372	23896192	22639179	18184.07952	1009.648996
4.11101E+11	CLINTON CSD	2023	1214	137	1231499	8989.043796	26238861	25007362	20599.14498	1014.414333
4.11101E+11	CLINTON CSD	2024	1175	139	3109930.2	22373.59856	28850457.33	25740527.13	21906.8316	2646.749106
4.11101E+11	CLINTON CSD	2025	1184	138	2664380	19307.10145	29156356	26491976	22374.97973	2250.320946
4.11501E+11	NEW HARTFORD CSD	2019	2503	228	12702775.36	55713.92702	45974427.25	33271651.89	13292.7095	5075.02012
4.11501E+11	NEW HARTFORD CSD	2020	2553	226	7060698	31242.02655	45568295	38507597	15083.2734	2765.647474
4.11501E+11	NEW HARTFORD CSD	2021	2464	222	6748955.86	30400.70207	47977524.1	41228568.24	16732.37347	2739.024294
4.11501E+11	NEW HARTFORD CSD	2022	2500	228	7523426	32997.48246	47564741	40041315	16016.526	3009.3704
4.11501E+11	NEW HARTFORD CSD	2023	2549	227	7635068.76	33634.66414	48800461.05	41165392.29	16149.62428	2995.319247
4.11501E+11	NEW HARTFORD CSD	2024	2509	243	11288152	46453.30041	60968317	49680165	19800.78318	4499.064169
4.11501E+11	NEW HARTFORD CSD	2025	2467	249	10613993.6	42626.48032	62576367.85	51962374.25	21062.98105	4302.388974
4.11504E+11	NEW YORK MILLS UFSD 	2019	542	59	2077314.49	35208.72017	16820529.94	14743215.45	27201.50452	3832.683561
4.11504E+11	NEW YORK MILLS UFSD 	2020	541	0	2404560.73		12299216.7	9894655.97	18289.56741	4444.65939
4.11504E+11	NEW YORK MILLS UFSD 	2021	537	63	2606947.45	41380.11825	12669706.56	10062759.11	18738.84378	4854.650745
4.11504E+11	NEW YORK MILLS UFSD 	2022	517	63	2738319	43465.38095	13449314	10710995	20717.59188	5296.555126
4.11504E+11	NY MILLS UFSD	2023	547	57	2779150	48757.01754	13658340	10879190	19888.82998	5080.71298
4.11504E+11	NEW YORK MILLS UFSD 	2024	567	70	3294046	47057.8	12549306	9255260	16323.20988	5809.604938
4.11504E+11	NY MILLS UFSD	2025	521	57	3123701	54801.77193	12692913	9569212	18367.0096	5995.587332
4.11603E+11	SAUQUOIT VALLEY CSD	2019	1002	124	3308060.73	26677.90911	18341210.94	15033150.21	15003.14392	3301.457814
4.11603E+11	SAUQUOIT VALLEY CSD	2020	943	108	3995913.64	36999.20037	16163404.51	12167490.87	12902.95957	4237.448187
4.11603E+11	SAUQUOIT VALLEY CSD	2021	913	105	1361561	12967.24762	16289764	14928203	16350.71522	1491.304491
4.11603E+11	SAUQUOIT VALLEY CSD	2022	932	117	1156516	9884.752137	17326411	16169895	17349.67275	1240.896996
4.11603E+11	SAUQUOIT VALLEY CSD	2023	922	109	1113002	10211.02752	18096711	16983709	18420.50868	1207.160521
4.11603E+11	SAUQUOIT VALLEY CSD	2024	952	107	3565935.83	33326.50308	22286310.99	18720375.16	19664.25962	3745.730914
4.11603E+11	SAUQUOIT VALLEY CSD	2025	883	104	3213496	30899	22490597	19277101	21831.37146	3639.293318
4.11701E+11	REMSEN CSD	2019	415	57	1932082	33896.17544	10848090	8916008	21484.35663	4655.619277
4.11701E+11	REMSEN CSD	2020	423	62	843597	13606.40323	11106792	10263195	24262.87234	1994.319149
4.11701E+11	REMSEN CSD	2021	429	54	1049832	19441.33333	10824529	9774697	22784.84149	2447.160839
4.11701E+11	REMSEN CSD	2022	425	54	978334	18117.2963	12509142	11530808	27131.31294	2301.962353
4.11701E+11	REMSEN CSD	2023	407	46	943878	20519.08696	12086402	11142524	27377.20885	2319.110565
4.11701E+11	REMSEN CSD	2024	403	51	1324328	25967.21569	12963559	11639231	28881.4665	3286.173697
4.11701E+11	REMSEN CSD	2025	405	54	1629974.77	30184.71796	13002777	11372802.23	28080.99316	4024.629062
4.118E+11	ROME CITY SD	2019	5808	1003	13448899	13408.67298	100894274	87445375	15056.02187	2315.581784
4.118E+11	ROME CITY SD	2020	5442	1069	12966689.19	12129.73732	96997475.25	84030786.06	15441.15878	2382.706577
4.118E+11	ROME CITY SD	2021	5323	1082	10037597.12	9276.891978	96571818.55	86534221.43	16256.6638	1885.70301
4.118E+11	ROME CITY SD	2022	5231	1097	11644753	10615.08933	102787924	91143171	17423.66106	2226.104569
4.118E+11	ROME CITY SD	2023	5234	1097	12737219.68	11610.95686	114360142.9	101622923.3	19415.91961	2433.553626
4.118E+11	ROME CITY SD	2024	5228	1168	20256917.27	17343.25109	131959532.8	111702615.6	21366.22333	3874.697259
4.118E+11	ROME CITY SD	2025	5190	1238	22608844.84	18262.39486	142268875.3	119660030.4	23055.88255	4356.232146
4.11902E+11	WATERVILLE CSD	2019	780	86	809039	9407.430233	15748164	14939125	19152.72436	1037.229487
4.11902E+11	WATERVILLE CSD	2020	741	96	1162646	12110.89583	14150953	12988307	17528.07962	1569.022942
4.11902E+11	WATERVILLE CSD	2021	698	100	2097577	20975.77	14564459	12466882	17860.86246	3005.124642
4.11902E+11	WATERVILLE CSD	2022	721	94	738083	7851.946809	13628520	12890437	17878.5534	1023.693481
4.11902E+11	WATERVILLE CSD	2023	708	84	2912847	34676.75	17507252	14594405	20613.56638	4114.190678
4.11902E+11	WATERVILLE CSD	2024	738	90	2971377.93	33015.31033	19605879.99	16634502.06	22539.97569	4026.257358
4.11902E+11	WATERVILLE CSD	2025	764	121	3474285.98	28713.10727	20997414.19	17523128.21	22936.03169	4547.494738
4.12E+11	SHERRILL CITY SD	2019	1913	214	3356196	15683.15888	31135502	27779306	14521.33089	1754.415055
4.12E+11	SHERRILL CITY SD	2020	1881	218	2283894.68	10476.5811	31852471.8	29568577.12	15719.60506	1214.191749
4.12E+11	SHERRILL CITY SD	2021	1822	214	2844665	13292.8271	32070707	29226042	16040.63776	1561.287047
4.12E+11	SHERRILL CITY SD	2022	1807	228	2388841	10477.37281	35601501	33212660	18380	1321.992806
4.12E+11	SHERRILL CITY SD	2023	1806	237	2515150	10612.44726	38074097	35558947	19689.33942	1392.663344
4.12E+11	SHERRILL CITY SD	2024	1817	276	3025502.87	10961.96692	40089069.32	37063566.45	20398.22039	1665.108899
4.12E+11	SHERRILL CITY SD	2025	1822	272	2080569.96	7649.154265	44650758.14	42570188.18	23364.53797	1141.915456
4.12201E+11	HOLLAND PATENT CSD	2019	1336	188	1563635.9	8317.212234	24609989.91	23046354.01	17250.26498	1170.386153
4.12201E+11	HOLLAND PATENT CSD	2020	1316	183	1842561.42	10068.64164	24255174.4	22412612.98	17030.86093	1400.12266
4.12201E+11	HOLLAND PATENT CSD	2021	1235	175	1889484.8	10797.056	25271461.06	23381976.26	18932.7743	1529.947206
4.12201E+11	HOLLAND PATENT CSD	2022	1232	152	1968154	12948.38158	26706988	24738834	20080.2224	1597.527597
4.12201E+11	HOLLAND PATENT CSD	2023	1246	149	2595865.87	17421.91859	28932974.9	26337109.03	21137.32667	2083.359446
4.12201E+11	HOLLAND PATENT CSD	2024	1241	142	2695275.75	18980.81514	33417654.61	30722378.86	24756.14735	2171.857977
4.12201E+11	HOLLAND PATENT CSD	2025	1215	147	2529882.53	17210.08524	34682698.67	32152816.14	26463.22316	2082.207844
4.123E+11	UTICA CITY SD	2019	10510	1619	21999444	13588.29154	148793066	126793622	12064.09343	2093.191627
4.123E+11	UTICA CITY SD	2020	9738	1678	15197324	9056.808105	147784786	132587462	13615.47155	1560.620661
4.123E+11	UTICA CITY SD	2021	9316	1617	15867871	9813.154607	148764450	132896579	14265.41209	1703.292293
4.123E+11	UTICA CITY SD	2022	9257	1680	18815500	11199.70238	158901042	140085542	15132.93097	2032.569947
4.123E+11	UTICA CITY SD	2023	9073	1744	13556562.77	7773.258469	181038956.8	167482394.1	18459.42842	1494.165411
4.123E+11	UTICA CITY SD	2024	9435	1738	22716654.58	13070.57226	222248940	199532285.4	21148.09596	2407.700538
4.123E+11	UTICA CITY SD	2025	9071	1751	17510772.24	10000.44103	244316849.1	226806076.9	25003.42596	1930.41255
4.12801E+11	WESTMORELAND CSD	2019	899	107	2034514	19014.14953	18133233	16098719	17907.36263	2263.085651
4.12801E+11	WESTMORELAND CSD	2020	853	108	1419472	13143.25926	17894077	16474605	19313.72216	1664.093787
4.12801E+11	WESTMORELAND CSD	2021	846	112	2591211	23135.8125	18308871.61	15717660.61	18578.79505	3062.897163
4.12801E+11	WESTMORELAND CSD	2022	821	121	2045630	16906.03306	19497996	17452366	21257.44945	2491.632156
4.12801E+11	WESTMORELAND CSD	2023	820	123	2191214	17814.74797	20821186	18629972	22719.47805	2672.212195
4.12801E+11	WESTMORELAND CSD	2024	836	117	3219021.68	27513.00581	23396112.78	20177091.1	24135.27644	3850.504402
4.12801E+11	WESTMORELAND CSD	2025	775	113	3036805.42	26874.38425	23005707.98	19968902.56	25766.32588	3918.458606
4.12901E+11	ORISKANY CSD	2019	620	56	673291.85	12023.06875	11424761.81	10751469.96	17341.08058	1085.954597
4.12901E+11	ORISKANY CSD	2020	593	62	966172	15583.41935	12038949	11072777	18672.47386	1629.29511
4.12901E+11	ORISKANY CSD	2021	567	65	883471.33	13591.86662	12010518.66	11127047.33	19624.4221	1558.150494
4.12901E+11	ORISKANY CSD	2022	554	67	1007478	15036.98507	12334112	11326634	20445.18773	1818.552347
4.12901E+11	ORISKANY CSD	2023	547	52	935320.97	17986.94173	12570691.51	11635370.54	21271.24413	1709.910366
4.12901E+11	ORISKANY CSD	2024	564	59	2840069.94	48136.77864	14649256.45	11809186.51	20938.27395	5035.585
4.12901E+11	ORISKANY CSD	2025	564	75	2669948.05	35599.30733	14908679.64	12238731.59	21699.87871	4733.950443
4.12902E+11	WHITESBORO CSD	2019	3167	497	8389474	16880.22938	52392088	44002614	13894.09978	2649.028734
4.12902E+11	WHITESBORO CSD	2020	3143	497	9026956	18162.88934	55061182	46034226	14646.58797	2872.082724
4.12902E+11	WHITESBORO CSD	2021	3075	499	9251038	18539.15431	56062040	46811002	15223.09008	3008.467642
4.12902E+11	WHITESBORO CSD	2022	3040	501	9250481	18464.03393	58489974	49239493	16197.20164	3042.921382
4.12902E+11	WHITESBORO CSD	2023	2980	503	10047026	19974.20676	62027895	51980869	17443.24463	3371.485235
4.12902E+11	WHITESBORO CSD	2024	2937	498	10934177	21956.17871	76117243	65183066	22193.75758	3722.906708
4.12902E+11	WHITESBORO CSD	2025	2898	483	11312960	23422.27743	75498949	64185989	22148.3744	3903.712905
4.20101E+11	WEST GENESEE CSD	2019	4499	652	10968559.87	16822.94459	70704634.17	59736074.3	13277.63376	2437.999527
4.20101E+11	WEST GENESEE CSD	2020	4483	672	12955701.71	19279.31802	73304226.82	60348525.11	13461.63844	2889.96246
4.20101E+11	WEST GENESEE CSD	2021	4349	689	11568384.43	16790.10803	73987077.82	62418693.39	14352.42433	2660.010216
4.20101E+11	WEST GENESEE CSD	2022	4313	686	9814988	14307.56268	75668796	65853808	15268.67795	2275.6754
4.20101E+11	WEST GENESEE CSD	2023	4408	681	10544602.47	15483.99775	81065823.97	70521221.5	15998.46223	2392.151196
4.20101E+11	WEST GENESEE CSD	2024	4577	689	11478409	16659.51959	95747679.45	84269270.45	18411.46394	2507.845532
4.20101E+11	WEST GENESEE CSD	2025	4544	695	10070727.36	14490.25519	107643121.8	97572394.46	21472.79808	2216.269225
4.20303E+11	NORTH SYRACUSE CSD	2019	8826	1282	11179252.48	8720.165741	136516845.2	125337592.8	14200.95091	1266.627292
4.20303E+11	NORTH SYRACUSE CSD	2020	8389	1436	19109887.85	13307.72134	133042761.8	113932873.9	13581.2223	2277.969704
4.20303E+11	NORTH SYRACUSE CSD	2021	8041	1304	27823759.74	21337.23906	136740241.6	108916481.8	13545.14138	3460.236257
4.20303E+11	NORTH SYRACUSE CSD	2022	7869	1256	19426226	15466.74045	154961750	135535524	17223.98323	2468.703266
4.20303E+11	NORTH SYRACUSE CSD	2023	7875	1276	21045995.29	16493.72672	165933314.1	144887318.8	18398.38969	2672.507338
4.20303E+11	NORTH SYRACUSE CSD	2024	7978	1471	13650522.36	9279.756873	190197598.8	176547076.5	22129.23997	1711.020602
4.20303E+11	NORTH SYRACUSE CSD	2025	7629	1565	16471026.95	10524.61786	203248393.9	186777366.9	24482.54908	2159.002091
4.20401E+11	EAST SYRACUSE-MINOA CSD	2019	3419	558	8870509.5	15896.97043	68412990.55	59542481.05	17415.17433	2594.474846
4.20401E+11	EAST SYRACUSE-MINOA CSD	2020	3410	608	8128404.64	13369.08658	68627639.27	60499234.63	17741.71104	2383.696375
4.20401E+11	EAST SYRACUSE-MINOA CSD	2021	3359	580	8234030.24	14196.60386	70173852.11	61939821.87	18439.95888	2451.333802
4.20401E+11	EAST SYRACUSE-MINOA CSD	2022	3405	588	8651207	14712.93707	73466810	64815603	19035.41938	2540.73627
4.20401E+11	EAST SYRACUSE MINOA CSD	2023	3422	625	7674555.1	12279.28816	75249851.77	67575296.67	19747.31054	2242.710432
4.20401E+11	EAST SYRACUSE-MINOA CSD	2024	3415	703	8146537.24	11588.24643	88177782.48	80031245.24	23435.2109	2385.516029
4.20401E+11	EAST SYRACUSE MINOA CSD	2025	3403	701	8265573.84	11791.11817	92871677.82	84606103.98	24862.21098	2428.907975
4.20411E+11	JAMESVILLE-DEWITT CSD	2019	2717	312	4701901.35	15070.19663	48045724.94	43343823.59	15952.82429	1730.548896
4.20411E+11	JAMESVILLE-DEWITT CSD	2020	2693	290	5347345.73	18439.12321	49587935.83	44240590.1	16427.99484	1985.646391
4.20411E+11	JAMESVILLE-DEWITT CSD	2021	2600	288	5338742.85	18537.30156	51730397.73	46391654.88	17842.94418	2053.362635
4.20411E+11	JAMESVILLE-DEWITT CSD	2022	2529	282	5491886	19474.77305	54443647	48951761	19356.1728	2171.564255
4.20411E+11	JAMESVILLE-DEWITT CSD	2023	2511	282	9407196	33358.85106	57250266	47843070	19053.39307	3746.394265
4.20411E+11	JAMESVILLE-DEWITT CSD	2024	2492	307	8379827.57	27295.85528	65468653.92	57088826.35	22908.83882	3362.691641
4.20411E+11	JAMESVILLE-DEWITT CSD	2025	2430	344	10150180.65	29506.3391	68794556.95	58644376.3	24133.48819	4177.029074
4.20501E+11	JORDAN-ELBRIDGE CSD	2019	1295	164	1459091.1	8896.896951	23782790.78	22323699.68	17238.37813	1126.711274
4.20501E+11	JORDAN-ELBRIDGE CSD	2020	1252	209	1702001.17	8143.546268	23372959.89	21670958.72	17309.07246	1359.425855
4.20501E+11	JORDAN-ELBRIDGE CSD	2021	1183	166	2929986.09	17650.51861	25270678.32	22340692.23	18884.77788	2476.742257
4.20501E+11	JORDAN-ELBRIDGE CSD	2022	1238	195	1879771	9639.851282	25257288	23377517	18883.29321	1518.393376
4.20501E+11	JORDAN-ELBRIDGE CSD	2023	1198	194	2103730	10843.96907	26772143	24668413	20591.32972	1756.035058
4.20501E+11	JORDAN-ELBRIDGE CSD	2024	1144	252	0	0	29416724.39	29416724.39	25713.91992	0
4.20501E+11	JORDAN-ELBRIDGE CSD	2025	1143	259	0	0	32712713.27	32712713.27	28620.04661	0
4.20601E+11	FABIUS-POMPEY CSD	2019	607	57	1486274	26074.98246	14567370	13081096	21550.40527	2448.556837
4.20601E+11	FABIUS-POMPEY CSD	2020	611	51	621183	12180.05882	14284333	13663150	22361.94763	1016.666121
4.20601E+11	FABIUS-POMPEY CSD	2021	595	55	1181189.47	21476.17218	14664874.39	13483684.92	22661.65533	1985.192387
4.20601E+11	FABIUS-POMPEY CSD	2022	637	55	1599233	29076.96364	15598502	13999269	21976.87441	2510.569859
4.20601E+11	FABIUS-POMPEY CSD	2023	630	57	1449338.18	25426.98561	16365300.02	14915961.84	23676.1299	2300.536794
4.20601E+11	FABIUS-POMPEY CSD	2024	644	72	1990566	27646.75	20379919.96	18389353.96	28554.89745	3090.940994
4.20601E+11	FABIUS-POMPEY CSD	2025	641	80	2045698.9	25571.23625	21147116.01	19101417.11	29799.40267	3191.417941
4.20701E+11	WESTHILL CSD	2019	1735	165	2919748	17695.44242	27972139	25052391	14439.41844	1682.851873
4.20701E+11	WESTHILL CSD	2020	1778	192	4919925.95	25624.61432	30589666.08	25669740.13	14437.42415	2767.112458
4.20701E+11	WESTHILL CSD	2021	1697	201	5154678.82	25645.16826	31064162.27	25909483.45	15267.81582	3037.524349
4.20701E+11	WESTHILL CSD	2022	1715	220	5327929	24217.85909	32862878	27534949	16055.36385	3106.66414
4.20701E+11	WESTHILL CSD	2023	1721	213	5522865.01	25928.94371	34846124.51	29323259.5	17038.50058	3209.102272
4.20701E+11	WESTHILL CSD	2024	1778	231	5707255.42	24706.73342	40131269.01	34424013.59	19361.08751	3209.929933
4.20701E+11	WESTHILL CSD	2025	1716	245	6204342	25323.8449	42076169	35871827	20904.32809	3615.583916
4.20702E+11	SOLVAY UFSD 	2019	1452	217	3344652	15413.14286	27180365	23835713	16415.7803	2303.479339
4.20702E+11	SOLVAY UFSD 	2020	1452	243	3996559	16446.74486	27313971.47	23317412.47	16058.82402	2752.451102
4.20702E+11	SOLVAY UFSD 	2021	1397	236	4126498	17485.16102	27189704.69	23063206.69	16509.0957	2953.828203
4.20702E+11	SOLVAY UFSD 	2022	1364	221	3396627	15369.35294	29688531	26291904	19275.58944	2490.195748
4.20702E+11	SOLVAY UFSD	2023	1342	234	3466584	14814.46154	32230598.53	28764014.53	21433.6919	2583.147541
4.20702E+11	SOLVAY UFSD 	2024	1338	250	5714410.96	22857.64384	38656872.23	32942461.27	24620.67359	4270.860209
4.20702E+11	SOLVAY UFSD	2025	1284	218	5656829.53	25948.75931	40771802.1	35114972.57	27348.10948	4405.630475
4.20807E+11	LAFAYETTE CSD	2019	847	134	1885793.46	14073.08552	19828034.11	17942240.65	21183.28294	2226.43856
4.20807E+11	LAFAYETTE CSD	2020	827	140	2968631.39	21204.50993	20776633.08	17808001.69	21533.25476	3589.638924
4.20807E+11	LAFAYETTE CSD	2021	796	125	2810952.23	22487.61784	20708813.94	17897861.71	22484.75089	3531.347023
4.20807E+11	LAFAYETTE CSD	2022	806	113	1697521	15022.30973	22071605	20374084	25278.01985	2106.105459
4.20807E+11	LAFAYETTE CSD	2023	783	107	1596759.74	14922.98822	23491173.48	21894413.74	27962.21423	2039.28447
4.20807E+11	LAFAYETTE CSD	2024	777	123	1643549.68	13362.19252	25286826.52	23643276.84	30428.92772	2115.250553
4.20807E+11	LAFAYETTE CSD	2025	756	150	1833255	12221.7	26750942	24917687	32959.90344	2424.940476
4.20901E+11	BALDWINSVILLE CSD	2019	5482	847	12739912.93	15041.21952	87732184.61	74992271.68	13679.72851	2323.953471
4.20901E+11	BALDWINSVILLE CSD	2020	5390	775	9203787.41	11875.85472	89211867.04	80008079.63	14843.79956	1707.567237
4.20901E+11	BALDWINSVILLE CSD	2021	5342	796	7728502.85	9709.174435	89504340.47	81775837.62	15308.0939	1446.743326
4.20901E+11	BALDWINSVILLE CSD	2022	5354	806	9584564	11891.51861	89297979	79713415	14888.5721	1790.168846
4.20901E+11	BALDWINSVILLE CSD	2023	5444	788	10121686.9	12844.78033	97697587.63	87575900.73	16086.68272	1859.237123
4.20901E+11	BALDWINSVILLE CSD	2024	5426	871	10921307.62	12538.81472	106321074.2	95399766.57	17581.96951	2012.773244
4.20901E+11	BALDWINSVILLE CSD	2025	5400	902	18413556.27	20414.14221	126018101.4	107604545.2	19926.76762	3409.917828
4.21001E+11	FAYETTEVILLE-MANLIUS CSD	2019	4183	391	8049385	20586.6624	16964545	8915160	2131.283768	1924.309108
4.21001E+11	FAYETTEVILLE-MANLIUS CSD	2020	4203	399	7078093	17739.58145	73748364	66670271	15862.54366	1684.05734
4.21001E+11	FAYETTEVILLE-MANLIUS CSD	2021	4051	413	6778847	16413.67312	76220830	69441983	17141.93607	1673.376203
4.21001E+11	FAYETTEVILLE-MANLIUS CSD	2022	4100	447	7044247	15758.94183	82288875	75244628	18352.34829	1718.109024
4.21001E+11	FAYETTEVILLE-MANLIUS CSD	2023	4121	445	10206283	22935.46742	84352269	74145986	17992.2315	2476.652026
4.21001E+11	FAYETTEVILLE-MANLIUS CSD	2024	4235	445	10356603	23273.26517	96842061	86485458	20421.59575	2445.478867
4.21001E+11	FAYETTEVILLE-MANLIUS CSD	2025	4104	443	10268161.99	23178.69524	101425194.1	91157032.09	22211.75246	2501.988789
4.21101E+11	MARCELLUS CSD	2019	1543	194	2811072	14490.06186	29831864	27020792	17511.85483	1821.822424
4.21101E+11	MARCELLUS CSD	2020	1505	182	3458342	19001.87912	29447182	25988840	17268.33223	2297.901661
4.21101E+11	MARCELLUS CSD	2021	1441	189	3247526	17182.67725	28834187	25586661	17756.1839	2253.661346
4.21101E+11	MARCELLUS CSD	2022	1433	174	3097385	17801.06322	30996695	27899310	19469.1626	2161.468946
4.21101E+11	MARCELLUS CSD	2023	1407	191	3554204	18608.39791	32419250	28865046	20515.31343	2526.086709
4.21101E+11	MARCELLUS CSD	2024	1397	192	4055601.89	21122.92651	36723031.03	32667429.14	23383.9865	2903.079377
4.21101E+11	MARCELLUS CSD	2025	1407	211	4376230.73	20740.43	37642361.98	33266131.25	23643.30579	3110.327456
4.21201E+11	ONONDAGA CSD	2019	855	123	1039284	8449.463415	15647288.9	14608004.9	17085.38585	1215.536842
4.21201E+11	ONONDAGA CSD	2020	829	125	1021354.25	8170.834	15767612.23	14746257.98	17788.00721	1232.031665
4.21201E+11	ONONDAGA CSD	2021	818	111	1075669.42	9690.715495	15556289.23	14480619.81	17702.46921	1314.999291
4.21201E+11	ONONDAGA CSD	2022	808	110	1335048	12136.8	16857593	15522545	19211.07054	1652.287129
4.21201E+11	ONONDAGA CSD	2023	776	115	1369352.16	11907.41009	17496914.96	16127562.8	20782.94175	1764.629072
4.21201E+11	ONONDAGA CSD	2024	767	116	1462979.2	12611.88966	20268450.53	18805471.33	24518.21555	1907.404433
4.21201E+11	ONONDAGA CSD	2025	770	97	1409360.95	14529.49433	20593737.72	19184376.77	24914.77503	1830.338896
4.21501E+11	LIVERPOOL CSD	2019	7104	1351	15779675.09	11679.99637	128212779.9	112433104.8	15826.73209	2221.238048
4.21501E+11	LIVERPOOL CSD	2020	6927	1375	16422729.31	11943.80313	125860402.4	109437673.1	15798.71129	2370.828542
4.21501E+11	LIVERPOOL CSD	2021	6810	1408	16501391.33	11719.73816	129550566.1	113049174.8	16600.46619	2423.111796
4.21501E+11	LIVERPOOL CSD	2022	6705	1385	19529214	14100.51552	141551800	122022586	18198.74512	2912.634452
4.21501E+11	LIVERPOOL CSD	2023	6704	1383	20539270.52	14851.24405	153229433.9	132690163.3	19792.68546	3063.733669
4.21501E+11	LIVERPOOL CSD	2024	6850	1362	19148596.23	14059.17491	167956803	148808206.8	21723.82581	2795.415508
4.21501E+11	LIVERPOOL CSD	2025	6627	1339	22519793.21	16818.36685	178414579.3	155894786.1	23524.18683	3398.188201
4.21504E+11	LYNCOURT UFSD 	2019	402	71	1757257	24750.09859	8303091	6545834	16283.16915	4371.28607
4.21504E+11	LYNCOURT UFSD 	2020	409	87	1747458	20085.72414	8321701	6574243	16073.94377	4272.513447
4.21504E+11	LYNCOURT UFSD 	2021	391	80	1731593	21644.9125	8578996	6847403	17512.53964	4428.626598
4.21504E+11	LYNCOURT UFSD 	2022	403	84	1546763	18413.84524	9731805	8185042	20310.27792	3838.121588
4.21504E+11	LYNCOURT UFSD	2023	406	77	1571537	20409.57143	10471621	8900084	21921.38916	3870.780788
4.21504E+11	LYNCOURT UFSD 	2024	434	99	1726030.19	17434.64838	12246968.5	10520938.31	24241.79334	3977.028088
4.21504E+11	LYNCOURT UFSD	2025	430	110	2187793	19889.02727	12900341	10712548	24912.90233	5087.890698
4.21601E+11	SKANEATELES CSD	2019	1317	101	2094157.69	20734.23455	26241169.11	24147011.42	18334.86061	1590.096955
4.21601E+11	SKANEATELES CSD	2020	1283	100	1783942.29	17839.4229	24962962.29	23179020	18066.26656	1390.446056
4.21601E+11	SKANEATELES CSD	2021	1265	100	2290719	22907.19	26287453	23996734	18969.7502	1810.845059
4.21601E+11	SKANEATELES CSD	2022	1240	105	1850463	17623.45714	27365557	25515094	20576.68871	1492.308871
4.21601E+11	SKANEATELES CSD	2023	1254	108	1912541	17708.71296	29491435	27578894	21992.73844	1525.152313
4.21601E+11	SKANEATELES CSD	2024	1228	115	1957395	17020.82609	33294751	31337356	25519.01954	1593.96987
4.21601E+11	SKANEATELES CSD	2025	1212	122	2091607	17144.31967	34606893	32515286	26827.79373	1725.74835
4.218E+11	SYRACUSE CITY SD	2019	21273	4022	59784057.63	14864.26097	393820036.9	334035979.3	15702.34472	2810.325654
4.218E+11	SYRACUSE CITY SD	2020	20032	4210	59966628	14243.85463	381216701	321250073	16036.8447	2993.541733
4.218E+11	SYRACUSE CITY SD	2021	19099	3814	60158798	15773.15102	375612765	315453967	16516.77926	3149.840201
4.218E+11	SYRACUSE CITY SD	2022	18713	3798	59114922	15564.75039	406199271	347084349	18547.76621	3159.029659
4.218E+11	SYRACUSE CITY SD	2023	18320	3734	6570282	1759.582753	432986722	426416440	23276.00655	358.6398472
4.218E+11	SYRACUSE CITY SD	2024	18556	4130	66384916	16073.82954	507775649	441390733	23786.95479	3577.544514
4.218E+11	SYRACUSE CITY SD	2025	18589	4152	58580388	14108.95665	549100244	490519856	26387.64086	3151.346926
4.21902E+11	TULLY CSD	2019	800	108	1546139	14316.10185	16500110	14953971	18692.46375	1932.67375
4.21902E+11	TULLY CSD	2020	771	99	1337399	13509.08081	15147421	13810022	17911.83139	1734.629053
4.21902E+11	TULLY CSD	2021	738	81	1035115	12779.19753	15937263	14902148	20192.61247	1402.594851
4.21902E+11	TULLY CSD	2022	733	74	1366641	18468.12162	16714568	15347927	20938.50887	1864.44884
4.21902E+11	TULLY CSD	2023	743	78	1402960	17986.66667	17618542	16215582	21824.47106	1888.236878
4.21902E+11	TULLY CSD	2024	740	90	2283001	25366.67778	20270817	17987816	24307.85946	3085.136486
4.21902E+11	TULLY CSD	2025	738	87	3177141.9	36518.87241	20590170.99	17413029.09	23594.89037	4305.070325
4.303E+11	CANANDAIGUA CITY SD	2019	3470	528	6011765.45	11385.91941	57634938.73	51623173.28	14876.99518	1732.497248
4.303E+11	CANANDAIGUA CITY SD	2020	3435	544	9467340.08	17403.19868	60726850.96	51259510.88	14922.71059	2756.139761
4.303E+11	CANANDAIGUA CITY SD	2021	3277	534	8475869.5	15872.41479	60643615.12	52167745.62	15919.36088	2586.472231
4.303E+11	CANANDAIGUA CITY SD	2022	3289	557	9611692	17256.17953	64493703	54882011	16686.5342	2922.37519
4.303E+11	CANANDAIGUA CITY SD	2023	3232	570	9991381.7	17528.73982	67833664.22	57842282.52	17896.74583	3091.392853
4.303E+11	CANANDAIGUA CITY SD	2024	3259	563	14317501.31	25430.73057	78393670.79	64076169.48	19661.29778	4393.219181
4.303E+11	CANANDAIGUA CITY SD	2025	3117	547	15284034.04	27941.56132	81450102.3	66166068.26	21227.4842	4903.443709
4.30501E+11	EAST BLOOMFIELD CSD	2019	872	96	1280576.96	13339.34333	14481394.64	13200817.68	15138.55239	1468.55156
4.30501E+11	EAST BLOOMFIELD CSD	2020	852	121	3450301	28514.8843	16579411.36	13129110.36	15409.75394	4049.649061
4.30501E+11	EAST BLOOMFIELD CSD	2021	836	113	3391829	30016.18584	16568688	13176859	15761.79306	4057.211722
4.30501E+11	EAST BLOOMFIELD CSD	2022	791	103	3333497	32364.04854	18236386	14902889	18840.56764	4214.281922
4.30501E+11	EAST BLOOMFIELD CSD	2023	789	110	3226116	29328.32727	18993887	15767771	19984.50063	4088.86692
4.30501E+11	EAST BLOOMFIELD CSD	2024	755	101	3434941	34009.31683	21115306	17680365	23417.70199	4549.590728
4.30501E+11	EAST BLOOMFIELD CSD	2025	737	104	3947397	37955.74038	22207818	18260421	24776.69064	5356.033921
4.307E+11	GENEVA CITY SD	2019	2248	284	8297975.94	29218.22514	41060823.78	32762847.84	14574.22057	3691.270436
4.307E+11	GENEVA CITY SD	2020	2101	278	3123607.09	11235.99673	42399836.19	39276229.1	18694.0643	1486.723984
4.307E+11	GENEVA CITY SD	2021	2033	271	2725042.54	10055.50753	42770113.17	40045070.63	19697.52613	1340.404594
4.307E+11	GENEVA CITY SD	2022	2065	290	3113881	10737.52069	43894925	40781044	19748.68959	1507.932688
4.307E+11	GENEVA CITY SD	2023	2029	302	10925855.29	36178.32877	50749897.55	39824042.26	19627.42349	5384.847358
4.307E+11	GENEVA CITY SD	2024	2082	315	3565033.28	11317.56597	53292642.25	49727608.97	23884.53841	1712.311854
4.307E+11	GENEVA CITY SD	2025	1964	331	3499680	10573.05136	52826834.08	49327154.08	25115.6589	1781.91446
4.30901E+11	GORHAM-MIDDLESEX CSD (MARCUS WHITMAN)	2019	1185	210	4860896	23147.12381	23352980	18492084	15605.13418	4102.021941
4.30901E+11	GORHAM-MIDDLESEX CSD (MARCUS WHITMAN)	2020	1170	195	3487266	17883.41538	23204940	19717674	16852.71282	2980.569231
4.30901E+11	GORHAM-MIDDLESEX CSD (MARCUS WHITMAN)	2021	1097	185	3622529	19581.23784	23731744	20109215	18331.09845	3302.214221
4.30901E+11	GORHAM-MIDDLESEX CSD (MARCUS WHITMAN)	2022	1108	202	6696640	33151.68317	29566704	22870064	20640.85199	6043.898917
4.30901E+11	GORHAM-MIDDLESEX CSD (MARCUS WHITMAN	2023	1101	204	2544829.05	12474.65221	27119243.17	24574414.12	22320.08549	2311.3797
4.30901E+11	GORHAM-MIDDLESEX CSD (MARCUS WHITMAN)	2024	1061	221	3567799.5	16143.88914	33713448.15	30145648.65	28412.48695	3362.676249
4.30901E+11	GORHAM-MIDDLESEX CSD (MARCUS WHITMAN	2025	1039	231	3592124.2	15550.32121	33545772.96	29953648.76	28829.30583	3457.289894
4.31101E+11	MANCHESTER-SHORTSVILLE CSD (RED JACKET)	2019	819	90	1069846.79	11887.18656	13345526.22	12275679.43	14988.61957	1306.284237
4.31101E+11	MANCHESTER-SHORTSVILLE CSD (RED JACKET)	2020	799	98	2347504.43	23954.12684	14994474.97	12646970.54	15828.4988	2938.053104
4.31101E+11	MANCHESTER-SHORTSVILLE CSD (RED JACKET)	2021	783	97	5331123	54960.03093	15061146	9730023	12426.59387	6808.586207
4.31101E+11	MANCHESTER-SHORTSVILLE CSD (RED JACKET)	2022	750	96	1202805	12529.21875	15222336	14019531	18692.708	1603.74
4.31101E+11	MANCHESTER-SHORTSVILLE CSD (RED JACK	2023	709	89	1188730.12	13356.5182	17197419.42	16008689.3	22579.25148	1676.629224
4.31101E+11	MANCHESTER-SHORTSVILLE CSD (RED JACKET)	2024	728	113	1662830.07	14715.31035	20156769.02	18493938.95	25403.76229	2284.107239
4.31101E+11	MANCHESTER-SHORTSVILLE CSD (RED JACK	2025	715	108	866954.11	8027.35287	18767402.2	17900448.09	25035.59173	1212.523231
4.31201E+11	NAPLES CSD	2019	669	107	1874005.28	17514.06804	15046641.12	13172635.84	19690.03862	2801.203707
4.31201E+11	NAPLES CSD	2020	631	95	1972709	20765.35789	11078981	9106272	14431.49287	3126.321712
4.31201E+11	NAPLES CSD	2021	624	83	1784062.69	21494.7312	15622494.86	13838432.17	22176.97463	2859.074824
4.31201E+11	NAPLES CSD	2022	624	85	2013856	23692.42353	15839128	13825272	22155.88462	3227.333333
4.31201E+11	NAPLES CSD	2023	602	94	1289700.75	13720.22074	16682141.96	15392441.21	25568.83922	2142.36005
4.31201E+11	NAPLES CSD	2024	579	80	0	0	18748072.34	18748072.34	32380.0904	0
4.31201E+11	NAPLES CSD	2025	574	81	1369117.68	16902.68741	17921531.78	16552414.1	28836.95836	2385.222439
4.31301E+11	PHELPS-CLIFTON SPRINGS CSD	2019	1586	251	2485920	9904.063745	25501054	23015134	14511.4338	1567.41488
4.31301E+11	PHELPS-CLIFTON SPRINGS CSD	2020	1549	244	4548582	18641.72951	28228867.02	23680285.02	15287.46612	2936.463525
4.31301E+11	PHELPS-CLIFTON SPRINGS CSD	2021	1502	237	4607200	19439.66245	29083528	24476328	16295.82423	3067.376831
4.31301E+11	PHELPS-CLIFTON SPRINGS CSD	2022	1466	259	4445679	17164.78378	30337889	25892210	17661.80764	3032.523192
4.31301E+11	PHELPS-CLIFTON SPRINGS CSD	2023	1484	267	4893047	18326.01873	32157602	27264555	18372.34164	3297.201482
4.31301E+11	PHELPS-CLIFTON SPRINGS CSD	2024	1513	243	8258584.74	33985.94543	40326378.66	32067793.92	21194.84066	5458.41688
4.31301E+11	PHELPS-CLIFTON SPRINGS CSD	2025	1437	258	8906423.08	34521.01969	41210065.49	32303642.41	22479.91817	6197.928379
4.31401E+11	HONEOYE CSD	2019	568	91	1625925	17867.30769	14064672.77	12438747.77	21899.20382	2862.544014
4.31401E+11	HONEOYE CSD	2020	597	86	2772113	32233.87209	14274284.53	11502171.53	19266.61898	4643.40536
4.31401E+11	HONEOYE CSD	2021	583	84	1771099	21084.5119	13301951	11530852	19778.47684	3037.90566
4.31401E+11	HONEOYE CSD	2022	538	80	1823832	22797.9	13862935	12039103	22377.51487	3390.022305
4.31401E+11	HONEOYE CSD	2023	556	83	1902479	22921.43373	14531653	12629174	22714.34173	3421.72482
4.31401E+11	HONEOYE CSD	2024	552	90	2941990.55	32688.78389	18397654.01	15455663.46	27999.39033	5329.693025
4.31401E+11	HONEOYE CSD	2025	546	81	3080818.39	38034.79494	18619466.99	15538648.6	28459.06337	5642.524524
4.31701E+11	VICTOR CSD	2019	4429	500	14165924	28331.848	59125153	44959229	10151.1016	3198.447505
4.31701E+11	VICTOR CSD	2020	4397	512	23792036.78	46468.82184	60071892.88	36279856.1	8251.047555	5410.970384
4.31701E+11	VICTOR CSD	2021	4275	498	5403426.27	10850.25355	60834808.08	55431381.81	12966.4051	1263.959361
4.31701E+11	VICTOR CSD	2022	4298	524	5607540	10701.41221	67645869	62038329	14434.23197	1304.6859
4.31701E+11	VICTOR CSD	2023	4278	539	6862127.19	12731.21928	72116248.31	65254121.12	15253.41775	1604.050302
4.31701E+11	VICTOR CSD	2024	4325	599	9315106.36	15551.09576	87509896.19	78194789.83	18079.72019	2153.781817
4.31701E+11	VICTOR CSD	2025	4227	603	8913217	14781.45439	91407333.54	82494116.54	19515.99634	2108.638987
4.40102E+11	WASHINGTONVILLE CSD	2019	4040	507	12003857.96	23676.24844	83072682.72	71068824.76	17591.29326	2971.25197
4.40102E+11	WASHINGTONVILLE CSD	2020	3873	488	13104425.18	26853.33029	79940362.07	66835936.89	17256.8905	3383.533483
4.40102E+11	WASHINGTONVILLE CSD	2021	3724	477	10984853.81	23029.04363	81172994.85	70188141.04	18847.51371	2949.745921
4.40102E+11	WASHINGTONVILLE CSD	2022	3814	514	7602417	14790.69455	82719777	75117360	19695.16518	1993.292344
4.40102E+11	WASHINGTONVILLE CSD	2023	3872	532	9043082.93	16998.27618	83518090.63	74475007.7	19234.24786	2335.506955
4.40102E+11	WASHINGTONVILLE CSD	2024	3928	597	4376086.01	7330.12732	76773023.85	72396937.84	18430.99232	1114.07485
4.40102E+11	WASHINGTONVILLE CSD	2025	3873	656	7608577.45	11598.44123	100526980.2	92918402.74	23991.32526	1964.517803
4.40201E+11	CHESTER UFSD 	2019	992	182	2801080	15390.54945	21298983	18497903	18647.07964	2823.669355
4.40201E+11	CHESTER UFSD 	2020	986	182	3012169	16550.37912	23702659	20690490	20984.26978	3054.938134
4.40201E+11	CHESTER UFSD 	2021	951	175	2873417	16419.52571	22869303	19995886	21026.16824	3021.46898
4.40201E+11	CHESTER UFSD 	2022	983	176	3093623	17577.40341	25508635	22415012	22802.65717	3147.12411
4.40201E+11	CHESTER UFSD	2023	957	166	3697884.35	22276.41175	24272442.46	20574558.11	21499.01579	3864.037983
4.40201E+11	CHESTER UFSD 	2024	925	161	1992584.54	12376.30149	29626038.51	27633453.97	29874.00429	2154.145449
4.40201E+11	CHESTER UFSD	2025	931	170	4572962.91	26899.78182	31277389.99	26704427.08	28683.59515	4911.882825
4.40301E+11	CORNWALL CSD	2019	3122	375	7756013.94	20682.70384	59209945.22	51453931.28	16481.07985	2484.309398
4.40301E+11	CORNWALL CSD	2020	3102	401	8166691.89	20365.81519	58576192.83	50409500.94	16250.64505	2632.718211
4.40301E+11	CORNWALL CSD	2021	3005	405	6015765.11	14853.74101	60691096.56	54675331.45	18194.78584	2001.918506
4.40301E+11	CORNWALL CSD	2022	3000	407	6490583	15947.37838	63324559	56833976	18944.65867	2163.527667
4.40301E+11	CORNWALL CSD	2023	2967	389	7061472.81	18152.8864	67306447.65	60244974.84	20305.01343	2380.004317
4.40301E+11	CORNWALL CSD	2024	3068	404	9134382.67	22609.85809	77516070.89	68381688.22	22288.68586	2977.308563
4.40301E+11	CORNWALL CSD	2025	2985	419	6163487.86	14709.99489	79715423.34	73551935.48	24640.5144	2064.820054
4.40401E+11	PINE BUSH CSD	2019	5170	790	17302882.32	21902.38268	102061726.9	84758844.6	16394.36066	3346.785749
4.40401E+11	PINE BUSH CSD	2020	5061	807	16539863.81	20495.49419	101513971.3	84974107.53	16789.9837	3268.101919
4.40401E+11	PINE BUSH CSD	2021	4817	731	30988750.51	42392.27156	100227146.2	69238395.64	14373.7587	6433.20542
4.40401E+11	PINE BUSH CSD	2022	4812	746	12088545	16204.48391	102746242	90657697	18839.92041	2512.166459
4.40401E+11	PINE BUSH CSD	2023	4769	785	13766443.59	17536.87082	111537536.7	97771093.07	20501.38248	2886.652042
4.40401E+11	PINE BUSH CSD	2024	4736	827	4161155.2	5031.626602	107730055	103568899.8	21868.43324	878.6222973
4.40401E+11	PINE BUSH CSD	2025	4710	848	9734631.33	11479.51808	132875310.9	123140679.6	26144.51795	2066.800707
4.40601E+11	GOSHEN CSD	2019	2908	440	139274	316.5318182	67984102	67844828	23330.40853	47.89339752
4.40601E+11	GOSHEN CSD	2020	2885	435	0	0	63766223	63766223	22102.67695	0
4.40601E+11	GOSHEN CSD	2021	2823	414	7613858	18390.96135	61397854.84	53783996.84	19052.07114	2697.080411
4.40601E+11	GOSHEN CSD	2022	2861	413	6340702	15352.78935	64623708	58283006	20371.55051	2216.253757
4.40601E+11	GOSHEN CSD	2023	2820	389	25204953.28	64794.22437	68146492.33	42941539.05	15227.49612	8937.926695
4.40601E+11	GOSHEN CSD	2024	2817	405	8346572.74	20608.82158	82741514.25	74394941.51	26409.27991	2962.92962
4.40601E+11	GOSHEN CSD	2025	2735	421	9382558.38	22286.36195	82721023.42	73338465.04	26814.79526	3430.55151
4.40901E+11	HIGHLAND FALLS CSD	2019	1023	169	4408899.06	26088.16012	22649646.79	18240747.73	17830.64294	4309.774252
4.40901E+11	HIGHLAND FALLS CSD	2020	1008	174	5119954.05	29425.02328	23693070.06	18573116.01	18425.71033	5079.319494
4.40901E+11	HIGHLAND FALLS CSD	2021	940	167	4919254.46	29456.61353	27103067.02	22183812.56	23599.8006	5233.249426
4.40901E+11	HIGHLAND FALLS CSD	2022	987	171	1868546	10927.16959	25251626	23383080	23691.06383	1893.157042
4.40901E+11	HIGHLAND FALLS CSD	2023	949	178	2172010.59	12202.30669	27064847.41	24892836.82	26230.59728	2288.736133
4.40901E+11	HIGHLAND FALLS CSD	2024	954	198	3544636.97	17902.20692	33280408.9	29735771.93	31169.57225	3715.552379
4.40901E+11	HIGHLAND FALLS CSD	2025	931	202	2352010.87	11643.61817	33249159.41	30897148.54	33187.05536	2526.327465
4.41E+11	MIDDLETOWN CITY SD	2019	7575	1121	17862183	15934.15076	135572714.9	117710531.9	15539.34414	2358.04396
4.41E+11	MIDDLETOWN CITY SD	2020	7405	1118	21150185.2	18917.87585	142655154.7	121504969.5	16408.50364	2856.203268
4.41E+11	MIDDLETOWN CITY SD	2021	7235	1118	20932628	18723.28086	151179022.7	130246394.7	18002.26603	2893.245059
4.41E+11	MIDDLETOWN CITY SD	2022	7259	1176	21662435	18420.43793	167475302	145812867	20087.18377	2984.217523
4.41E+11	MIDDLETOWN CITY SD	2023	7285	1251	24415675	19516.92646	184439515	160023840	21966.21002	3351.499657
4.41E+11	MIDDLETOWN CITY SD	2024	7482	1220	46593633.46	38191.50284	251823366.9	205229733.4	27429.79596	6227.430294
4.41E+11	MIDDLETOWN CITY SD	2025	7175	1274	48209509.57	37841.05932	256214893.2	208005383.6	28990.29737	6719.09541
4.41101E+11	MINISINK VALLEY CSD	2019	3666	537	9655439	17980.33333	69837520.29	60182081.29	16416.27968	2633.780415
4.41101E+11	MINISINK VALLEY CSD	2020	3493	513	13951987.96	27196.85762	69392697.29	55440709.33	15871.94656	3994.270816
4.41101E+11	MINISINK VALLEY CSD	2021	3391	511	6005848.17	11753.12753	68004906.14	61999057.97	18283.41432	1771.114176
4.41101E+11	MINISINK VALLEY CSD	2022	3400	524	6989581	13338.89504	73094054	66104473	19442.49206	2055.759118
4.41101E+11	MINISINK VALLEY CSD	2023	3454	546	7228342.47	13238.72247	76940723.84	69712381.37	20183.08667	2092.745359
4.41101E+11	MINISINK VALLEY CSD	2024	3590	582	11405497.2	19597.07423	93630368.1	82224870.9	22903.86376	3177.018719
4.41101E+11	MINISINK VALLEY CSD	2025	3444	602	8678677.31	14416.40749	98183153	89504475.69	25988.52372	2519.941147
4.41201E+11	MONROE-WOODBURY CSD	2019	6725	1102	19712643.36	17888.06113	147267767	127555123.6	18967.30463	2931.248083
4.41201E+11	MONROE-WOODBURY CSD	2020	6702	1079	21136572	19589.038	146816162.5	125679590.5	18752.55006	3153.770815
4.41201E+11	MONROE-WOODBURY CSD	2021	6658	1114	21624353	19411.44794	150529305	128904952	19360.91198	3247.875188
4.41201E+11	MONROE-WOODBURY CSD	2022	6583	1129	26906458	23832.11515	159011188	132104730	20067.55734	4087.263861
4.41201E+11	MONROE-WOODBURY CSD	2023	6484	1113	28724264	25807.96406	165309492.4	136585228.4	21064.96428	4430.022209
4.41201E+11	MONROE-WOODBURY CSD	2024	6427	1139	29476966.74	25879.68985	193436903.2	163959936.4	25511.11505	4586.427064
4.41201E+11	MONROE-WOODBURY CSD	2025	6315	1179	43204546	36645.07718	198169592	154965046	24539.19968	6841.57498
4.41202E+11	KIRYAS JOEL VILLAGE UFSD 	2019	618	161	13250813	82303.18634	17133067	3882254	6281.964401	21441.44498
4.41202E+11	KIRYAS JOEL VILLAGE UFSD 	2020	167	167	13932337	83427.16766	17988773	4056436	24290.03593	83427.16766
4.41202E+11	KIRYAS JOEL VILLAGE UFSD 	2021	156	155	13682407	88273.59355	18273045	4590638	29427.16667	87707.73718
4.41202E+11	KIRYAS JOEL VILLAGE UFSD 	2022	164	164	13170274	80306.54878	18800304	5630030	34329.45122	80306.54878
4.41202E+11	KIRYAS JOEL VILLAGE UFSD 	2024	561	175	0	0	37859537.82	37859537.82	67485.80717	0
4.41202E+11	KIRYAS JOEL VILLAGE UFSD	2025	166	165	0	0	35492562.04	35492562.04	213810.6147	0
4.41301E+11	VALLEY CSD (MONTGOMERY)	2019	4283	779	13570890.42	17420.91196	88810578.51	75239688.09	17567.05302	3168.547845
4.41301E+11	VALLEY CSD (MONTGOMERY)	2020	4131	795	13579610.23	17081.27073	89681351.45	76101741.22	18422.11116	3287.245275
4.41301E+11	VALLEY CSD (MONTGOMERY)	2021	4025	792	15823780.99	19979.52145	90930426.76	75106645.77	18660.03622	3931.374159
4.41301E+11	VALLEY CSD (MONTGOMERY)	2022	3997	779	16138479	20716.91784	96619750	80481271	20135.41931	4037.647986
4.41301E+11	VALLEY CSD (MONTGOMERY)	2023	4059	790	17224055	21802.60127	100856886.3	83632831.3	20604.29448	4243.423257
4.41301E+11	VALLEY CSD (MONTGOMERY)	2024	4318	799	20847868.14	26092.45074	121532326.5	100684458.4	23317.38267	4828.130648
4.41301E+11	VALLEY CSD (MONTGOMERY)	2025	4152	788	21710194.87	27551.00872	126076168	104365973.1	25136.31336	5228.852329
4.416E+11	NEWBURGH CITY SD	2019	11382	1671	29452951.27	17625.94331	239154566.4	209701615.1	18423.969	2587.678024
4.416E+11	NEWBURGH CITY SD	2020	11309	1734	20024956.67	11548.41792	244892610.3	224867653.6	19883.95558	1770.709759
4.416E+11	NEWBURGH CITY SD	2021	10927	1684	27642266.74	16414.64771	237544131.9	209901865.1	19209.46876	2529.721492
4.416E+11	NEWBURGH CITY SD	2022	10819	1679	21422061	12758.82132	258447743	237025682	21908.28006	1980.040762
4.416E+11	NEWBURGH CITY SD	2024	11051	1852	61869804.51	33407.02187	364339585.6	302469781.1	27370.35392	5598.570673
4.416E+11	NEWBURGH CITY SD	2025	10757	1926	64716787.14	33601.6548	345812338.4	281095551.3	26131.40757	6016.248688
4.418E+11	PORT JERVIS CITY SD	2019	2454	498	4917563.61	9874.625723	53898071.89	48980508.28	19959.45733	2003.897152
4.418E+11	PORT JERVIS CITY SD	2020	2444	534	12837424.79	24040.12133	61881833.78	49044408.99	20067.27045	5252.628801
4.418E+11	PORT JERVIS CITY SD	2021	2393	541	11643944.74	21523.00322	59583214.09	47939269.35	20033.12551	4865.835662
4.418E+11	PORT JERVIS CITY SD	2022	2371	532	6570993	12351.4906	57593088	51022095	21519.23028	2771.401518
4.418E+11	PORT JERVIS CITY SD	2023	2348	515	7392764.93	14354.88336	62474161.81	55081396.88	23458.85727	3148.537023
4.418E+11	PORT JERVIS CITY SD	2024	2369	497	10310917.73	20746.31334	69899974.64	59589056.91	25153.67535	4352.434669
4.418E+11	PORT JERVIS CITY SD	2025	2301	504	22296573.14	44239.23242	85440978.83	63144405.69	27442.15806	9689.949213
4.41903E+11	TUXEDO UFSD 	2019	222	36	2272959	63137.75	11295442	9022483	40641.81532	10238.55405
4.41903E+11	TUXEDO UFSD 	2020	222	29	709180.59	24454.5031	10007638.12	9298457.53	41884.94383	3194.507162
4.41903E+11	TUXEDO UFSD 	2021	237	35	2118930.96	60540.88457	12016094.19	9897163.23	41760.18241	8940.636962
4.41903E+11	TUXEDO UFSD 	2022	232	40	2046838	51170.95	12591190	10544352	45449.7931	8822.577586
4.41903E+11	TUXEDO UFSD	2023	208	32	2050559	64079.96875	13010808	10960249	52693.50481	9858.456731
4.41903E+11	TUXEDO UFSD 	2024	205	36	1850418	51400.5	14312758	12462340	60791.90244	9026.429268
4.41903E+11	TUXEDO UFSD	2025	182	40	1845862	46146.55	14754140	12908278	70924.6044	10142.0989
4.42101E+11	WARWICK VALLEY CSD	2019	3564	535	7909420.72	14783.96396	73578113.5	65668692.78	18425.55914	2219.25385
4.42101E+11	WARWICK VALLEY CSD	2020	3569	495	6628553.46	13391.01709	67627801.98	60999248.52	17091.41175	1857.257904
4.42101E+11	WARWICK VALLEY CSD	2021	3578	499	7827405.43	15686.18323	73669173.56	65841768.13	18401.8357	2187.648248
4.42101E+11	WARWICK VALLEY CSD	2022	3638	518	8822968	17032.75676	77693323	68870355	18930.82875	2425.224849
4.42101E+11	WARWICK VALLEY CSD	2023	3725	552	9260401.7	16776.09004	81777990.5	72517588.8	19467.80907	2486.013879
4.42101E+11	WARWICK VALLEY CSD	2024	3812	574	11326680.44	19732.89275	87399503.45	76072823.01	19956.14455	2971.322256
4.42101E+11	WARWICK VALLEY CSD	2025	3640	558	12624509.55	22624.56909	96039417.88	83414908.33	22916.18361	3468.271854
4.42111E+11	GREENWOOD LAKE UFSD 	2019	473	75	1659322.67	22124.30227	16232812.82	14573490.15	30810.76142	3508.081755
4.42111E+11	GREENWOOD LAKE UFSD 	2020	474	73	1549460.1	21225.48082	16052385.51	14502925.41	30596.88905	3268.903165
4.42111E+11	GREENWOOD LAKE UFSD 	2021	446	67	1584263.33	23645.72134	16876446.26	15292182.93	34287.40567	3552.159933
4.42111E+11	GREENWOOD LAKE UFSD 	2022	444	72	1790115	24862.70833	18219148	16429033	37002.32658	4031.790541
4.42111E+11	GREENWOOD LAKE UFSD	2023	431	68	1925593.65	28317.55368	18396184.45	16470590.8	38214.82784	4467.734687
4.42111E+11	GREENWOOD LAKE UFSD 	2024	446	78	2407274.9	30862.49872	21165862.25	18758587.35	42059.61289	5397.477354
4.42111E+11	GREENWOOD LAKE UFSD	2025	417	75	2238835.29	29851.1372	22898604.17	20659768.88	49543.81026	5368.909568
4.42115E+11	FLORIDA UFSD 	2019	802	119	1942956	16327.36134	19360895	17417939	21718.12843	2422.638404
4.42115E+11	FLORIDA UFSD 	2020	807	110	2079625	18905.68182	19751511	17671886	21898.24783	2576.982652
4.42115E+11	FLORIDA UFSD 	2021	760	105	1914408	18232.45714	18978679	17064271	22452.98816	2518.957895
4.42115E+11	FLORIDA UFSD 	2022	733	105	2009413	19137.26667	20755611	18746198	25574.6221	2741.354707
4.42115E+11	FLORIDA UFSD	2023	709	95	2126765	22387	21492879	19366114	27314.68829	2999.668547
4.42115E+11	FLORIDA UFSD 	2024	727	121	0	0	20436673.33	20436673.33	28110.96744	0
4.42115E+11	FLORIDA UFSD	2025	726	124	1635785.13	13191.81556	23874844.03	22239058.9	30632.31253	2253.147562
4.50101E+11	ALBION CSD	2019	1869	209	2914918	13946.97608	28567202	25652284	13725.13858	1559.613697
4.50101E+11	ALBION CSD	2020	1860	221	3080037	13936.819	28076610.76	24996573.76	13439.01815	1655.933871
4.50101E+11	ALBION CSD	2021	1783	194	2947530.62	15193.4568	28495909.18	25548378.56	14328.87188	1653.129905
4.50101E+11	ALBION CSD	2022	1757	194	2602482	13414.85567	30289886	27687404	15758.34035	1481.20774
4.50101E+11	ALBION CSD	2023	1734	196	2558554.93	13053.85168	30555974.65	27997419.72	16146.14747	1475.521874
4.50101E+11	ALBION CSD	2024	1768	196	2535372.48	12935.57388	35080268.43	32544895.95	18407.74658	1434.034208
4.50101E+11	ALBION CSD	2025	1724	208	2589315.8	12448.63365	37613014	35023698.2	20315.37019	1501.923318
4.50607E+11	KENDALL CSD	2019	717	115	3629041	31556.87826	13443017.36	9813976.36	13687.5542	5061.423989
4.50607E+11	KENDALL CSD	2020	715	118	3157535	26758.77119	13247083.6	10089548.6	14111.25678	4416.132867
4.50607E+11	KENDALL CSD	2021	701	121	2332985	19280.86777	12937463.41	10604478.41	15127.64395	3328.081312
4.50607E+11	KENDALL CSD	2022	696	114	1283542	11259.14035	13514806	12231264	17573.65517	1844.16954
4.50607E+11	KENDALL CSD	2023	680	108	1096429.07	10152.12102	14325566.62	13229137.55	19454.61404	1612.395691
4.50607E+11	KENDALL CSD	2024	706	117	1349296	11532.44444	16423168.55	15073872.55	21351.09426	1911.184136
4.50607E+11	KENDALL CSD	2025	679	108	1619308.54	14993.59759	18368080.14	16748771.6	24666.82121	2384.843211
4.50704E+11	HOLLEY CSD	2019	977	134	3534979	26380.4403	19624039	16089060	16467.81986	3618.197544
4.50704E+11	HOLLEY CSD	2020	971	140	2077061.95	14836.15679	18944411.74	16867349.79	17371.11204	2139.095726
4.50704E+11	HOLLEY CSD	2021	961	134	2605847	19446.6194	19679382	17073535	17766.4256	2711.599376
4.50704E+11	HOLLEY CSD	2022	966	140	4252452	30374.65714	19961261	15708809	16261.70704	4402.124224
4.50704E+11	HOLLEY CSD	2023	967	160	2163292.96	13520.581	20775417.69	18612124.73	19247.28514	2237.117849
4.50704E+11	HOLLEY CSD	2024	958	175	2739639.05	15655.08029	24881172.46	22141533.41	23112.24782	2859.748486
4.50704E+11	HOLLEY CSD	2025	936	162	5009099.48	30920.36716	26093040.1	21083940.62	22525.57759	5351.602009
4.50801E+11	MEDINA CSD	2019	1485	167	5930670	35512.99401	39985082	34054412	22932.26397	3993.717172
4.50801E+11	MEDINA CSD	2020	1450	172	4465963.23	25964.9025	26887422.56	22421459.33	15463.0754	3079.974641
4.50801E+11	MEDINA CSD	2021	1414	167	4176867	25011.17964	29573748	25396881	17961.01909	2953.937058
4.50801E+11	MEDINA CSD	2022	1365	152	4094952	26940.47368	32170589	28075637	20568.23223	2999.964835
4.50801E+11	MEDINA CSD	2023	1396	164	4532079	27634.62805	36031864	31499785	22564.3159	3246.474928
4.50801E+11	MEDINA CSD	2024	1386	179	7020722.96	39221.91598	39273410.66	32252687.7	23270.33745	5065.456681
4.50801E+11	MEDINA CSD	2025	1336	164	6150575.41	37503.5086	44359962.68	38209387.27	28599.84077	4603.724109
4.51001E+11	LYNDONVILLE CSD	2019	629	110	4593365	41757.86364	12076132	7482767	11896.29094	7302.647059
4.51001E+11	LYNDONVILLE CSD	2020	620	100	4797351	47973.51	12871812	8074461	13023.32419	7737.662903
4.51001E+11	LYNDONVILLE CSD	2021	626	85	1276694	15019.92941	13282132	12005438	19178.01597	2039.447284
4.51001E+11	LYNDONVILLE CSD	2022	619	85	1618228	19037.97647	14326966	12708738	20531.07916	2614.261712
4.51001E+11	LYNDONVILLE CSD	2023	593	91	1553957	17076.45055	13761969	12208012	20586.86678	2620.500843
4.51001E+11	LYNDONVILLE CSD	2024	597	113	2363945	20919.86726	16295785	13931840	23336.41541	3959.706868
4.51001E+11	LYNDONVILLE CSD	2025	619	115	2499876.33	21738.05504	16426497.36	13926621.03	22498.58002	4038.572423
4.60102E+11	ALTMAR-PARISH-WILLIAMSTOWN CSD	2019	1173	253	5064026	20015.91304	25231408	20167382	17192.99403	4317.157715
4.60102E+11	ALTMAR-PARISH-WILLIAMSTOWN CSD	2020	1117	241	3898737.08	16177.33228	26034206.95	22135469.87	19816.89335	3490.36444
4.60102E+11	ALTMAR-PARISH-WILLIAMSTOWN CSD	2021	1070	209	4178993	19995.18182	25546656	21367663	19969.7785	3905.600935
4.60102E+11	ALTMAR-PARISH-WILLIAMSTOWN CSD	2022	1052	218	4287708	19668.38532	27864184	23576476	22411.09886	4075.768061
4.60102E+11	ALTMAR-PARISH-WILLIAMSTOWN CSD	2023	1066	235	5054552	21508.73191	30501116	25446564	23871.07317	4741.606004
4.60102E+11	ALTMAR-PARISH-WILLIAMSTOWN CSD	2024	1003	228	8246831.23	36170.31241	35049316.58	26802485.35	26722.31839	8222.164736
4.60102E+11	ALTMAR-PARISH-WILLIAMSTOWN CSD	2025	987	241	7938186.1	32938.53154	34637111.71	26698925.61	27050.58319	8042.741743
4.605E+11	FULTON CITY SD	2019	3460	605	6856143.66	11332.46886	62255780.06	55399636.4	16011.45561	1981.54441
4.605E+11	FULTON CITY SD	2020	3200	590	9488309.16	16081.87993	63103708.89	53615399.73	16754.81242	2965.096613
4.605E+11	FULTON CITY SD	2021	3144	599	8576690	14318.34725	65221650	56644960	18016.84478	2727.954835
4.605E+11	FULTON CITY SD	2022	3124	600	8553624	14256.04	71316213	62762589	20090.45743	2738.035851
4.605E+11	FULTON CITY SD	2023	3126	585	7990533	13659.03077	72347468	64356935	20587.63116	2556.152591
4.605E+11	FULTON CITY SD	2024	3213	577	14548938.57	25214.79821	88293599.43	73744660.86	22951.96416	4528.147703
4.605E+11	FULTON CITY SD	2025	3004	543	17904357.62	32973.03429	92249283.44	74344925.82	24748.64375	5960.17231
4.60701E+11	HANNIBAL CSD	2019	1324	198	4681928.1	23646.10152	25060394.56	20378466.46	15391.59098	3536.199471
4.60701E+11	HANNIBAL CSD	2020	1295	211	4729159	22413.07583	25272281	20543122	15863.41467	3651.860232
4.60701E+11	HANNIBAL CSD	2021	1225	189	4909921	25978.41799	24900563	19990642	16318.89143	4008.098776
4.60701E+11	HANNIBAL CSD	2022	1187	185	5034653	27214.34054	26729112	21694459	18276.71356	4241.493682
4.60701E+11	HANNIBAL CSD	2023	1199	192	5608371	29210.26563	28376079	22767708	18988.9141	4677.54045
4.60701E+11	HANNIBAL CSD	2024	1243	234	6371583.81	27228.99064	37589267	31217683.19	25114.78937	5125.972494
4.60701E+11	HANNIBAL CSD	2025	1206	233	6536905.02	28055.38635	34350774.96	27813869.94	23062.9104	5420.319254
4.60801E+11	CENTRAL SQUARE CSD	2019	3781	498	7481432	15022.95582	63356007	55874575	14777.72415	1978.691351
4.60801E+11	CENTRAL SQUARE CSD	2020	3688	528	10981123	20797.58144	63841268	52860145	14333.01112	2977.527928
4.60801E+11	CENTRAL SQUARE CSD	2021	3534	540	11074062	20507.52222	64479993	53405931	15112.0348	3133.57725
4.60801E+11	CENTRAL SQUARE CSD	2022	3573	551	11088405	20124.14701	70127740	59039335	16523.74335	3103.387909
4.60801E+11	CENTRAL SQUARE CSD	2023	3581	556	11883836	21373.80576	73234827	61350991	17132.36275	3318.580285
4.60801E+11	CENTRAL SQUARE CSD	2024	3543	579	18533837	32010.08117	92132153	73598316	20772.88061	5231.114028
4.60801E+11	CENTRAL SQUARE CSD	2025	3456	588	17850015	30357.16837	95131624	77281609	22361.57668	5164.934896
4.60901E+11	MEXICO CSD	2019	2008	323	5049756.47	15633.92096	44579592.16	39529835.69	19686.17315	2514.818959
4.60901E+11	MEXICO CSD	2020	2052	346	5366638	15510.51445	44681740	39315102	19159.40643	2615.320663
4.60901E+11	MEXICO CSD	2021	1942	337	4613956.78	13691.26641	43597239.98	38983283.2	20073.78126	2375.878877
4.60901E+11	MEXICO CSD	2022	1947	333	4939666	14833.83183	46021549	41081883	21100.09399	2537.065229
4.60901E+11	MEXICO CSD	2023	2016	336	4816764.54	14335.60875	51504925.29	46688160.75	23158.8099	2389.268125
4.60901E+11	MEXICO CSD	2024	2040	369	4789575.36	12979.87902	56279107.24	51489531.88	25239.96661	2347.831059
4.60901E+11	MEXICO CSD	2025	2062	386	5188666.26	13442.14057	58743602.94	53554936.68	25972.32623	2516.326993
4.613E+11	OSWEGO CITY SD	2019	3857	646	15250298.33	23607.27296	65196605.94	49946307.61	12949.52233	3953.92749
4.613E+11	OSWEGO CITY SD	2020	3626	622	6473977.46	10408.32389	72514160.15	66040182.69	18212.95717	1785.432284
4.613E+11	OSWEGO CITY SD	2021	3548	601	8959116.5	14907.01581	73364709.63	64405593.13	18152.64744	2525.11739
4.613E+11	OSWEGO CITY SD	2022	3460	585	7518030	12851.33333	79503724	71985694	20805.11387	2172.84104
4.613E+11	OSWEGO CITY SD	2023	3478	619	15812818.33	25545.74851	86541849.45	70729031.12	20336.12166	4546.526259
4.613E+11	OSWEGO CITY SD	2024	3626	640	9230743.57	14423.03683	101023840.7	91793097.09	25315.25016	2545.709755
4.613E+11	OSWEGO CITY SD	2025	3459	681	10255275.24	15059.14132	100446119	90190843.71	26074.25375	2964.809263
4.61801E+11	PULASKI CSD	2019	1015	142	2426213	17086.00704	18951717	16525504	16281.28473	2390.357635
4.61801E+11	PULASKI CSD	2020	970	144	2470920	17159.16667	20201085	17730165	18278.52062	2547.340206
4.61801E+11	PULASKI CSD	2021	943	133	2452932	18443.09774	20231972	17779040	18853.70095	2601.200424
4.61801E+11	PULASKI CSD	2022	950	147	2990113	20340.90476	21680016	18689903	19673.58211	3147.487368
4.61801E+11	PULASKI CSD	2023	943	143	2970630	20773.63636	22314009	19343379	20512.59703	3150.19088
4.61801E+11	PULASKI CSD	2024	937	157	3198403	20371.99363	26880607	23682204	25274.49733	3413.450374
4.61801E+11	PULASKI CSD	2025	929	173	3481546	20124.54335	27938969	24457423	26326.61249	3747.627557
4.61901E+11	SANDY CREEK CSD	2019	818	101	1655211	16388.22772	19480790	17825579	21791.66137	2023.48533
4.61901E+11	SANDY CREEK CSD	2020	782	104	2592325	24926.20192	19642126	17049801	21802.81458	3314.993606
4.61901E+11	SANDY CREEK CSD	2021	715	91	3272182	35958.04396	24815765	21543583	30130.88531	4576.478322
4.61901E+11	SANDY CREEK CSD	2022	782	90	1800722	20008.02222	18506149	16705427	21362.43862	2302.713555
4.61901E+11	SANDY CREEK CSD	2023	792	90	2131068	23678.53333	21822328	19691260	24862.70202	2690.742424
4.61901E+11	SANDY CREEK CSD	2024	786	97	2461455	25375.82474	23829038	21367583	27185.2201	3131.622137
4.61901E+11	SANDY CREEK CSD	2025	784	95	2355513.72	24794.88126	24480285	22124771.28	28220.37153	3004.481786
4.62001E+11	PHOENIX CSD	2019	1771	193	3330299	17255.43523	36594792	33264493	18782.88707	1880.462451
4.62001E+11	PHOENIX CSD	2020	1684	174	6411772	36849.26437	35932248	29520476	17529.97387	3807.465558
4.62001E+11	PHOENIX CSD	2021	1666	170	5664157	33318.57059	35949362	30285205	18178.39436	3399.854142
4.62001E+11	PHOENIX CSD	2022	1682	168	5329535	31723.42262	38868300	33538765	19939.81272	3168.570155
4.62001E+11	PHOENIX CSD	2023	1654	168	5551188	33042.78571	39695347.02	34144159.02	20643.38514	3356.220073
4.62001E+11	PHOENIX CSD	2024	1646	179	5387998.16	30100.54838	44885138.94	39497140.78	23995.83279	3273.388919
4.62001E+11	PHOENIX CSD	2025	1590	180	6061295	33673.86111	46629195	40567900	25514.40252	3812.13522
4.70202E+11	GILBERTSVILLE-MOUNT UPTON CSD	2019	351	65	1257950	19353.07692	7760053.15	6502103.15	18524.5104	3583.903134
4.70202E+11	GILBERTSVILLE-MOUNT UPTON CSD	2020	355	59	1402968	23779.11864	8206717.87	6803749.87	19165.49259	3952.022535
4.70202E+11	GILBERTSVILLE-MOUNT UPTON CSD	2021	310	55	1210469	22008.52727	7459405.72	6248936.72	20157.86039	3904.73871
4.70202E+11	GILBERTSVILLE-MOUNT UPTON CSD	2022	350	53	1430401	26988.69811	8388522	6958121	19880.34571	4086.86
4.70202E+11	GILBERTSVILLE-MOUNT UPTON CSD	2023	337	59	1637580	27755.59322	8903451	7265871	21560.44807	4859.287834
4.70202E+11	GILBERTSVILLE-MOUNT UPTON CSD	2024	335	64	1708343.69	26692.87016	10017127.99	8308784.3	24802.34119	5099.533403
4.70202E+11	GILBERTSVILLE-MOUNT UPTON CSD	2025	320	66	2487973.53	37696.56864	10536199	8048225.47	25150.70459	7774.917281
4.70501E+11	EDMESTON CSD	2019	387	42	665689	15849.7381	7996016.52	7330327.52	18941.41478	1720.126615
4.70501E+11	EDMESTON CSD	2020	372	40	0	0	8063219.96	8063219.96	21675.32247	0
4.70501E+11	EDMESTON CSD	2021	341	36	800756	22243.22222	8241704	7440948	21820.96188	2348.258065
4.70501E+11	EDMESTON CSD	2022	362	29	722795	24923.96552	8614210	7891415	21799.48895	1996.671271
4.70501E+11	EDMESTON CSD	2023	363	35	955185	27291	9439618	8484433	23373.09366	2631.363636
4.70501E+11	EDMESTON CSD	2024	384	43	1369686	31853.16279	11618847	10249161	26690.52344	3566.890625
4.70501E+11	EDMESTON CSD	2025	389	53	1349779	25467.5283	10322545	8972766	23066.2365	3469.868895
4.70801E+11	LAURENS CSD	2019	299	61	905515	14844.5082	7289445	6383930	21350.93645	3028.478261
4.70801E+11	LAURENS CSD	2020	301	57	1072031	18807.5614	7124586	6052555	20108.15615	3561.564784
4.70801E+11	LAURENS CSD	2021	286	56	916762	16370.75	7072122.5	6155360.5	21522.23951	3205.461538
4.70801E+11	LAURENS CSD	2022	296	53	778981	14697.75472	7163916	6384935	21570.72635	2631.692568
4.70801E+11	LAURENS CSD	2023	313	47	738977	15722.91489	7582496.84	6843519.84	21864.28064	2360.948882
4.70801E+11	LAURENS CSD	2024	303	42	1333263	31744.35714	9332191	7998928	26399.10231	4400.207921
4.70801E+11	LAURENS CSD	2025	287	52	1688925.78	32479.34192	10177172.49	8488246.71	29575.77251	5884.758815
4.70901E+11	SCHENEVUS CSD	2019	356	74	1130774	15280.72973	1937805	807031	2266.941011	3176.331461
4.70901E+11	SCHENEVUS CSD	2020	339	75	977978.35	13039.71133	7174349.11	6196370.76	18278.37982	2884.891888
4.70901E+11	SCHENEVUS CSD	2021	287	49	1117847	22813.20408	6686491	5568644	19402.94077	3894.937282
4.70901E+11	SCHENEVUS CSD	2022	268	39	977976	25076.30769	7364296	6386320	23829.55224	3649.164179
4.70901E+11	SCHENEVUS CSD	2023	252	39	1438022	36872.35897	7809839	6371817	25284.9881	5706.436508
4.70901E+11	SCHENEVUS CSD	2024	247	43	1408366	32752.69767	8629354	7220988	29234.76923	5701.88664
4.70901E+11	SCHENEVUS CSD	2025	244	45	1493484	33188.53333	8721566	7228082	29623.28689	6120.836066
4.71101E+11	MILFORD CSD	2019	362	50	1262846	25256.92	8750170	7487324	20683.21547	3488.524862
4.71101E+11	MILFORD CSD	2020	360	56	1068445	19079.375	8747200.99	7678755.99	21329.87775	2967.902778
4.71101E+11	MILFORD CSD	2021	347	54	1168216	21633.62963	8478528.05	7310312.05	21067.1817	3366.616715
4.71101E+11	MILFORD CSD	2022	371	65	1417252	21803.87692	9129817	7712565	20788.58491	3820.086253
4.71101E+11	MILFORD CSD	2023	348	57	1324844	23242.87719	9573002.56	8248158.56	23701.60506	3807.022989
4.71101E+11	MILFORD CSD	2024	346	68	1408404.81	20711.83544	10838584.26	9430179.45	27254.8539	4070.534133
4.71101E+11	MILFORD CSD	2025	337	63	1444271.08	22924.93778	11611707.18	10167436.1	30170.43353	4285.670861
4.71201E+11	MORRIS CSD	2019	333	77	939970	12207.4026	3715812	2775842	8335.861862	2822.732733
4.71201E+11	MORRIS CSD	2020	322	78	546779.47	7009.993205	7575721.38	7028941.91	21829.01214	1698.072888
4.71201E+11	MORRIS CSD	2021	307	71	795040	11197.74648	7815410	7020370	22867.65472	2589.70684
4.71201E+11	MORRIS CSD	2022	315	68	641538	9434.382353	8134970	7493432	23788.67302	2036.628571
4.71201E+11	MORRIS CSD	2023	319	64	681178.73	10643.41766	8922944	8241765.27	25836.25476	2135.35652
4.71201E+11	MORRIS CSD	2024	307	67	865143.08	12912.58328	9640962.03	8775818.95	28585.72948	2818.055635
4.71201E+11	MORRIS CSD	2025	323	68	1561993.13	22970.48721	10041845.99	8479852.86	26253.41443	4835.892043
4.714E+11	ONEONTA CITY SD	2019	1817	302	4153927	13754.72517	30637069	26483142	14575.20198	2286.145845
4.714E+11	ONEONTA CITY SD	2020	1734	319	4099674	12851.64263	31011084	26911410	15519.84429	2364.287197
4.714E+11	ONEONTA CITY SD	2021	1636	314	5204711	16575.51274	33457843	28253132	17269.64059	3181.363692
4.714E+11	ONEONTA CITY SD	2022	1592	307	4805988	15654.68404	35203989	30398001	19094.22173	3018.836683
4.714E+11	ONEONTA CITY SD	2023	1650	291	4813424	16540.97595	36635721.21	31822297.21	19286.24073	2917.226667
4.714E+11	ONEONTA CITY SD	2024	1735	310	6361196.39	20519.98835	40536815.01	34175618.62	19697.76289	3666.395614
4.714E+11	ONEONTA CITY SD	2025	1679	317	8258320.03	26051.48274	43362271.48	35103951.45	20907.65423	4918.594419
4.71601E+11	OTEGO-UNADILLA CSD	2019	756	98	832542	8495.326531	14830656	13998114	18516.02381	1101.246032
4.71601E+11	OTEGO-UNADILLA CSD	2020	716	86	1242283	14445.15116	15364433	14122150	19723.67318	1735.032123
4.71601E+11	OTEGO-UNADILLA CSD	2021	723	93	1066988	11472.98925	14876922	13809934	19100.8769	1475.7787
4.71601E+11	OTEGO-UNADILLA CSD	2022	718	101	1972702	19531.70297	17466868	15494166	21579.61838	2747.495822
4.71601E+11	OTEGO-UNADILLA CSD	2023	785	102	2199564	21564.35294	17262481	15062917	19188.4293	2801.992357
4.71601E+11	OTEGO-UNADILLA CSD	2024	776	116	2790559.24	24056.54517	20872649.35	18082090.11	23301.66251	3596.081495
4.71601E+11	OTEGO-UNADILLA CSD	2025	722	115	2494717.4	21693.19478	20960009.17	18465291.77	25575.19636	3455.287258
4.71701E+11	COOPERSTOWN CSD	2019	851	93	1397168.95	15023.32204	16155394.76	14758225.81	17342.21599	1641.796651
4.71701E+11	COOPERSTOWN CSD	2020	818	92	1379409.23	14993.57859	16147949.89	14768540.66	18054.45068	1686.319352
4.71701E+11	COOPERSTOWN CSD	2021	784	102	1681162.82	16481.98843	14878352.24	13197189.42	16833.14977	2144.340332
4.71701E+11	COOPERSTOWN CSD	2022	804	97	1817853	18740.75258	16293350	14475497	18004.3495	2261.011194
4.71701E+11	COOPERSTOWN CSD	2023	787	96	1688997.85	17593.7276	17648825.17	15959827.32	20279.32315	2146.121792
4.71701E+11	COOPERSTOWN CSD	2024	792	108	1974448.2	18281.92778	19895014.81	17920566.61	22626.97804	2492.990152
4.71701E+11	COOPERSTOWN CSD	2025	767	111	1893963.86	17062.73748	21361259.62	19467295.76	25381.08965	2469.314029
4.72001E+11	RICHFIELD SPRINGS CSD	2019	452	89	0	0	0	0	0	0
4.72001E+11	RICHFIELD SPRINGS CSD	2020	422	93	0	0	10142512	10142512	24034.38863	0
4.72001E+11	RICHFIELD SPRINGS CSD	2021	405	92	1273401.48	13841.32043	9880664.03	8607262.55	21252.50012	3144.201185
4.72001E+11	RICHFIELD SPRINGS CSD	2022	423	90	47132	523.6888889	10950714	10903582	25776.7896	111.4231678
4.72001E+11	RICHFIELD SPRINGS CSD	2023	436	111	28826	259.6936937	11474857	11446031	26252.36468	66.1146789
4.72001E+11	RICHFIELD SPRINGS CSD	2024	435	113	1867333.59	16525.07602	12251603.12	10384269.53	23871.88398	4292.720897
4.72001E+11	RICHFIELD SPRINGS CSD	2025	420	113	1923115.93	17018.72504	12581135.91	10658019.98	25376.23805	4578.847452
4.72202E+11	CHERRY VALLEY-SPRINGFIELD CSD	2019	473	74	1565384	21153.83784	10392437.76	8827053.76	18661.84727	3309.479915
4.72202E+11	CHERRY VALLEY-SPRINGFIELD CSD	2020	449	88	2292696	26053.36364	10843369	8550673	19043.81514	5106.227171
4.72202E+11	CHERRY VALLEY-SPRINGFIELD CSD	2021	416	69	2226888	32273.73913	10832304	8605416	20686.09615	5353.096154
4.72202E+11	CHERRY VALLEY-SPRINGFIELD CSD	2022	447	72	2314369	32144.01389	11787689	9473320	21193.10962	5177.559284
4.72202E+11	CHERRY VALLEY-SPRINGFIELD CSD	2023	460	85	2213443	26040.50588	12098850	9885407	21490.01522	4811.832609
4.72202E+11	CHERRY VALLEY-SPRINGFIELD CSD	2024	451	109	2353192.05	21588.91789	13687829.74	11334637.69	25132.23435	5217.720732
4.72202E+11	CHERRY VALLEY-SPRINGFIELD CSD	2025	419	104	2657960.89	25557.31625	13499414.63	10841453.74	25874.59126	6343.582076
4.72506E+11	WORCESTER CSD	2019	348	64	1097655	17150.85938	1663068	565413	1624.75	3154.181034
4.72506E+11	WORCESTER CSD	2020	332	64	674476	10538.6875	7513062.41	6838586.41	20598.15184	2031.554217
4.72506E+11	WORCESTER CSD	2021	309	51	730592	14325.33333	7266928	6536336	21153.19094	2364.375405
4.72506E+11	WORCESTER CSD	2022	316	50	417680	8353.6	7966897	7549217	23889.92722	1321.772152
4.72506E+11	WORCESTER CSD	2023	328	57	755242	13249.85965	7863666	7108424	21672.02439	2302.567073
4.72506E+11	WORCESTER CSD	2024	328	58	1188177.12	20485.81241	11707138.22	10518961.1	32070.00335	3622.49122
4.72506E+11	WORCESTER CSD	2025	309	53	1281327	24175.98113	9493218	8211891	26575.69903	4146.68932
4.80101E+11	MAHOPAC CSD	2019	4036	694	14679624.47	21152.19664	103911200.9	89231576.38	22108.91387	3637.171573
4.80101E+11	MAHOPAC CSD	2020	3972	697	17788915.05	25522.11628	106982838.1	89193923.07	22455.67046	4478.578814
4.80101E+11	MAHOPAC CSD	2021	3840	714	17347210.79	24295.81343	106027641.3	88680430.48	23093.8621	4517.50281
4.80101E+11	MAHOPAC CSD	2022	3813	761	19356804	25436.01051	110207688	90850884	23826.61526	5076.528718
4.80101E+11	MAHOPAC CSD	2023	3809	808	20826807.46	25775.75181	114014384.7	93187577.25	24465.10298	5467.788779
4.80101E+11	MAHOPAC CSD	2024	3859	820	19471787.16	23746.0819	126688407.5	107216620.3	27783.52431	5045.811651
4.80101E+11	MAHOPAC CSD	2025	3832	795	17848742.85	22451.24887	128632977	110784234.2	28910.29076	4657.813896
4.80102E+11	CARMEL CSD	2019	4040	629	14756247	23459.85215	109157962	94401715	23366.76114	3652.536386
4.80102E+11	CARMEL CSD	2020	3979	632	16489830	26091.50316	108621340	92131510	23154.4383	4144.214627
4.80102E+11	CARMEL CSD	2021	3816	630	16820903	26699.84603	111538853	94717950	24821.26572	4407.993449
4.80102E+11	CARMEL CSD	2022	3788	648	16677328	25736.61728	115047155	98369827	25968.80333	4402.673706
4.80102E+11	CARMEL CSD	2023	3740	649	16667542	25681.8829	117799630	101132088	27040.66524	4456.562032
4.80102E+11	CARMEL CSD	2024	3681	650	20201776.65	31079.65638	131021936.4	110820159.7	30105.99287	5488.121883
4.80102E+11	CARMEL CSD	2025	3651	686	13994322.19	20399.88657	125345677.1	111351354.9	30498.86468	3833.010734
4.80401E+11	HALDANE CSD	2019	814	96	3350755	34903.69792	20555718	17204963	21136.31818	4116.406634
4.80401E+11	HALDANE CSD	2020	796	101	3353053	33198.54455	20661991	17308938	21744.89698	4212.378141
4.80401E+11	HALDANE CSD	2021	788	100	3007756	30077.56	21199470.65	18191714.65	23085.9323	3816.949239
4.80401E+11	HALDANE CSD	2022	777	93	3181462	34209.26882	22157716	18976254	24422.46332	4094.545689
4.80401E+11	HALDANE CSD	2023	803	98	3398500	34678.57143	23494970	20096470	25026.73724	4232.254047
4.80401E+11	HALDANE CSD	2024	785	102	3625534.15	35544.45245	25898575.61	22273041.46	28373.30122	4618.514841
4.80401E+11	HALDANE CSD	2025	774	88	3941650.85	44791.48693	27363081.93	23421431.08	30260.24687	5092.572158
4.80404E+11	GARRISON UFSD 	2019	219	36	3000332.02	83342.55611	7308216.29	4307884.27	19670.70443	13700.14621
4.80404E+11	GARRISON UFSD 	2020	207	35	1018984.15	29113.83286	7560569.32	6541585.17	31601.86072	4922.628744
4.80404E+11	GARRISON UFSD 	2021	197	32	858804.05	26837.62656	8233666.75	7374862.7	37435.85127	4359.411421
4.80404E+11	GARRISON UFSD 	2022	214	28	1396476	49874.14286	7868841	6472365	30244.69626	6525.588785
4.80404E+11	GARRISON UFSD	2023	225	26	691642.5	26601.63462	7688570.77	6996928.27	31097.45898	3073.966667
4.80404E+11	GARRISON UFSD 	2024	215	30	1762664	58755.46667	8935678.5	7173014.5	33362.85814	8198.437209
4.80404E+11	GARRISON UFSD	2025	208	39	1549443.48	39729.32	9680097.06	8130653.58	39089.68067	7449.2475
4.80503E+11	PUTNAM VALLEY CSD	2019	1634	235	4825042.86	20532.09728	43623551.35	38798508.49	23744.49724	2952.902607
4.80503E+11	PUTNAM VALLEY CSD	2020	1598	207	6141146.6	29667.37488	42854633.28	36713486.68	22974.64748	3843.020401
4.80503E+11	PUTNAM VALLEY CSD	2021	1616	212	5676400.01	26775.47175	41880585.95	36204185.94	22403.58041	3512.623769
4.80503E+11	PUTNAM VALLEY CSD	2022	1566	208	4275501	20555.29327	42977128	38701627	24713.68263	2730.204981
4.80503E+11	PUTNAM VALLEY CSD	2023	1544	218	4120120.83	18899.63683	45592319.77	41472198.94	26860.23247	2668.47204
4.80503E+11	PUTNAM VALLEY CSD	2024	1509	200	5190364.87	25951.82435	49309886.98	44119522.11	29237.5892	3439.605613
4.80503E+11	PUTNAM VALLEY CSD	2025	1507	207	5505159.44	26594.97314	52000784.22	46495624.78	30853.10204	3653.058686
4.80601E+11	BREWSTER CSD	2019	3001	420	15462874	36816.36667	79664403	64201529	21393.37854	5152.573809
4.80601E+11	BREWSTER CSD	2020	3066	438	14453607	32999.10274	80549324	66095717	21557.63764	4714.157534
4.80601E+11	BREWSTER CSD	2022	2968	417	13884168	33295.36691	85568119	71683951	24152.2746	4677.954178
4.80601E+11	BREWSTER CSD	2023	2927	437	13145345	30080.88101	88595517	75450172	25777.30509	4491.06423
4.80601E+11	BREWSTER CSD	2024	2982	469	15166755.8	32338.49851	105715626.3	90548870.45	30365.1477	5086.101878
4.80601E+11	BREWSTER CSD	2025	2989	477	15875807.85	33282.61604	109950406.7	94074598.82	31473.60282	5311.411124
4.90101E+11	BERLIN CSD	2019	731	122	2474831	20285.5	16367868	13893037	19005.52257	3385.541724
4.90101E+11	BERLIN CSD	2020	673	107	2238793	20923.29907	16808131	14569338	21648.3477	3326.586924
4.90101E+11	BERLIN CSD	2021	637	107	2312514	21612.28037	17735231.74	15422717.74	24211.48782	3630.320251
4.90101E+11	BERLIN CSD	2022	637	118	2554699	21649.99153	19071170	16516471	25928.5259	4010.516484
4.90101E+11	BERLIN CSD	2023	633	123	2984417	24263.55285	20482270	17497853	27642.73776	4714.718799
4.90101E+11	BERLIN CSD	2024	654	133	3787714	28479.05263	23230099	19442385	29728.41743	5791.611621
4.90101E+11	BERLIN CSD	2025	579	124	3494695.39	28183.02734	20994169.96	17499474.57	30223.61756	6035.743333
4.90202E+11	BRUNSWICK CSD (BRITTONKILL)	2019	1167	158	2475465	15667.5	21466686.71	18991221.71	16273.54045	2121.22108
4.90202E+11	BRUNSWICK CSD (BRITTONKILL)	2020	1163	140	2693624	19240.17143	20444575.85	17750951.85	15263.07124	2316.099742
4.90202E+11	BRUNSWICK CSD (BRITTONKILL)	2021	1112	134	2659114	19844.13433	20440147.66	17781033.66	15990.13818	2391.289568
4.90202E+11	BRUNSWICK CSD (BRITTONKILL)	2022	1123	125	2529751	20238.008	20919331	18389580	16375.40516	2252.672306
4.90202E+11	BRUNSWICK CSD (BRITTONKILL)	2023	1092	122	2739923	22458.38525	21934727.64	19194804.64	17577.65993	2509.086996
4.90202E+11	BRUNSWICK CSD (BRITTONKILL)	2024	1092	143	2980185.47	20840.45783	25622473	22642287.53	20734.69554	2729.107573
4.90202E+11	BRUNSWICK CSD (BRITTONKILL)	2025	1081	146	3770119.75	25822.73801	27167526	23397406.25	21644.2241	3487.62234
4.90301E+11	EAST GREENBUSH CSD	2019	4079	630	10352781	16432.98571	71266611	60913830	14933.52047	2538.068399
4.90301E+11	EAST GREENBUSH CSD	2020	4088	610	11009538	18048.42295	72933240	61923702	15147.67661	2693.135519
4.90301E+11	EAST GREENBUSH CSD	2021	4018	599	10836325	18090.69282	72631271	61794946	15379.52862	2696.944998
4.90301E+11	EAST GREENBUSH CSD	2022	4030	615	10634773	17292.31382	80336630	69701857	17295.74615	2638.901489
4.90301E+11	EAST GREENBUSH CSD	2023	4052	583	10668994	18300.16123	82496938.11	71827944.11	17726.54099	2633.01925
4.90301E+11	EAST GREENBUSH CSD	2024	4156	610	12901385.18	21149.81177	97010820.8	84109435.62	20238.07402	3104.279398
4.90301E+11	EAST GREENBUSH CSD	2025	4086	622	12765026.6	20522.5508	101629138	88864111.43	21748.43647	3124.088742
4.90501E+11	HOOSICK FALLS CSD	2019	1134	164	2182649	13308.83537	19974789	17792140	15689.71781	1924.734568
4.90501E+11	HOOSICK FALLS CSD	2020	1082	177	2467539	13940.89831	19588427	17120888	15823.37153	2280.53512
4.90501E+11	HOOSICK FALLS CSD	2021	1044	175	2260411	12916.63429	18820393	16559982	15862.05172	2165.144636
4.90501E+11	HOOSICK FALLS CSD	2022	1054	168	2500046	14881.22619	22194293	19694247	18685.24383	2371.960152
4.90501E+11	HOOSICK FALLS CSD	2023	1054	180	2522386	14013.25556	22999378	20476992	19427.88615	2393.155598
4.90501E+11	HOOSICK FALLS CSD	2024	1052	197	3429968.2	17411.00609	26790610.56	23360642.36	22205.9338	3260.426046
4.90501E+11	HOOSICK FALLS CSD	2025	1078	211	3484068.9	16512.17488	27003340.46	23519271.56	21817.50609	3231.974861
4.90601E+11	LANSINGBURGH CSD	2019	2379	418	9464479	22642.29426	40569134	31104655	13074.67633	3978.343422
4.90601E+11	LANSINGBURGH CSD	2020	2219	454	6741695.54	14849.54965	40029542.82	33287847.28	15001.28314	3038.168337
4.90601E+11	LANSINGBURGH CSD	2022	2057	420	7142673	17006.36429	44106127	36963454	17969.59358	3472.373845
4.90601E+11	LANSINGBURGH CSD	2023	2083	437	7248859	16587.77803	49061008	41812149	20073.04321	3480.009121
4.90601E+11	LANSINGBURGH CSD	2024	2072	481	9513635	19778.86694	56088773	46575138	22478.34846	4591.522683
4.90601E+11	LANSINGBURGH CSD	2025	2061	501	8214557	16396.32136	59886406	51671849	25071.25133	3985.714216
4.90801E+11	NORTH GREENBUSH COMMON SD (WILLIAMS)	2020	13	0	0		493582	493582	37967.84615	0
4.90801E+11	NORTH GREENBUSH COMMON SD (WILLIAMS)	2021	14	0	0		634781	634781	45341.5	0
4.90801E+11	NORTH GREENBUSH COMMON SD (WILLIAMS)	2022	22	1	0	0	855938	855938	38906.27273	0
4.90801E+11	NORTH GREENBUSH COMN SD (WILLIAMS)	2023	31	5	0	0	1203551	1203551	38824.22581	0
4.90801E+11	NORTH GREENBUSH COMMON SD (WILLIAMS)	2024	33	4	0	0	2506277	2506277	75947.78788	0
4.90801E+11	NORTH GREENBUSH COMN SD (WILLIAMS)	2025	34	8	271725.79	33965.72375	1791460.99	1519735.2	44698.09412	7991.935
4.90804E+11	WYNANTSKILL UFSD 	2019	410	47	816428	17370.80851	6677533	5861105	14295.37805	1991.287805
4.90804E+11	WYNANTSKILL UFSD 	2020	393	41	835500	20378.04878	6745561	5910061	15038.32316	2125.954198
4.90804E+11	WYNANTSKILL UFSD 	2021	370	27	753082	27891.92593	6925434	6172352	16682.03243	2035.356757
4.90804E+11	WYNANTSKILL UFSD 	2022	340	29	3474561	119812.4483	6929063	3454502	10160.3	10219.29706
4.90804E+11	WYNANTSKILL UFSD	2023	333	30	278529	9284.3	7649186	7370657	22134.10511	836.4234234
4.90804E+11	WYNANTSKILL UFSD 	2024	311	32	450952	14092.25	12451827	12000875	38588.02251	1450.006431
4.90804E+11	WYNANTSKILL UFSD	2025	307	40	0	0	13500265	13500265	43974.80456	0
4.912E+11	RENSSELAER CITY SD	2019	1107	175	3265184	18658.19429	18319717	15054533	13599.39747	2949.579042
4.912E+11	RENSSELAER CITY SD	2020	1060	194	4067803	20968.0567	19056684	14988881	14140.45377	3837.55
4.912E+11	RENSSELAER CITY SD	2021	1018	191	7881066	41262.12565	18040324	10159258	9979.624754	7741.715128
4.912E+11	RENSSELAER CITY SD	2022	1016	173	3853487	22274.49133	20405308	16551821	16291.1624	3792.802165
4.912E+11	RENSSELAER CITY SD	2023	1015	178	3628873	20386.92697	21123587	17494714	17236.17143	3575.244335
4.912E+11	RENSSELAER CITY SD	2024	966	194	5591233.32	28820.79031	25394041.51	19802808.19	20499.80144	5788.026211
4.912E+11	RENSSELAER CITY SD	2025	949	202	5910074.34	29257.79376	27862410.08	21952335.74	23132.07138	6227.686344
4.91302E+11	AVERILL PARK CSD	2019	2648	462	4329961	9372.209957	48722095	44392134	16764.40106	1635.181647
4.91302E+11	AVERILL PARK CSD	2020	2663	461	5596320	12139.52278	48388871	42792551	16069.30192	2101.509576
4.91302E+11	AVERILL PARK CSD	2021	2617	457	11042477	24162.96937	49819827	38777350	14817.48185	4219.517386
4.91302E+11	AVERILL PARK CSD	2022	2639	475	8057253	16962.63789	51473233	43415980	16451.67867	3053.146268
4.91302E+11	AVERILL PARK CSD	2023	2587	474	7742419	16334.2173	52534879	44792460	17314.44144	2992.817549
4.91302E+11	AVERILL PARK CSD	2024	2633	519	10381489.17	20002.86931	61633247.54	51251758.37	19465.157	3942.836753
4.91302E+11	AVERILL PARK CSD	2025	2543	510	10550030.75	20686.3348	63295317.28	52745286.53	20741.36317	4148.655427
4.91401E+11	HOOSIC VALLEY CSD	2019	934	163	3417000	20963.19018	15402869.61	11985869.61	12832.83684	3658.458244
4.91401E+11	HOOSIC VALLEY CSD	2020	931	179	3057255.46	17079.63944	17392643.55	14335388.09	15397.83898	3283.840451
4.91401E+11	HOOSIC VALLEY CSD	2021	881	174	2733893.66	15712.03253	17418249.09	14684355.43	16667.82682	3103.17101
4.91401E+11	HOOSIC VALLEY CSD	2022	875	162	2791093	17228.96914	18560137	15769044	18021.76457	3189.820571
4.91401E+11	HOOSIC VALLEY CSD	2023	856	152	2703637.79	17787.09072	19524282.68	16820644.89	19650.28609	3158.455362
4.91401E+11	HOOSIC VALLEY CSD	2024	875	150	3894293	25961.95333	21866908.02	17972615.02	20540.13145	4450.620571
4.91401E+11	HOOSIC VALLEY CSD	2025	842	161	4073063.21	25298.52925	22834367.18	18761303.97	22281.83369	4837.367233
4.91501E+11	SCHODACK CSD	2019	891	141	3706843	26289.66667	18746275	15039432	16879.27273	4160.317621
4.91501E+11	SCHODACK CSD	2020	900	136	2876270.82	21149.05015	18993829.86	16117559.04	17908.39893	3195.856467
4.91501E+11	SCHODACK CSD	2022	877	134	3268419	24391.18657	20556354	17287935	19712.58267	3726.81756
4.91501E+11	SCHODACK CSD	2023	877	134	3087088	23037.97015	21610047.81	18522959.81	21120.82076	3520.054732
4.91501E+11	SCHODACK CSD	2024	864	138	3734911.22	27064.57406	23622036.63	19887125.41	23017.50626	4322.813912
4.91501E+11	SCHODACK CSD	2025	842	144	4291463.71	29801.83132	24555136.58	20263672.87	24066.1198	5096.750249
4.917E+11	TROY CITY SD	2019	4276	693	12846184	18537.06205	78713858.22	65867674.22	15404.03981	3004.252572
4.917E+11	TROY CITY SD	2020	3888	717	12863129	17940.20781	76988822.76	64125693.76	16493.23399	3308.417953
4.917E+11	TROY CITY SD	2021	3610	689	12048610	17487.09724	76624160	64575550	17887.96399	3337.565097
4.917E+11	TROY CITY SD	2022	3482	660	11171806	16926.97879	82538473	71366667	20495.88369	3208.445146
4.917E+11	TROY CITY SD	2024	3752	650	19428712	29890.32615	112709028	93280316	24861.49147	5178.228145
4.917E+11	TROY CITY SD	2025	3533	668	18972847.09	28402.4657	114155312.3	95182465.17	26940.97514	5370.180326
5.00101E+11	CLARKSTOWN CSD	2019	8086	1360	32433241.07	23847.97138	184447618.6	152014377.5	18799.70041	4011.036491
5.00101E+11	CLARKSTOWN CSD	2020	7821	1347	24291893.14	18034.07063	178935262	154643368.8	19772.83836	3105.983012
5.00101E+11	CLARKSTOWN CSD	2021	7692	1390	30814044	22168.37698	184710493	153896449	20007.33867	4005.985959
5.00101E+11	CLARKSTOWN CSD	2022	7764	1433	30053824	20972.66155	195276995	165223171	21280.67633	3870.920144
5.00101E+11	CLARKSTOWN CSD	2023	7745	1440	0	0	204568920	204568920	26413.03034	0
5.00101E+11	CLARKSTOWN CSD	2024	8096	1492	34554527	23159.87064	225463019	190908492	23580.59437	4268.098691
5.00101E+11	CLARKSTOWN CSD	2025	7814	1541	47308284.85	30699.7306	112213219.3	64904934.44	8306.236811	6054.298036
5.00108E+11	NANUET UFSD 	2019	2255	257	4708568.67	18321.27887	56945902.01	52237333.34	23165.11456	2088.05706
5.00108E+11	NANUET UFSD 	2020	2218	274	5026175.55	18343.70639	57584399.92	52558224.37	23696.22379	2266.084558
5.00108E+11	NANUET UFSD 	2021	2219	305	5184928.82	16999.76662	58217162.33	53032233.51	23899.15886	2336.606048
5.00108E+11	NANUET UFSD 	2022	2208	302	5739930	19006.39073	61788160	56048230	25384.16214	2599.605978
5.00108E+11	NANUET UFSD	2023	2171	288	5496248.26	19084.19535	65267632.99	59771384.73	27531.72949	2531.666633
5.00108E+11	NANUET UFSD 	2024	2234	301	7762733.2	25789.8113	72474318.83	64711585.63	28966.69008	3474.813429
5.00108E+11	NANUET UFSD	2025	2104	308	8064274.72	26182.71013	79158524.98	71094250.26	33790.0429	3832.83019
5.00201E+11	HAVERSTRAW-STONY POINT CSD (NORTH ROCKLAND)	2019	8203	1171	23279242	19879.79675	171634290.1	148355048.1	18085.46241	2837.893697
5.00201E+11	HAVERSTRAW-STONY POINT CSD (NORTH ROCKLAND)	2020	7886	1155	20854617	18055.94545	175189346.9	154334729.9	19570.72406	2644.511413
5.00201E+11	HAVERSTRAW-STONY POINT CSD (NORTH ROCKLAND)	2021	7713	1139	23647509	20761.64091	182743480	159095971	20626.98963	3065.928821
5.00201E+11	HAVERSTRAW-STONY POINT CSD (NORTH ROCKLAND)	2022	7643	1101	23853103	21664.94369	195026781	171173678	22396.13738	3120.908413
5.00201E+11	HAVERSTRAW-STONY POINT CSD (NORTH RO	2023	7703	1161	24841150	21396.33936	206974710	182133560	23644.49695	3224.866935
5.00201E+11	HAVERSTRAW-STONY POINT CSD (NORTH ROCKLAND)	2024	8044	1138	39423822	34643.07733	252138750	212714928	26443.92442	4901.022128
5.00201E+11	HAVERSTRAW-STONY POINT CSD (NORTH RO	2025	7972	1209	42314058.33	34999.22112	273729427.8	231415369.5	29028.52101	5307.834713
5.00301E+11	SOUTH ORANGETOWN CSD	2019	3069	301	22177671.54	73679.97189	77264244.93	55086573.39	17949.35594	7226.351105
5.00301E+11	SOUTH ORANGETOWN CSD	2020	2910	343	11533418	33625.12536	78578582	67045164	23039.57526	3963.373883
5.00301E+11	SOUTH ORANGETOWN CSD	2021	2780	363	8017983.64	22088.1092	80672500.98	72654517.34	26134.71847	2884.166777
5.00301E+11	SOUTH ORANGETOWN CSD	2022	2775	401	7622391	19008.45636	81036844	73414453	26455.65874	2746.807568
5.00301E+11	SOUTH ORANGETOWN CSD	2023	2790	454	8622394	18992.05727	86397730	77775336	27876.46452	3090.463799
5.00301E+11	SOUTH ORANGETOWN CSD	2024	2806	475	17480585.17	36801.23194	104887533.7	87406948.51	31150.01729	6229.716739
5.00301E+11	SOUTH ORANGETOWN CSD	2025	2747	481	12492741	25972.43451	107399566	94906825	34549.26283	4547.776119
5.00304E+11	NYACK UFSD 	2019	3029	429	12985385.42	30268.96368	68326480.75	55341095.33	18270.41774	4287.020607
5.00304E+11	NYACK UFSD 	2020	2866	408	8105352.44	19866.0599	70523304.52	62417952.08	21778.76904	2828.106225
5.00304E+11	NYACK UFSD 	2021	2724	394	8363574.3	21227.34594	73108601.73	64745027.43	23768.36543	3070.328304
5.00304E+11	NYACK UFSD 	2022	2735	401	8799061	21942.79551	77206199	68407138	25011.75064	3217.206947
5.00304E+11	NYACK UFSD	2023	2737	417	7382633.35	17704.15671	80849865.31	73467231.96	26842.2477	2697.345031
5.00304E+11	NYACK UFSD 	2024	2865	420	8521215.55	20288.60845	89024727.65	80503512.1	28098.9571	2974.246265
5.00304E+11	NYACK UFSD	2025	2820	453	9701425.08	21415.9494	95236293.08	85534868	30331.51348	3440.22166
5.00308E+11	PEARL RIVER UFSD 	2019	2416	297	4131963	13912.33333	56611920	52479957	21721.83651	1710.249586
5.00308E+11	PEARL RIVER UFSD 	2020	2361	291	4134252	14207.05155	56314570	52180318	22100.93943	1751.05972
5.00308E+11	PEARL RIVER UFSD 	2021	2333	301	11386538	37829.0299	59032384	47645846	20422.5658	4880.642092
5.00308E+11	PEARL RIVER UFSD 	2022	2289	308	13097738	42525.12338	63228057	50130319	21900.53255	5722.03495
5.00308E+11	PEARL RIVER UFSD	2023	2223	315	14224658	45157.64444	66041494	51816836	23309.4179	6398.8565
5.00308E+11	PEARL RIVER UFSD 	2024	2262	325	13223804	40688.62769	80417713	67193909	29705.53006	5846.067197
5.00308E+11	PEARL RIVER UFSD	2025	2151	346	13404315.53	38740.79633	83446725.36	70042409.83	32562.71959	6231.666913
5.00401E+11	RAMAPO CSD (SUFFERN)	2019	4176	593	12056032.08	20330.57686	111041450.2	98985418.11	23703.40472	2886.980862
5.00401E+11	RAMAPO CSD (SUFFERN)	2020	4044	607	19285484.8	31771.80362	109695077.1	90409592.28	22356.47682	4768.913155
5.00401E+11	RAMAPO CSD (SUFFERN)	2021	3943	614	12499451	20357.41205	113557504	101058053	25629.73699	3170.03576
5.00401E+11	RAMAPO CSD (SUFFERN)	2022	3932	604	13984468	23153.09272	119904394	105919926	26937.92625	3556.57884
5.00401E+11	SUFFERN CSD	2023	3852	552	24213055.99	43864.23187	125830115.9	101617059.9	26380.33746	6285.84008
5.00401E+11	RAMAPO CSD (SUFFERN)	2024	3891	547	17307623	31640.99269	139433927	122126304	31386.86816	4448.116937
5.00401E+11	SUFFERN CSD	2025	3841	528	18553130	35138.50379	145149437	126596307	32959.20515	4830.286384
5.00402E+11	EAST RAMAPO CSD (SPRING VALLEY)	2019	10625	1610	25567734	15880.58012	201953343	176385609	16600.99849	2406.374965
5.00402E+11	EAST RAMAPO CSD (SPRING VALLEY)	2020	9387	1538	32598681.4	21195.50156	194866309.9	162267628.5	17286.42042	3472.747566
5.00402E+11	EAST RAMAPO CSD (SPRING VALLEY)	2021	9225	1539	39526445	25683.20013	212024734	172498289	18699.00152	4284.709485
5.00402E+11	EAST RAMAPO CSD (SPRING VALLEY)	2022	9484	1480	40071918	27075.62027	229974938	189903020	20023.51539	4225.212779
5.00402E+11	EAST RAMAPO CSD (SPRING VALLEY)	2023	9811	1486	40691302	27383.11036	233308621	192617319	19632.79166	4147.518296
5.00402E+11	EAST RAMAPO CSD (SPRING VALLEY)	2024	12434	1499	51138565.93	34115.1207	319800005.6	268661439.6	21607.00013	4112.800863
5.00402E+11	EAST RAMAPO CSD (SPRING VALLEY)	2025	10420	1434	62592816.11	43649.10468	367374437	304781620.9	29249.67571	6006.98811
5.10101E+11	BRASHER FALLS CSD	2019	1026	149	8657300.93	58102.69081	17772670.62	9115369.69	8884.375916	8437.915136
5.10101E+11	BRASHER FALLS CSD	2020	1000	148	1407410.74	9509.532027	18091674.42	16684263.68	16684.26368	1407.41074
5.10101E+11	BRASHER FALLS CSD	2021	988	160	1898836	11867.725	19349695	17450859	17662.81275	1921.898785
5.10101E+11	BRASHER FALLS CSD	2022	974	166	2553501	15382.53614	21280454	18726953	19226.85113	2621.664271
5.10101E+11	BRASHER FALLS CSD	2023	982	169	2518983	14905.22485	22768964	20249981	20621.16191	2565.155804
5.10101E+11	BRASHER FALLS CSD	2024	960	185	4334901.65	23431.90081	26416521.88	22081620.23	23001.68774	4515.522552
5.10101E+11	BRASHER FALLS CSD	2025	946	185	4457214.46	24093.05114	27879397.79	23422183.33	24759.179	4711.643192
5.10201E+11	CANTON CSD	2019	1314	192	4716105.41	24563.04901	26201231.02	21485125.61	16350.93273	3589.121317
5.10201E+11	CANTON CSD	2020	1238	176	5503499.1	31269.88125	24948357.03	19444857.93	15706.67038	4445.475848
5.10201E+11	CANTON CSD	2021	1172	170	3382623	19897.78235	24634528	21251905	18133.02474	2886.197099
5.10201E+11	CANTON CSD	2022	1123	155	3810658	24584.89032	27040197	23229539	20685.25289	3393.284061
5.10201E+11	CANTON CSD	2023	1115	159	3271343	20574.48428	28762184.45	25490841.45	22861.74121	2933.93991
5.10201E+11	CANTON CSD	2024	1069	159	6305524.51	39657.38686	32071116.12	25765591.61	24102.51788	5898.526202
5.10201E+11	CANTON CSD	2025	1041	150	6570906.14	43806.04093	32597467.04	26026560.9	25001.49942	6312.109645
5.10401E+11	CLIFTON-FINE CSD	2019	297	58	722271.69	12452.96017	8021478.84	7299207.15	24576.45505	2431.891212
5.10401E+11	CLIFTON-FINE CSD	2020	283	60	603239.16	10053.986	8116076.71	7512837.55	26547.12915	2131.587138
5.10401E+11	CLIFTON-FINE CSD	2021	268	61	647174.98	10609.4259	7995657.86	7348482.88	27419.71224	2414.832015
5.10401E+11	CLIFTON-FINE CSD	2022	254	57	1029300	18057.89474	8524910	7495610	29510.27559	4052.362205
5.10401E+11	CLIFTON-FINE CSD	2023	252	52	863318	16602.26923	8621821	7758503	30787.71032	3425.865079
5.10401E+11	CLIFTON-FINE CSD	2024	260	53	934618.31	17634.30774	10366899	9432280.69	36278.00265	3594.685808
5.10401E+11	CLIFTON-FINE CSD	2025	244	50	1067565.22	21351.3044	10352084.58	9284519.36	38051.30885	4375.267295
5.10501E+11	COLTON-PIERREPONT CSD	2019	357	42	1079960	25713.33333	8389292	7309332	20474.31933	3025.098039
5.10501E+11	COLTON-PIERREPONT CSD	2020	368	50	878573	17571.46	8273243	7394670	20094.21196	2387.42663
5.10501E+11	COLTON-PIERREPONT CSD	2021	374	51	772745	15151.86275	7533545	6760800	18077.00535	2066.163102
5.10501E+11	COLTON-PIERREPONT CSD	2022	392	54	885230	16393.14815	8255761	7370531	18802.375	2258.239796
5.10501E+11	COLTON-PIERREPONT CSD	2023	373	53	1210492	22839.4717	9880892	8670400	23245.04021	3245.286863
5.10501E+11	COLTON-PIERREPONT CSD	2024	381	53	1458691.72	27522.48528	11737200.44	10278508.72	26977.71318	3828.587192
5.10501E+11	COLTON-PIERREPONT CSD	2025	359	53	1429897.96	26979.20679	11496516.19	10066618.23	28040.7193	3983.002674
5.11101E+11	GOUVERNEUR CSD	2019	1544	251	3847457.26	15328.51498	29683919.66	25836462.4	16733.4601	2491.876464
5.11101E+11	GOUVERNEUR CSD	2020	1516	250	2110073.97	8440.29588	27845038.21	25734964.24	16975.57008	1391.869373
5.11101E+11	GOUVERNEUR CSD	2021	1460	231	1969359.26	8525.364762	27547323.47	25577964.21	17519.15357	1348.876205
5.11101E+11	GOUVERNEUR CSD	2022	1447	237	2952069	12455.98734	29668108	26716039	18463.0539	2040.130615
5.11101E+11	GOUVERNEUR CSD	2023	1445	243	3607315	14844.9177	33055470.25	29448155.25	20379.34619	2496.411765
5.11101E+11	GOUVERNEUR CSD	2024	1432	252	6036494	23954.34127	39717049	33680555	23519.94064	4215.428771
5.11101E+11	GOUVERNEUR CSD	2025	1407	263	6940206.31	26388.61715	42793502.04	35853295.73	25482.08652	4932.627086
5.11201E+11	HAMMOND CSD	2019	260	30	2387952	79598.4	6826105	4438153	17069.81923	9184.430769
5.11201E+11	HAMMOND CSD	2020	257	35	0	0	6713704	6713704	26123.36187	0
5.11201E+11	HAMMOND CSD	2021	233	29	408344	14080.82759	6940718	6532374	28035.93991	1752.549356
5.11201E+11	HAMMOND CSD	2022	239	31	533618	17213.48387	7751305	7217687	30199.5272	2232.711297
5.11201E+11	HAMMOND CSD	2023	247	31	922455	29756.6129	8054433	7131978	28874.40486	3734.635628
5.11201E+11	HAMMOND CSD	2024	228	29	1919055	66174.31034	9344741	7425686	32568.79825	8416.907895
5.11201E+11	HAMMOND CSD	2025	225	29	1287261	44388.31034	9173439	7886178	35049.68	5721.16
5.11301E+11	HERMON-DEKALB CSD	2019	403	55	1343300	24423.63636	9123201	7779901	19304.96526	3333.25062
5.11301E+11	HERMON-DEKALB CSD	2020	417	62	373808	6029.16129	9171051	8797243	21096.506	896.4220624
5.11301E+11	HERMON-DEKALB CSD	2021	416	68	241595	3552.867647	8193233	7951638	19114.51442	580.7572115
5.11301E+11	HERMON-DEKALB CSD	2022	373	66	218921	3316.984848	9087918	8868997	23777.47185	586.919571
5.11301E+11	HERMON-DEKALB CSD	2023	381	63	562452	8927.809524	9743049	9180597	24096.05512	1476.251969
5.11301E+11	HERMON-DEKALB CSD	2024	371	54	548243	10152.64815	11174428	10626185	28642.00809	1477.743935
5.11301E+11	HERMON-DEKALB CSD	2025	363	57	729402	12796.52632	11336378	10606976	29220.31956	2009.371901
5.11602E+11	LISBON CSD	2019	598	58	756775	13047.84483	10063883	9307108	15563.72575	1265.510033
5.11602E+11	LISBON CSD	2020	582	59	2335981	39592.89831	12033501	9697520	16662.4055	4013.713058
5.11602E+11	LISBON CSD	2021	583	66	2247636	34055.09091	12081588	9833952	16867.8422	3855.29331
5.11602E+11	LISBON CSD	2022	573	65	2185182	33618.18462	13273448	11088266	19351.24956	3813.581152
5.11602E+11	LISBON CSD	2023	560	71	2458181	34622.26761	14551348	12093167	21594.94107	4389.608929
5.11602E+11	LISBON CSD	2024	545	67	3033222	45271.97015	16762777	13729555	25191.84404	5565.544954
5.11602E+11	LISBON CSD	2025	539	66	2679750	40602.27273	16911586	14231836	26404.14842	4971.706865
5.11901E+11	MADRID-WADDINGTON CSD	2019	706	95	2358359	24824.83158	13274282	10915923	15461.64731	3340.451841
5.11901E+11	MADRID-WADDINGTON CSD	2020	696	89	2428818	27290.08989	13539201	11110383	15963.19397	3489.681034
5.11901E+11	MADRID-WADDINGTON CSD	2021	658	82	2421105	29525.67073	13408005	10986900	16697.41641	3679.490881
5.11901E+11	MADRID-WADDINGTON CSD	2022	660	90	2496210	27735.66667	15512128	13015918	19721.08788	3782.136364
5.11901E+11	MADRID-WADDINGTON CSD	2023	655	91	1251252	13750.02198	18284427	17033175	26004.84733	1910.308397
5.11901E+11	MADRID-WADDINGTON CSD	2024	617	87	2158275	24807.75862	17416523	15258248	24729.73744	3498.014587
5.11901E+11	MADRID-WADDINGTON CSD	2025	612	95	2462212	25918.02105	18221015	15758803	25749.6781	4023.222222
5.12001E+11	MASSENA CSD	2019	2564	446	8267681	18537.40135	46229813	37962132	14805.82371	3224.524571
5.12001E+11	MASSENA CSD	2020	2565	466	5596066	12008.72532	42171085	36575019	14259.26667	2181.702144
5.12001E+11	MASSENA CSD	2021	2459	444	6066406	13663.07658	43707659	37641253	15307.54494	2467.021553
5.12001E+11	MASSENA CSD	2022	2477	470	6524411	13881.72553	47362012	40837601	16486.71821	2633.997174
5.12001E+11	MASSENA CSD	2023	2428	490	7274152	14845.20816	51313725	44039573	18138.20964	2995.943987
5.12001E+11	MASSENA CSD	2024	2411	489	11768483.21	24066.42783	62767017.1	50998533.89	21152.44044	4881.162675
5.12001E+11	MASSENA CSD	2025	2467	490	13171225.32	26880.05167	66823098.15	53651872.83	21747.82036	5338.964459
5.12101E+11	MORRISTOWN CSD	2019	330	42	1323582	31513.85714	8224857.9	6901275.9	20912.95727	4010.854545
5.12101E+11	MORRISTOWN CSD	2020	333	42	546513.36	13012.22286	7257918.22	6711404.86	20154.36895	1641.181261
5.12101E+11	MORRISTOWN CSD	2021	326	40	714890	17872.25	7970570	7255680	22256.68712	2192.91411
5.12101E+11	MORRISTOWN CSD	2022	342	43	692934	16114.74419	7866876	7173942	20976.4386	2026.122807
5.12101E+11	MORRISTOWN CSD	2023	329	44	555553	12626.20455	7669698.26	7114145.26	21623.54182	1688.610942
5.12101E+11	MORRISTOWN CSD	2024	316	43	1531682	35620.51163	11539862.66	10008180.66	31671.45778	4847.094937
5.12101E+11	MORRISTOWN CSD	2025	307	37	1310467.78	35418.04811	10250600.44	8940132.66	29120.95329	4268.624691
5.12201E+11	NORWOOD-NORFOLK CSD	2019	984	140	4022365.01	28731.17864	20299530.78	16277165.77	16541.83513	4087.769319
5.12201E+11	NORWOOD-NORFOLK CSD	2020	987	130	4348306.49	33448.51146	20099617.52	15751311.03	15958.77511	4405.579017
5.12201E+11	NORWOOD-NORFOLK CSD	2021	939	129	3888588	30144.09302	20078737.68	16190149.68	17241.90594	4141.201278
5.12201E+11	NORWOOD-NORFOLK CSD	2022	1002	160	2631924	16449.525	20507588	17875664	17839.98403	2626.670659
5.12201E+11	NORWOOD-NORFOLK CSD	2023	973	156	2629629	16856.59615	21099835.94	18470206.94	18982.74095	2702.599178
5.12201E+11	NORWOOD-NORFOLK CSD	2024	945	172	5013520.92	29148.37744	26997426.85	21983905.93	23263.39252	5305.313143
5.12201E+11	NORWOOD-NORFOLK CSD	2025	905	181	5231396.51	28902.74315	27063998.43	21832601.92	24124.42201	5780.54863
5.123E+11	OGDENSBURG CITY SD	2019	1596	277	8823954.28	31855.43061	37480373.99	28656419.71	17955.15019	5528.793409
5.123E+11	OGDENSBURG CITY SD	2020	1535	284	8051252	28349.47887	34330639	26279387	17120.12182	5245.115309
5.123E+11	OGDENSBURG CITY SD	2021	1495	309	8126777	26300.24919	35858007	27731230	18549.31773	5435.971237
5.123E+11	OGDENSBURG CITY SD	2022	1488	322	8312322	25814.6646	39114562	30802240	20700.43011	5586.237903
5.123E+11	OGDENSBURG CITY SD	2023	1457	323	10098388	31264.35913	44037275	33938887	23293.67673	6930.945779
5.123E+11	OGDENSBURG CITY SD	2024	1417	319	12458169.98	39053.82439	47858207.78	35400037.8	24982.38377	8791.933649
5.123E+11	OGDENSBURG CITY SD	2025	1354	302	11202386.42	37093.99477	50201756.17	38999369.75	28803.07958	8273.549793
5.12404E+11	HEUVELTON CSD	2019	560	56	1688050	30143.75	11373175	9685125	17294.86607	3014.375
5.12404E+11	HEUVELTON CSD	2020	543	60	1568163	26136.05	11595513	10027350	18466.57459	2887.961326
5.12404E+11	HEUVELTON CSD	2021	524	63	1538522	24420.98413	11952340.76	10413818.76	19873.69992	2936.110687
5.12404E+11	HEUVELTON CSD	2022	533	66	1511906	22907.66667	13757618	12245712	22975.06942	2836.596623
5.12404E+11	HEUVELTON CSD	2023	552	76	1827381	24044.48684	15203406	13376025	24231.92935	3310.472826
5.12404E+11	HEUVELTON CSD	2024	554	88	3457358.85	39288.16875	17460879.01	14003520.16	25277.1122	6240.719946
5.12404E+11	HEUVELTON CSD	2025	512	82	4355480	53115.60976	17787456	13431976	26234.32813	8506.796875
5.12501E+11	PARISHVILLE-HOPKINTON CSD	2019	404	58	1246718	21495.13793	9492847	8246129	20411.2104	3085.935644
5.12501E+11	PARISHVILLE-HOPKINTON CSD	2020	380	52	331609	6377.096154	9539098.64	9207489.64	24230.23589	872.6552632
5.12501E+11	PARISHVILLE-HOPKINTON CSD	2021	354	54	1205910	22331.66667	9520429	8314519	23487.34181	3406.525424
5.12501E+11	PARISHVILLE-HOPKINTON CSD	2022	345	58	744467	12835.63793	10390856	9646389	27960.54783	2157.875362
5.12501E+11	PARISHVILLE-HOPKINTON CSD	2023	345	61	642362	10530.52459	10590710	9948348	28835.7913	1861.918841
5.12501E+11	PARISHVILLE-HOPKINTON CSD	2024	339	59	1686658.89	28587.43881	11831591.76	10144932.87	29926.05566	4975.394956
5.12501E+11	PARISHVILLE-HOPKINTON CSD	2025	337	61	1674692	27453.96721	11595969	9921277	29439.9911	4969.412463
5.12902E+11	POTSDAM CSD	2019	1347	185	2174970	11756.59459	23764339	21589369	16027.74239	1614.67706
5.12902E+11	POTSDAM CSD	2020	1312	195	2381735.06	12214.02595	26547825.46	24166090.4	18419.27622	1815.346845
5.12902E+11	POTSDAM CSD	2022	1317	211	2496788	11833.11848	26554868	24058080	18267.33485	1895.81473
5.12902E+11	POTSDAM CSD	2023	1287	221	2625172	11878.60633	27006130	24380958	18944.02331	2039.760684
5.12902E+11	POTSDAM CSD	2024	1304	242	3088245	12761.34298	31481280	28393035	21773.79985	2368.286043
5.12902E+11	POTSDAM CSD	2025	1279	219	6340399	28951.59361	36169501	29829102	23322.20641	4957.309617
5.13102E+11	EDWARDS-KNOX CSD	2019	526	114	1199274.58	10519.95246	10722698.85	9523424.27	18105.36933	2279.989696
5.13102E+11	EDWARDS-KNOX CSD	2020	520	116	1246667	10747.12931	10495823	9249156	17786.83846	2397.436538
5.13102E+11	EDWARDS-KNOX CSD	2021	487	108	1570165	14538.56481	10803011.53	9232846.53	18958.6171	3224.158111
5.13102E+11	EDWARDS-KNOX CSD	2022	512	99	1874917	18938.55556	12599064	10724147	20945.59961	3661.947266
5.13102E+11	EDWARDS-KNOX CSD	2023	515	102	1923686	18859.66667	13360532.99	11436846.99	22207.46988	3735.312621
5.13102E+11	EDWARDS-KNOX CSD	2024	513	117	2093556.78	17893.64769	15667164.34	13573607.56	26459.274	4081.007368
5.13102E+11	EDWARDS-KNOX CSD	2025	493	112	2840395.02	25360.66982	16386024.3	13545629.28	27475.92146	5761.450345
5.20101E+11	BURNT HILLS-BALLSTON LAKE CSD	2019	3059	455	7883400.01	17326.15387	54296214.83	46412814.82	15172.54489	2577.116708
5.20101E+11	BURNT HILLS-BALLSTON LAKE CSD	2020	3082	475	8266494.01	17403.14528	54560634.02	46294140.01	15020.81116	2682.184948
5.20101E+11	BURNT HILLS-BALLSTON LAKE CSD	2021	3035	510	8559888.99	16784.09606	55446731.96	46886842.97	15448.71268	2820.391759
5.20101E+11	BURNT HILLS-BALLSTON LAKE CSD	2022	3038	514	8474658	16487.66148	58394640	49919982	16431.85714	2789.551679
5.20101E+11	BURNT HILLS-BALLSTON LAKE CSD	2023	3081	550	8922795.01	16223.26365	60871979.99	51949184.98	16861.1441	2896.071084
5.20101E+11	BURNT HILLS-BALLSTON LAKE CSD	2024	3133	583	10575191.12	18139.26436	72991287.63	62416096.51	19922.15018	3375.420083
5.20101E+11	BURNT HILLS-BALLSTON LAKE CSD	2025	3104	571	10437654.03	18279.60426	74718127.99	64280473.96	20708.91558	3362.646273
5.20302E+11	SHENENDEHOWA CSD	2019	9718	1116	17979199	16110.39337	146819348	128840149	13257.88732	1850.092509
5.20302E+11	SHENENDEHOWA CSD	2020	9535	1117	19041078	17046.6231	145694574	126653496	13283.00954	1996.966754
5.20302E+11	SHENENDEHOWA CSD	2021	9409	1079	19725177	18280.97961	150756484	131031307	13926.16718	2096.415878
5.20302E+11	SHENENDEHOWA CSD	2022	9447	1100	20581453	18710.41182	160426690	139845237	14803.13719	2178.623161
5.20302E+11	SHENENDEHOWA CSD	2023	9388	1093	21742184	19892.2086	166616812.7	144874628.7	15431.89484	2315.954836
5.20302E+11	SHENENDEHOWA CSD	2024	9441	1097	25324199.48	23084.95851	197822525	172498325.5	18271.1922	2682.364101
5.20302E+11	SHENENDEHOWA CSD	2025	9341	1110	24361419.55	21947.22482	202468397.1	178106977.5	19067.22808	2608.009801
5.20401E+11	CORINTH CSD	2019	1165	140	2312940	16521	17819740.82	15506800.82	13310.55864	1985.356223
5.20401E+11	CORINTH CSD	2020	1139	121	1752107.71	14480.22901	17387437.14	15635329.43	13727.2427	1538.285961
5.20401E+11	CORINTH CSD	2021	1069	118	2513589	21301.60169	17295190	14781601	13827.50327	2351.346118
5.20401E+11	CORINTH CSD	2022	1072	124	2983948	24064.09677	19757970	16774022	15647.40858	2783.533582
5.20401E+11	CORINTH CSD	2023	1085	142	2879338	20277.02817	23135387	20256049	18669.16959	2653.767742
5.20401E+11	CORINTH CSD	2024	1073	145	3264351	22512.76552	23673216	20408865	19020.37745	3042.26561
5.20401E+11	CORINTH CSD	2025	1056	164	3410570	20796.15854	25359497	21948927	20784.96875	3229.706439
5.20601E+11	EDINBURG COMMON SD	2019	68	0	102222		2194357	2092135	30766.69118	1503.264706
5.20601E+11	EDINBURG COMMON SD	2020	58	0	93613		2146978	2053365	35402.84483	1614.017241
5.20601E+11	EDINBURG COMMON SD	2021	60	4	87530	21882.5	2300815	2213285	36888.08333	1458.833333
5.20601E+11	EDINBURG COMMON SD	2022	55	7	170450	24350	2201485	2031035	36927.90909	3099.090909
5.20601E+11	EDINBURG COMMON SD	2023	52	6	150100	25016.66667	2218227	2068127	39771.67308	2886.538462
5.20601E+11	EDINBURG COMMON SD	2024	46	6	376760	62793.33333	2917489.65	2540729.65	55233.25326	8190.434783
5.20601E+11	EDINBURG COMMON SD	2025	50	7	279977	39996.71429	2815066.17	2535089.17	50701.7834	5599.54
5.20701E+11	GALWAY CSD	2019	788	96	1765671.44	18392.41083	15976375	14210703.56	18033.88777	2240.699797
5.20701E+11	GALWAY CSD	2020	837	89	1571841	17661.13483	15791711	14219870	16989.092	1877.946237
5.20701E+11	GALWAY CSD	2022	832	93	1446491	15553.66667	17293349	15846858	19046.70433	1738.570913
5.20701E+11	GALWAY CSD	2023	814	85	1798323	21156.74118	18512295	16713972	20533.13514	2209.242015
5.20701E+11	GALWAY CSD	2024	826	79	2335433.15	29562.44494	20394940.89	18059507.74	21863.81082	2827.400908
5.20701E+11	GALWAY CSD	2025	831	94	2633173.44	28012.4834	21812253.82	19179080.38	23079.51911	3168.680433
5.212E+11	MECHANICVILLE CITY SD	2019	1334	215	3365688	15654.36279	22077681	18711993	14026.98126	2523.004498
5.212E+11	MECHANICVILLE CITY SD	2020	1346	213	3112661	14613.43192	22797767	19685106	14624.89302	2312.526746
5.212E+11	MECHANICVILLE CITY SD	2021	1342	223	2942165	13193.56502	19391417	16449252	12257.26677	2192.373323
5.212E+11	MECHANICVILLE CITY SD	2022	1355	234	2943866	12580.62393	21849129	18905263	13952.22362	2172.594834
5.212E+11	MECHANICVILLE CITY SD	2023	1346	240	3056613	12735.8875	24273934.54	21217321.54	15763.24037	2270.88633
5.212E+11	MECHANICVILLE CITY SD	2025	1314	234	5332625	22788.99573	28900953	23568328	17936.32268	4058.314307
5.21301E+11	BALLSTON SPA CSD	2019	4196	707	11476763	16233.04526	72618736	61141973	14571.49023	2735.167541
5.21301E+11	BALLSTON SPA CSD	2020	4064	731	11898238	16276.65937	72432605	60534367	14895.26747	2927.716043
5.21301E+11	BALLSTON SPA CSD	2021	4020	708	11882594	16783.32486	72311426	60428832	15032.04776	2955.869154
5.21301E+11	BALLSTON SPA CSD	2022	4001	695	12543108	18047.63741	77809425	65266317	16312.50112	3134.993252
5.21301E+11	BALLSTON SPA CSD	2023	3894	687	13001128	18924.49491	80693009	67691881	17383.63662	3338.759117
5.21301E+11	BALLSTON SPA CSD	2024	3949	691	15697962	22717.7453	98135943	82437981	20875.65991	3975.173968
5.21301E+11	BALLSTON SPA CSD	2025	3824	758	16828784	22201.56201	101522316	84693532	22147.89017	4400.832636
5.21401E+11	SOUTH GLENS FALLS CSD	2019	3127	418	6834557	16350.61483	46505895	39671338	12686.70867	2185.659418
5.21401E+11	SOUTH GLENS FALLS CSD	2020	2916	395	5094299.02	12896.95954	45518385.46	40424086.44	13862.85543	1747.016125
5.21401E+11	SOUTH GLENS FALLS CSD	2021	2852	421	8714757	20700.13539	46940528	38225771	13403.14551	3055.665147
5.21401E+11	SOUTH GLENS FALLS CSD	2022	2834	433	7248951	16741.22633	49517270	42268319	14914.72089	2557.851447
5.21401E+11	SOUTH GLENS FALLS CSD	2023	2802	445	5456122.65	12260.94978	51704671.24	46248548.59	16505.5491	1947.224358
5.21401E+11	SOUTH GLENS FALLS CSD	2024	2909	498	9468108.42	19012.2659	64207928.99	54739820.57	18817.40136	3254.763981
5.21401E+11	SOUTH GLENS FALLS CSD	2025	2882	507	10388691.45	20490.51568	70176517.07	59787825.62	20745.25525	3604.68128
5.21701E+11	SCHUYLERVILLE CSD	2019	1538	170	2954062	17376.83529	29428532	26474470	17213.56957	1920.716515
5.21701E+11	SCHUYLERVILLE CSD	2020	1517	173	2327665	13454.71098	29577657	27249992	17963.07976	1534.386948
5.21701E+11	SCHUYLERVILLE CSD	2021	1431	181	2309871	12761.71823	29965063.48	27655192.48	19325.78091	1614.165618
5.21701E+11	SCHUYLERVILLE CSD	2022	1400	177	2270386	12827.03955	31365438	29095052	20782.18	1621.704286
5.21701E+11	SCHUYLERVILLE CSD	2023	1369	179	2418200	13509.49721	31933973	29515773	21560.09715	1766.398831
5.21701E+11	SCHUYLERVILLE CSD	2024	1386	167	3927926.91	23520.52042	37864829.03	33936902.12	24485.49937	2834.0021
5.21701E+11	SCHUYLERVILLE CSD	2025	1318	180	3992920.94	22182.89411	38549860.03	34556939.09	26219.22541	3029.530303
5.218E+11	SARATOGA SPRINGS CITY SD	2019	6462	686	10860027	15830.94315	103427822	92567795	14324.94506	1680.598422
5.218E+11	SARATOGA SPRINGS CITY SD	2020	6248	691	11714927.1	16953.5848	106590448	94875520.89	15184.94252	1874.988332
5.218E+11	SARATOGA SPRINGS CITY SD	2021	6009	715	11922790.01	16675.23078	106797619.4	94874829.36	15788.78838	1984.155435
5.218E+11	SARATOGA SPRINGS CITY SD	2022	5989	716	12113389	16918.14106	108996183	96882794	16176.78978	2022.606278
5.218E+11	SARATOGA SPRINGS CITY SD	2023	5946	741	12565680.59	16957.73359	112322473.9	99756793.35	16777.12636	2113.299797
5.218E+11	SARATOGA SPRINGS CITY SD	2024	5903	731	12966536.74	17738.08036	126048157.6	113081620.9	19156.63576	2196.601176
5.218E+11	SARATOGA SPRINGS CITY SD	2025	5751	756	12894763.45	17056.56541	127840669.2	114945905.8	19987.11629	2242.177613
5.22001E+11	STILLWATER CSD	2019	1044	140	1275861	9113.292857	25875516	24599655	23562.88793	1222.08908
5.22001E+11	STILLWATER CSD	2020	1042	130	2630756	20236.58462	20098566	17467810	16763.73321	2524.71785
5.22001E+11	STILLWATER CSD	2021	1057	130	2205929	16968.68462	19284302	17078373	16157.40114	2086.971618
5.22001E+11	STILLWATER CSD	2022	1065	129	2433337	18863.07752	21090075	18656738	17518.06385	2284.823474
5.22001E+11	STILLWATER CSD	2023	1022	133	3114923	23420.47368	21981112	18866189	18460.06751	3047.869863
5.22001E+11	STILLWATER CSD	2024	1021	144	4003611	27802.85417	25805103	21801492	21353.07738	3921.264447
5.22001E+11	STILLWATER CSD	2025	993	149	3774703.42	25333.58	26768580.42	22993877	23155.96878	3801.312608
5.22101E+11	WATERFORD-HALFMOON UFSD 	2019	756	99	8149027.33	82313.40737	14372688.94	6223661.61	8232.356627	10779.13668
5.22101E+11	WATERFORD-HALFMOON UFSD 	2020	752	110	3084241.87	28038.56245	17988747	14904505.13	19819.82065	4101.385465
5.22101E+11	WATERFORD-HALFMOON UFSD 	2021	735	119	1318957	11083.67227	15268591	13949634	18979.09388	1794.49932
5.22101E+11	WATERFORD-HALFMOON UFSD 	2022	743	120	2789182	23243.18333	17064380	14275198	19212.9179	3753.946164
5.22101E+11	WATERFORD-HALFMOON UFSD	2023	734	119	2778006	23344.58824	17072775	14294769	19475.16213	3784.749319
5.22101E+11	WATERFORD-HALFMOON UFSD 	2024	733	124	3854279.22	31082.89694	19802848.63	15948569.41	21757.93917	5258.225402
5.22101E+11	WATERFORD-HALFMOON UFSD	2025	718	120	4371504.87	36429.20725	20290196.99	15918692.12	22170.88039	6088.446894
5.30101E+11	DUANESBURG CSD	2019	664	69	1691796	24518.78261	12261412.34	10569616.34	15918.0969	2547.885542
5.30101E+11	DUANESBURG CSD	2020	669	72	1558366	21643.97222	12217311	10658945	15932.65321	2329.396114
5.30101E+11	DUANESBURG CSD	2021	648	66	1395096.43	21137.8247	11902040.43	10506944	16214.41975	2152.92659
5.30101E+11	DUANESBURG CSD	2022	651	68	1565494	23021.97059	13305214	11739720	18033.36406	2404.752688
5.30101E+11	DUANESBURG CSD	2023	644	70	1610712	23010.17143	14925345.96	13314633.96	20674.89745	2501.10559
5.30101E+11	DUANESBURG CSD	2024	673	89	1756880.21	19740.22708	15871437.86	14114557.65	20972.59681	2610.520371
5.30101E+11	DUANESBURG CSD	2025	646	99	1699224.73	17163.88616	15849954.35	14150729.62	21905.15421	2630.378839
5.30202E+11	SCOTIA-GLENVILLE CSD	2019	2438	367	6818654	18579.43869	42904840	36086186	14801.55291	2796.822806
5.30202E+11	SCOTIA-GLENVILLE CSD	2020	2371	355	7127895.86	20078.57989	45488207.07	38360311.21	16178.95876	3006.282522
5.30202E+11	SCOTIA-GLENVILLE CSD	2021	2286	349	6892972	19750.6361	47158726.54	40265754.54	17614.06585	3015.298338
5.30202E+11	SCOTIA-GLENVILLE CSD	2022	2269	346	7374707	21314.18208	49173983	41799276	18421.89335	3250.20141
5.30202E+11	SCOTIA-GLENVILLE CSD	2023	2207	335	7712673	23022.90448	51734940	44022267	19946.65473	3494.641142
5.30202E+11	SCOTIA-GLENVILLE CSD	2024	2146	328	10480046	31951.35976	56991262	46511216	21673.44641	4883.525629
5.30202E+11	SCOTIA-GLENVILLE CSD	2025	2101	330	11801172.1	35761.12758	59682133	47880960.9	22789.60538	5616.931033
5.30301E+11	NISKAYUNA CSD	2019	4250	484	8470363	17500.75	65236718	56766355	13356.78941	1993.026588
5.30301E+11	NISKAYUNA CSD	2020	4294	483	9036201	18708.49068	68175195	59138994	13772.47182	2104.378435
5.30301E+11	NISKAYUNA CSD	2021	4204	501	8889249	17743.01198	67611709	58722460	13968.23501	2114.474072
5.30301E+11	NISKAYUNA CSD	2022	4215	544	9335682	17161.18015	72603329	63267647	15010.11791	2214.871174
5.30301E+11	NISKAYUNA CSD	2023	4314	573	10112985	17649.18848	75173088	65060103	15081.15508	2344.224618
5.30301E+11	NISKAYUNA CSD	2024	4336	589	11910970	20222.35993	90683150	78772180	18167.01568	2746.994926
5.30301E+11	NISKAYUNA CSD	2025	4313	613	14800292	24144.03263	103011299	88211007	20452.35497	3431.553907
5.30501E+11	SCHALMONT CSD	2019	1821	270	6616246	24504.61481	42991007.09	36374761.09	19975.15711	3633.303679
5.30501E+11	SCHALMONT CSD	2020	1799	239	5232636	21893.87448	34097452	28864816	16044.92273	2908.635909
5.30501E+11	SCHALMONT CSD	2021	1746	222	10556479	47551.70721	35623321	25066842	14356.72509	6046.093356
5.30501E+11	SCHALMONT CSD	2022	1790	232	5821443	25092.42672	38963383	33141940	18515.05028	3252.202793
5.30501E+11	SCHALMONT CSD	2023	1810	244	5447518	22325.89344	39279266	33831748	18691.57348	3009.678453
5.30501E+11	SCHALMONT CSD	2024	1781	237	2818978	11894.42194	55180025	52361047	29399.8018	1582.806289
5.30501E+11	SCHALMONT CSD	2025	1751	206	8159817.58	39610.76495	50596432.03	42436614.45	24235.64503	4660.089994
5.30515E+11	ROTTERDAM-MOHONASEN CSD	2019	2788	403	4384693	10880.13151	42188702	37804009	13559.54412	1572.701937
5.30515E+11	ROTTERDAM-MOHONASEN CSD	2020	2798	388	4987089	12853.32216	42302330	37315241	13336.39778	1782.37634
5.30515E+11	ROTTERDAM-MOHONASEN CSD	2021	2727	387	4706224	12160.78553	43001953	38295729	14043.17162	1725.788045
5.30515E+11	ROTTERDAM-MOHONASEN CSD	2022	2711	383	3978090	10386.65796	48470787	44492697	16411.91332	1467.388418
5.30515E+11	ROTTERDAM-MOHONASEN CSD	2023	2737	364	4538046	12467.15934	48536334	43998288	16075.37011	1658.036536
5.30515E+11	ROTTERDAM-MOHONASEN CSD	2024	2792	403	6490076	16104.40695	58337240	51847164	18569.90115	2324.525788
5.30515E+11	ROTTERDAM-MOHONASEN CSD	2025	2772	413	6918024	16750.66344	62749926	55831902	20141.37879	2495.679654
5.306E+11	SCHENECTADY CITY SD	2019	9678	1635	27742585	16967.9419	170955041.1	143212456.1	14797.7326	2866.56179
5.306E+11	SCHENECTADY CITY SD	2020	9499	1652	25346141	15342.70036	173508728.8	148162587.8	15597.70374	2668.295715
5.306E+11	SCHENECTADY CITY SD	2021	9080	1556	22159014	14241.01157	165105276.2	142946262.2	15742.98041	2440.420044
5.306E+11	SCHENECTADY CITY SD	2022	9105	1480	23537390	15903.64189	182044883	158507493	17408.84053	2585.105986
5.306E+11	SCHENECTADY CITY SD	2023	8940	1523	28248097	18547.6671	207454714.5	179206617.5	20045.48294	3159.742394
5.306E+11	SCHENECTADY CITY SD	2024	9129	1664	37973605.86	22820.6766	261837860.1	223864254.2	24522.31945	4159.667637
5.306E+11	SCHENECTADY CITY SD	2025	8942	1713	39299698.07	22942.0304	275392589.5	236092891.5	26402.69419	4394.95617
5.40801E+11	GILBOA-CONESVILLE CSD	2019	308	46	614089	13349.76087	8157430.01	7543341.01	24491.36692	1993.795455
5.40801E+11	GILBOA-CONESVILLE CSD	2020	311	48	1366743	28473.8125	8254275	6887532	22146.40514	4394.672026
5.40801E+11	GILBOA-CONESVILLE CSD	2021	294	49	1264683	25809.85714	8438325.12	7173642.12	24400.14327	4301.642857
5.40801E+11	GILBOA-CONESVILLE CSD	2022	300	40	538181	13454.525	8423786	7885605	26285.35	1793.936667
5.40801E+11	GILBOA-CONESVILLE CSD	2023	296	43	674222	15679.5814	8937153	8262931	27915.30743	2277.777027
5.40801E+11	GILBOA-CONESVILLE CSD	2024	275	40	1094484.52	27362.113	10662730.01	9568245.49	34793.61996	3979.943709
5.40801E+11	GILBOA-CONESVILLE CSD	2025	248	30	1475592.62	49186.42067	11859854.01	10384261.39	41872.02173	5949.970242
5.40901E+11	JEFFERSON CSD	2019	204	34	618734	18198.05882	2703369	2084635	10218.79902	3033.009804
5.40901E+11	JEFFERSON CSD	2020	200	41	470909.55	11485.59878	5348620.3	4877710.75	24388.55375	2354.54775
5.40901E+11	JEFFERSON CSD	2021	179	39	418693	10735.71795	4942911	4524218	25274.96089	2339.067039
5.40901E+11	JEFFERSON CSD	2022	157	31	232348	7495.096774	5205656	4973308	31677.12102	1479.923567
5.40901E+11	JEFFERSON CSD	2023	148	23	397765	17294.13043	5858948	5461183	36899.88514	2687.601351
5.40901E+11	JEFFERSON CSD	2024	150	24	641407	26725.29167	6579797	5938390	39589.26667	4276.046667
5.40901E+11	JEFFERSON CSD	2025	141	19	676258.58	35592.55684	6446610	5770351.42	40924.47816	4796.160142
5.41001E+11	MIDDLEBURGH CSD	2019	724	112	2140226	19109.16071	17768401.13	15628175.13	21585.87725	2956.11326
5.41001E+11	MIDDLEBURGH CSD	2020	689	112	2398492	21415.10714	17985340	15586848	22622.4209	3481.120464
5.41001E+11	MIDDLEBURGH CSD	2021	641	103	2299460	22324.85437	17270333	14970873	23355.4961	3587.301092
5.41001E+11	MIDDLEBURGH CSD	2022	650	108	2283568	21144.14815	18906210	16622642	25573.29538	3513.181538
5.41001E+11	MIDDLEBURGH CSD	2023	641	104	1934727	18603.14423	20067377.18	18132650.18	28288.0658	3018.294852
5.41001E+11	MIDDLEBURGH CSD	2024	637	118	2813288.43	23841.42737	21730028.01	18916739.58	29696.60845	4416.465353
5.41001E+11	MIDDLEBURGH CSD	2025	614	106	3044914.58	28725.60925	22102289	19057374.42	31038.06909	4959.144267
5.41102E+11	COBLESKILL-RICHMONDVILLE CSD	2019	1736	231	5406190	23403.41991	32473170	27066980	15591.57834	3114.164747
5.41102E+11	COBLESKILL-RICHMONDVILLE CSD	2020	1672	240	6056866	25236.94167	33530720	27473854	16431.73086	3622.527512
5.41102E+11	COBLESKILL-RICHMONDVILLE CSD	2021	1603	236	5839722	24744.58475	33039612	27199890	16968.11603	3642.995633
5.41102E+11	COBLESKILL-RICHMONDVILLE CSD	2022	1580	250	6571355	26285.42	35043790	28472435	18020.52848	4159.085443
5.41102E+11	COBLESKILL-RICHMONDVILLE CSD	2023	1543	263	7142875	27159.22053	38339108	31196233	20217.90862	4629.212573
5.41102E+11	COBLESKILL-RICHMONDVILLE CSD	2024	1554	294	7877693.8	26794.87687	42551385.4	34673691.6	22312.54286	5069.30103
5.41102E+11	COBLESKILL-RICHMONDVILLE CSD	2025	1515	310	7876936.19	25409.47158	43306574.38	35429638.19	23385.8998	5199.297815
5.41201E+11	SCHOHARIE CSD	2019	929	117	2597415	22200.12821	19292046.26	16694631.26	17970.53957	2795.925727
5.41201E+11	SCHOHARIE CSD	2020	889	113	1019899	9025.654867	18050607	17030708	19157.15186	1147.24297
5.41201E+11	SCHOHARIE CSD	2021	844	100	1830589.74	18305.8974	17734786.99	15904197.25	18843.8356	2168.94519
5.41201E+11	SCHOHARIE CSD	2022	845	117	1481110	12659.05983	18569947	17088837	20223.47574	1752.792899
5.41201E+11	SCHOHARIE CSD	2023	812	118	2133259	18078.4661	20416735.88	18283476.88	22516.59714	2627.166256
5.41201E+11	SCHOHARIE CSD	2024	855	125	1593925.01	12751.40008	23722377.59	22128452.58	25881.23109	1864.239778
5.41201E+11	SCHOHARIE CSD	2025	808	144	2484592.93	17254.11757	24488455.12	22003862.19	27232.50271	3074.99125
5.41401E+11	SHARON SPRINGS CSD	2019	242	35	740707	21163.05714	5223438	4482731	18523.68182	3060.772727
5.41401E+11	SHARON SPRINGS CSD	2020	226	30	572849	19094.96667	8673358	8100509	35842.96018	2534.730088
5.41401E+11	SHARON SPRINGS CSD	2022	231	40	571596	14289.9	7821177	7249581	31383.46753	2474.441558
5.41401E+11	SHARON SPRINGS CSD	2023	247	35	677380	19353.71429	8417646	7740266	31337.10931	2742.42915
5.41401E+11	SHARON SPRINGS CSD	2024	272	47	892756	18994.80851	9547966	8655210	31820.625	3282.191176
5.41401E+11	SHARON SPRINGS CSD	2025	264	52	1344572	25857.15385	9802583	8458011	32037.92045	5093.075758
5.50101E+11	ODESSA-MONTOUR CSD	2019	785	106	1790595	16892.40566	14470682	12680087	16152.97707	2281.012739
5.50101E+11	ODESSA-MONTOUR CSD	2020	774	107	2473381	23115.71028	14113756.49	11640375.49	15039.24482	3195.582687
5.50101E+11	ODESSA-MONTOUR CSD	2021	754	102	2189721	21467.85294	14037805.44	11848084.44	15713.63984	2904.139257
5.50101E+11	ODESSA-MONTOUR CSD	2022	729	105	2611969	24875.89524	15325540	12713571	17439.74074	3582.947874
5.50101E+11	ODESSA-MONTOUR CSD	2023	765	96	2748227.01	28627.36469	16292295.3	13544068.29	17704.66443	3592.453608
5.50101E+11	ODESSA-MONTOUR CSD	2024	737	95	2728946	28725.74737	18368845.04	15639899.04	21221.02991	3702.776119
5.50101E+11	ODESSA-MONTOUR CSD	2025	673	89	3542079.01	39798.64056	19670314.02	16128235.01	23964.68798	5263.118886
5.50301E+11	WATKINS GLEN CSD	2019	1078	152	2435952	16026	20689790	18253838	16933.05937	2259.695733
5.50301E+11	WATKINS GLEN CSD	2020	1040	159	3399645	21381.41509	21840911	18441266	17731.98654	3268.889423
5.50301E+11	WATKINS GLEN CSD	2021	938	145	2988009	20606.95862	20981055	17993046	19182.35181	3185.510661
5.50301E+11	WATKINS GLEN CSD	2022	931	142	2672497	18820.40141	22668695	19996198	21478.19334	2870.566058
5.50301E+11	WATKINS GLEN CSD	2023	900	131	2782783	21242.61832	23570380.86	20787597.86	23097.33096	3091.981111
5.50301E+11	WATKINS GLEN CSD	2024	908	149	4610056.53	30939.97671	27290883.58	22680827.05	24978.88442	5077.154769
5.50301E+11	WATKINS GLEN CSD	2025	878	147	4527242.12	30797.56544	26696337.34	22169095.22	25249.53897	5156.31221
5.60501E+11	SOUTH SENECA CSD	2019	686	112	2585946	23088.80357	18827057	16241111	23675.08892	3769.600583
5.60501E+11	SOUTH SENECA CSD	2020	659	96	1670050	17396.35417	18958669	17288619	26234.62671	2534.218513
5.60501E+11	SOUTH SENECA CSD	2021	655	101	1701909	16850.58416	20078898	18376989	28056.47176	2598.334351
5.60501E+11	SOUTH SENECA CSD	2022	619	91	1827067	20077.65934	20461536	18634469	30104.15024	2951.642973
5.60501E+11	SOUTH SENECA CSD	2023	636	97	2102091	21671.04124	22368954	20266863	31866.13679	3305.174528
5.60501E+11	SOUTH SENECA CSD	2024	634	111	4401332.14	39651.6409	26180143.7	21778811.56	34351.43779	6942.164259
5.60501E+11	SOUTH SENECA CSD	2025	615	115	4460479.71	38786.78009	26067338.31	21606858.6	35133.10341	7252.812537
5.60603E+11	ROMULUS CSD	2019	457	61	1256671	20601.16393	9857676	8601005	18820.57987	2749.827133
5.60603E+11	ROMULUS CSD	2020	475	54	1323823	24515.24074	9922937	8599114	18103.39789	2786.995789
5.60603E+11	ROMULUS CSD	2021	422	55	630143	11457.14545	9609891	8979748	21279.0237	1493.229858
5.60603E+11	ROMULUS CSD	2022	442	69	524465	7600.942029	10527763	10003298	22631.89593	1186.572398
5.60603E+11	ROMULUS CSD	2023	445	75	510967	6812.893333	10892203	10381236	23328.62022	1148.240449
5.60603E+11	ROMULUS CSD	2024	438	81	1805507	22290.20988	12268999	10463492	23889.25114	4122.1621
5.60603E+11	ROMULUS CSD	2025	426	75	2104194	28055.92	12760924	10656730	25015.79812	4939.422535
5.60701E+11	SENECA FALLS CSD	2019	1235	140	5938057.34	42414.69529	23532056.59	17593999.25	14246.15324	4808.143595
5.60701E+11	SENECA FALLS CSD	2020	1198	155	1781441.49	11493.1709	20109897.93	18328456.44	15299.21239	1487.01293
5.60701E+11	SENECA FALLS CSD	2021	1173	139	5138147.95	36965.09317	23251827.28	18113679.33	15442.18187	4380.347783
5.60701E+11	SENECA FALLS CSD	2022	1160	118	1890629	16022.27966	22216018	20325389	17521.88707	1629.852586
5.60701E+11	SENECA FALLS CSD	2023	1201	123	1753269.81	14254.2261	22111900	20358630.19	16951.39899	1459.84164
5.60701E+11	SENECA FALLS CSD	2024	1215	148	1291998.73	8729.721149	25985706.15	24693707.42	20324.03903	1063.37344
5.60701E+11	SENECA FALLS CSD	2025	1156	151	1659804.43	10992.08232	27377355.75	25717551.32	22247.01671	1435.816981
5.61006E+11	WATERLOO CSD	2019	1605	229	1756677.41	7671.080393	31857645	30100967.59	18754.49694	1094.503059
5.61006E+11	WATERLOO CSD	2020	1538	219	2889440	13193.78995	31743459	28854019	18760.74057	1878.69961
5.61006E+11	WATERLOO CSD	2022	1492	188	3274320	17416.59574	36068590	32794270	21980.07373	2194.58445
5.61006E+11	WATERLOO CSD	2023	1433	175	5346058.99	30548.90851	31704729.94	26358670.95	18394.04812	3730.676197
5.61006E+11	WATERLOO CSD	2024	1391	187	2287433.12	12232.26267	37883672.51	35596239.39	25590.39496	1644.452279
5.61006E+11	WATERLOO CSD	2025	1414	191	3000500.48	15709.4266	39153577.62	36153077.14	25567.94706	2121.994682
5.70101E+11	ADDISON CSD	2019	1095	143	4255042	29755.53846	23324626	19069584	17415.14521	3885.883105
5.70101E+11	ADDISON CSD	2020	1050	153	2155545	14088.52941	25024667	22869122	21780.11619	2052.9
5.70101E+11	ADDISON CSD	2021	1006	121	3183610.75	26310.83264	23235109.51	20051498.76	19931.90732	3164.623012
5.70101E+11	ADDISON CSD	2022	1036	123	1416529	11516.49593	23508464	22091935	21324.26158	1367.305985
5.70101E+11	ADDISON CSD	2023	1046	117	1323259.78	11309.91265	26410335.72	25087075.94	23983.82021	1265.066711
5.70101E+11	ADDISON CSD	2024	1042	141	1844748.19	13083.3205	31207858.2	29363110.01	28179.56815	1770.391737
5.70101E+11	ADDISON CSD	2025	1014	148	1712066.92	11568.01973	31091047.5	29378980.58	28973.35363	1688.428915
5.70201E+11	AVOCA CSD	2019	455	48	1467552	30574	10231714.97	8764162.97	19261.89664	3225.389011
5.70201E+11	AVOCA CSD	2020	421	54	1500004	27777.85185	9759771	8259767	19619.39905	3562.954869
5.70201E+11	AVOCA CSD	2021	363	54	1409406	26100.11111	9351408	7942002	21878.79339	3882.661157
5.70201E+11	AVOCA CSD	2022	386	58	1350687	23287.7069	9735041	8384354	21721.12435	3499.189119
5.70201E+11	AVOCA CSD	2023	378	47	1012902	21551.10638	10062972	9050070	23941.98413	2679.634921
5.70201E+11	AVOCA CSD	2024	403	49	1413923.98	28855.59143	13102143.61	11688219.63	29003.02638	3508.496228
5.70201E+11	AVOCA CSD	2025	369	49	2159483.02	44071.08204	12597776	10438292.98	28288.05686	5852.257507
5.70302E+11	BATH CSD	2019	1499	203	3738811.17	18417.78901	18400637	14661825.83	9781.071268	2494.203582
5.70302E+11	BATH CSD	2020	1502	201	1930281	9603.38806	22150449	20220168	13462.16245	1285.140479
5.70302E+11	BATH CSD	2021	1395	183	3074916	16802.81967	27736678	24661762	17678.68244	2204.24086
5.70302E+11	BATH CSD	2022	1398	193	3395755	17594.58549	30816163	27420408	19614.02575	2429.009299
5.70302E+11	BATH CSD	2023	1440	204	8625591	42282.30882	32728279	24102688	16737.97778	5989.99375
5.70302E+11	BATH CSD	2024	1445	224	7923329	35372.00446	38653956	30730627	21266.8699	5483.272664
5.70302E+11	BATH CSD	2025	1397	219	9483099.34	43301.82347	40283110.97	30800011.63	22047.25242	6788.188504
5.70401E+11	BRADFORD CSD	2019	258	51	1205313	23633.58824	6406955	5201642	20161.4031	4671.755814
5.70401E+11	BRADFORD CSD	2020	256	54	1071203	19837.09259	6402827.64	5331624.64	20826.65875	4184.386719
5.70401E+11	BRADFORD CSD	2021	229	49	877681	17911.85714	6410612.04	5532931.04	24161.27092	3832.668122
5.70401E+11	BRADFORD CSD	2022	254	34	784503	23073.61765	6670129	5885626	23171.75591	3088.594488
5.70401E+11	BRADFORD CSD	2023	261	37	886902	23970.32432	7014928.12	6128026.12	23479.02728	3398.091954
5.70401E+11	BRADFORD CSD	2024	248	37	961648.63	25990.50351	8279100.19	7317451.56	29505.85306	3877.615444
5.70401E+11	BRADFORD CSD	2025	250	37	1199159.95	32409.72838	8791197.82	7592037.87	30368.15148	4796.6398
5.70603E+11	CAMPBELL-SAVONA CSD	2019	851	134	2988593	22302.93284	16872716	13884123	16315.06816	3511.860165
5.70603E+11	CAMPBELL-SAVONA CSD	2020	829	136	1236586.4	9092.547059	17092590.26	15856003.86	19126.66328	1491.660314
5.70603E+11	CAMPBELL-SAVONA CSD	2021	810	131	2196933	16770.48092	17458738	15261805	18841.73457	2712.262963
5.70603E+11	CAMPBELL-SAVONA CSD	2022	789	124	2152115	17355.76613	18830868	16678753	21139.10393	2727.648923
5.70603E+11	CAMPBELL-SAVONA CSD	2023	795	126	2421148	19215.46032	20169615	17748467	22325.11572	3045.469182
5.70603E+11	CAMPBELL-SAVONA CSD	2024	812	142	2940070.03	20704.71852	22723862.96	19783792.93	24364.27701	3620.775899
5.70603E+11	CAMPBELL-SAVONA CSD	2025	779	146	3307576.13	22654.63103	23548567.12	20240990.99	25983.30037	4245.925712
5.71E+11	CORNING CITY SD	2019	4708	820	15930986	19428.03171	91826362	75895376	16120.51317	3383.81181
5.71E+11	CORNING CITY SD	2020	4551	809	15635094.45	19326.44555	89666215.31	74031120.86	16267.00085	3435.529433
5.71E+11	CORNING CITY SD	2021	4279	764	16209401	21216.49346	93083129	76873728	17965.34891	3788.128301
5.71E+11	CORNING CITY SD	2022	4310	796	15809081	19860.65452	95756327	79947246	18549.24501	3668.000232
5.71E+11	CORNING CITY SD	2023	4318	852	16583365	19464.04343	100270570	83687205	19381.01088	3840.519917
5.71E+11	CORNING CITY SD	2024	4409	863	18592207.84	21543.6939	117667540.7	99075332.89	22471.15738	4216.876353
5.71E+11	CORNING CITY SD	2025	4353	863	19528491.61	22628.61137	121573699.1	102045207.5	23442.50116	4486.214475
5.71502E+11	CANISTEO-GREENWOOD CSD	2019	1022	138	1885011	13659.5	17197085	15312074	14982.45988	1844.433464
5.71502E+11	CANISTEO-GREENWOOD CSD	2020	971	144	4271653	29664.25694	22210908	17939255	18475.0309	4399.23069
5.71502E+11	CANISTEO-GREENWOOD CSD	2021	966	127	4236979	33362.03937	21003061	16766082	17356.19255	4386.106625
5.71502E+11	CANISTEO-GREENWOOD CSD	2022	979	130	4056406	31203.12308	22000495	17944089	18328.99796	4143.417773
5.71502E+11	CANISTEO-GREENWOOD CSD	2023	953	143	3997378	27953.69231	23100099	19102721	20044.82791	4194.520462
5.71502E+11	CANISTEO-GREENWOOD CSD	2024	976	152	9311810	61261.90789	26732971.51	17421161.51	17849.55073	9540.788934
5.71502E+11	CANISTEO-GREENWOOD CSD	2025	957	142	4642220.37	32691.69275	27987369.82	23345149.45	24394.09556	4850.804984
5.718E+11	HORNELL CITY SD	2019	1613	264	4359744	16514.18182	30617302	26257558	16278.70924	2702.879107
5.718E+11	HORNELL CITY SD	2020	1618	300	3161101.89	10537.0063	29605324.77	26444222.88	16343.77187	1953.70945
5.718E+11	HORNELL CITY SD	2021	1515	277	4254178.27	15358.0443	30968383.38	26714205.11	17633.13869	2808.038462
5.718E+11	HORNELL CITY SD	2022	1480	275	2841488	10332.68364	32232374	29390886	19858.70676	1919.924324
5.718E+11	HORNELL CITY SD	2023	1411	263	3295262.31	12529.51449	33133301.52	29838039.21	21146.73225	2335.40915
5.718E+11	HORNELL CITY SD	2024	1441	299	3073554.63	10279.44692	36945843.52	33872288.89	23506.09916	2132.931735
5.718E+11	HORNELL CITY SD	2025	1465	312	0	0	36892813.02	36892813.02	25182.80752	0
5.71901E+11	ARKPORT CSD	2019	462	45	1016894	22597.64444	8830169.42	7813275.42	16911.85156	2201.069264
5.71901E+11	ARKPORT CSD	2020	476	57	1116513.98	19587.96456	9284822.24	8168308.26	17160.31147	2345.617605
5.71901E+11	ARKPORT CSD	2021	460	49	1295376.89	26436.26306	9271795.02	7976418.13	17340.03941	2816.036717
5.71901E+11	ARKPORT CSD	2022	480	58	1058721	18253.81034	10957519	9898798	20622.49583	2205.66875
5.71901E+11	ARKPORT CSD	2023	472	56	0	0	11073028	11073028	23459.80508	0
5.71901E+11	ARKPORT CSD	2024	457	55	2136569.33	38846.71509	12059250	9922680.67	21712.64917	4675.206411
5.71901E+11	ARKPORT CSD	2025	435	57	1238363.85	21725.68158	12376184	11137820.15	25604.18425	2846.813448
5.72301E+11	PRATTSBURGH CSD	2019	369	63	405281	6433.031746	7231886.68	6826605.68	18500.2864	1098.322493
5.72301E+11	PRATTSBURGH CSD	2020	388	69	605029	8768.536232	7077440	6472411	16681.47165	1559.353093
5.72301E+11	PRATTSBURGH CSD	2021	359	49	284432	5804.734694	6043265	5758833	16041.31755	792.2896936
5.72301E+11	PRATTSBURGH CSD	2022	365	51	729789	14309.58824	9053963	8324174	22805.95616	1999.421918
5.72301E+11	PRATTSBURGH CSD	2023	364	49	622455	12703.16327	5820307	5197852	14279.81319	1710.041209
5.72301E+11	PRATTSBURGH CSD	2024	364	46	1864723	40537.45652	10670792	8806069	24192.49725	5122.865385
5.72301E+11	PRATTSBURGH CSD	2025	351	54	1757438	32545.14815	11055212	9297774	26489.38462	5006.945869
5.72702E+11	JASPER-TROUPSBURG CSD	2019	441	86	1234064	14349.5814	10206236	8972172	20345.06122	2798.331066
5.72702E+11	JASPER-TROUPSBURG CSD	2020	401	79	1754535	22209.3038	10428942	8674407	21631.93766	4375.399002
5.72702E+11	JASPER-TROUPSBURG CSD	2021	362	76	1655327.68	21780.62737	11112544.78	9457217.1	26124.90912	4572.728398
5.72702E+11	JASPER-TROUPSBURG CSD	2022	375	84	1220196	14526.14286	11429899	10209703	27225.87467	3253.856
5.72702E+11	JASPER-TROUPSBURG CSD	2023	370	81	1380532	17043.60494	11682522	10301990	27843.21622	3731.167568
5.72702E+11	JASPER-TROUPSBURG CSD	2024	383	81	1103978.58	13629.36519	12607103	11503124.42	30034.26742	2882.450601
5.72702E+11	JASPER-TROUPSBURG CSD	2025	358	81	1235664.18	15255.11333	13202925	11967260.82	33428.10285	3451.575922
5.72901E+11	HAMMONDSPORT CSD	2019	441	44	1441888	32770.18182	11536299.3	10094411.3	22889.82154	3269.587302
5.72901E+11	HAMMONDSPORT CSD	2020	425	50	1300510	26010.2	11791521.71	10491011.71	24684.73344	3060.023529
5.72901E+11	HAMMONDSPORT CSD	2021	388	57	1457923	25577.59649	11002436.57	9544513.57	24599.26178	3757.533505
5.72901E+11	HAMMONDSPORT CSD	2022	400	59	1348653	22858.52542	11884653	10536000	26340	3371.6325
5.72901E+11	HAMMONDSPORT CSD	2023	377	50	1146623	22932.46	12067564.51	10920941.51	28968.01462	3041.440318
5.72901E+11	HAMMONDSPORT CSD	2024	403	56	1340664.84	23940.44357	13662785.01	12322120.17	30575.98057	3326.711762
5.72901E+11	HAMMONDSPORT CSD	2025	392	57	1815516	31851.15789	14315620	12500104	31888.02041	4631.418367
5.73002E+11	WAYLAND-COHOCTON CSD	2019	1317	161	2829317	17573.39752	25450956	22621639	17176.64313	2148.30448
5.73002E+11	WAYLAND-COHOCTON CSD	2020	1279	171	2878580	16833.80117	25439151	22560571	17639.22674	2250.648944
5.73002E+11	WAYLAND-COHOCTON CSD	2021	1222	165	3052592	18500.55758	24393677	21341085	17464.06301	2498.02946
5.73002E+11	WAYLAND-COHOCTON CSD	2022	1287	166	3530864	21270.26506	26262666	22731802	17662.62782	2743.484071
5.73002E+11	WAYLAND-COHOCTON CSD	2023	1309	153	3077766	20116.11765	27657757	24579991	18777.68602	2351.23453
5.73002E+11	WAYLAND-COHOCTON CSD	2024	1364	192	4215699.96	21956.77063	32856704.59	28641004.63	20997.80398	3090.68912
5.73002E+11	WAYLAND-COHOCTON CSD	2025	1295	171	3166408.57	18517.00918	33360614.99	30194206.42	23315.98951	2445.103143
5.80101E+11	BABYLON UFSD 	2019	1573	207	8461844	40878.47343	45357653	36895809	23455.69549	5379.430388
5.80101E+11	BABYLON UFSD 	2020	1555	216	6244761	28910.93056	45153849	38909088	25021.92154	4015.923473
5.80101E+11	BABYLON UFSD 	2021	1525	226	6350372	28098.99115	46179946	39829574	26117.75344	4164.178361
5.80101E+11	BABYLON UFSD 	2022	1517	247	6221504	25188.2753	49073242	42851738	28247.6849	4101.189189
5.80101E+11	BABYLON UFSD	2023	1534	274	7058692	25761.64964	50492849	43434157	28314.31356	4601.494133
5.80101E+11	BABYLON UFSD 	2024	1598	267	9371437	35099.01498	53827062	44455625	27819.54005	5864.478723
5.80101E+11	BABYLON UFSD	2025	1491	261	9737491	37308.39464	56270219	46532728	31209.07311	6530.845741
5.80102E+11	WEST BABYLON UFSD 	2019	3741	700	20431375	29187.67857	99061690	78630315	21018.52847	5461.474205
5.80102E+11	WEST BABYLON UFSD 	2020	3705	693	14254762.52	20569.64289	91470946.83	77216184.31	20841.07539	3847.439277
5.80102E+11	WEST BABYLON UFSD 	2021	3634	681	16574806	24338.92217	91985010.69	75410204.69	20751.29463	4561.036324
5.80102E+11	WEST BABYLON UFSD 	2022	3595	718	16081802	22398.05292	96594025	80512223	22395.6114	4473.38025
5.80102E+11	WEST BABYLON UFSD	2023	3586	737	18094357	24551.36635	104644077	86549720	24135.44897	5045.832962
5.80102E+11	WEST BABYLON UFSD 	2024	3741	751	16192933.89	21561.82941	116044533.5	99851599.58	26691.15199	4328.504114
5.80102E+11	WEST BABYLON UFSD	2025	3590	749	16634010.39	22208.29158	127785408.4	111151398	30961.39221	4633.429078
5.80103E+11	NORTH BABYLON UFSD 	2019	4605	711	27988447	39364.90436	101494599.3	73506152.25	15962.24805	6077.838654
5.80103E+11	NORTH BABYLON UFSD 	2020	4539	683	7330356	10732.58565	114188930.8	106858574.8	23542.31654	1614.97158
5.80103E+11	NORTH BABYLON UFSD 	2021	4488	663	10673518	16098.82051	122657166	111983648	24951.79323	2378.234848
5.80103E+11	NORTH BABYLON UFSD 	2022	4541	676	10886989	16105.01331	115574635	104687646	23053.87492	2397.487117
5.80103E+11	NORTH BABYLON UFSD	2023	4572	707	0	0	113719327	113719327	24872.99366	0
5.80103E+11	NORTH BABYLON UFSD 	2024	4573	775	27632294	35654.5729	135798760	108166466	23653.28362	6042.487208
5.80103E+11	NORTH BABYLON UFSD	2025	4601	778	13880014.57	17840.63569	123667860	109787845.4	23861.73557	3016.738659
5.80104E+11	LINDENHURST UFSD 	2019	5681	921	13079756.2	14201.68969	133165144.7	120085388.5	21138.07226	2302.368632
5.80104E+11	LINDENHURST UFSD 	2020	5674	884	12671018.97	14333.73187	134111202.5	121440183.6	21402.92273	2233.172184
5.80104E+11	LINDENHURST UFSD 	2021	5560	809	12461956.1	15404.14845	138950916.5	126488960.4	22749.81302	2241.359011
5.80104E+11	LINDENHURST UFSD 	2022	5500	837	13606085	16255.77658	144322597	130716512	23766.63855	2473.833636
5.80104E+11	LINDENHURST UFSD	2023	5566	877	17036314	19425.67161	148353927	131317613	23592.81585	3060.782249
5.80104E+11	LINDENHURST UFSD 	2024	5787	922	24787752.04	26884.7636	119154524.6	94366772.58	16306.68266	4283.350966
5.80104E+11	LINDENHURST UFSD	2025	5560	966	27466241.31	28432.96202	124050702.4	96584461.08	17371.30595	4939.971459
5.80105E+11	COPIAGUE UFSD 	2019	5110	706	7723183.24	10939.35303	93597075.19	85873891.95	16805.06692	1511.386153
5.80105E+11	COPIAGUE UFSD 	2020	4965	694	26498943.41	38182.91558	93633083.97	67134140.56	13521.47846	5337.148723
5.80105E+11	COPIAGUE UFSD 	2021	4772	715	26425481.95	36958.71601	88726627.19	62301145.24	13055.56271	5537.611473
5.80105E+11	COPIAGUE UFSD 	2022	4702	731	8825122	12072.67031	102988037	94162915	20026.141	1876.886857
5.80105E+11	COPIAGUE UFSD	2023	4638	737	10984310.48	14904.08478	112098077.5	101113767	21801.15718	2368.329125
5.80105E+11	COPIAGUE UFSD 	2024	4783	744	12710156.36	17083.54349	157491664.1	144781507.7	30270.02043	2657.360728
5.80105E+11	COPIAGUE UFSD	2025	4580	780	13924788.49	17852.29294	139111127.4	125186338.9	27333.26176	3040.346832
5.80106E+11	AMITYVILLE UFSD 	2019	3052	410	12568477.47	30654.8231	73003097.1	60434619.63	19801.6447	4118.111884
5.80106E+11	AMITYVILLE UFSD 	2020	3111	437	12536456.76	28687.54407	72970096.14	60433639.38	19425.79215	4029.719306
5.80106E+11	AMITYVILLE UFSD 	2021	2983	429	15284519.62	35628.25086	80418523.38	65134003.76	21835.06663	5123.875166
5.80106E+11	AMITYVILLE UFSD 	2022	2975	424	10874840	25648.20755	81493562	70618722	23737.38555	3655.408403
5.80106E+11	AMITYVILLE UFSD	2023	2869	425	11020936.42	25931.61511	88684728.76	77663792.34	27069.98687	3841.385995
5.80106E+11	AMITYVILLE UFSD 	2024	2832	477	0	0	100970827.5	100970827.5	35653.54079	0
5.80106E+11	AMITYVILLE UFSD	2025	2801	516	10663211.59	20665.13874	94270659.15	83607447.56	29849.14229	3806.930236
5.80107E+11	DEER PARK UFSD 	2019	4133	682	23529120.33	34500.17644	97256851.91	73727731.58	17838.79303	5692.988224
5.80107E+11	DEER PARK UFSD 	2020	4012	630	13950049.87	22142.9363	96501488.4	82551438.53	20576.13124	3477.081224
5.80107E+11	DEER PARK UFSD 	2021	3848	583	14529736.58	24922.3612	97532987.12	83003250.54	21570.4913	3775.91907
5.80107E+11	DEER PARK UFSD 	2022	3921	590	11643667	19735.02881	104468658	92824991	23673.80541	2969.565672
5.80107E+11	DEER PARK UFSD	2023	3995	610	11731502.04	19231.97056	110406769.8	98675267.8	24699.69156	2936.546193
5.80107E+11	DEER PARK UFSD 	2024	4005	657	13766575.46	20953.69172	123948027.2	110181451.8	27510.97422	3437.347181
5.80107E+11	DEER PARK UFSD	2025	4054	699	12769620.65	18268.41295	129604562.6	116834941.9	28819.66994	3149.881759
5.80109E+11	WYANDANCH UFSD 	2019	2786	462	14339502.43	31037.88405	50928147.71	36588645.28	13133.03851	5146.985797
5.80109E+11	WYANDANCH UFSD 	2020	2807	480	14309038	29810.49583	60224049.7	45915011.7	16357.32515	5097.626648
5.80109E+11	WYANDANCH UFSD 	2021	2712	427	8199100.01	19201.63937	52777154.53	44578054.52	16437.33574	3023.266965
5.80109E+11	WYANDANCH UFSD 	2022	2709	441	1763181	3998.142857	60773887	59010706	21783.20635	650.8604651
5.80109E+11	WYANDANCH UFSD 	2024	2677	482	21291548.79	44173.33774	95571342.96	74279794.17	27747.40163	7953.510941
5.80109E+11	WYANDANCH UFSD	2025	2466	469	22797615	48608.98721	101351157	78553542	31854.6399	9244.774939
5.80201E+11	THREE VILLAGE CSD	2019	5878	879	29006371.14	32999.28457	176118541.3	147112170.2	25027.58935	4934.734798
5.80201E+11	THREE VILLAGE CSD	2020	5809	820	27841300	33952.80488	183887542	156046242	26862.84076	4792.787055
5.80201E+11	THREE VILLAGE CSD	2021	5602	787	32724743.82	41581.63128	187183026.7	154458282.8	27571.98908	5841.617961
5.80201E+11	THREE VILLAGE CSD	2022	5775	780	34368117	44061.68846	189822969	155454852	26918.58909	5951.189091
5.80201E+11	THREE VILLAGE CSD	2023	5692	771	34872759.24	45230.55673	194165949.7	159293190.4	27985.45159	6126.626711
5.80201E+11	THREE VILLAGE CSD	2024	5667	825	36243544.88	43931.56955	216896908.9	180653364	31878.13023	6395.543476
5.80201E+11	THREE VILLAGE CSD	2025	5630	833	37295591.9	44772.61933	218855080.8	181559488.9	32248.57707	6624.439059
5.80203E+11	BROOKHAVEN-COMSEWOGUE UFSD 	2019	3816	591	14526699	24579.86294	74245304	59718605	15649.52961	3806.78695
5.80203E+11	BROOKHAVEN-COMSEWOGUE UFSD 	2020	3683	603	15962869	26472.41957	81233756	65270887	17722.20663	4334.202824
5.80203E+11	BROOKHAVEN-COMSEWOGUE UFSD 	2021	3532	633	17440191	27551.64455	82668223	65228032	18467.73273	4937.766421
5.80203E+11	BROOKHAVEN-COMSEWOGUE UFSD 	2022	3484	689	19346714	28079.41074	88553564	69206850	19864.19346	5553.017796
5.80203E+11	BROOKHAVEN-COMSEWOGUE UFSD	2023	3527	727	20926659	28784.95048	92837667.5	71911008.5	20388.71803	5933.274454
5.80203E+11	BROOKHAVEN-COMSEWOGUE UFSD 	2024	3579	732	22280733.18	30438.16008	106380235	84099501.86	23498.04467	6225.407427
5.80203E+11	BROOKHAVEN-COMSEWOGUE UFSD	2025	3448	748	23511245.48	31432.14636	109116842.1	85605596.61	24827.60923	6818.806694
5.80205E+11	SACHEM CSD	2019	12894	2252	45641639	20267.15764	238475249	192833610	14955.29781	3539.757949
5.80205E+11	SACHEM CSD	2020	12351	2231	49644512	22252.13447	257660333	208015821	16842.02259	4019.473079
5.80205E+11	SACHEM CSD	2021	11987	2374	52320991	22039.1706	267864629	215543638	17981.44974	4364.811129
5.80205E+11	SACHEM CSD	2022	11902	2431	53465204	21993.09091	275932916	222467712	18691.62426	4492.119308
5.80205E+11	SACHEM CSD	2023	11727	2391	57683879	24125.41991	301051249	243367370	20752.73898	4918.894773
5.80205E+11	SACHEM CSD	2024	11948	2416	67593552.13	27977.46363	352117147.6	284523595.5	23813.49142	5657.311025
5.80205E+11	SACHEM CSD	2025	11553	2425	72935907.92	30076.66306	349489126.2	276553218.3	23937.78398	6313.157441
5.80206E+11	PORT JEFFERSON UFSD 	2019	1099	184	5228497	28415.74457	38115840	32887343	29924.7889	4757.504095
5.80206E+11	PORT JEFFERSON UFSD 	2020	1048	187	5652552.01	30227.55086	37338995.31	31686443.3	30235.15582	5393.656498
5.80206E+11	PORT JEFFERSON UFSD 	2021	962	183	4946375	27029.37158	38302456.37	33356081.37	34673.68126	5141.761954
5.80206E+11	PORT JEFFERSON UFSD 	2022	935	184	5574686	30297.20652	38006346	32431660	34686.26738	5962.231016
5.80206E+11	PORT JEFFERSON UFSD	2023	908	188	4591660	24423.7234	39442040.5	34850380.5	38381.47632	5056.894273
5.80206E+11	PORT JEFFERSON UFSD 	2024	896	199	6456750	32445.9799	45494097	39037347	43568.46763	7206.194196
5.80206E+11	PORT JEFFERSON UFSD	2025	906	212	8078777	38107.43868	63687182	55608405	61377.93046	8916.972406
5.80207E+11	MOUNT SINAI UFSD 	2019	2240	301	4774467	15862.01661	48735096	43960629	19625.2808	2131.458482
5.80207E+11	MOUNT SINAI UFSD 	2020	2176	303	0	0	48571827	48571827	22321.61167	0
5.80207E+11	MOUNT SINAI UFSD 	2021	2089	310	4966412	16020.68387	51310621	46344209	22184.87745	2377.411202
5.80207E+11	MOUNT SINAI UFSD 	2022	2111	325	5292646	16285.06462	52930691	47638045	22566.57745	2507.174799
5.80207E+11	MT SINAI UFSD	2023	2046	306	5602511	18308.85948	53310637	47708126	23317.75464	2738.275171
5.80207E+11	MOUNT SINAI UFSD 	2024	2090	328	7382312	22507.04878	59840664	52458352	25099.68995	3532.206699
5.80207E+11	MT SINAI UFSD	2025	1984	324	7928002.2	24469.14259	62424482.16	54496479.96	27467.98385	3995.968851
5.80208E+11	MILLER PLACE UFSD 	2019	2521	397	11691696	29450.11587	61354722	49663026	19699.73265	4637.721539
5.80208E+11	MILLER PLACE UFSD 	2020	2490	387	11519158	29765.26615	60651744	49132586	19731.96225	4626.167871
5.80208E+11	MILLER PLACE UFSD 	2021	2382	394	11549189	29312.66244	65057553.95	53508364.95	22463.62928	4848.526029
5.80208E+11	MILLER PLACE UFSD 	2022	2363	397	11434487	28802.23426	64830398	53395911	22596.66145	4838.970377
5.80208E+11	MILLER PLACE UFSD	2023	2295	394	11469909	29111.44416	66581928	55112019	24013.95163	4997.781699
5.80208E+11	MILLER PLACE UFSD 	2024	2348	393	12718371.95	32362.26959	73221941.79	60503569.84	25768.13026	5416.683113
5.80208E+11	MILLER PLACE UFSD	2025	2196	414	13595081.56	32838.36126	73911003.42	60315921.86	27466.26679	6190.838597
5.80209E+11	ROCKY POINT UFSD 	2019	3022	531	15060885	28363.24859	74657819	59596934	19721.02383	4983.747518
5.80209E+11	ROCKY POINT UFSD 	2020	2905	528	11835553	22415.82008	72598868.37	60763315.37	20916.80391	4074.200688
5.80209E+11	ROCKY POINT UFSD 	2021	2792	522	11178946	21415.60536	70979264	59800318	21418.45201	4003.920487
5.80209E+11	ROCKY POINT UFSD 	2022	2731	528	11923486	22582.35985	75970132	64046646	23451.71952	4365.97803
5.80209E+11	ROCKY POINT UFSD	2023	2671	537	13884812	25856.26071	81048136	67163324	25145.38525	5198.35717
5.80209E+11	ROCKY POINT UFSD 	2024	2736	525	20466313.9	38983.45505	93336416.14	72870102.24	26633.8093	7480.377887
5.80209E+11	ROCKY POINT UFSD	2025	2580	519	21573411.25	41567.26638	95124425.12	73551013.87	28508.14491	8361.787306
5.80211E+11	MIDDLE COUNTRY CSD	2019	9557	1453	29953474	20614.91672	202429615	172476141	18047.10066	3134.19211
5.80211E+11	MIDDLE COUNTRY CSD	2020	9513	1502	31189121	20765.06059	214240178	183051057	19242.20088	3278.578892
5.80211E+11	MIDDLE COUNTRY CSD	2021	9195	1415	24019330	16974.79152	216180504	192161174	20898.44198	2612.216422
5.80211E+11	MIDDLE COUNTRY CSD	2022	9344	1462	34385912	23519.77565	218957271	184571359	19752.92798	3679.999144
5.80211E+11	MIDDLE COUNTRY CSD	2023	9406	1467	9860292	6721.398773	236986509	227126217	24146.95056	1048.298108
5.80211E+11	MIDDLE COUNTRY CSD	2024	9394	1545	55631960.03	36007.74112	269599761.4	213967801.4	22777.07062	5922.073667
5.80211E+11	MIDDLE COUNTRY CSD	2025	9413	1611	59655733.71	37030.2506	271049890.1	211394156.4	22457.68154	6337.589898
5.80212E+11	LONGWOOD CSD	2019	9383	1534	43300690	28227.30769	197175665	153874975	16399.33657	4614.802302
5.80212E+11	LONGWOOD CSD	2020	9042	1489	46072282	30941.76091	198890051	152817769	16900.88133	5095.364079
5.80212E+11	LONGWOOD CSD	2021	8851	1477	42566716	28819.71293	205631410.4	163064694.4	18423.30747	4809.254999
5.80212E+11	LONGWOOD CSD	2022	8825	1578	42492656	26928.17237	215948451	173455795	19655.04759	4815.031841
5.80212E+11	LONGWOOD CSD	2023	8729	1647	45162212.99	27420.89435	227052937.5	181890724.5	20837.52142	5173.812921
5.80212E+11	LONGWOOD CSD	2024	9125	1740	62200523.66	35747.42739	285549147.5	223348623.8	24476.56151	6816.495744
5.80212E+11	LONGWOOD CSD	2025	8790	1838	66727434.07	36304.37109	301823075.7	235095641.6	26745.80678	7591.289428
5.80224E+11	PATCHOGUE-MEDFORD UFSD 	2019	7620	1073	32058081	29877.05592	164325461	132267380	17357.92388	4207.097244
5.80224E+11	PATCHOGUE-MEDFORD UFSD 	2020	7349	1158	33302508	28758.64249	166734479	133431971	18156.47993	4531.57001
5.80224E+11	PATCHOGUE-MEDFORD UFSD 	2021	7148	1157	32624725	28197.68799	170523139	137898414	19291.8878	4564.175294
5.80224E+11	PATCHOGUE-MEDFORD UFSD 	2022	7280	1188	32456381	27320.18603	180157400	147701019	20288.60151	4458.294093
5.80224E+11	PATCHOGUE-MEDFORD UFSD	2023	7348	1193	34085222	28571.01593	192032426	157947204	21495.26456	4638.707403
5.80224E+11	PATCHOGUE-MEDFORD UFSD 	2024	7643	1217	28482467.92	23403.8356	208096502.4	179614034.5	23500.46245	3726.608389
5.80224E+11	PATCHOGUE-MEDFORD UFSD	2025	7597	1201	30704979.78	25566.178	214538245.2	183833265.4	24198.13945	4041.724336
5.80232E+11	WILLIAM FLOYD UFSD 	2019	9109	1330	32256682	24253.14436	177672621	145415939	15963.98496	3541.188056
5.80232E+11	WILLIAM FLOYD UFSD 	2020	8837	1340	34747496	25930.96716	178515502	143768006	16268.8702	3932.046622
5.80232E+11	WILLIAM FLOYD UFSD 	2021	8803	1379	35365226	25645.5591	180532384	145167158	16490.64614	4017.406112
5.80232E+11	WILLIAM FLOYD UFSD 	2022	8847	1391	37000655	26600.03954	194644763	157644108	17818.93388	4182.282695
5.80232E+11	WILLIAM FLOYD UFSD	2023	9008	1379	39723064	28805.70268	219586098	179863034	19967.03308	4409.753996
5.80232E+11	WILLIAM FLOYD UFSD 	2024	9531	1437	39715708	27637.9318	255288712	215573004	22618.08876	4167.003253
5.80232E+11	WILLIAM FLOYD UFSD	2025	9382	1510	42463999	28121.85364	269538528	227074529	24203.21136	4526.113728
5.80233E+11	CENTER MORICHES UFSD 	2019	1598	296	18252033.93	61662.27679	38104554.58	19852520.65	12423.3546	11421.79845
5.80233E+11	CENTER MORICHES UFSD 	2020	1513	302	6526287.01	21610.22189	37209758.76	30683471.75	20279.8888	4313.47456
5.80233E+11	CENTER MORICHES UFSD 	2021	1501	309	6690818.54	21653.13443	37368443	30677624.46	20438.12422	4457.573977
5.80233E+11	CENTER MORICHES UFSD 	2022	1500	334	5698586	17061.63473	39777650	34079064	22719.376	3799.057333
5.80233E+11	CENTER MORICHES UFSD	2023	1478	328	5923679.7	18059.99909	41757457.94	35833778.24	24244.77553	4007.902368
5.80233E+11	CENTER MORICHES UFSD 	2024	1513	323	5077106.6	15718.59628	47642901.83	42565795.23	28133.37424	3355.655387
5.80233E+11	CENTER MORICHES UFSD	2025	1394	286	5394303.49	18861.20101	48852242.08	43457938.59	31174.99181	3869.658171
5.80234E+11	EAST MORICHES UFSD 	2019	737	100	3120204	31202.04	333435	-2786769	-3781.233379	4233.65536
5.80234E+11	EAST MORICHES UFSD 	2020	684	80	2654072	33175.9	14345510	11691438	17092.74561	3880.222222
5.80234E+11	EAST MORICHES UFSD 	2021	683	83	3046273	36702.08434	15093064	12046791	17638.05417	4460.136164
5.80234E+11	EAST MORICHES UFSD 	2022	672	84	3308254	39383.97619	16234315	12926061	19235.20982	4922.997024
5.80234E+11	EAST MORICHES UFSD	2023	646	97	3740207	38558.83505	17644098.41	13903891.41	21523.05172	5789.794118
5.80234E+11	EAST MORICHES UFSD 	2024	670	95	5138306.48	54087.43663	21873993.42	16735686.94	24978.63722	7669.114149
5.80234E+11	EAST MORICHES UFSD	2025	628	102	5139129.67	50383.62422	20583649.22	15444519.55	24593.184	8183.3275
5.80235E+11	SOUTH COUNTRY CSD	2019	4199	616	16022355.87	26010.31797	109259969.9	93237614.06	22204.71876	3815.755149
5.80235E+11	SOUTH COUNTRY CSD	2020	4153	610	33621747.45	55117.61877	111013679.8	77391932.35	18635.18718	8095.773525
5.80235E+11	SOUTH COUNTRY CSD	2021	4075	618	18299557.36	29610.93424	111804978.1	93505420.76	22946.11552	4490.688923
5.80235E+11	SOUTH COUNTRY CSD	2022	4002	613	12216508	19929.05057	109134295	96917787	24217.33808	3052.6007
5.80235E+11	SOUTH COUNTRY CSD	2023	3887	618	12220707.9	19774.60825	111109584.7	98888876.8	25440.92534	3143.994829
5.80235E+11	SOUTH COUNTRY CSD	2024	3961	627	12415012.15	19800.65734	131210434.8	118795422.6	29991.27055	3134.312585
5.80235E+11	SOUTH COUNTRY CSD	2025	3798	622	7967171.36	12808.95717	137311607.7	129344436.3	34055.93373	2097.72811
5.80301E+11	EAST HAMPTON UFSD 	2019	1828	193	7313521	37893.89119	59478033	52164512	28536.38512	4000.832057
5.80301E+11	EAST HAMPTON UFSD 	2020	1780	201	7093404	35290.56716	58076305	50982901	28642.07921	3985.058427
5.80301E+11	EAST HAMPTON UFSD 	2021	1832	220	5815739	26435.17727	58810887	52995148	28927.48253	3174.530022
5.80301E+11	EAST HAMPTON UFSD 	2022	1840	226	7208958	31898.04425	62675370	55466412	30144.78913	3917.911957
5.80301E+11	EAST HAMPTON UFSD	2023	1828	221	7660165	34661.38009	65249672	57589507	31504.10667	4190.462254
5.80301E+11	EAST HAMPTON UFSD 	2024	1823	239	10745375.45	44959.72992	74590703.9	63845328.45	35022.12202	5894.336506
5.80301E+11	EAST HAMPTON UFSD	2025	1753	238	10827245.37	45492.62761	75258605.17	64431359.8	36754.91147	6176.409224
5.80302E+11	WAINSCOTT COMMON SD	2020	29	0	103344		815010	711666	24540.2069	3563.586207
5.80302E+11	WAINSCOTT COMMON SD	2021	26	2	82333	41166.5	948769	866436	33324.46154	3166.653846
5.80302E+11	WAINSCOTT COMN SD	2023	27	2	1390122	695061	4852712	3462590	128244.0741	51486
5.80302E+11	WAINSCOTT COMN SD	2025	20	0	1190985		4249649	3058664	152933.2	59549.25
5.80303E+11	AMAGANSETT UFSD 	2019	86	0	2587426		7315806	4728380	54981.16279	30086.34884
5.80303E+11	AMAGANSETT UFSD 	2020	79	11	1073973	97633.90909	7709120	6635147	83989.20253	13594.59494
5.80303E+11	AMAGANSETT UFSD 	2021	134	9	941154	104572.6667	7768696	6827542	50951.80597	7023.537313
5.80303E+11	AMAGANSETT UFSD 	2022	130	17	1275907	75053.35294	8135140	6859233	52763.33077	9814.669231
5.80303E+11	AMAGANSETT UFSD	2023	125	19	1621533	85343.84211	9185753	7564220	60513.76	12972.264
5.80303E+11	AMAGANSETT UFSD 	2024	124	24	1970176	82090.66667	9696393	7726217	62308.20161	15888.51613
5.80303E+11	AMAGANSETT UFSD	2025	111	28	1844370	65870.35714	9830475	7986105	71946.89189	16615.94595
5.80304E+11	SPRINGS UFSD 	2019	724	91	4819850	52965.38462	19060512	14240662	19669.42265	6657.251381
5.80304E+11	SPRINGS UFSD 	2020	727	90	2551059.97	28345.11078	18218357.9	15667297.93	21550.61613	3509.023343
5.80304E+11	SPRINGS UFSD 	2021	641	82	2354054.4	28707.98049	18570738.97	16216684.57	25299.03989	3672.471763
5.80304E+11	SPRINGS UFSD 	2022	694	83	4421230	53267.83133	19485780	15064550	21706.84438	6370.648415
5.80304E+11	SPRINGS UFSD	2023	693	83	5221036.54	62904.0547	20270711.98	15049675.44	21716.70338	7533.963261
5.80304E+11	SPRINGS UFSD 	2024	691	77	3341366.83	43394.37442	21478803.7	18137436.87	26248.09967	4835.552576
5.80304E+11	SPRINGS UFSD	2025	690	89	3269286.47	36733.55584	23060003.21	19790716.74	28682.19817	4738.096333
5.80305E+11	SAG HARBOR UFSD 	2019	953	105	3678592	35034.20952	39095706	35417114	37163.81322	3860.012592
5.80305E+11	SAG HARBOR UFSD 	2020	951	110	4746413	43149.20909	36320659	31574246	33201.09989	4990.970557
5.80305E+11	SAG HARBOR UFSD 	2021	964	113	3434648	30395.11504	36560034	33125386	34362.43361	3562.912863
5.80305E+11	SAG HARBOR UFSD 	2022	965	109	4240438	38903.10092	37488380	33247942	34453.82591	4394.236269
5.80305E+11	SAG HARBOR UFSD	2023	955	115	3483901.31	30294.794	40293609.86	36809708.55	38544.19743	3648.064199
5.80305E+11	SAG HARBOR UFSD 	2024	940	129	6771019.51	52488.52333	44776582.99	38005563.48	40431.45051	7203.212245
5.80305E+11	SAG HARBOR UFSD	2025	933	138	7260640.87	52613.33964	46994435	39733794.13	42587.13197	7782.037374
5.80306E+11	MONTAUK UFSD 	2019	314	53	1855409	35007.71698	290380.6	-1565028.4	-4984.166879	5908.94586
5.80306E+11	MONTAUK UFSD 	2020	310	57	1278634.76	22432.18877	13927010.61	12648375.85	40801.21242	4124.628258
5.80306E+11	MONTAUK UFSD 	2021	334	56	3051528	54491.57143	20821402	17769874	53203.21557	9136.311377
5.80306E+11	MONTAUK UFSD	2023	303	45	1790030	39778.44444	19075518	17285488	57047.81518	5907.689769
5.80306E+11	MONTAUK UFSD 	2024	297	44	2298609	52241.11364	15357556	13058947	43969.51852	7739.424242
5.80306E+11	MONTAUK UFSD	2025	298	44	2281952	51862.54545	16206578	13924626	46726.93289	7657.557047
5.80401E+11	ELWOOD UFSD 	2019	2077	240	4719339	19663.9125	50785627	46066288	22179.24314	2272.190178
5.80401E+11	ELWOOD UFSD 	2020	2049	245	6022904.35	24583.28306	51531358.54	45508454.19	22210.08013	2939.435993
5.80401E+11	ELWOOD UFSD 	2021	1991	247	5173110	20943.76518	51468981	46295871	23252.57207	2598.247112
5.80401E+11	ELWOOD UFSD 	2022	1974	261	6012205	23035.2682	55344156	49331951	24990.85664	3045.696555
5.80401E+11	ELWOOD UFSD	2023	1979	253	6607314	26115.86561	58229598	51622284	26085.03487	3338.713492
5.80401E+11	ELWOOD UFSD 	2024	2027	279	8395312.92	30090.72731	67639575.02	59244262.1	29227.559	4141.74293
5.80401E+11	ELWOOD UFSD	2025	1933	264	9363472.96	35467.70061	70764040.45	61400567.49	31764.39084	4844.010843
5.80402E+11	COLD SPRING HARBOR CSD	2019	1717	201	4575016.46	22761.27592	55441413.51	50866397.05	29625.15844	2664.540745
5.80402E+11	COLD SPRING HARBOR CSD	2020	1635	209	4315601.19	20648.80952	54425030.33	50109429.14	30647.96889	2639.511431
5.80402E+11	COLD SPRING HARBOR CSD	2021	1585	209	4443443.48	21260.49512	56289863.07	51846419.59	32710.67482	2803.434372
5.80402E+11	COLD SPRING HARBOR CSD	2022	1626	216	4765935	22064.51389	58961081	54195146	33330.34809	2931.079336
5.80402E+11	COLD SPRING HARBOR CSD	2023	1568	210	4995075.33	23786.073	61371527.94	56376452.61	35954.37029	3185.634777
5.80402E+11	COLD SPRING HARBOR CSD	2024	1561	208	5826744	28013.19231	82401529.94	76574785.94	49054.95576	3732.699552
5.80402E+11	COLD SPRING HARBOR CSD	2025	1528	201	4543028	22602.12935	69826034.89	65283006.89	42724.48095	2973.185864
5.80403E+11	HUNTINGTON UFSD 	2019	4544	637	20339610.2	31930.31429	107184314	86844703.79	19111.95066	4476.146611
5.80403E+11	HUNTINGTON UFSD 	2020	4459	607	19855291.17	32710.52911	106099762	86244470.85	19341.662	4452.857405
5.80403E+11	HUNTINGTON UFSD 	2021	4236	622	18838692.74	30287.28736	110873392	92034699.25	21726.79397	4447.283461
5.80403E+11	HUNTINGTON UFSD 	2022	4063	605	18603574	30749.70909	116299503	97695929	24045.26926	4578.77775
5.80403E+11	HUNTINGTON UFSD	2023	4067	616	18751977	30441.5211	125073663	106321686	26142.53405	4610.763954
5.80403E+11	HUNTINGTON UFSD 	2024	4221	651	22955975.95	35262.63587	136725347	113769371.1	26953.17959	5438.51598
5.80403E+11	HUNTINGTON UFSD	2025	3995	656	29015183.46	44230.46259	152675488.3	123660304.9	30953.76842	7262.874458
5.80404E+11	NORTHPORT-EAST NORTHPORT UFSD 	2019	5228	835	19383481.88	23213.75075	147847308.6	128463826.8	24572.26985	3707.628516
5.80404E+11	NORTHPORT-EAST NORTHPORT UFSD 	2020	5053	822	19643055	23896.66058	142925593.2	123282538.2	24397.89001	3887.404512
5.80404E+11	NORTHPORT-EAST NORTHPORT UFSD 	2021	4792	845	19504508.51	23082.25859	145298665.6	125794157.1	26250.86751	4070.222978
5.80404E+11	NORTHPORT-EAST NORTHPORT UFSD	2023	4528	887	16394979.49	18483.62964	151520179.4	135125199.9	29842.1378	3620.799357
5.80404E+11	NORTHPORT-EAST NORTHPORT UFSD 	2024	4570	880	0	0	158966023.1	158966023.1	34784.68776	0
5.80404E+11	NORTHPORT-EAST NORTHPORT UFSD	2025	4293	858	0	0	167683556	167683556	39059.76147	0
5.80405E+11	HALF HOLLOW HILLS CSD	2019	8016	1583	24052570	15194.29564	213707171	189654601	23659.50611	3000.57011
5.80405E+11	HALF HOLLOW HILLS CSD	2020	7676	1492	24932879	16711.04491	213331184	188398305	24543.81253	3248.16037
5.80405E+11	HALF HOLLOW HILLS CSD	2021	7520	1531	25356949	16562.34422	221391804	196034855	26068.46476	3371.934707
5.80405E+11	HALF HOLLOW HILLS CSD	2022	7302	1538	27591459	17939.8303	232325290	204733831	28038.04862	3778.61668
5.80405E+11	HALF HOLLOW HILLS CSD	2023	7221	1613	29441701	18252.75945	234402124	204960423	28383.93893	4077.233209
5.80405E+11	HALF HOLLOW HILLS CSD	2024	7470	1631	98580551	60441.78479	261556318	162975767	21817.37175	13196.86091
5.80405E+11	HALF HOLLOW HILLS CSD	2025	7202	1645	102734555	62452.61702	271712723	168978168	23462.67259	14264.72577
5.80406E+11	HARBORFIELDS CSD	2019	3086	481	13957411	29017.48649	71199635	57242224	18549.00324	4522.816267
5.80406E+11	HARBORFIELDS CSD	2020	2965	463	13830015	29870.44276	72641740	58811725	19835.3204	4664.423272
5.80406E+11	HARBORFIELDS CSD	2021	2873	470	12081920	25706.21277	70995256	58913336	20505.86008	4205.332405
5.80406E+11	HARBORFIELDS CSD	2022	2780	479	11525880	24062.37996	72773058	61247178	22031.35899	4146
5.80406E+11	HARBORFIELDS CSD	2023	2763	461	12034541	26105.29501	80261002	68226461	24692.89215	4355.606587
5.80406E+11	HARBORFIELDS CSD	2024	2840	476	13308255	27958.51891	86646493	73338238	25823.32324	4686.005282
5.80406E+11	HARBORFIELDS CSD	2025	2773	452	13815458	30565.17257	88665020	74849562	26992.26902	4982.134151
5.8041E+11	COMMACK UFSD 	2019	6121	1089	24399195.11	22405.13784	159465381.8	135066186.7	22066.03279	3986.145256
5.8041E+11	COMMACK UFSD 	2020	5875	1029	24466430.87	23776.90075	153751500.4	129285069.6	22005.96929	4164.498871
5.8041E+11	COMMACK UFSD 	2021	5719	1030	25040904.42	24311.55769	161163006.1	136122101.7	23801.73137	4378.545973
5.8041E+11	COMMACK UFSD 	2022	5571	1027	43821668	42669.58909	161538728	117717060	21130.32849	7866.032669
5.8041E+11	COMMACK UFSD	2023	5550	1047	22223485.23	21225.86937	165326072.1	143102586.9	25784.24989	4004.231573
5.8041E+11	COMMACK UFSD 	2024	5709	1089	0	0	191008287.1	191008287.1	33457.39834	0
5.8041E+11	COMMACK UFSD	2025	5399	1115	26517056.51	23782.11346	198789569.1	172272512.6	31908.22607	4911.475553
5.80413E+11	SOUTH HUNTINGTON UFSD 	2019	5786	915	24770041	27071.08306	139210094.6	114440053.6	19778.78563	4281.030245
5.80413E+11	SOUTH HUNTINGTON UFSD 	2020	5882	915	23965971.43	26192.3185	140222003.1	116256031.7	19764.71127	4074.459611
5.80413E+11	SOUTH HUNTINGTON UFSD 	2021	5706	921	22994140	24966.49294	143110049.6	120115909.6	21050.80784	4029.817736
5.80413E+11	SOUTH HUNTINGTON UFSD 	2022	5661	933	24880806	26667.53055	151933817	127053011	22443.56315	4395.125596
5.80413E+11	SOUTH HUNTINGTON UFSD	2023	5736	993	26380951	26566.91944	161055056.9	134674105.9	23478.74929	4599.189505
5.80413E+11	SOUTH HUNTINGTON UFSD 	2024	5853	1037	29516348.32	28463.20957	186216082.8	156699734.4	26772.54988	5042.943502
5.80413E+11	SOUTH HUNTINGTON UFSD	2025	5668	1022	43349544.06	42416.38362	204411600.6	161062056.5	28416.02973	7648.119982
5.80501E+11	BAY SHORE UFSD 	2019	6229	892	18205488	20409.73991	140763082	122557594	19675.32413	2922.698346
5.80501E+11	BAY SHORE UFSD 	2020	5848	873	24046319	27544.46621	137176096	113129777	19345.03711	4111.887654
5.80501E+11	BAY SHORE UFSD 	2021	5715	907	24785923	27327.36825	138191851	113405928	19843.55696	4336.994401
5.80501E+11	BAY SHORE UFSD 	2022	5688	903	27923865	30923.43854	151707863	123783998	21762.30626	4909.258966
5.80501E+11	BAY SHORE UFSD	2023	5608	926	29904056	32293.79698	161319009	131414953	23433.47949	5332.392297
5.80501E+11	BAY SHORE UFSD 	2024	5838	975	33614757.33	34476.67418	180719694.9	147104937.5	25197.83103	5757.923489
5.80501E+11	BAY SHORE UFSD	2025	5529	1047	35756259.79	34151.15548	185113725.2	149357465.4	27013.46816	6467.03921
5.80502E+11	ISLIP UFSD 	2019	2758	387	8654611	22363.33592	72348368	63693757	23094.1831	3138.002538
5.80502E+11	ISLIP UFSD 	2020	2726	409	7637272	18673.03667	71572661	63935389	23453.92113	2801.640499
5.80502E+11	ISLIP UFSD 	2021	2719	429	9027766.46	21043.74466	70596886.9	61569120.44	22644.03106	3320.252468
5.80502E+11	ISLIP UFSD 	2022	2685	424	9405902	22183.73113	78803152	69397250	25846.27561	3503.129236
5.80502E+11	ISLIP UFSD	2023	2644	445	9843010	22119.1236	83162636	73319626	27730.56959	3722.772315
5.80502E+11	ISLIP UFSD 	2024	2772	462	14070258	30455.1039	95830206	81759948	29494.93074	5075.850649
5.80502E+11	ISLIP UFSD	2025	2651	475	14328088.46	30164.39676	97082019.23	82753930.77	31216.11874	5404.786292
5.80503E+11	EAST ISLIP UFSD 	2019	3724	574	9464842.01	16489.27179	95404269.03	85939427.02	23077.18234	2541.579487
5.80503E+11	EAST ISLIP UFSD 	2020	3549	582	10958871.36	18829.67588	95911997.98	84953126.62	23937.20108	3087.875841
5.80503E+11	EAST ISLIP UFSD 	2021	3435	617	12335274.6	19992.34133	100535106.8	88199832.2	25676.80705	3591.055197
5.80503E+11	EAST ISLIP UFSD 	2022	3358	606	7997644	13197.43234	99179644	91182000	27153.66289	2381.668851
5.80503E+11	EAST ISLIP UFSD	2023	3412	633	12121506.52	19149.2994	102973128.3	90851621.78	26627.08727	3552.610352
5.80503E+11	EAST ISLIP UFSD 	2024	3576	649	12565663.37	19361.57684	110062370.7	97496707.31	27264.1799	3513.887967
5.80503E+11	EAST ISLIP UFSD	2025	3380	667	12537169.24	18796.35568	112955939.3	100418770.1	29709.69529	3709.221669
5.80504E+11	SAYVILLE UFSD 	2019	2878	368	8852859	24056.68207	78389092	69536233	24161.30403	3076.045518
5.80504E+11	SAYVILLE UFSD 	2020	2822	360	8461472	23504.08889	76287534	67826062	24034.74911	2998.395464
5.80504E+11	SAYVILLE UFSD 	2021	2723	365	9149005	25065.76712	80512579	71363574	26207.70253	3359.899008
5.80504E+11	SAYVILLE UFSD 	2022	2676	395	9453782	23933.62532	83246474	73792692	27575.74439	3532.803438
5.80504E+11	SAYVILLE UFSD	2023	2680	403	10328857	25629.91811	87346029	77017172	28737.75075	3854.051119
5.80504E+11	SAYVILLE UFSD 	2024	2627	412	15039202	36502.91748	99128031	84088829	32009.45147	5724.858013
5.80504E+11	SAYVILLE UFSD	2025	2581	413	15726592	38078.91525	98762746	83036154	32172.08601	6093.216583
5.80505E+11	BAYPORT-BLUE POINT UFSD 	2019	2143	358	9910142	27681.96089	64963501.02	55053359.02	25689.85489	4624.424638
5.80505E+11	BAYPORT-BLUE POINT UFSD 	2020	2080	351	6983111	19894.90313	64261322	57278211	27537.60144	3357.264904
5.80505E+11	BAYPORT-BLUE POINT UFSD 	2021	1995	361	8124006	22504.17175	63565299.56	55441293.56	27790.12209	4072.183459
5.80505E+11	BAYPORT-BLUE POINT UFSD 	2022	1890	338	7374340	21817.57396	66110794	58736454	31077.48889	3901.767196
5.80505E+11	BAYPORT-BLUE POINT UFSD	2023	1894	346	8465909	24467.94509	71661197.33	63195288.33	33366.04452	4469.856917
5.80505E+11	BAYPORT-BLUE POINT UFSD 	2024	1863	367	10383372	28292.56676	73754953	63371581	34015.87815	5573.468599
5.80505E+11	BAYPORT-BLUE POINT UFSD	2025	1822	351	10837029.93	30874.72915	74763655.46	63926625.53	35085.96352	5947.875922
5.80506E+11	HAUPPAUGE UFSD 	2019	3354	476	10229359.59	21490.25124	95747106.81	85517747.22	25497.24127	3049.898506
5.80506E+11	HAUPPAUGE UFSD 	2020	3272	498	10420090.79	20923.87709	94735673.17	84315582.38	25768.82102	3184.624325
5.80506E+11	HAUPPAUGE UFSD 	2021	3237	517	12200552.34	23598.74727	97072414.47	84871862.13	26219.2963	3769.092475
5.80506E+11	HAUPPAUGE UFSD 	2022	3192	558	11729971	21021.45341	100125838	88395867	27692.94079	3674.802945
5.80506E+11	HAUPPAUGE UFSD	2023	3165	552	12881858.42	23336.70004	107865379.2	94983520.79	30010.59109	4070.097447
5.80506E+11	HAUPPAUGE UFSD 	2024	3306	609	15517545	25480.36946	122513282.5	106995737.5	32364.10694	4693.752269
5.80506E+11	HAUPPAUGE UFSD	2025	3112	618	16749021.68	27101.97683	127059413.4	110310391.8	35446.78398	5382.076375
5.80507E+11	CONNETQUOT CSD	2019	5802	944	18981164.22	20107.16549	157000569	138019404.8	23788.24626	3271.486422
5.80507E+11	CONNETQUOT CSD	2020	5509	932	19021114.53	20408.92117	156429958.4	137408843.9	24942.61098	3452.734531
5.80507E+11	CONNETQUOT CSD	2021	5278	934	16637097	17812.73769	157373568	140736471	26664.73494	3152.159341
5.80507E+11	CONNETQUOT CSD	2022	5248	917	16707835	18220.1036	165885004	149177169	28425.52763	3183.657584
5.80507E+11	CONNETQUOT CSD	2023	5288	972	16122091.18	16586.51356	168246524.7	152124433.5	28767.85808	3048.806955
5.80507E+11	CONNETQUOT CSD	2024	5489	1009	21236705.52	21047.28	192156220.8	170919515.3	31138.55261	3868.9571
5.80507E+11	CONNETQUOT CSD	2025	5016	971	20160075.07	20762.17824	196926746.8	176766671.7	35240.56454	4019.153722
5.80509E+11	WEST ISLIP UFSD 	2019	4098	671	9477602.79	14124.59432	102636548.4	93158945.63	22732.78322	2312.738602
5.80509E+11	WEST ISLIP UFSD 	2020	4106	655	8357483	12759.51603	102248474	93890991	22866.77813	2035.431807
5.80509E+11	WEST ISLIP UFSD 	2021	3965	625	11876880.58	19003.00893	103398519.8	91521639.19	23082.38063	2995.430159
5.80509E+11	WEST ISLIP UFSD 	2022	3949	644	10322779	16029.15994	108555443	98232664	24875.32641	2614.02355
5.80509E+11	WEST ISLIP UFSD	2023	3870	641	10858917.23	16940.5885	117042163.1	106183245.9	27437.53123	2805.921765
5.80509E+11	WEST ISLIP UFSD 	2024	3944	711	13305355.72	18713.58048	125798711.3	112493355.5	28522.65607	3373.568895
5.80509E+11	WEST ISLIP UFSD	2025	3815	712	12178701.98	17104.91851	126824230.8	114645528.8	30051.25263	3192.320309
5.80512E+11	BRENTWOOD UFSD 	2019	19263	2577	56199666.34	21808.17475	358881630.6	302681964.2	15713.12694	2917.492932
5.80512E+11	BRENTWOOD UFSD 	2020	18954	2686	59781402.65	22256.66517	367518126.9	307736724.2	16235.97785	3154.025675
5.80512E+11	BRENTWOOD UFSD 	2021	17998	2638	59370123	22505.73275	358054839.8	298684716.8	16595.43931	3298.70669
5.80512E+11	BRENTWOOD UFSD 	2022	17608	2662	71664190	26921.18332	394351981	322687791	18326.20349	4069.978987
5.80512E+11	BRENTWOOD UFSD	2023	17810	2690	81613400.44	30339.55407	442857694.3	361244293.9	20283.22818	4582.448088
5.80512E+11	BRENTWOOD UFSD 	2024	18597	2839	90193639.9	31769.51036	530362973.6	440169333.7	23668.8355	4849.902667
5.80512E+11	BRENTWOOD UFSD	2025	17842	3004	106229841.6	35362.79679	590760857.5	484531015.9	27156.76583	5953.920052
5.80513E+11	CENTRAL ISLIP UFSD 	2019	7733	884	46509447	52612.49661	201813098	155303651	20083.23432	6014.411871
5.80513E+11	CENTRAL ISLIP UFSD 	2020	7747	907	29197183	32190.94046	167776133	138578950	17888.07926	3768.837356
5.80513E+11	CENTRAL ISLIP UFSD 	2021	7496	890	22653172.87	25453.00322	183017497.6	160364324.7	21393.31973	3022.034801
5.80513E+11	CENTRAL ISLIP UFSD 	2022	7484	922	22073736	23941.14534	192407699	170333963	22759.7492	2949.456975
5.80513E+11	CENTRAL ISLIP UFSD	2023	7731	1008	11655220	11562.71825	209179051	197523831	25549.58362	1507.595395
5.80513E+11	CENTRAL ISLIP UFSD 	2024	7810	1125	25664120	22812.55111	232108797	206444677	26433.37734	3286.058899
5.80513E+11	CENTRAL ISLIP UFSD	2025	7769	1255	43290452	34494.38406	263942895	220652443	28401.65311	5572.203887
5.80514E+11	FIRE ISLAND UFSD 	2019	32	0	255690		5281327	5025637	157051.1563	7990.3125
5.80514E+11	FIRE ISLAND UFSD 	2020	37	5	1358158	271631.6	4350630.5	2992472.5	80877.63514	36706.97297
5.80514E+11	FIRE ISLAND UFSD 	2021	48	6	203853.1	33975.51667	4276343.18	4072490.08	84843.54333	4246.939583
5.80514E+11	FIRE ISLAND UFSD 	2022	37	4	0	0	3517819	3517819	95076.18919	0
5.80514E+11	FIRE ISLAND UFSD	2023	34	5	161333.15	32266.63	3883947.69	3722614.54	109488.6629	4745.092647
5.80514E+11	FIRE ISLAND UFSD 	2024	40	4	249079.61	62269.9025	5287843	5038763.39	125969.0848	6226.99025
5.80514E+11	FIRE ISLAND UFSD	2025	36	1	307161.83	307161.83	5614825.03	5307663.2	147435.0889	8532.273056
5.80601E+11	SHOREHAM-WADING RIVER CSD	2019	2106	360	5997093.65	16658.59347	54721212.23	48724118.58	23135.85877	2847.622816
5.80601E+11	SHOREHAM-WADING RIVER CSD	2020	2039	351	6101669.15	17383.67279	53959788.67	47858119.52	23471.36808	2992.481192
5.80601E+11	SHOREHAM-WADING RIVER CSD	2021	2030	365	8813975	24147.87671	64037825	55223850	27203.867	4341.859606
5.80601E+11	SHOREHAM-WADING RIVER CSD	2022	2016	348	10205409	29325.88793	65975620	55770211	27663.79514	5062.206845
5.80601E+11	SHOREHAM-WADING RIVER CSD	2023	1993	346	10447993	30196.51156	66172358	55724365	27960.04265	5242.344706
5.80601E+11	SHOREHAM-WADING RIVER CSD	2024	2032	345	12219410	35418.57971	74932521	62713111	30862.75148	6013.489173
5.80601E+11	SHOREHAM-WADING RIVER CSD	2025	1933	347	12900044	37175.91931	77689861	64789817	33517.75323	6673.58717
5.80602E+11	RIVERHEAD CSD	2019	5831	835	17842957.2	21368.81102	116189759.6	98346802.42	16866.19832	3060.01667
5.80602E+11	RIVERHEAD CSD	2020	5829	833	11830968.33	14202.84313	109648698.7	97817730.35	16781.21982	2029.673757
5.80602E+11	RIVERHEAD CSD	2021	5424	843	9007076.39	10684.55088	107013686.2	98006609.79	18069.06523	1660.59668
5.80602E+11	RIVERHEAD CSD	2022	5405	885	23826278	26922.34802	104023144	80196866	14837.53302	4408.192044
5.80602E+11	RIVERHEAD CSD	2023	5480	946	16786820	17745.05285	129927059	113140239	20646.02902	3063.288321
5.80602E+11	RIVERHEAD CSD	2024	5653	1029	34699928	33721.99028	174361951	139662023	24705.82399	6138.320892
5.80602E+11	RIVERHEAD CSD	2025	5545	1067	43414145	40688.04592	177705899	134291754	24218.53093	7829.422002
5.80603E+11	LITTLE FLOWER UFSD 	2021	95	87	4781779	54962.97701	7404528.38	2622749.38	27607.88821	50334.51579
5.80603E+11	LITTLE FLOWER UFSD 	2022	100	96	4868648	50715.08333	7701992	2833344	28333.44	48686.48
5.80603E+11	LITTLE FLOWER UFSD	2023	101	101	4846284	47983.0099	8467721	3621437	35855.81188	47983.0099
5.80603E+11	LITTLE FLOWER UFSD 	2024	104	101	1366854	13533.20792	8928616	7561762	72709.25	13142.82692
5.80603E+11	LITTLE FLOWER UFSD	2025	94	93	1165182	12528.83871	8762263	7597081	80820.01064	12395.55319
5.80701E+11	SHELTER ISLAND UFSD 	2019	213	31	778035.48	25097.91871	9815934.18	9037898.7	42431.4493	3652.748732
5.80701E+11	SHELTER ISLAND UFSD 	2020	202	23	823530.86	35805.68957	9809067.62	8985536.76	44482.85525	4076.885446
5.80701E+11	SHELTER ISLAND UFSD 	2021	215	27	727344.85	26938.69815	10292253.14	9564908.29	44487.94553	3382.999302
5.80701E+11	SHELTER ISLAND UFSD 	2022	173	21	855887	40756.52381	10464564	9608677	55541.48555	4947.323699
5.80701E+11	SHELTER ISLAND UFSD	2023	174	22	937035.33	42592.515	11060493.27	10123457.94	58180.79276	5385.260517
5.80701E+11	SHELTER ISLAND UFSD 	2024	193	24	942473.25	39269.71875	11677935.89	10735462.64	55624.15876	4883.281088
5.80701E+11	SHELTER ISLAND UFSD	2025	183	25	1010984.3	40439.372	12572590.56	11561606.26	63178.17628	5524.504372
5.80801E+11	SMITHTOWN CSD	2019	8635	1368	22799973.51	16666.6473	204543373.9	181743400.4	21047.29593	2640.41384
5.80801E+11	SMITHTOWN CSD	2020	8399	1345	27587621.69	20511.24289	209806768.9	182219147.2	21695.3384	3284.631705
5.80801E+11	SMITHTOWN CSD	2021	8116	1359	28241259.23	20780.91187	211776754.3	183535495	22614.0334	3479.701729
5.80801E+11	SMITHTOWN CSD	2022	7962	1438	25373942	17645.30042	220834385	195460443	24549.1639	3186.880432
5.80801E+11	SMITHTOWN CSD	2023	7809	1467	26495116.25	18060.74727	228316644.6	201821528.4	25844.73407	3392.894897
5.80801E+11	SMITHTOWN CSD	2024	7879	1508	28958049.69	19202.95072	258772946.1	229814896.4	29168.02848	3675.345817
5.80801E+11	SMITHTOWN CSD	2025	7437	1510	15172124.04	10047.76426	269343792.4	254171668.3	34176.63955	2040.086599
5.80805E+11	KINGS PARK CSD	2019	3021	553	10649188.66	19257.12235	77286598.94	66637410.28	22058.06365	3525.054174
5.80805E+11	KINGS PARK CSD	2020	2886	501	8161560.6	16290.54012	74434589.38	66273028.78	22963.62744	2827.983576
5.80805E+11	KINGS PARK CSD	2021	2799	476	10801069.47	22691.32242	79523688.05	68722618.58	24552.56112	3858.90299
5.80805E+11	KINGS PARK CSD	2022	2779	430	8892161	20679.44419	79297692	70405531	25334.84383	3199.770061
5.80805E+11	KINGS PARK CSD	2023	2665	428	9401732.32	21966.6643	81195963.26	71794230.94	26939.6739	3527.854529
5.80805E+11	KINGS PARK CSD	2024	2722	446	5924263.92	13283.10296	90885910.57	84961646.65	31212.94881	2176.437884
5.80805E+11	KINGS PARK CSD	2025	2654	440	6832710.26	15528.88695	93592055.35	86759345.09	32690.03206	2574.4952
5.80901E+11	REMSENBURG-SPEONK UFSD 	2019	142	17	1380680	81216.47059	6807568	5426888	38217.52113	9723.098592
5.80901E+11	REMSENBURG-SPEONK UFSD 	2020	132	18	1899948	105552.6667	7728304	5828356	44154.21212	14393.54545
5.80901E+11	REMSENBURG-SPEONK UFSD 	2021	150	19	1919034	101001.7895	7297534	5378500	35856.66667	12793.56
5.80901E+11	REMSENBURG-SPEONK UFSD 	2022	140	23	1548661	67333.08696	8137149	6588488	47060.62857	11061.86429
5.80901E+11	REMSENBURG-SPEONK UFSD	2023	122	26	2206440	84863.07692	8293526.55	6087086.55	49894.15205	18085.57377
5.80901E+11	REMSENBURG-SPEONK UFSD 	2024	146	29	2372425.19	81807.76517	9267340.38	6894915.19	47225.44651	16249.4876
5.80901E+11	REMSENBURG-SPEONK UFSD	2025	119	27	2004639.12	74245.89333	9628099.86	7623460.74	64062.69529	16845.70689
5.80902E+11	WESTHAMPTON BEACH UFSD 	2019	1828	260	6969956	26807.52308	47495997	40526041	22169.60667	3812.886214
5.80902E+11	WESTHAMPTON BEACH UFSD 	2020	1820	255	6926922	27164.4	47021914.55	40094992.55	22030.21569	3806.001099
5.80902E+11	WESTHAMPTON BEACH UFSD 	2021	1827	253	7335936	28995.79447	48470812	41134876	22514.98413	4015.29064
5.80902E+11	WESTHAMPTON BEACH UFSD 	2022	1783	241	6832390	28350.16598	50395353	43562963	24432.39652	3831.962984
5.80902E+11	WESTHAMPTON BEACH UFSD	2023	1754	224	6082751	27155.13839	51326810	45244059	25794.78848	3467.931015
5.80902E+11	WESTHAMPTON BEACH UFSD 	2024	1747	225	6868027	30524.56444	56495833	49627806	28407.44476	3931.326274
5.80902E+11	WESTHAMPTON BEACH UFSD	2025	1626	220	7257872	32990.32727	59201706	51943834	31945.77737	4463.635916
5.80903E+11	QUOGUE UFSD 	2019	101	19	1209306	63647.68421	6172947	4963641	49144.9604	11973.32673
5.80903E+11	QUOGUE UFSD 	2020	87	18	822799	45711.05556	6078551	5255752	60410.94253	9457.45977
5.80903E+11	QUOGUE UFSD 	2021	120	18	838260	46570	6826268	5988008	49900.06667	6985.5
5.80903E+11	QUOGUE UFSD 	2022	99	10	724401	72440.1	6428185	5703784	57613.9798	7317.181818
5.80903E+11	QUOGUE UFSD	2023	85	10	626115	62611.5	6565564	5939449	69875.87059	7366.058824
5.80903E+11	QUOGUE UFSD 	2024	83	8	624889	78111.125	7151542	6526653	78634.37349	7528.783133
5.80903E+11	QUOGUE UFSD	2025	90	10	623989	62398.9	7592893	6968904	77432.26667	6933.211111
5.80905E+11	HAMPTON BAYS UFSD 	2019	2068	244	6849810	28072.9918	32712274	25862464	12506.02708	3312.287234
5.80905E+11	HAMPTON BAYS UFSD 	2020	2025	252	6746736	26772.7619	43826945	37080209	18311.21432	3331.721481
5.80905E+11	HAMPTON BAYS UFSD 	2021	2039	248	5925858	23894.58871	46606662.69	40680804.69	19951.351	2906.256989
5.80905E+11	HAMPTON BAYS UFSD 	2022	2023	262	5701089	21759.88168	49278540	43577451	21541.00395	2818.135937
5.80905E+11	HAMPTON BAYS UFSD	2023	2050	285	6924011	24294.77544	51928641.55	45004630.55	21953.47832	3377.566341
5.80905E+11	HAMPTON BAYS UFSD 	2024	2030	286	10250602.83	35841.26864	58115666	47865063.17	23578.84885	5049.558044
5.80905E+11	HAMPTON BAYS UFSD	2025	2009	295	12066801.34	40904.41132	62611330.35	50544529.01	25159.04879	6006.371996
5.80906E+11	SOUTHAMPTON UFSD 	2019	1591	246	8827878.2	35885.68374	59476677.78	50648799.58	31834.56919	5548.634947
5.80906E+11	SOUTHAMPTON UFSD 	2020	1534	219	8498674.77	38806.73411	54265656.63	45766981.86	29835.05988	5540.205196
5.80906E+11	SOUTHAMPTON UFSD 	2021	1435	229	7818472.45	34141.80109	58114041.88	50295569.43	35049.1773	5448.412857
5.80906E+11	SOUTHAMPTON UFSD 	2022	1389	221	7440873	33669.1086	62091192	54650319	39345.08207	5357
5.80906E+11	SOUTHAMPTON UFSD	2023	1331	222	0	0	62901578.66	62901578.66	47258.88705	0
5.80906E+11	SOUTHAMPTON UFSD 	2024	1322	231	10641163.49	46065.64281	70324286.84	59683123.35	45146.08423	8049.291596
5.80906E+11	SOUTHAMPTON UFSD	2025	1273	230	9054933	39369.27391	45495371.62	36440438.62	28625.63914	7113.065986
5.80909E+11	BRIDGEHAMPTON UFSD 	2019	217	39	1714956.02	43973.23128	13284852.75	11569896.73	53317.49645	7903.023134
5.80909E+11	BRIDGEHAMPTON UFSD 	2020	228	46	2579362.91	56073.10674	13874430.85	11295067.94	49539.77167	11312.99522
5.80909E+11	BRIDGEHAMPTON UFSD 	2021	214	50	1944921.45	38898.429	14878537.36	12933615.91	60437.45752	9088.417991
5.80909E+11	BRIDGEHAMPTON UFSD 	2022	204	44	2376611	54013.88636	15289460	12912849	63298.27941	11650.05392
5.80909E+11	BRIDGEHAMPTON UFSD	2023	198	41	2480060.68	60489.28488	16888522.23	14408461.55	72770.00783	12525.55899
5.80909E+11	BRIDGEHAMPTON UFSD 	2024	198	44	3455247	78528.34091	18332157	14876910	75135.90909	17450.74242
5.80909E+11	BRIDGEHAMPTON UFSD	2025	183	38	3235606	85147.52632	18143361	14907755	81463.14208	17680.9071
5.8091E+11	SAGAPONACK COMMON SD	2019	15	0	66440		851982	785542	52369.46667	4429.333333
5.8091E+11	SAGAPONACK COMMON SD	2020	16	0	113270		885333	772063	48253.9375	7079.375
5.8091E+11	SAGAPONACK COMMON SD	2021	16	2	22473	11236.5	1040100	1017627	63601.6875	1404.5625
5.8091E+11	SAGAPONACK COMMON SD	2022	13	2	56264	28132	920842	864578	66506	4328
5.8091E+11	SAGAPONACK COMN SD	2023	5	1	54092	54092	943318	889226	177845.2	10818.4
5.8091E+11	SAGAPONACK COMMON SD	2024	15	1	25596	25596	1709707	1684111	112274.0667	1706.4
5.8091E+11	SAGAPONACK COMN SD	2025	17	0	15825		1706943	1691118	99477.52941	930.8823529
5.80912E+11	EASTPORT-SOUTH MANOR CSD	2019	3345	562	14339912	25515.85765	70104891	55764979	16671.14469	4286.969208
5.80912E+11	EASTPORT-SOUTH MANOR CSD	2020	3225	543	16157334	29755.67956	74783551.27	58626217.27	18178.67202	5010.026047
5.80912E+11	EASTPORT-SOUTH MANOR CSD	2021	3077	529	14526643	27460.57278	77210190.3	62683547.3	20371.64358	4721.040949
5.80912E+11	EASTPORT-SOUTH MANOR CSD	2022	2896	515	12635404	24534.76505	83258546	70623142	24386.44406	4363.053867
5.80912E+11	EASTPORT-SOUTH MANOR CSD	2023	2769	481	13667010	28413.7422	84777134.33	71110124.33	25680.79607	4935.720477
5.80912E+11	EASTPORT-SOUTH MANOR CSD	2024	2845	482	21114419.83	43805.85027	94476306	73361886.17	25786.25173	7421.588692
5.80912E+11	EASTPORT-SOUTH MANOR CSD	2025	2696	492	20763983	42203.21748	98561292	77797309	28856.56862	7701.77411
5.80913E+11	TUCKAHOE COMMON SD	2019	265	33	2580835	78207.12121	13432560	10851725	40949.90566	9739
5.80913E+11	TUCKAHOE COMMON SD	2020	271	35	0	0	13843416	13843416	51082.71587	0
5.80913E+11	TUCKAHOE COMMON SD	2021	288	40	2708869	67721.725	14293609	11584740	40224.79167	9405.795139
5.80913E+11	TUCKAHOE COMMON SD	2022	276	34	2379297	69979.32353	13954487	11575190	41939.0942	8620.641304
5.80913E+11	TUCKAHOE COMMON SD	2023	250	32	1925822.67	60181.95844	14259805.68	12333983.01	49335.93204	7703.29068
5.80913E+11	TUCKAHOE COMMON SD	2024	246	38	2905909	76471.28947	16763959	13858050	56333.53659	11812.63821
5.80913E+11	TUCKAHOE COMMON SD	2025	249	30	2450988	81699.6	17255594	14804606	59456.249	9843.325301
5.80917E+11	EAST QUOGUE UFSD 	2019	384	46	2027433	44074.63043	11670826	9643393	25113.0026	5279.773438
5.80917E+11	EAST QUOGUE UFSD 	2020	390	39	1611778	41327.64103	11749631	10137853	25994.49487	4132.764103
5.80917E+11	EAST QUOGUE UFSD 	2021	384	44	2708918	61566.31818	12566073	9857155	25669.67448	7054.473958
5.80917E+11	EAST QUOGUE UFSD 	2022	359	49	1423860	29058.36735	12348056	10924196	30429.51532	3966.183844
5.80917E+11	EAST QUOGUE UFSD	2023	355	42	2191431	52176.92857	14372630	12181199	34313.23662	6173.04507
5.80917E+11	EAST QUOGUE UFSD 	2024	403	48	2658544	55386.33333	16386607	13728063	34064.67246	6596.883375
5.80917E+11	EAST QUOGUE UFSD	2025	381	54	3004630	55641.2963	18197115	15192485	39875.28871	7886.167979
5.81002E+11	OYSTERPONDS UFSD 	2019	97	11	358633	32603	3324484	2965851	30575.78351	3697.247423
5.81002E+11	OYSTERPONDS UFSD 	2020	85	10	549341	54934.1	3368431	2819090	33165.76471	6462.835294
5.81002E+11	OYSTERPONDS UFSD 	2021	107	10	559572	55957.2	3283122	2723550	25453.73832	5229.64486
5.81002E+11	OYSTERPONDS UFSD 	2022	88	8	434170	54271.25	3418530	2984360	33913.18182	4933.75
5.81002E+11	OYSTERPONDS UFSD	2023	83	6	1145998	190999.6667	3344954	2198956	26493.44578	13807.20482
5.81002E+11	OYSTERPONDS UFSD 	2024	85	6	464353	77392.16667	4016950	3552597	41795.25882	5462.976471
5.81002E+11	OYSTERPONDS UFSD	2025	86	7	443625	63375	4372876	3929251	45688.96512	5158.430233
5.81004E+11	FISHERS ISLAND UFSD 	2019	59	8	191679	23959.875	90288	-101391	-1718.491525	3248.79661
5.81004E+11	FISHERS ISLAND UFSD 	2020	65	6	170104	28350.66667	3497322	3327218	51187.96923	2616.984615
5.81004E+11	FISHERS ISLAND UFSD 	2021	67	6	202785	33797.5	3757560	3554775	53056.34328	3026.641791
5.81004E+11	FISHERS ISLAND UFSD 	2022	58	5	275116	55023.2	3904591	3629475	62577.15517	4743.37931
5.81004E+11	FISHERS ISLAND UFSD	2023	57	7	289933	41419	3592011	3302078	57931.19298	5086.54386
5.81004E+11	FISHERS ISLAND UFSD 	2024	56	14	269479	19248.5	3848354	3578875	63908.48214	4812.125
5.81004E+11	FISHERS ISLAND UFSD	2025	56	15	290129	19341.93333	3917359	3627230	64771.96429	5180.875
5.81005E+11	SOUTHOLD UFSD 	2019	796	115	2572836	22372.48696	25761166	23188330	29131.06784	3232.20603
5.81005E+11	SOUTHOLD UFSD 	2020	769	113	4537678	40156.44248	26444700	21907022	28487.6749	5900.751625
5.81005E+11	SOUTHOLD UFSD 	2021	757	114	4284421	37582.64035	27103576	22819155	30144.19419	5659.73712
5.81005E+11	SOUTHOLD UFSD 	2022	704	114	4524124	39685.29825	28300072	23775948	33772.65341	6426.3125
5.81005E+11	SOUTHOLD UFSD	2023	698	112	4556320	40681.42857	30015461	25459141	36474.41404	6527.679083
5.81005E+11	SOUTHOLD UFSD 	2024	690	115	4756919	41364.51304	31849915	27092996	39265.21159	6894.085507
5.81005E+11	SOUTHOLD UFSD	2025	639	126	5009834	39760.5873	32677810	27667976	43298.86698	7840.115806
5.8101E+11	GREENPORT UFSD 	2019	665	63	1563906	24823.90476	15350208	13786302	20731.2812	2351.738346
5.8101E+11	GREENPORT UFSD 	2020	692	64	3050258	47660.28125	16887217	13836959	19995.60549	4407.887283
5.8101E+11	GREENPORT UFSD 	2022	689	81	2717861	33553.83951	17120663	14402802	20903.92163	3944.645864
5.8101E+11	GREENPORT UFSD	2023	694	87	2914779	33503.2069	18574389	15659610	22564.27954	4199.969741
5.8101E+11	GREENPORT UFSD 	2024	661	89	3681685	41367.24719	21152709	17471024	26431.20121	5569.871407
5.8101E+11	GREENPORT UFSD	2025	684	97	4430555	45675.82474	24194448	19763893	28894.58041	6477.419591
5.81012E+11	MATTITUCK-CUTCHOGUE UFSD 	2019	1155	176	4148733.6	23572.35	35110317.91	30961584.31	26806.5665	3591.977143
5.81012E+11	MATTITUCK-CUTCHOGUE UFSD 	2020	1101	185	4199314.43	22698.99692	34318962.23	30119647.8	27356.62834	3814.091217
5.81012E+11	MATTITUCK-CUTCHOGUE UFSD 	2022	1066	182	7691058	42258.56044	35234525	27543467	25838.14916	7214.876173
5.81012E+11	MATTITUCK-CUTCHOGUE UFSD	2023	1000	179	5739398	32063.67598	36517782.02	30778384.02	30778.38402	5739.398
5.81012E+11	MATTITUCK-CUTCHOGUE UFSD 	2024	1007	185	6000773.54	32436.61373	38403873.43	32403099.89	32177.85491	5959.060119
5.81012E+11	MATTITUCK-CUTCHOGUE UFSD	2025	981	165	6541090.05	39642.97	41267640.5	34726550.45	35399.134	6667.777829
5.81015E+11	NEW SUFFOLK COMMON SD	2019	15	0	13614		1021367	1007753	67183.53333	907.6
5.81015E+11	NEW SUFFOLK COMMON SD	2020	18	0	0		648785	648785	36043.61111	0
5.81015E+11	NEW SUFFOLK COMMON SD	2021	14	0	2699		688321	685622	48973	192.7857143
5.81015E+11	NEW SUFFOLK COMMON SD	2022	11	0	0		682828	682828	62075.27273	0
5.81015E+11	NEW SUFFOLK COMN SD	2023	7	0	17973		645759	627786	89683.71429	2567.571429
5.81015E+11	NEW SUFFOLK COMMON SD	2024	8	0	0		0	0	0	0
5.81015E+11	NEW SUFFOLK COMN SD	2025	0	0	0		314332	314332		
5.90501E+11	FALLSBURG CSD	2019	1407	211	4167372	19750.5782	34168028	30000656	21322.42786	2961.884861
5.90501E+11	FALLSBURG CSD	2020	1439	200	1571863	7859.315	11613120	10041257	6977.940931	1092.33009
5.90501E+11	FALLSBURG CSD	2021	1469	192	5476593	28523.92188	34235953.3	28759360.3	19577.50871	3728.109598
5.90501E+11	FALLSBURG CSD	2022	1447	203	3862023	19024.74384	41725486	37863463	26166.87146	2668.986178
5.90501E+11	FALLSBURG CSD	2023	1496	190	4189902	22052.11579	46849507	42659605	28515.77874	2800.736631
5.90501E+11	FALLSBURG CSD	2024	1491	218	9773433	44832.26147	61822982	52049549	34909.15426	6554.95171
5.90501E+11	FALLSBURG CSD	2025	1503	228	11592821	50845.70614	64243959	52651138	35030.69727	7713.121091
5.90801E+11	ELDRED CSD	2019	515	47	2479501	52755.34043	13121001	10641500	20663.1068	4814.565049
5.90801E+11	ELDRED CSD	2020	482	47	2438997	51893.55319	13305270	10866273	22544.13485	5060.159751
5.90801E+11	ELDRED CSD	2021	468	54	2119833	39256.16667	14220902	12101069	25856.98504	4529.557692
5.90801E+11	ELDRED CSD	2022	458	59	2417738	40978.61017	16983980	14566242	31804.02183	5278.90393
5.90801E+11	ELDRED CSD	2023	472	66	1497887	22695.25758	15149561	13651674	28923.03814	3173.489407
5.90801E+11	ELDRED CSD	2024	453	74	2656240	35895.13514	18560803	15904563	35109.4106	5863.664459
5.90801E+11	ELDRED CSD	2025	454	78	2254592	28905.02564	19158812	16904220	37233.96476	4966.061674
5.90901E+11	LIBERTY CSD	2019	1745	200	224275.6	1121.378	41474396.15	41250120.55	23639.03756	128.5246991
5.90901E+11	LIBERTY CSD	2020	1766	223	427158	1915.506726	40940014	40512856	22940.46206	241.8788222
5.90901E+11	LIBERTY CSD	2021	1748	218	8689372.77	39859.50812	29950575.36	21261202.59	12163.15938	4971.037054
5.90901E+11	LIBERTY CSD	2022	1810	255	4234464	16605.74118	42366886	38132422	21067.63646	2339.482873
5.90901E+11	LIBERTY CSD	2023	1816	273	8642353.58	31656.97282	43579975.94	34937622.36	19238.77883	4759.005275
5.90901E+11	LIBERTY CSD	2024	1786	276	6331330.4	22939.6029	54675783.02	48344452.62	27068.5625	3544.977828
5.90901E+11	LIBERTY CSD	2025	1755	258	6247386.31	24214.67562	58430395.48	52183009.17	29733.90836	3559.764279
5.91201E+11	TRI-VALLEY CSD	2019	1002	142	3349861	23590.57042	33203977	29854116	29794.52695	3343.174651
5.91201E+11	TRI-VALLEY CSD	2020	982	164	4048375	24685.21341	27286717	23238342	23664.29939	4122.581466
5.91201E+11	TRI-VALLEY CSD	2021	917	138	0	0	27360399	27360399	29836.85823	0
5.91201E+11	TRI-VALLEY CSD	2022	900	124	4014072	32371.54839	27356673	23342601	25936.22333	4460.08
5.91201E+11	TRI-VALLEY CSD	2023	897	114	4082105	35807.9386	31702779	27620674	30792.27871	4550.841695
5.91201E+11	TRI-VALLEY CSD	2024	883	121	6777693.77	56013.9981	36160926.87	29383233.1	33276.59468	7675.757384
5.91201E+11	TRI-VALLEY CSD	2025	879	121	6880333.47	56862.26008	38831478.59	31951145.12	36349.42562	7827.455597
5.91301E+11	ROSCOE CSD	2019	241	37	713006	19270.43243	7395520	6682514	27728.27386	2958.53112
5.91301E+11	ROSCOE CSD	2020	230	37	469468	12688.32432	7059569	6590101	28652.61304	2041.165217
5.91301E+11	ROSCOE CSD	2021	234	36	816852	22690.33333	7832140	7015288	29979.86325	3490.820513
5.91301E+11	ROSCOE CSD	2022	227	35	757910	21654.57143	9815614	9057704	39901.77974	3338.810573
5.91301E+11	ROSCOE CSD	2023	224	42	759840	18091.42857	10316316.23	9556476.23	42662.84031	3392.142857
5.91301E+11	ROSCOE CSD	2024	201	34	744418.38	21894.65824	9351355.66	8606937.28	42820.58348	3703.57403
5.91301E+11	ROSCOE CSD	2025	193	38	594408.57	15642.33079	9696558.2	9102149.63	47161.39705	3079.83715
5.91302E+11	LIVINGSTON MANOR CSD	2019	429	60	1232372	20539.53333	14355328	13122956	30589.64103	2872.662005
5.91302E+11	LIVINGSTON MANOR CSD	2020	432	76	3458790	45510.39474	12965266	9506476	22005.73148	8006.458333
5.91302E+11	LIVINGSTON MANOR CSD	2021	425	64	2095180	32737.1875	11136461	9041281	21273.60235	4929.835294
5.91302E+11	LIVINGSTON MANOR CSD	2022	426	64	3922102	61282.84375	15299924	11377822	26708.50235	9206.812207
5.91302E+11	LIVINGSTON MANOR CSD	2023	406	54	4035249	74726.83333	16523565.43	12488316.43	30759.40007	9939.036946
5.91302E+11	LIVINGSTON MANOR CSD	2024	390	69	1656176.07	24002.55174	16525365.3	14869189.23	38126.12623	4246.605308
5.91302E+11	LIVINGSTON MANOR CSD	2025	398	75	1299868.04	17331.57387	19301921.07	18002053.03	45231.28902	3266.000101
5.91401E+11	MONTICELLO CSD	2019	3018	606	9478724.45	15641.45949	65433040.63	55954316.18	18540.19754	3140.730434
5.91401E+11	MONTICELLO CSD	2020	2786	581	8961645	15424.51807	66736406	57774761	20737.53087	3216.670854
5.91401E+11	MONTICELLO CSD	2021	2778	566	9632555	17018.64841	77338798	67706243	24372.2977	3467.442405
5.91401E+11	MONTICELLO CSD	2022	2689	541	10267947	18979.56932	85313536	75045589	27908.36333	3818.500186
5.91401E+11	MONTICELLO CSD	2023	2751	521	9961965	19120.85413	88200298	78238333	28439.96111	3621.215921
5.91401E+11	MONTICELLO CSD	2024	2743	558	21294021	38161.32796	98735851	77441830	28232.53008	7763.040831
5.91401E+11	MONTICELLO CSD	2025	2694	553	21990911	39766.566	107475835	85484924	31731.59762	8162.921678
5.91502E+11	SULLIVAN WEST CSD	2019	1101	147	2986460	20316.05442	28098307	25111847	22808.21708	2712.497729
5.91502E+11	SULLIVAN WEST CSD	2020	1067	152	3117662	20510.93421	27884609	24766947	23211.75914	2921.895033
5.91502E+11	SULLIVAN WEST CSD	2021	1029	131	2546296	19437.37405	26916315	24370019	23683.20603	2474.5345
5.91502E+11	SULLIVAN WEST CSD	2022	1026	132	2604465	19730.79545	29953146	27348681	26655.6345	2538.464912
5.91502E+11	SULLIVAN WEST CSD	2023	1047	144	3080375	21391.49306	29932962	26852587	25647.17001	2942.096466
5.91502E+11	SULLIVAN WEST CSD	2024	1080	159	3000578.94	18871.56566	34367811.46	31367232.52	29043.73381	2778.313833
5.91502E+11	SULLIVAN WEST CSD	2025	1045	138	3932929.29	28499.48761	36345084	32412154.71	31016.41599	3763.568699
6.00101E+11	WAVERLY CSD	2019	1485	202	3409059	16876.5297	25773224	22364165	15060.04377	2295.662626
6.00101E+11	WAVERLY CSD	2020	1496	220	3249766.09	14771.66405	26750398.28	23500632.19	15708.97874	2172.303536
6.00101E+11	WAVERLY CSD	2021	1490	211	1960328	9290.654028	25700760	23740432	15933.17584	1315.656376
6.00101E+11	WAVERLY CSD	2022	1508	187	2122387	11349.6631	28468359	26345972	17470.80371	1407.418435
6.00101E+11	WAVERLY CSD	2023	1531	191	2503534	13107.50785	27556973	25053439	16364.10124	1635.227956
6.00101E+11	WAVERLY CSD	2024	1603	203	3225599	15889.65025	33501079	30275480	18886.76232	2012.22645
6.00101E+11	WAVERLY CSD	2025	1604	198	5506151	27808.84343	37124341	31618190	19712.08853	3432.762469
6.00301E+11	CANDOR CSD	2019	727	112	996139.96	8894.106786	14208569.73	13212429.77	18173.90615	1370.206272
6.00301E+11	CANDOR CSD	2020	756	115	2262267.68	19671.89287	14659732.03	12397464.35	16398.76237	2992.417566
6.00301E+11	CANDOR CSD	2021	732	127	1977923.57	15574.20134	15316230.28	13338306.71	18221.73048	2702.08138
6.00301E+11	CANDOR CSD	2022	713	112	1905581	17014.11607	16835057	14929476	20938.95652	2672.624123
6.00301E+11	CANDOR CSD	2023	706	137	1035591.8	7559.064234	15582357.51	14546765.71	20604.48401	1466.843909
6.00301E+11	CANDOR CSD	2024	701	148	1505493.63	10172.25426	17997756.75	16492263.12	23526.76622	2147.637133
6.00301E+11	CANDOR CSD	2025	707	149	2771455.69	18600.37376	19437957.04	16666501.35	23573.55212	3920.022192
6.00402E+11	NEWARK VALLEY CSD	2019	1106	139	1969092	14166.1295	20116702	18147610	16408.32731	1780.372514
6.00402E+11	NEWARK VALLEY CSD	2020	1112	136	2108909	15506.68382	20021129.63	17912220.63	16108.11208	1896.500899
6.00402E+11	NEWARK VALLEY CSD	2021	1049	119	2068894	17385.66387	20140327.16	18071433.16	17227.29567	1972.253575
6.00402E+11	NEWARK VALLEY CSD	2022	1039	131	2342284	17880.03053	22280716	19938432	19190.02117	2254.363811
6.00402E+11	NEWARK VALLEY CSD	2023	1025	115	2430110	21131.3913	23209805.7	20779695.7	20272.87385	2370.839024
6.00402E+11	NEWARK VALLEY CSD	2024	1007	141	2638196.45	18710.61312	26415186.36	23776989.91	23611.70795	2619.857448
6.00402E+11	NEWARK VALLEY CSD	2025	981	152	2562059.82	16855.65671	26152778.92	23590719.1	24047.62396	2611.681774
6.00601E+11	OWEGO-APALACHIN CSD	2019	2029	334	4163710	12466.1976	36486836	32323126	15930.56974	2052.099556
6.00601E+11	OWEGO-APALACHIN CSD	2020	2003	349	4048475	11600.2149	36413932.67	32365457.67	16158.4911	2021.205691
6.00601E+11	OWEGO-APALACHIN CSD	2021	1885	302	3814023	12629.21523	36056942.22	32242919.22	17104.99693	2023.354377
6.00601E+11	OWEGO-APALACHIN CSD	2022	1945	305	4475580	14674.03279	40455915	35980335	18498.88689	2301.069409
6.00601E+11	OWEGO-APALACHIN CSD	2023	1923	264	4794786	18162.06818	42825714.83	38030928.83	19776.87407	2493.388456
6.00601E+11	OWEGO-APALACHIN CSD	2024	1945	272	5184109.41	19059.22577	47819089.53	42634980.12	21920.29826	2665.351882
6.00601E+11	OWEGO-APALACHIN CSD	2025	1961	272	5201059.18	19121.5411	51324955.88	46123896.7	23520.60005	2652.248434
6.00801E+11	SPENCER-VAN ETTEN CSD	2019	908	134	2753754	20550.40299	18524172	15770418	17368.30176	3032.768722
6.00801E+11	SPENCER-VAN ETTEN CSD	2020	901	150	2910723	19404.82	19003336.12	16092613.12	17860.83587	3230.54717
6.00801E+11	SPENCER-VAN ETTEN CSD	2021	801	138	1852415	13423.2971	18319223	16466808	20557.81273	2312.627965
6.00801E+11	SPENCER-VAN ETTEN CSD	2022	819	138	1729629	12533.54348	19903574	18173945	22190.40904	2111.879121
6.00801E+11	SPENCER-VAN ETTEN CSD	2023	808	135	1455161	10778.97037	21200969.02	19745808.02	24437.88121	1800.941832
6.00801E+11	SPENCER-VAN ETTEN CSD	2024	802	144	3132888.13	21756.16757	23418815.35	20285927.22	25294.17359	3906.344302
6.00801E+11	SPENCER-VAN ETTEN CSD	2025	803	146	3961632.57	27134.46966	29086117	25124484.43	31288.27451	4933.539938
6.00903E+11	TIOGA CSD	2019	936	90	887778	9864.2	13858874	12971096	13858.00855	948.4807692
6.00903E+11	TIOGA CSD	2020	920	105	931405	8870.52381	14318592.57	13387187.57	14551.29084	1012.396739
6.00903E+11	TIOGA CSD	2021	902	106	1106114	10435.03774	14219920.36	13113806.36	14538.58798	1226.290466
6.00903E+11	TIOGA CSD	2022	906	87	1134527	13040.54023	15683416	14548889	16058.37638	1252.237307
6.00903E+11	TIOGA CSD	2023	888	94	1285998	13680.82979	16880557.77	15594559.77	17561.44118	1448.195946
6.00903E+11	TIOGA CSD	2024	900	109	1269682.8	11648.46606	19851174.87	18581492.07	20646.1023	1410.758667
6.00903E+11	TIOGA CSD	2025	874	111	1615377.68	14552.95207	21124299.04	19508921.36	22321.42032	1848.258215
6.10301E+11	DRYDEN CSD	2019	1426	256	7396872	28894.03125	32963155	25566283	17928.66971	5187.147265
6.10301E+11	DRYDEN CSD	2020	1410	266	6268239.27	23564.80929	31624054.23	25355814.96	17982.84749	4445.559766
6.10301E+11	DRYDEN CSD	2021	1364	243	4143595.14	17051.83185	32174537.25	28030942.11	20550.54407	3037.826349
6.10301E+11	DRYDEN CSD	2022	1290	224	4032812	18003.625	32968636	28935824	22430.87132	3126.210853
6.10301E+11	DRYDEN CSD	2023	1282	214	4436190.14	20729.86047	35292519.75	30856329.61	24068.89985	3460.366724
6.10301E+11	DRYDEN CSD	2024	1269	219	4809599.32	21961.64073	39863315.42	35053716.1	27623.10173	3790.070386
6.10301E+11	DRYDEN CSD	2025	1304	238	4942419.1	20766.46681	40556942.5	35614523.4	27311.75107	3790.198696
6.10327E+11	GEORGE JUNIOR REPUBLIC UFSD 	2021	156	111	0	0	9456867.01	9456867.01	60620.94237	0
6.10327E+11	GEORGE JUNIOR REPUBLIC UFSD 	2022	126	91	0	0	8314129	8314129	65985.15079	0
6.10327E+11	GEORGE JUNIOR REPUBLIC UFSD 	2024	118	84	8743795	104092.7976	8743795	0	0	74099.95763
6.10501E+11	GROTON CSD	2019	851	111	2278148	20523.85586	16765014	14486866	17023.3443	2677.024677
6.10501E+11	GROTON CSD	2020	853	112	879464	7852.357143	16537142.7	15657678.7	18356.01254	1031.024619
6.10501E+11	GROTON CSD	2021	811	100	798986.39	7989.8639	16531493.59	15732507.2	19398.89914	985.1866708
6.10501E+11	GROTON CSD	2022	800	96	1043486	10869.64583	12637351	11593865	14492.33125	1304.3575
6.10501E+11	GROTON CSD	2023	782	88	1021557.86	11608.61205	17698495.07	16676937.21	21326.00666	1306.339974
6.10501E+11	GROTON CSD	2024	764	100	2287675	22876.75	21178847.15	18891172.15	24726.66512	2994.339005
6.10501E+11	GROTON CSD	2025	784	99	2930282.79	29598.81606	19101458.11	16171175.32	20626.49913	3737.605599
6.106E+11	ITHACA CITY SD	2019	5317	722	17939352.19	24846.74819	105335936.9	87396584.7	16437.19855	3373.961292
6.106E+11	ITHACA CITY SD	2020	5200	749	11156422.45	14895.09005	105548230.1	94391807.68	18152.27071	2145.465856
6.106E+11	ITHACA CITY SD	2021	4928	725	17330190	23903.71034	108998856	91668666	18601.59619	3516.678166
6.106E+11	ITHACA CITY SD	2022	4860	770	25319336	32882.25455	114796977	89477641	18411.03724	5209.739918
6.106E+11	ITHACA CITY SD	2023	4965	813	12973289.31	15957.30542	120720080.6	107746791.3	21701.26712	2612.948502
6.106E+11	ITHACA CITY SD	2024	5019	894	0	0	139066603.3	139066603.3	27708.03014	0
6.106E+11	ITHACA CITY SD	2025	4987	913	0	0	140274822.7	140274822.7	28128.0976	0
6.10801E+11	LANSING CSD	2019	1159	144	1840435.29	12780.80063	24087601.02	22247165.73	19195.13868	1587.95107
6.10801E+11	LANSING CSD	2020	1187	136	4422684.76	32519.74088	25789321.23	21366636.47	18000.5362	3725.934928
6.10801E+11	LANSING CSD	2021	1185	161	6351536.18	39450.53528	24998591.42	18647055.24	15735.91159	5359.946143
6.10801E+11	LANSING CSD	2022	1160	153	3976938	25993.05882	27508513	23531575	20285.84052	3428.394828
6.10801E+11	LANSING CSD	2023	1153	155	2196725.07	14172.41981	29131898.17	26935173.1	23360.94805	1905.225559
6.10801E+11	LANSING CSD	2024	1148	160	0	0	33523718.68	33523718.68	29201.84554	0
6.10801E+11	LANSING CSD	2025	1117	155	5305967.21	34232.04652	36060996.58	30755029.37	27533.59836	4750.194458
6.10901E+11	NEWFIELD CSD	2019	785	153	6962084	45503.81699	23995850	17033766	21699.06497	8868.896815
6.10901E+11	NEWFIELD CSD	2020	780	162	3994035	24654.53704	17501822	13507787	17317.67564	5120.557692
6.10901E+11	NEWFIELD CSD	2021	701	152	2070633.99	13622.59204	17056558.49	14985924.5	21377.92368	2953.828802
6.10901E+11	NEWFIELD CSD	2022	709	153	2085154	13628.45752	18038570	15953416	22501.29196	2940.978843
6.10901E+11	NEWFIELD CSD	2023	689	151	2040319.99	13512.05291	18659104.3	16618784.31	24120.15139	2961.277199
6.10901E+11	NEWFIELD CSD	2024	654	155	4939138.27	31865.40819	21742263.28	16803125.01	25692.8517	7552.19919
6.10901E+11	NEWFIELD CSD	2025	638	154	4857773.71	31543.98513	22057123.37	17199349.66	26958.22831	7614.065376
6.11001E+11	TRUMANSBURG CSD	2019	1055	181	3987936	22032.79558	22328609	18340673	17384.52417	3780.034123
6.11001E+11	TRUMANSBURG CSD	2020	1043	191	2852112	14932.52356	21787714	18935602	18154.9396	2734.527325
6.11001E+11	TRUMANSBURG CSD	2021	969	165	2659128	16115.92727	22342108.49	19682980.49	20312.67336	2744.198142
6.11001E+11	TRUMANSBURG CSD	2022	979	176	2118079	12034.53977	25400823	23282744	23782.16956	2163.512768
6.11001E+11	TRUMANSBURG CSD	2023	972	164	2434890	14846.89024	25905080.53	23470190.53	24146.28655	2505.030864
6.11001E+11	TRUMANSBURG CSD	2024	962	176	2974755.7	16902.02102	26859753.27	23884997.57	24828.4798	3092.261642
6.11001E+11	TRUMANSBURG CSD	2025	957	167	3019287	18079.56287	26728091.4	23708804.4	24774.09028	3154.949843
6.206E+11	KINGSTON CITY SD	2019	6468	1384	30411524	21973.64451	146597717	116186193	17963.2333	4701.843537
6.206E+11	KINGSTON CITY SD	2020	6462	1344	30108932	22402.47917	148541520	118432588	18327.54379	4659.382854
6.206E+11	KINGSTON CITY SD	2021	6189	1249	30039450	24050.80064	149889445	119849995	19365.00162	4853.683955
6.206E+11	KINGSTON CITY SD	2022	6134	1223	28505253	23307.64759	163711801	135206548	22042.14998	4647.090479
6.206E+11	KINGSTON CITY SD	2023	6017	1254	26670893.79	21268.65533	175096157	148425263.2	24667.65218	4432.58996
6.206E+11	KINGSTON CITY SD	2024	6090	1366	35747077.3	26169.16347	200791135.3	165044058	27100.83054	5869.799228
6.206E+11	KINGSTON CITY SD	2025	5871	1404	21610146.82	15391.84246	214036545.8	192426398.9	32775.74501	3680.828959
6.20803E+11	HIGHLAND CSD	2019	1698	247	5372236	21749.94332	37167355	31795119	18725.04064	3163.861013
6.20803E+11	HIGHLAND CSD	2020	1666	237	4823652	20352.96203	37285425	32461773	19484.85774	2895.34934
6.20803E+11	HIGHLAND CSD	2021	1575	236	7469501.75	31650.43114	36554857.4	29085355.65	18466.89248	4742.540794
6.20803E+11	HIGHLAND CSD	2022	1573	254	3675347	14469.87008	37355738	33680391	21411.56453	2336.520661
6.20803E+11	HIGHLAND CSD	2023	1528	271	3815536.51	14079.47052	40968239.4	37152702.89	24314.59613	2497.078868
6.20803E+11	HIGHLAND CSD	2024	1549	261	5193078.65	19896.85307	45540016	40346937.35	26047.08673	3352.536249
6.20803E+11	HIGHLAND CSD	2025	1526	277	3881976.98	14014.35733	46044892.92	42162915.94	27629.6959	2543.89055
6.20901E+11	RONDOUT VALLEY CSD	2019	1989	394	6774787.2	17194.89137	53614419.64	46839632.44	23549.33758	3406.1273
6.20901E+11	RONDOUT VALLEY CSD	2020	1892	380	6641674.44	17478.09063	54292814.69	47651140.25	25185.5921	3510.398753
6.20901E+11	RONDOUT VALLEY CSD	2021	1739	373	6427437.1	17231.73485	51219318.24	44791881.14	25757.26345	3696.053537
6.20901E+11	RONDOUT VALLEY CSD	2022	1718	379	7602759	20060.05013	56766334	49163575	28616.74913	4425.354482
6.20901E+11	RONDOUT VALLEY CSD	2023	1663	369	7033458	19060.86179	59177960	52144502	31355.6837	4229.379435
6.20901E+11	RONDOUT VALLEY CSD	2024	1781	393	0	0	66492542.89	66492542.89	37334.3868	0
6.20901E+11	RONDOUT VALLEY CSD	2025	1693	394	0	0	64645589.35	64645589.35	38184.04569	0
6.21001E+11	MARLBORO CSD	2019	1895	343	7583094.96	22108.14857	40242810.86	32659715.9	17234.67858	4001.633224
6.21001E+11	MARLBORO CSD	2020	1891	327	7860963	24039.6422	41157422.05	33296459.05	17607.85777	4157.04019
6.21001E+11	MARLBORO CSD	2021	1809	313	8214171.83	26243.36048	42977454.58	34763282.75	19216.85061	4540.725169
6.21001E+11	MARLBORO CSD	2022	1857	340	6275683	18457.89118	47270775	40995092	22075.97846	3379.473883
6.21001E+11	MARLBORO CSD	2023	1822	337	6399206.39	18988.743	47832645.99	41433439.6	22740.63644	3512.18792
6.21001E+11	MARLBORO CSD	2024	1918	338	6245921.63	18479.05808	59187079.34	52941157.71	27602.27201	3256.476345
6.21001E+11	MARLBORO CSD	2025	1849	341	6161650.51	18069.35633	56046399.65	49884749.14	26979.31268	3332.423207
6.21101E+11	NEW PALTZ CSD	2019	2096	343	6785782	19783.62099	14345595	7559813	3606.781011	3237.491412
6.21101E+11	NEW PALTZ CSD	2020	2037	325	11487440	35345.96923	51118478	39631038	19455.59057	5639.391262
6.21101E+11	NEW PALTZ CSD	2021	1898	318	10451672	32866.89308	51911998	41460326	21844.21812	5506.676502
6.21101E+11	NEW PALTZ CSD	2022	1763	322	7281477	22613.28261	54951417	47669940	27039.1038	4130.162791
6.21101E+11	NEW PALTZ CSD	2023	1776	342	5991831.67	17519.97564	55922876.84	49931045.17	28114.32724	3373.779093
6.21101E+11	NEW PALTZ CSD	2024	1789	343	9620073.22	28046.8607	65466048.02	55845974.8	31216.30788	5377.346685
6.21101E+11	NEW PALTZ CSD	2025	1674	326	9261747.61	28410.26874	65316770.98	56055023.37	33485.67704	5532.704665
6.21201E+11	ONTEORA CSD	2019	1257	242	6315656.96	26097.75603	46423880.24	40108223.28	31907.89442	5024.38899
6.21201E+11	ONTEORA CSD	2020	1201	247	12726120.28	51522.75417	46377769.16	33651648.88	28019.69099	10596.27001
6.21201E+11	ONTEORA CSD	2021	1187	241	6542567.69	27147.58378	45886897.83	39344330.14	33146.02371	5511.851466
6.21201E+11	ONTEORA CSD	2022	1110	224	4923280	21978.92857	45785447	40862167	36812.76306	4435.387387
6.21201E+11	ONTEORA CSD	2023	1095	211	8995940	42634.78673	48082837	39086897	35695.79635	8215.47032
6.21201E+11	ONTEORA CSD	2024	1103	194	7216460.28	37198.24887	56898436	49681975.72	45042.58905	6542.57505
6.21201E+11	ONTEORA CSD	2025	1043	193	0	0	55978988.49	55978988.49	53671.1299	0
6.21601E+11	SAUGERTIES CSD	2019	2557	504	6232179.23	12365.43498	53871662.6	47639483.37	18631.0064	2437.301224
6.21601E+11	SAUGERTIES CSD	2020	2449	469	6368399.58	13578.67714	53864927.17	47496527.59	19394.25381	2600.408158
6.21601E+11	SAUGERTIES CSD	2021	2334	437	7518846.71	17205.59888	52001032.12	44482185.41	19058.3485	3221.442464
6.21601E+11	SAUGERTIES CSD	2022	2297	410	9216680	22479.70732	57572992	48356312	21051.94253	4012.485851
6.21601E+11	SAUGERTIES CSD	2023	2241	394	9198255.17	23345.8253	59006908.61	49808653.44	22226.08364	4104.531535
6.21601E+11	SAUGERTIES CSD	2024	2348	399	9573746.53	23994.35221	67662905.3	58089158.77	24739.84615	4077.404825
6.21601E+11	SAUGERTIES CSD	2025	2287	453	13870624.65	30619.48046	72304148.03	58433523.38	25550.29444	6064.986729
6.21801E+11	WALLKILL CSD	2019	2856	387	8820422	22791.78811	61972255	53151833	18610.58578	3088.383053
6.21801E+11	WALLKILL CSD	2020	2831	394	8723939	22141.97716	61606628	52882689	18679.86189	3081.575062
6.21801E+11	WALLKILL CSD	2021	2786	379	9677889	25535.32718	63797376	54119487	19425.51579	3473.757717
6.21801E+11	WALLKILL CSD	2022	2766	403	6254900	15520.84367	64881871	58626971	21195.57881	2261.352133
6.21801E+11	WALLKILL CSD	2023	2743	406	6579391	16205.39655	67103192	60523801	22064.81991	2398.611374
6.21801E+11	WALLKILL CSD	2024	2825	441	12120906.75	27485.04932	81750915.39	69630008.64	24647.79067	4290.58646
6.21801E+11	WALLKILL CSD	2025	2706	415	13025957.2	31387.84867	84064338.21	71038381.01	26252.17332	4813.731412
6.22002E+11	ELLENVILLE CSD	2019	1595	280	3825295	13661.76786	44398356	40573061	25437.6558	2398.304075
6.22002E+11	ELLENVILLE CSD	2020	1561	285	3725831	13073.09123	41330207	37604376	24089.92697	2386.82319
6.22002E+11	ELLENVILLE CSD	2021	1490	275	3427334	12463.03273	38780629	35353295	23727.04362	2300.224161
6.22002E+11	ELLENVILLE CSD	2022	1462	271	3706756	13678.06642	42377893	38671137	26450.8461	2535.400821
6.22002E+11	ELLENVILLE CSD	2023	1406	279	4056648	14539.95699	47148126	43091478	30648.27738	2885.240398
6.22002E+11	ELLENVILLE CSD	2024	1394	295	11204724	37982.11525	53219465	42014741	30139.69943	8037.822095
6.22002E+11	ELLENVILLE CSD	2025	1426	316	11234957	35553.66139	61580778	50345821	35305.62482	7878.651473
6.30101E+11	BOLTON CSD	2019	187	18	525881	29215.61111	7792281	7266400	38857.75401	2812.197861
6.30101E+11	BOLTON CSD	2020	199	21	550903	26233.47619	7733315	7182412	36092.52261	2768.356784
6.30101E+11	BOLTON CSD	2021	179	17	522019	30707	7592960	7070941	39502.46369	2916.307263
6.30101E+11	BOLTON CSD	2022	163	13	461343	35487.92308	7685738	7224395	44321.44172	2830.325153
6.30101E+11	BOLTON CSD	2023	181	16	469778	29361.125	7656038	7186260	39703.09392	2595.458564
6.30101E+11	BOLTON CSD	2024	180	13	538996	41461.23077	8525280	7986284	44368.24444	2994.422222
6.30101E+11	BOLTON CSD	2025	165	8	755819.24	94477.405	9018234	8262414.76	50075.24097	4580.722667
6.30202E+11	NORTH WARREN CSD	2019	522	55	893742	16249.85455	11145436	10251694	19639.26054	1712.149425
6.30202E+11	NORTH WARREN CSD	2020	509	51	1099132	21551.60784	11417693	10318561	20272.222	2159.394892
6.30202E+11	NORTH WARREN CSD	2021	475	47	1348952	28701.10638	11293853	9944901	20936.63368	2839.898947
6.30202E+11	NORTH WARREN CSD	2022	477	44	927929	21089.29545	12080392	11152463	23380.42558	1945.343816
6.30202E+11	NORTH WARREN CSD	2023	465	40	1105123	27628.075	13254562	12149439	26127.82581	2376.608602
6.30202E+11	NORTH WARREN CSD	2024	472	48	2081506	43364.70833	12649315	10567809	22389.42585	4409.970339
6.30202E+11	NORTH WARREN CSD	2025	470	56	1912038	34143.53571	13860270	11948232	25421.77021	4068.165957
6.303E+11	GLENS FALLS CITY SD	2019	2099	356	5326732	14962.73034	35650437	30323705	14446.73892	2537.747499
6.303E+11	GLENS FALLS CITY SD	2020	2058	374	4628087	12374.56417	35257453	30629366	14883.07386	2248.827502
6.303E+11	GLENS FALLS CITY SD	2021	1956	349	4729415	13551.33238	35994614	31265199	15984.25307	2417.901329
6.303E+11	GLENS FALLS CITY SD	2022	1990	342	4484780	13113.39181	37886017	33401237	16784.54121	2253.658291
6.303E+11	GLENS FALLS CITY SD	2023	1951	311	0	0	44433378.89	44433378.89	22774.66883	0
6.303E+11	GLENS FALLS CITY SD	2024	1988	355	8956974.4	25230.9138	49478114.02	40521139.62	20382.86701	4505.520322
6.303E+11	GLENS FALLS CITY SD	2025	1971	388	9018759.62	23244.22582	51763127.15	42744367.53	21686.64005	4575.727864
6.30601E+11	JOHNSBURG CSD	2019	326	45	5713747	126972.1556	8204595	2490848	7640.638037	17526.83129
6.30601E+11	JOHNSBURG CSD	2020	311	44	729616	16582.18182	8438366	7708750	24786.97749	2346.032154
6.30601E+11	JOHNSBURG CSD	2021	302	43	1291526	30035.48837	8684200	7392674	24479.05298	4276.576159
6.30601E+11	JOHNSBURG CSD	2022	297	42	1149150	27360.71429	8819386	7670236	25825.71044	3869.191919
6.30601E+11	JOHNSBURG CSD	2023	278	48	1133303	23610.47917	9174073	8040770	28923.63309	4076.629496
6.30601E+11	JOHNSBURG CSD	2024	251	43	1012217.47	23539.94116	11263077.9	10250860.43	40840.08139	4032.738924
6.30601E+11	JOHNSBURG CSD	2025	244	39	937035.72	24026.55692	11123883.81	10186848.09	41749.37742	3840.310328
6.30701E+11	LAKE GEORGE CSD	2019	749	95	2327200	24496.84211	20311560	17984360	24011.16155	3107.076101
6.30701E+11	LAKE GEORGE CSD	2020	722	89	2117281	23789.67416	20606241	18488960	25607.97784	2932.522161
6.30701E+11	LAKE GEORGE CSD	2021	699	97	1987029	20484.83505	20641582	18654553	26687.48641	2842.67382
6.30701E+11	LAKE GEORGE CSD	2022	645	99	1971571	19914.85859	20792816	18821245	29180.22481	3056.699225
6.30701E+11	LAKE GEORGE CSD	2023	630	87	2076090	23863.10345	21707554	19631464	31161.05397	3295.380952
6.30701E+11	LAKE GEORGE CSD	2024	606	83	2991501.1	36042.18193	23424594.15	20433093.05	33717.97533	4936.470462
6.30701E+11	LAKE GEORGE CSD	2025	595	79	3069165.91	38850.20139	23846560.33	20777394.42	34919.99062	5158.262034
6.30801E+11	HADLEY-LUZERNE CSD	2019	657	101	3103729	30729.9901	17248804	14145075	21529.79452	4724.092846
6.30801E+11	HADLEY-LUZERNE CSD	2020	665	117	2544845	21750.81197	16823882	14279037	21472.23609	3826.834586
6.30801E+11	HADLEY-LUZERNE CSD	2021	635	114	2848432	24986.24561	18073794	15225362	23976.94803	4485.719685
6.30801E+11	HADLEY-LUZERNE CSD	2022	651	108	2986172	27649.74074	19037298	16051126	24656.10753	4587.053763
6.30801E+11	HADLEY-LUZERNE CSD	2023	644	110	2969078	26991.61818	19792990	16823912	26124.08696	4610.369565
6.30801E+11	HADLEY-LUZERNE CSD	2024	631	109	1089577	9996.119266	22143845	21054268	33366.5103	1726.746434
6.30801E+11	HADLEY-LUZERNE CSD	2025	625	112	2916914.32	26043.87786	22381415.11	19464500.79	31143.20126	4667.062912
6.30902E+11	QUEENSBURY UFSD 	2019	3196	506	2495864	4932.537549	50654566	48158702	15068.42991	780.9336671
6.30902E+11	QUEENSBURY UFSD 	2020	3135	502	6157401	12265.73904	51878682	45721281	14584.14067	1964.083254
6.30902E+11	QUEENSBURY UFSD 	2021	3054	502	8959622	17847.85259	58406839	49447217	16190.96824	2933.733464
6.30902E+11	QUEENSBURY UFSD 	2022	3063	502	7216511	14375.51992	53018720	45802209	14953.38198	2356.027098
6.30902E+11	QUEENSBURY UFSD	2023	3007	498	9170552	18414.76305	55984133	46813581	15568.2012	3049.734619
6.30902E+11	QUEENSBURY UFSD 	2024	3057	560	9151600	16342.14286	65446321	56294721	18415.02159	2993.653909
6.30902E+11	QUEENSBURY UFSD	2025	3028	543	9402366	17315.59116	66573472	57171106	18880.8144	3105.140687
6.30918E+11	GLENS FALLS COMMON SD	2019	163	39	693736	17788.10256	3128834	2435098	14939.25153	4256.04908
6.30918E+11	GLENS FALLS COMMON SD	2020	157	35	865246	24721.31429	3637620.74	2772374.74	17658.43783	5511.121019
6.30918E+11	GLENS FALLS COMMON SD	2021	152	41	1057649	25796.31707	5056015	3998366	26305.03947	6958.217105
6.30918E+11	GLENS FALLS COMMON SD	2022	159	40	686315	17157.875	0	-686315	-4316.446541	4316.446541
6.30918E+11	GLENS FALLS COMN SD	2023	155	45	376512	8366.933333	5240278	4863766	31379.13548	2429.109677
6.30918E+11	GLENS FALLS COMMON SD	2024	143	43	872237	20284.5814	3710431.74	2838194.74	19847.51566	6099.559441
6.30918E+11	GLENS FALLS COMN SD	2025	138	32	483454	15107.9375	3573725	3090271	22393.26812	3503.289855
6.31201E+11	WARRENSBURG CSD	2019	725	129	2567998	19906.96124	16808006	14240008	19641.39034	3542.066207
6.31201E+11	WARRENSBURG CSD	2020	686	138	2458273	17813.57246	16182772	13724499	20006.55831	3583.488338
6.31201E+11	WARRENSBURG CSD	2021	650	122	2511269	20584.17213	16611539	14100270	21692.72308	3863.490769
6.31201E+11	WARRENSBURG CSD	2022	672	136	2463114	18111.13235	17940023	15476909	23031.11458	3665.348214
6.31201E+11	WARRENSBURG CSD	2023	663	117	2598308	22207.76068	18054346	15456038	23312.27451	3919.016591
6.31201E+11	WARRENSBURG CSD	2024	627	119	3317253	27876.07563	21445815	18128562	28913.17703	5290.674641
6.31201E+11	WARRENSBURG CSD	2025	587	117	3290260	28121.88034	22467860	19177600	32670.52811	5605.212947
6.40101E+11	ARGYLE CSD	2019	489	73	728054	9973.342466	10793109.8	10065055.8	20582.9362	1488.862986
6.40101E+11	ARGYLE CSD	2020	480	66	2347252	35564.42424	11165847	8818595	18372.07292	4890.108333
6.40101E+11	ARGYLE CSD	2021	448	61	1573221	25790.5082	9990605	8417384	18788.80357	3511.654018
6.40101E+11	ARGYLE CSD	2022	479	63	1389585	22056.90476	11039229	9649644	20145.39457	2901.012526
6.40101E+11	ARGYLE CSD	2023	493	64	1461978	22843.40625	11667289	10205311	20700.42799	2965.472617
6.40101E+11	ARGYLE CSD	2024	497	79	2175833	27542.18987	13626220	11450387	23039.00805	4377.933602
6.40101E+11	ARGYLE CSD	2025	500	81	2273712	28070.51852	14431962	12158250	24316.5	4547.424
6.40502E+11	FORT ANN CSD	2019	468	67	1883981	28119.1194	10485897	8601916	18380.16239	4025.600427
6.40502E+11	FORT ANN CSD	2020	451	58	2178102	37553.48276	10609228	8431126	18694.29268	4829.494457
6.40502E+11	FORT ANN CSD	2021	421	55	2322017	42218.49091	11095836	8773819	20840.42518	5515.47981
6.40502E+11	FORT ANN CSD	2022	436	53	2188063	41284.20755	11490499	9302436	21335.86239	5018.493119
6.40502E+11	FORT ANN CSD	2023	458	65	1369614	21070.98462	11218003	9848389	21503.03275	2990.423581
6.40502E+11	FORT ANN CSD	2024	442	67	2379423.12	35513.77791	15224039.25	12844616.13	29060.21749	5383.310226
6.40502E+11	FORT ANN CSD	2025	458	74	2517612.17	34021.78608	15825518.93	13307906.76	29056.56498	5496.969803
6.40601E+11	FORT EDWARD UFSD 	2019	475	74	1793786	24240.35135	12136006	10342220	21773.09474	3776.391579
6.40601E+11	FORT EDWARD UFSD 	2020	465	87	1918657	22053.52874	10542519	8623862	18545.93978	4126.144086
6.40601E+11	FORT EDWARD UFSD 	2021	401	75	1474846	19664.61333	8419351	6944505	17317.96758	3677.9202
6.40601E+11	FORT EDWARD UFSD 	2022	389	71	1141601	16078.88732	9287038	8145437	20939.42674	2934.706941
6.40601E+11	FORT EDWARD UFSD	2023	384	69	1276296	18497.04348	10393997	9117701	23744.01302	3323.6875
6.40601E+11	FORT EDWARD UFSD 	2024	378	74	1669736	22564	11584386	9914650	26229.2328	4417.291005
6.40601E+11	FORT EDWARD UFSD	2025	366	88	2065825	23475.28409	12243447	10177622	27807.71038	5644.330601
6.40701E+11	GRANVILLE CSD	2019	1114	200	2319217	11596.085	19725339	17406122	15624.8851	2081.882406
6.40701E+11	GRANVILLE CSD	2020	1071	195	2611966.23	13394.69862	19608902.5	16996936.27	15870.15525	2438.810672
6.40701E+11	GRANVILLE CSD	2021	1028	204	2472059.55	12117.93897	18678835.01	16206775.46	15765.34578	2404.727189
6.40701E+11	GRANVILLE CSD	2022	1024	205	2063802	10067.32683	21402984	19339182	18885.91992	2015.431641
6.40701E+11	GRANVILLE CSD	2023	1010	203	2149402.74	10588.19084	22409648.65	20260245.91	20059.64942	2128.121525
6.40701E+11	GRANVILLE CSD	2024	1012	199	2297756.29	11546.51402	25029399.83	22731643.54	22462.09836	2270.510168
6.40701E+11	GRANVILLE CSD	2025	977	215	2809004.23	13065.13595	27135660.52	24326656.29	24899.34114	2875.132272
6.40801E+11	GREENWICH CSD	2019	960	140	2335972	16685.51429	18405173	16069201	16738.75104	2433.304167
6.40801E+11	GREENWICH CSD	2020	945	140	2104607.13	15032.90807	17625807.93	15521200.8	16424.55111	2227.097492
6.40801E+11	GREENWICH CSD	2021	921	144	2055034.51	14271.07299	17366739.54	15311705.03	16625.08689	2231.307828
6.40801E+11	GREENWICH CSD	2022	896	138	1431194	10370.97101	18203288	16772094	18718.85491	1597.314732
6.40801E+11	GREENWICH CSD	2023	895	141	1483240.09	10519.43326	19307445.11	17824205.02	19915.31287	1657.251497
6.40801E+11	GREENWICH CSD	2024	863	156	2201690.42	14113.40013	21752648.57	19550958.15	22654.64444	2551.205585
6.40801E+11	GREENWICH CSD	2025	862	154	1507048.15	9786.026948	22993305.71	21486257.56	24926.05285	1748.315719
6.41001E+11	HARTFORD CSD	2019	422	81	1026350	12670.98765	9653400	8627050	20443.24645	2432.109005
6.41001E+11	HARTFORD CSD	2020	429	89	1002510	11264.1573	9227704	8225194	19172.94639	2336.853147
6.41001E+11	HARTFORD CSD	2021	398	71	712641	10037.19718	8981636	8268995	20776.36935	1790.555276
6.41001E+11	HARTFORD CSD	2022	396	74	748151	10110.14865	9942695	9194544	23218.54545	1889.270202
6.41001E+11	HARTFORD CSD	2023	388	80	593215	7415.1875	10352754	9759539	25153.45103	1528.904639
6.41001E+11	HARTFORD CSD	2024	364	80	1302979.35	16287.24188	12621437.86	11318458.51	31094.66624	3579.613599
6.41001E+11	HARTFORD CSD	2025	352	84	999743.27	11901.7056	12654948.44	11655205.17	33111.37832	2840.179744
6.41301E+11	HUDSON FALLS CSD	2019	2375	469	6258517.5	13344.38699	34656761.23	28398243.73	11957.15525	2635.165263
6.41301E+11	HUDSON FALLS CSD	2020	2379	500	5838995.19	11677.99038	33488411.66	27649416.47	11622.28519	2454.39058
6.41301E+11	HUDSON FALLS CSD	2021	2240	478	5636664.28	11792.18469	34188341.11	28551676.83	12746.2843	2516.367982
6.41301E+11	HUDSON FALLS CSD	2022	2246	465	6436965	13842.93548	37658761	31221796	13901.06679	2865.968388
6.41301E+11	HUDSON FALLS CSD	2023	2175	445	6757709.1	15185.86315	40414282.24	33656573.14	15474.2865	3106.99269
6.41301E+11	HUDSON FALLS CSD	2024	2163	486	5186136.55	10671.06286	63087530	57901393.45	26769.02147	2397.659061
6.41301E+11	HUDSON FALLS CSD	2025	2101	510	5647778.27	11074.07504	49567193.87	43919415.6	20904.05312	2688.138158
6.41401E+11	PUTNAM CSD	2019	0	0	110079		1482093	1372014		Inf
6.41401E+11	PUTNAM CSD	2020	32	5	0	0	736299.76	736299.76	23009.3675	0
6.41401E+11	PUTNAM CSD	2021	38	2	0	0	1540692	1540692	40544.52632	0
6.41401E+11	PUTNAM CSD	2022	50	2	0	0	1563388	1563388	31267.76	0
6.41401E+11	PUTNAM CSD	2023	47	4	0	0	1687850	1687850	35911.70213	0
6.41401E+11	PUTNAM CSD	2024	38	4	160061	40015.25	2442080	2282019	60053.13158	4212.131579
6.41401E+11	PUTNAM CSD	2025	28	3	146597	48865.66667	2126578	1979981	70713.60714	5235.607143
6.41501E+11	SALEM CSD	2019	549	81	1407903.09	17381.51963	10302963.56	8895060.47	16202.29594	2564.486503
6.41501E+11	SALEM CSD	2020	556	89	1804298.81	20273.02034	10836087.83	9031789.02	16244.22486	3245.141745
6.41501E+11	SALEM CSD	2021	540	81	2147182.45	26508.42531	10924065.93	8776883.48	16253.48793	3976.263796
6.41501E+11	SALEM CSD	2022	562	85	2235267	26297.25882	12257560	10022293	17833.26157	3977.343416
6.41501E+11	SALEM CSD	2023	557	85	2112970.79	24858.47988	13068847.14	10955876.35	19669.43689	3793.484363
6.41501E+11	SALEM CSD	2024	540	96	2490414.17	25941.81427	14679649.1	12189234.93	22572.65728	4611.878093
6.41501E+11	SALEM CSD	2025	525	89	3355470.47	37701.91539	15760675.24	12405204.77	23628.96147	6391.372324
6.4161E+11	CAMBRIDGE CSD	2019	868	131	1695979.57	12946.40893	17303337.75	15607358.18	17980.8274	1953.893514
6.4161E+11	CAMBRIDGE CSD	2020	823	141	1889124.88	13398.04879	16663858.43	14774733.55	17952.28864	2295.412977
6.4161E+11	CAMBRIDGE CSD	2021	779	137	1857820.83	13560.73599	16726815.4	14868994.57	19087.28443	2384.879114
6.4161E+11	CAMBRIDGE CSD	2022	817	154	1604669	10419.92857	17468186	15863517	19416.78947	1964.099143
6.4161E+11	CAMBRIDGE CSD	2023	810	151	3175667	21030.90728	19168773	15993106	19744.57531	3920.576543
6.4161E+11	CAMBRIDGE CSD	2024	805	136	2269073.5	16684.36397	22105463.86	19836390.36	24641.47871	2818.724845
6.4161E+11	CAMBRIDGE CSD	2025	780	145	2991343.46	20629.9549	22237433.49	19246090.03	24674.4744	3835.055718
6.41701E+11	WHITEHALL CSD	2019	718	135	1513864	11213.80741	13924250.01	12410386.01	17284.66018	2108.445682
6.41701E+11	WHITEHALL CSD	2020	719	134	1701300	12696.26866	15078131	13376831	18604.77191	2366.20306
6.41701E+11	WHITEHALL CSD	2021	693	115	468162	4070.973913	15612674	15144512	21853.55267	675.5584416
6.41701E+11	WHITEHALL CSD	2022	731	118	219758	1862.355932	16801423	16581665	22683.53625	300.626539
6.41701E+11	WHITEHALL CSD	2023	673	123	1853726	15070.94309	18391691	16537965	24573.49926	2754.421991
6.41701E+11	WHITEHALL CSD	2024	675	139	3289236	23663.56835	18560975	15271739	22624.79852	4872.942222
6.41701E+11	WHITEHALL CSD	2025	657	142	3307083	23289.3169	19511862	16204779	24664.80822	5033.611872
6.50101E+11	NEWARK CSD	2019	2165	268	7618657	28427.82463	40956233	33337576	15398.41848	3519.010162
6.50101E+11	NEWARK CSD	2020	2091	271	7744276	28576.66421	42043394	34299118	16403.21282	3703.623147
6.50101E+11	NEWARK CSD	2021	2000	266	3999452	15035.53383	42429656	38430204	19215.102	1999.726
6.50101E+11	NEWARK CSD	2022	1941	267	3854923	14437.91386	44573251	40718328	20978.01546	1986.049974
6.50101E+11	NEWARK CSD	2023	1929	277	4391950	15855.41516	48472072	44080122	22851.28149	2276.801452
6.50101E+11	NEWARK CSD	2024	1846	285	9948635.07	34907.49147	54999387.73	45050752.66	24404.52473	5389.293104
6.50101E+11	NEWARK CSD	2025	1817	302	9569920	31688.47682	56769439	47199519	25976.62025	5266.879472
6.50301E+11	CLYDE-SAVANNAH CSD	2019	790	131	3234830.68	24693.36397	18507269.73	15272439.05	19332.20133	4094.72238
6.50301E+11	CLYDE-SAVANNAH CSD	2020	784	127	1861728	14659.27559	16899553	15037825	19180.89923	2374.653061
6.50301E+11	CLYDE-SAVANNAH CSD	2021	730	121	1868266	15440.21488	16088213	14219947	19479.37945	2559.268493
6.50301E+11	CLYDE-SAVANNAH CSD	2022	773	124	2069210	16687.17742	17370402	15301192	19794.55627	2676.856404
6.50301E+11	CLYDE-SAVANNAH CSD	2023	770	131	2286616	17455.08397	20305883	18019267	23401.64545	2969.631169
6.50301E+11	CLYDE-SAVANNAH CSD	2024	757	126	4127113	32754.86508	23688365	19561252	25840.49141	5451.932629
6.50301E+11	CLYDE-SAVANNAH CSD	2025	692	123	3981772	32372.13008	26052108	22070336	31893.54913	5754.00578
6.50501E+11	LYONS CSD	2019	945	126	4464513.39	35432.64595	22313468.65	17848955.26	18887.78334	4724.352794
6.50501E+11	LYONS CSD	2020	872	130	4591969	35322.83846	22431637	17839668	20458.33486	5266.019495
6.50501E+11	LYONS CSD	2021	871	136	1687786	12410.19118	21061804.16	19374018.16	22243.41924	1937.756602
6.50501E+11	LYONS CSD	2022	842	137	1795186	13103.54745	23630438	21835252	25932.60333	2132.049881
6.50501E+11	LYONS CSD	2023	875	132	0	0	25533658	25533658	29181.32343	0
6.50501E+11	LYONS CSD	2024	900	157	5686246.5	36218.13057	30403118	24716871.5	27463.19056	6318.051667
6.50501E+11	LYONS CSD	2025	916	179	5205412.28	29080.51553	32416636.04	27211223.76	29706.57616	5682.764498
6.50701E+11	MARION CSD	2019	708	95	2867973	30189.18947	15029000	12161027	17176.59181	4050.809322
6.50701E+11	MARION CSD	2020	687	108	2685341	24864.26852	15418564	12733223	18534.5313	3908.793304
6.50701E+11	MARION CSD	2021	610	102	2443155	23952.5	15396138	12952983	21234.39836	4005.172131
6.50701E+11	MARION CSD	2022	641	84	3404109	40525.10714	17018916	13614807	21239.94852	5310.622465
6.50701E+11	MARION CSD	2023	648	83	2412109	29061.55422	18645907	16233798	25052.15741	3722.390432
6.50701E+11	MARION CSD	2024	627	103	0	0	20692058	20692058	33001.6874	0
6.50701E+11	MARION CSD	2025	603	110	3664994	33318.12727	20229475	16564481	27470.11774	6077.933665
6.50801E+11	WAYNE CSD	2019	2257	325	5304016	16320.04923	41589636	36285620	16076.92512	2350.029242
6.50801E+11	WAYNE CSD	2020	2127	320	7953894.1	24855.91906	38904572.89	30950678.79	14551.32994	3739.489469
6.50801E+11	WAYNE CSD	2021	2035	311	7600788	24439.8328	38705620	31104832	15284.92973	3735.030958
6.50801E+11	WAYNE CSD	2022	2018	322	7510116	23323.34161	40290221	32780105	16243.85778	3721.563925
6.50801E+11	WAYNE CSD	2023	2043	335	8313938	24817.72537	43343180	35029242	17145.98238	4069.475281
6.50801E+11	WAYNE CSD	2024	2091	331	8060938	24353.28701	50536118.82	42475180.82	20313.33373	3855.063606
6.50801E+11	WAYNE CSD	2025	2031	332	8411042.04	25334.46398	53442930.37	45031888.33	22172.27392	4141.330399
6.50901E+11	PALMYRA-MACEDON CSD	2019	1900	232	4071178	17548.18103	32114436	28043258	14759.60947	2142.725263
6.50901E+11	PALMYRA-MACEDON CSD	2020	1861	236	4293125	18191.20763	34386838	30093713	16170.72166	2306.891456
6.50901E+11	PALMYRA-MACEDON CSD	2021	1799	207	4344604	20988.42512	34888224	30543620	16978.11006	2415.010561
6.50901E+11	PALMYRA-MACEDON CSD	2022	1780	223	4520440	20271.03139	37522374	33001934	18540.41236	2539.573034
6.50901E+11	PALMYRA-MACEDON CSD	2023	1771	208	6461349	31064.17788	38607089	32145740	18151.18012	3648.418408
6.50901E+11	PALMYRA-MACEDON CSD	2024	1733	230	6583986	28626.02609	45482183	38898197	22445.58396	3799.184074
6.50901E+11	PALMYRA-MACEDON CSD	2025	1637	224	7324479	32698.56696	48385989	41061510	25083.39035	4474.330483
6.50902E+11	GANANDA CSD	2019	941	93	1816776	19535.22581	17074579	15257803	16214.4559	1930.686504
6.50902E+11	GANANDA CSD	2020	975	113	1694468	14995.29204	18016773	16322305	16740.82564	1737.915897
6.50902E+11	GANANDA CSD	2021	887	100	1774052	17740.52	17174570	15400518	17362.47802	2000.058625
6.50902E+11	GANANDA CSD	2022	897	100	2219696	22196.96	19868847	17649151	19675.75362	2474.57748
6.50902E+11	GANANDA CSD	2023	880	97	2452575.95	25284.28814	20812108.99	18359533.04	20863.10573	2787.018125
6.50902E+11	GANANDA CSD	2024	862	116	3615270	31166.12069	24376123.51	20760853.51	24084.51683	4194.048724
6.50902E+11	GANANDA CSD	2025	839	109	3772723.31	34612.14046	24977501.39	21204778.08	25273.87137	4496.690477
6.51201E+11	SODUS CSD	2019	1060	137	3464705.66	25289.82234	6495116.96	3030411.3	2858.878585	3268.590245
6.51201E+11	SODUS CSD	2020	1026	157	4270560.22	27201.02051	21287339.72	17016779.5	16585.55507	4162.339396
6.51201E+11	SODUS CSD	2021	998	158	6296688	39852.4557	25387392	19090704	19128.96192	6309.306613
6.51201E+11	SODUS CSD	2022	1007	156	1077047	6904.147436	33066331	31989284	31766.91559	1069.560079
6.51201E+11	SODUS CSD	2023	1031	156	2158992.43	13839.69506	23745535	21586542.57	20937.48067	2094.076072
6.51201E+11	SODUS CSD	2024	1084	190	2354376.98	12391.45779	26735684.32	24381307.34	22491.98094	2171.934483
6.51201E+11	SODUS CSD	2025	1031	163	1253508.76	7690.237791	28278928.25	27025419.49	26212.82201	1215.81839
6.51402E+11	WILLIAMSON CSD	2019	1088	145	2853854	19681.75172	17753821	14899967	13694.82261	2623.027574
6.51402E+11	WILLIAMSON CSD	2020	1049	138	3619626	26229.17391	19579021	15959395	15213.91325	3450.549094
6.51402E+11	WILLIAMSON CSD	2021	1043	138	2499004	18108.72464	19874805	17375801	16659.44487	2395.976989
6.51402E+11	WILLIAMSON CSD	2022	1011	123	2709550	22028.86179	21051365	18341815	18142.25025	2680.069238
6.51402E+11	WILLIAMSON CSD	2023	995	117	2958575	25286.96581	22438489	19479914	19577.80302	2973.442211
6.51402E+11	WILLIAMSON CSD	2024	993	136	3796046	27912.10294	25509728	21713682	21866.74924	3822.805639
6.51402E+11	WILLIAMSON CSD	2025	943	125	2259280.22	18074.24176	24606727.09	22347446.87	23698.24695	2395.843287
6.51501E+11	NORTH ROSE-WOLCOTT CSD	2019	1245	144	3977931	27624.52083	26851112	22873181	18372.03293	3195.125301
6.51501E+11	NORTH ROSE-WOLCOTT CSD	2020	1154	161	3358132	20857.96273	24964083	21605951	18722.66118	2909.993068
6.51501E+11	NORTH ROSE-WOLCOTT CSD	2021	1094	154	1641079	10656.35714	28833571	27192492	24856.02559	1500.072212
6.51501E+11	NORTH ROSE-WOLCOTT CSD	2022	1107	157	1441576	9182.012739	29637354	28195778	25470.44083	1302.236676
6.51501E+11	NORTH ROSE-WOLCOTT CSD	2023	1127	161	1394055	8658.726708	30020472	28626417	25400.54747	1236.960958
6.51501E+11	NORTH ROSE-WOLCOTT CSD	2024	1108	182	6184070.28	33978.40813	32134769.85	25950699.57	23421.209	5581.290866
6.51501E+11	NORTH ROSE-WOLCOTT CSD	2025	1058	196	5903482	30119.80612	34400117	28496635	26934.43762	5579.850662
6.51503E+11	RED CREEK CSD	2019	897	164	3351237	20434.37195	11449146	8097909	9027.769231	3736.050167
6.51503E+11	RED CREEK CSD	2020	824	160	3161636	19760.225	17588592	14426956	17508.44175	3836.936893
6.51503E+11	RED CREEK CSD	2021	822	145	3144488	21686.12414	17334730	14190242	17263.06813	3825.411192
6.51503E+11	RED CREEK CSD	2022	818	140	24366297	174044.9786	19064512	-5301785	-6481.399756	29787.64914
6.51503E+11	RED CREEK CSD	2023	804	133	5381489	40462.32331	20966370	15584881	19384.18035	6693.394279
6.51503E+11	RED CREEK CSD	2024	797	154	4196360	27249.09091	24807922	20611562	25861.43287	5265.194479
6.51503E+11	RED CREEK CSD	2025	782	136	3878747	28520.19853	23635122	19756375	25263.90665	4960.034527
6.60101E+11	KATONAH-LEWISBORO UFSD 	2019	2955	520	9690994	18636.52692	95853203	86162209	29158.10795	3279.524196
6.60101E+11	KATONAH-LEWISBORO UFSD 	2020	2915	494	13564376	27458.25101	94339270	80774894	27710.0837	4653.30223
6.60101E+11	KATONAH-LEWISBORO UFSD 	2021	2896	465	12377114.08	26617.44963	95343015.71	82965901.63	28648.4467	4273.865359
6.60101E+11	KATONAH-LEWISBORO UFSD 	2022	2886	467	13569864	29057.52463	99466825	85896961	29763.32675	4701.962578
6.60101E+11	KATONAH-LEWISBORO UFSD	2023	2816	437	14205020.99	32505.76886	102768699.7	88563678.66	31450.16998	5044.396658
6.60101E+11	KATONAH-LEWISBORO UFSD 	2024	2787	435	12318919	28319.35402	115199018.2	102880099.2	36914.28032	4420.135989
6.60101E+11	KATONAH-LEWISBORO UFSD	2025	2785	452	12977482.9	28711.24535	116497019.4	103519536.5	37170.39012	4659.77842
6.60102E+11	BEDFORD CSD	2019	3903	574	12288700.24	21408.88544	117021907.8	104733207.6	26834.02705	3148.526836
6.60102E+11	BEDFORD CSD	2020	3902	585	14018555.83	23963.3433	116601255.1	102582699.3	26289.77428	3592.659106
6.60102E+11	BEDFORD CSD	2021	3786	593	13947381.42	23520.03612	121359224.7	107411843.3	28370.79853	3683.935927
6.60102E+11	BEDFORD CSD	2022	3714	607	14914391	24570.66063	127725766	112811375	30374.62978	4015.721863
6.60102E+11	BEDFORD CSD	2023	3599	574	30288415.78	52767.27488	132073227.8	101784812	28281.41485	8415.786546
6.60102E+11	BEDFORD CSD	2024	3544	609	22503978.31	36952.34534	144678252.4	122174274.1	34473.55364	6349.881013
6.60102E+11	BEDFORD CSD	2025	3519	640	25522894.72	39879.523	154309192	128786297.3	36597.41326	7252.882842
6.60202E+11	CROTON-HARMON UFSD 	2019	1573	213	4344363.16	20396.07117	37734874.68	33390511.52	21227.28005	2761.832905
6.60202E+11	CROTON-HARMON UFSD 	2020	1584	221	3485116.89	15769.75968	37174135.41	33689018.52	21268.31977	2200.200057
6.60202E+11	CROTON-HARMON UFSD 	2021	1524	224	4197220	18737.58929	38554634	34357414	22544.23491	2754.081365
6.60202E+11	CROTON-HARMON UFSD 	2022	1533	231	3973998	17203.45455	38146298	34172300	22291.12851	2592.30137
6.60202E+11	CROTON-HARMON UFSD	2023	1525	215	3882847	18059.75349	40641477	36758630	24104.01967	2546.12918
6.60202E+11	CROTON-HARMON UFSD 	2024	1624	251	6013996.87	23960.14689	47956418.48	41942421.61	25826.61429	3703.200043
6.60202E+11	CROTON-HARMON UFSD	2025	1555	239	6205569.7	25964.72678	50079224.32	43873654.62	28214.56889	3990.720064
6.60203E+11	HENDRICK HUDSON CSD	2019	2320	350	8600859.28	24573.88366	65635717.03	57034857.75	24583.99041	3707.266931
6.60203E+11	HENDRICK HUDSON CSD	2020	2267	344	7926717.51	23042.78346	64763423.18	56836705.67	25071.33025	3496.567053
6.60203E+11	HENDRICK HUDSON CSD	2021	2211	359	10743579.84	29926.40624	66915766.38	56172186.54	25405.78315	4859.149634
6.60203E+11	HENDRICK HUDSON CSD	2022	2208	393	8642327	21990.65394	70592703	61950376	28057.23551	3914.097373
6.60203E+11	HENDRICK HUDSON CSD	2023	2226	413	9873989.23	23907.96424	73619140.45	63745151.22	28636.63577	4435.754371
6.60203E+11	HENDRICK HUDSON CSD	2024	2252	424	11408518	26906.88208	81872897.33	70464379.33	31289.68887	5065.949378
6.60203E+11	HENDRICK HUDSON CSD	2025	2171	411	11020708.72	26814.37645	86470429.43	75449720.71	34753.44114	5076.328291
6.60301E+11	EASTCHESTER UFSD 	2019	3228	481	14042705	29194.81289	75525474	61482769	19046.70663	4350.280359
6.60301E+11	EASTCHESTER UFSD 	2020	3232	482	14016991	29080.89419	75808341	61791350	19118.61077	4336.940285
6.60301E+11	EASTCHESTER UFSD 	2021	3178	487	13800364	28337.50308	75668537	61868173	19467.64412	4342.468219
6.60301E+11	EASTCHESTER UFSD 	2022	3137	480	11454158	23862.82917	81052478	69598320	22186.26713	3651.309531
6.60301E+11	EASTCHESTER UFSD	2023	3033	492	26416971.79	53693.03209	83438564.18	57021592.39	18800.39314	8709.848925
6.60301E+11	EASTCHESTER UFSD 	2024	3025	516	13551865.66	26263.30554	98024317.28	84472451.62	27924.7774	4479.95559
6.60301E+11	EASTCHESTER UFSD	2025	2941	484	14184013.18	29305.81236	101300833.5	87116820.34	29621.49621	4822.853852
6.60302E+11	TUCKAHOE UFSD 	2019	1156	174	4887226	28087.50575	29036376	24149150	20890.26817	4227.704152
6.60302E+11	TUCKAHOE UFSD 	2020	1184	177	3733109	21091.0113	29612532	25879423	21857.62078	3152.963682
6.60302E+11	TUCKAHOE UFSD 	2021	1138	175	4076932.06	23296.75463	28934852.44	24857920.38	21843.51527	3582.541353
6.60302E+11	TUCKAHOE UFSD 	2022	1095	171	3658973	21397.50292	30461305	26802332	24477.01553	3341.527854
6.60302E+11	TUCKAHOE UFSD	2023	1098	177	4191980.43	23683.50525	30982943.47	26790963.04	24399.78419	3817.832814
6.60302E+11	TUCKAHOE UFSD 	2024	1121	187	5158945.84	27587.94567	36575009.84	31416064	28025.03479	4602.092632
6.60302E+11	TUCKAHOE UFSD	2025	1063	189	5384744.63	28490.71233	37905605.29	32520860.66	30593.47193	5065.611129
6.60303E+11	BRONXVILLE UFSD 	2019	1630	130	6151292	47317.63077	22692825	16541533	10148.17975	3773.798773
6.60303E+11	BRONXVILLE UFSD 	2020	1642	136	5612747	41270.19853	42262533	36649786	22320.21072	3418.238124
6.60303E+11	BRONXVILLE UFSD 	2021	1612	131	5757701.99	43951.92359	46743207.62	40985505.63	25425.25163	3571.775428
6.60303E+11	BRONXVILLE UFSD 	2022	1559	122	5174612	42414.85246	46271935	41097323	26361.33611	3319.186658
6.60303E+11	BRONXVILLE UFSD 	2024	1553	150	6003789.63	40025.2642	50124732.83	44120943.2	28410.13728	3865.930219
6.60303E+11	BRONXVILLE UFSD	2025	1584	169	5535887.13	32756.72858	53251678.96	47715791.83	30123.60595	3494.878239
6.60401E+11	UFSD OF THE TARRYTOWNS	2019	2796	340	8409400.54	24733.531	65530446.56	57121046.02	20429.55866	3007.653984
6.60401E+11	UFSD OF THE TARRYTOWNS	2020	2682	340	5481258.91	16121.34974	68578399.47	63097140.56	23526.15233	2043.720697
6.60401E+11	UFSD OF THE TARRYTOWNS	2021	2610	349	6514473	18666.11175	72679494.93	66165021.93	25350.58311	2495.966667
6.60401E+11	UFSD OF THE TARRYTOWNS	2022	2571	353	5956899	16875.06799	72670987	66714088	25948.69234	2316.957993
6.60401E+11	UFSD-TARRYTOWNS	2023	2595	354	7334286	20718.32203	76167207.44	68832921.44	26525.21057	2826.314451
6.60401E+11	UFSD OF THE TARRYTOWNS	2024	2731	352	10602067.47	30119.50986	87531759.95	76929692.48	28169.0562	3882.119176
6.60401E+11	UFSD-TARRYTOWNS	2025	2636	373	10760171.75	28847.64544	91005544.1	80245372.35	30442.09877	4082.007492
6.60402E+11	IRVINGTON UFSD 	2019	1763	187	6040103.59	32300.0192	50611261.39	44571157.8	25281.42813	3426.037204
6.60402E+11	IRVINGTON UFSD 	2020	1776	196	6665824	34009.30612	52107716.21	45441892.21	25586.65102	3753.279279
6.60402E+11	IRVINGTON UFSD 	2021	1726	201	7233523	35987.67662	53759994.58	46526471.58	26956.24078	4190.917149
6.60402E+11	IRVINGTON UFSD 	2022	1722	195	7816905	40086.69231	55188004	47371099	27509.34901	4539.433798
6.60402E+11	IRVINGTON UFSD	2023	1753	184	8390194	45598.88043	57924789.68	49534595.68	28257.0426	4786.191671
6.60402E+11	IRVINGTON UFSD 	2024	1734	221	10577713.25	47862.95588	67256102.01	56678388.76	32686.49871	6100.180652
6.60402E+11	IRVINGTON UFSD	2025	1709	228	10798221.57	47360.62092	71545572.91	60747351.34	35545.55374	6318.444453
6.60403E+11	DOBBS FERRY UFSD 	2019	1492	213	5205286	24437.96244	42043638	36838352	24690.58445	3488.797587
6.60403E+11	DOBBS FERRY UFSD 	2020	1516	214	5466125	25542.64019	41762361	36296236	23942.10818	3605.623351
6.60403E+11	DOBBS FERRY UFSD 	2021	1495	222	10385382	46781	42598739	32213357	21547.39599	6946.743813
6.60403E+11	DOBBS FERRY UFSD 	2022	1510	212	5800394	27360.34906	57399402	51599008	34171.52848	3841.32053
6.60403E+11	DOBBS FERRY UFSD	2023	1514	206	6160456	29905.12621	47167262	41006806	27085.07662	4068.993395
6.60403E+11	DOBBS FERRY UFSD 	2024	1492	214	7802355	36459.6028	52476490	44674135	29942.44973	5229.460456
6.60403E+11	DOBBS FERRY UFSD	2025	1481	189	11010507	58256.65079	54788599	43778092	29559.81904	7434.50844
6.60404E+11	HASTINGS-ON-HUDSON UFSD 	2019	1655	228	7999108	35083.80702	45791159	37792051	22835.07613	4833.297885
6.60404E+11	HASTINGS-ON-HUDSON UFSD 	2020	1656	227	5928666	26117.47137	46028738	40100072	24215.01932	3580.112319
6.60404E+11	HASTINGS-ON-HUDSON UFSD 	2021	1581	215	6036165.24	28075.18716	46467222.31	40431057.07	25573.09113	3817.941328
6.60404E+11	HASTINGS-ON-HUDSON UFSD 	2022	1601	215	6684678	31091.52558	49034150	42349472	26451.88757	4175.314179
6.60404E+11	HASTINGS-ON-HUDSON UFSD	2023	1611	220	6502741.23	29557.91468	49610367.11	43107625.88	26758.30284	4036.462588
6.60404E+11	HASTINGS-ON-HUDSON UFSD 	2024	1579	212	3691979.6	17414.99811	54676487.4	50984507.8	32289.11197	2338.175807
6.60404E+11	HASTINGS-ON-HUDSON UFSD	2025	1597	225	7253956.56	32239.80693	56877652.98	49623696.42	31073.07227	4542.239549
6.60405E+11	ARDSLEY UFSD 	2019	2276	290	8512249.54	29352.58462	58738112.15	50225862.61	22067.6022	3740.004192
6.60405E+11	ARDSLEY UFSD 	2020	2325	280	8918192.04	31850.68586	58539708.98	49621516.94	21342.58793	3835.781523
6.60405E+11	ARDSLEY UFSD 	2021	2310	281	9775508.83	34788.28765	59935172.28	50159663.45	21714.14002	4231.822004
6.60405E+11	ARDSLEY UFSD 	2022	2332	298	10092030	33865.87248	61859698	51767668	22198.82847	4327.628645
6.60405E+11	ARDSLEY UFSD	2023	2300	298	10873228.04	36487.34242	63876100.31	53002872.27	23044.72707	4727.490452
6.60405E+11	ARDSLEY UFSD 	2024	2323	324	0	0	71971501.42	71971501.42	30982.13578	0
6.60405E+11	ARDSLEY UFSD	2025	2326	358	13563880.65	37887.93478	75534785.16	61970904.51	26642.69325	5831.419024
6.60406E+11	EDGEMONT UFSD 	2019	2034	252	5614525.19	22279.86187	53226019.78	47611494.59	23407.81445	2760.336868
6.60406E+11	EDGEMONT UFSD 	2020	2049	249	9275949	37252.80723	53590481.72	44314532.72	21627.39518	4527.061493
6.60406E+11	EDGEMONT UFSD 	2021	2027	268	9538824	35592.62687	54611503	45072679	22236.15146	4705.882585
6.60406E+11	EDGEMONT UFSD 	2022	1970	257	9762896	37987.92218	56929205	47166309	23942.28883	4955.784772
6.60406E+11	EDGEMONT UFSD	2023	1930	251	10061417	40085.32669	60726179	50664762	26251.17202	5213.16943
6.60406E+11	EDGEMONT UFSD 	2024	1848	232	11042277.98	47596.02578	61565561.03	50523283.05	27339.43888	5975.258647
6.60406E+11	EDGEMONT UFSD	2025	1830	230	11767963.66	51165.05939	65212992.33	53445028.67	29204.9337	6430.581235
6.60407E+11	GREENBURGH CSD	2019	1779	278	8477929.17	30496.14809	58871986.94	50394057.77	28327.18256	4765.558836
6.60407E+11	GREENBURGH CSD	2020	1712	286	8068513	28211.58392	58917958	50849445	29701.77862	4712.916472
6.60407E+11	GREENBURGH CSD	2021	1650	247	5848014.57	23676.17235	55828771.8	49980757.23	30291.36802	3544.251255
6.60407E+11	GREENBURGH CSD	2022	1639	261	6266944	24011.27969	58744440	52477496	32017.99634	3823.638804
6.60407E+11	GREENBURGH CSD	2023	1655	267	6775335	25375.78652	59047482	52272147	31584.37885	4093.858006
6.60407E+11	GREENBURGH CSD	2024	1629	310	5794693	18692.55806	69847403	64052710	39320.26397	3557.208717
6.60407E+11	GREENBURGH CSD	2025	1560	330	8472637.26	25674.65836	70453185.19	61980547.93	39731.12047	5431.177731
6.60409E+11	ELMSFORD UFSD 	2019	1030	140	12059940.81	86142.43436	28140649.87	16080709.06	15612.33889	11708.6804
6.60409E+11	ELMSFORD UFSD 	2020	1002	130	4050890.5	31160.69615	28676871.44	24625980.94	24576.82729	4042.80489
6.60409E+11	ELMSFORD UFSD 	2021	983	124	3822382.27	30825.66347	29053918.27	25231536	25667.89013	3888.486541
6.60409E+11	ELMSFORD UFSD 	2022	963	116	2574463	22193.64655	28429160	25854697	26848.0758	2673.377985
6.60409E+11	ELMSFORD UFSD	2023	1020	134	2510488.62	18734.9897	29925610.6	27415121.98	26877.57057	2461.263353
6.60409E+11	ELMSFORD UFSD 	2024	1049	137	5233786.53	38202.82139	36791015.73	31557229.2	30083.15462	4989.310324
6.60409E+11	ELMSFORD UFSD	2025	999	128	2761186.57	21571.77008	40622986.38	37861799.81	37899.69951	2763.950521
6.6041E+11	GREENBURGH-GRAHAM UFSD 	2021	67	65	0	0	19472374.16	19472374.16	290632.4501	0
6.6041E+11	GREENBURGH-GRAHAM UFSD 	2022	109	63	9137719	145043.1587	19646915	10509196	96414.6422	83832.2844
6.6041E+11	GREENBURGH-GRAHAM UFSD 	2024	232	227	16000	70.4845815	20062832.75	20046832.75	86408.76185	68.96551724
6.60412E+11	GREENBURGH-NORTH CASTLE UFSD 	2021	386	385	15350452	39871.3039	27506576	12156124	31492.54922	39768.01036
6.60412E+11	GREENBURGH-NORTH CASTLE UFSD 	2022	373	349	18633063	53389.86533	28274567	9641504	25848.53619	49954.59249
6.60412E+11	GREENBURGH-NORTH CASTLE UFSD	2023	430	427	18888657	44235.73068	32324624.02	13435967.02	31246.43493	43927.1093
6.60412E+11	GREENBURGH-NORTH CASTLE UFSD 	2024	439	435	33812797	77730.56782	33863209	50412	114.833713	77022.31663
6.60412E+11	GREENBURGH-NORTH CASTLE UFSD	2025	437	434	33757087	77781.30645	34246804	489717	1120.633867	77247.33867
6.60501E+11	HARRISON CSD	2019	3635	464	12379553	26680.07112	103015364	90635811	24934.19835	3405.654195
6.60501E+11	HARRISON CSD	2020	3653	515	13362590	25946.7767	105547100	92184510	25235.2888	3657.977005
6.60501E+11	HARRISON CSD	2021	3606	538	14959692	27806.11896	109715796	94756104	26277.34443	4148.55574
6.60501E+11	HARRISON CSD	2022	3613	596	14859155	24931.46812	111833811	96974656	26840.48049	4112.691669
6.60501E+11	HARRISON CSD	2023	3624	600	16218008	27030.01333	118675038	102457030	28271.8074	4475.16777
6.60501E+11	HARRISON CSD	2024	3741	633	20897241.65	33013.01998	131884815.5	110987573.9	29667.8893	5586.004183
6.60501E+11	HARRISON CSD	2025	3792	675	22351423.96	33113.22068	135894552	113543128	29942.80802	5894.362859
6.60701E+11	MAMARONECK UFSD 	2019	5664	745	20402022	27385.26443	127804600.5	107402578.5	18962.31965	3602.051907
6.60701E+11	MAMARONECK UFSD 	2020	5608	756	7574123	10018.68122	128164129.5	120590006.5	21503.21086	1350.592546
6.60701E+11	MAMARONECK UFSD 	2021	5465	725	5804606	8006.353103	127824028.8	122019422.8	22327.43326	1062.141995
6.60701E+11	MAMARONECK UFSD 	2022	5384	675	20070196	29733.6237	130618184	110547988	20532.68722	3727.748143
6.60701E+11	MAMARONECK UFSD	2023	5452	660	18053875	27354.35606	136551355.4	118497480.4	21734.68092	3311.422414
6.60701E+11	MAMARONECK UFSD 	2024	5626	747	22373700.14	29951.40581	150262166.8	127888466.6	22731.68621	3976.839698
6.60701E+11	MAMARONECK UFSD	2025	5521	810	24345588.09	30056.28159	153238759.6	128893171.5	23345.98289	4409.633778
6.60801E+11	MOUNT PLEASANT CSD	2019	1903	300	8927242	29757.47333	51460918.89	42533676.89	22350.85491	4691.141356
6.60801E+11	MOUNT PLEASANT CSD	2020	1902	318	9567997.82	30088.04346	52667349.55	43099351.73	22660.01668	5030.49307
6.60801E+11	MOUNT PLEASANT CSD	2021	1897	344	9899443	28777.45058	53199523.97	43300080.97	22825.55665	5218.472852
6.60801E+11	MOUNT PLEASANT CSD	2022	1885	341	10143243	29745.58065	55782837	45639594	24211.98621	5381.030769
6.60801E+11	MT PLEASANT CSD	2023	1918	338	11093848	32822.0355	57761564.24	46667716.24	24331.44747	5784.070907
6.60801E+11	MOUNT PLEASANT CSD	2024	1936	367	11178104.55	30458.05054	66464600.99	55286496.44	28557.07461	5773.814334
6.60801E+11	MT PLEASANT CSD	2025	1941	380	11688659.88	30759.63126	67461639.21	55772979.33	28734.147	6021.9783
6.60802E+11	POCANTICO HILLS CSD	2019	311	30	1123331	37444.36667	16624693	15501362	49843.60772	3611.996785
6.60802E+11	POCANTICO HILLS CSD	2020	308	27	1778710	65878.14815	16588356	14809646	48083.26623	5775.032468
6.60802E+11	POCANTICO HILLS CSD	2021	309	30	2027021	67567.36667	17639234	15612213	50524.96117	6559.938511
6.60802E+11	POCANTICO HILLS CSD	2022	300	28	2023961	72284.32143	18356797	16332836	54442.78667	6746.536667
6.60802E+11	POCANTICO HILLS CSD	2023	320	25	1918877	76755.08	20091363.35	18172486.35	56789.01984	5996.490625
6.60802E+11	POCANTICO HILLS CSD	2024	339	32	5087696	158990.5	29540932	24453236	72133.43953	15007.9528
6.60802E+11	POCANTICO HILLS CSD	2025	322	26	5477522	210673.9231	22383547	16906025	52503.18323	17010.93789
6.60803E+11	HAWTHORNE-CEDAR KNOLLS UFSD 	2021	186	173	0	0	16456846.36	16456846.36	88477.6686	0
6.60803E+11	HAWTHORNE-CEDAR KNOLLS UFSD 	2022	115	96	176954	1843.270833	14057278	13880324	120698.4696	1538.730435
6.60803E+11	HAWTHORNE-CEDAR KNOLLS UFSD	2023	167	160	220553	1378.45625	14038780.6	13818227.6	82743.87784	1320.676647
6.60803E+11	HAWTHORNE-CEDAR KNOLLS UFSD 	2024	184	174	240543.81	1382.43569	15155096.03	14914552.22	81057.34902	1307.303315
6.60803E+11	HAWTHORNE-CEDAR KNOLLS UFSD	2025	190	189	633199.84	3350.263704	16007049.95	15373850.11	80915.00058	3332.630737
6.60804E+11	MOUNT PLEASANT-COTTAGE UFSD 	2021	208	172	8638999	50226.73837	18028150	9389151	45140.14904	41533.64904
6.60804E+11	MOUNT PLEASANT-COTTAGE UFSD 	2022	203	165	10573292	64080.55758	18714598	8141306	40104.95567	52085.18227
6.60804E+11	MT PLEASANT-COTTAGE UFSD	2023	219	193	10452812	54159.64767	18392935	7940123	36256.26941	47729.73516
6.60804E+11	MOUNT PLEASANT-COTTAGE UFSD 	2024	192	175	9322149.97	53269.4284	18198491.32	8876341.35	46230.94453	48552.86443
6.60804E+11	MT PLEASANT-COTTAGE UFSD	2025	237	216	10940926	50652.43519	20876776.71	9935850.71	41923.42072	46164.24473
6.60805E+11	VALHALLA UFSD 	2019	1404	188	7782803	41397.8883	42820375	35037572	24955.53561	5543.30698
6.60805E+11	VALHALLA UFSD 	2020	1387	171	7399668.01	43272.91234	41792642.9	34392974.89	24796.66539	5335.01659
6.60805E+11	VALHALLA UFSD 	2021	1377	154	6112420	39691.03896	44188346	38075926	27651.36238	4438.939724
6.60805E+11	VALHALLA UFSD 	2022	1357	148	5772345	39002.33108	44560090	38787745	28583.45247	4253.754606
6.60805E+11	VALHALLA UFSD	2023	1357	145	5971286	41181.28276	47099937	41128651	30308.51216	4400.358143
6.60805E+11	VALHALLA UFSD 	2024	1443	140	6388274.54	45630.53243	51163898.4	44775623.86	31029.53836	4427.078683
6.60805E+11	VALHALLA UFSD	2025	1426	138	6226003.9	45115.97029	53702161.35	47476157.45	33293.23804	4366.061641
6.60806E+11	MOUNT PLEASANT-BLYTHEDALE UFSD 	2021	131	123	3469555	28207.76423	7732356	4262801	32540.46565	26485.15267
6.60806E+11	MOUNT PLEASANT-BLYTHEDALE UFSD 	2022	119	119	4089521	34365.72269	8095644	4006123	33664.89916	34365.72269
6.60806E+11	MT PLEASANT-BLYTHEDALE UFSD	2023	120	120	4804958	40041.31667	8800383.81	3995425.81	33295.21508	40041.31667
6.60806E+11	MOUNT PLEASANT-BLYTHEDALE UFSD 	2024	126	126	9350267	74208.46825	9350267	0	0	74208.46825
6.60806E+11	MT PLEASANT-BLYTHEDALE UFSD	2025	132	124	10297941	83047.91129	10297941	0	0	78014.70455
6.60809E+11	PLEASANTVILLE UFSD 	2019	1703	298	8823927	29610.49329	43400197	34576270	20303.15326	5181.401644
6.60809E+11	PLEASANTVILLE UFSD 	2020	1695	333	8926984	26807.75976	42889074	33962090	20036.63127	5266.657227
6.60809E+11	PLEASANTVILLE UFSD 	2021	1635	331	10145744	30651.79456	43316872	33171128	20288.15168	6205.348012
6.60809E+11	PLEASANTVILLE UFSD 	2022	1605	336	10068618	29966.125	44915261	34846643	21711.30405	6273.282243
6.60809E+11	PLEASANTVILLE UFSD	2023	1629	329	10497975	31908.7386	47398163	36900188	22652.04911	6444.429098
6.60809E+11	PLEASANTVILLE UFSD 	2024	1628	332	13593956.73	40945.6528	52232628.24	38638671.51	23733.82771	8350.096271
6.60809E+11	PLEASANTVILLE UFSD	2025	1603	330	13970254.66	42334.10503	53226915.18	39256660.52	24489.49502	8715.068409
6.609E+11	MOUNT VERNON SD	2019	8101	1372	57211556	41699.38484	207586320	150374764	18562.49401	7062.283175
6.609E+11	MOUNT VERNON SD	2020	7595	1291	46770487	36228.10767	210081910	163311423	21502.49151	6158.062804
6.609E+11	MOUNT VERNON SD	2021	7232	1235	39221761	31758.51093	205404006	166182245	22978.73963	5423.36297
6.609E+11	MOUNT VERNON SD	2022	6860	1238	101207856	81751.09532	215791076	114583220	16703.09329	14753.33178
6.609E+11	MT VERNON SD	2023	6864	1267	43689690	34482.78611	235242418	191552728	27906.86597	6365.048077
6.609E+11	MOUNT VERNON SD	2024	6852	1329	40405045.67	30402.59268	249835987.8	209430942.2	30564.9361	5896.825112
6.609E+11	MT VERNON SD	2025	6713	1388	25866306.5	18635.66751	245823470.7	219957164.2	32765.85195	3853.166468
6.61004E+11	CHAPPAQUA CSD	2019	3709	365	11067482	30321.86849	107062454.8	95994972.8	25881.63192	2983.953087
6.61004E+11	CHAPPAQUA CSD	2020	3625	349	10396390	29789.08309	105375945	94979555	26201.25655	2867.969655
6.61004E+11	CHAPPAQUA CSD	2021	3553	384	11638667	30309.02865	110059418	98420751	27700.74613	3275.729524
6.61004E+11	CHAPPAQUA CSD	2022	3538	381	12736432	33428.95538	113337819	100601387	28434.53561	3599.895986
6.61004E+11	CHAPPAQUA CSD	2023	3545	386	12802598	33167.35233	113677616	100875018	28455.5763	3611.452186
6.61004E+11	CHAPPAQUA CSD	2024	3548	420	12289874.09	29261.60498	128676716.9	116386842.8	32803.50699	3463.887849
6.61004E+11	CHAPPAQUA CSD	2025	3509	423	7686210.15	18170.70957	131244166	123557955.8	35211.72864	2190.427515
6.611E+11	NEW ROCHELLE CITY SD	2019	10851	1499	64019647.57	42708.2372	238943393.2	174923745.6	16120.51844	5899.884579
6.611E+11	NEW ROCHELLE CITY SD	2020	10486	1531	26994310.01	17631.81581	240474689.6	213480379.6	20358.60953	2574.319093
6.611E+11	NEW ROCHELLE CITY SD	2021	10160	1490	55415719.7	37191.75819	250344644.2	194928924.5	19185.91776	5454.30312
6.611E+11	NEW ROCHELLE CITY SD	2022	9920	1521	26817925	17631.77186	265060925	238243000	24016.43145	2703.419859
6.611E+11	NEW ROCHELLE CITY SD	2023	9909	1633	39717415.6	24321.74868	274428104.8	234710689.2	23686.61714	4008.216329
6.611E+11	NEW ROCHELLE CITY SD	2024	10064	1750	36670796.41	20954.74081	317722266.4	281051470	27926.41793	3643.75958
6.611E+11	NEW ROCHELLE CITY SD	2025	9846	1899	34188906.64	18003.63699	333868380.8	299679474.1	30436.67216	3472.365086
6.61201E+11	BYRAM HILLS CSD	2019	2299	340	9444144.04	27776.89424	77298551.88	67854407.84	29514.74895	4107.935642
6.61201E+11	BYRAM HILLS CSD	2020	2274	321	9838008.28	30648.00087	78589559.94	68751551.66	30233.75183	4326.300915
6.61201E+11	BYRAM HILLS CSD	2021	2261	320	10476841.62	32740.13006	82713172.77	72236331.15	31948.84173	4633.72031
6.61201E+11	BYRAM HILLS CSD	2022	2313	324	10483199	32355.55247	83963156	73479957	31768.24773	4532.295288
6.61201E+11	BYRAM HILLS CSD	2023	2299	308	11214277.28	36409.99117	86715454.41	75501177.13	32840.87739	4877.893554
6.61201E+11	BYRAM HILLS CSD	2024	2341	307	12420434.21	40457.44042	96015664.99	83595230.78	35709.19726	5305.610513
6.61201E+11	BYRAM HILLS CSD	2025	2334	312	11905161.58	38157.56917	99785050.5	87879888.92	37652.05181	5100.754747
6.61301E+11	NORTH SALEM CSD	2019	1060	167	6176258	36983.58084	36773105	30596847	28864.95	5826.658491
6.61301E+11	NORTH SALEM CSD	2020	1046	165	6068488	36778.71515	36351598.58	30283110.58	28951.34855	5801.613767
6.61301E+11	NORTH SALEM CSD	2021	1012	179	6618833	36976.72067	38470762	31851929	31474.23814	6540.348814
6.61301E+11	NORTH SALEM CSD	2022	1019	176	7692896	43709.63636	39407583	31714687	31123.34347	7549.45633
6.61301E+11	NORTH SALEM CSD	2023	985	181	8010476	44256.77348	40845329	32834853	33334.87614	8132.462944
6.61301E+11	NORTH SALEM CSD	2024	963	187	9038481.35	48334.12487	44855234.1	35816752.75	37192.88967	9385.754258
6.61301E+11	NORTH SALEM CSD	2025	937	183	8860408.44	48417.53246	46628813.19	37768404.75	40307.79589	9456.145614
6.61401E+11	OSSINING UFSD 	2019	5081	651	16888752.19	25942.7837	109846308.4	92957556.22	18295.13014	3323.903206
6.61401E+11	OSSINING UFSD 	2020	5008	636	14665727.13	23059.31939	112292362.6	97626635.46	19494.13647	2928.45989
6.61401E+11	OSSINING UFSD 	2021	4931	600	13816934	23028.22333	113728086	99911152	20261.84385	2802.055161
6.61401E+11	OSSINING UFSD 	2022	4928	608	14078372	23155.21711	121098274	107019902	21716.70089	2856.8125
6.61401E+11	OSSINING UFSD 	2024	4981	687	28502857.14	41488.87502	153712316.5	125209459.4	25137.41405	5722.31623
6.61401E+11	OSSINING UFSD	2025	4962	754	28565955.69	37885.88288	159671843.3	131105887.6	26421.98461	5756.943912
6.61402E+11	BRIARCLIFF MANOR UFSD 	2019	1430	127	3571482.84	28121.91213	43541891.57	39970408.73	27951.33478	2497.540448
6.61402E+11	BRIARCLIFF MANOR UFSD 	2020	1390	105	3059969.23	29142.5641	41847765.43	38787796.2	27904.88935	2201.416712
6.61402E+11	BRIARCLIFF MANOR UFSD 	2021	1351	105	6643996	63276.15238	43929585	37285589	27598.51147	4917.835677
6.61402E+11	BRIARCLIFF MANOR UFSD 	2022	1337	101	3460961	34266.94059	44738163	41277202	30873.00075	2588.602094
6.61402E+11	BRIARCLIFF MANOR UFSD	2023	1346	104	3974490	38216.25	48569299	44594809	33131.35884	2952.81575
6.61402E+11	BRIARCLIFF MANOR UFSD 	2024	1346	113	0	0	47482444.86	47482444.86	35276.70495	0
6.61402E+11	BRIARCLIFF MANOR UFSD	2025	1335	110	3528395.97	32076.327	48529278.59	45000882.62	33708.52631	2642.993236
6.615E+11	PEEKSKILL CITY SD	2019	3481	551	12277055	22281.40653	79045616	66768561	19180.85636	3526.875898
6.615E+11	PEEKSKILL CITY SD	2020	3516	559	8414433	15052.65295	80787376	72372943	20583.88595	2393.183447
6.615E+11	PEEKSKILL CITY SD	2021	3395	534	9254100	17329.77528	82973067	73718967	21713.98144	2725.802651
6.615E+11	PEEKSKILL CITY SD	2022	3580	511	10844961	21223.01566	90849704	80004743	22347.69358	3029.318715
6.615E+11	PEEKSKILL CITY SD	2023	3595	487	11056528	22703.34292	95902705	84846177	23601.16189	3075.529346
6.615E+11	PEEKSKILL CITY SD	2024	3706	583	14198700.23	24354.54585	108224383.1	94025682.91	25371.20424	3831.273672
6.615E+11	PEEKSKILL CITY SD	2025	3795	606	15619494.26	25774.743	117513047.9	101893553.6	26849.42125	4115.808764
6.61601E+11	PELHAM UFSD 	2019	2891	312	7873350	25235.09615	66088604.19	58215254.19	20136.71885	2723.400208
6.61601E+11	PELHAM UFSD 	2020	2913	304	8616179	28342.69408	65577291	56961112	19554.10642	2957.836938
6.61601E+11	PELHAM UFSD 	2021	2792	319	8485353	26599.85266	67851159	59365806	21262.8245	3039.166547
6.61601E+11	PELHAM UFSD 	2022	2793	316	8758224	27715.89873	70855310	62097086	22233.1135	3135.776584
6.61601E+11	PELHAM UFSD	2023	2756	311	9546192	30695.15113	73360258.95	63814066.95	23154.59614	3463.785196
6.61601E+11	PELHAM UFSD 	2024	2836	340	10889139.18	32026.87994	81212395.74	70323256.56	24796.63489	3839.611841
6.61601E+11	PELHAM UFSD	2025	2827	368	11881749.12	32287.36174	86491392.17	74609643.05	26391.80865	4202.95335
6.618E+11	RYE CITY SD	2019	3263	319	7569884.15	23730.04436	82498756.54	74928872.39	22963.18492	2319.915461
6.618E+11	RYE CITY SD	2020	3234	336	2475316	7367.011905	82215339	79740023	24656.77891	765.4038343
6.618E+11	RYE CITY SD	2021	3067	329	10729141	32611.37082	85729414	75000273	24453.95272	3498.25269
6.618E+11	RYE CITY SD	2022	2913	325	12365404	38047.39692	91921276	79555872	27310.63234	4244.903536
6.618E+11	RYE CITY SD	2023	2852	326	13124460	40259.07975	91118280	77993820	27347.06171	4601.84432
6.618E+11	RYE CITY SD	2024	2827	343	12295026.45	35845.55816	95496989.43	83201962.98	29431.18606	4349.142713
6.618E+11	RYE CITY SD	2025	2794	353	15822185.61	44822.05555	102616191.6	86794005.98	31064.42591	5662.915394
6.61901E+11	RYE NECK UFSD 	2019	1585	164	3531289.77	21532.2547	35347842.46	31816552.69	20073.53482	2227.943073
6.61901E+11	RYE NECK UFSD 	2020	1572	157	4191312	26696.25478	35899410	31708098	20170.5458	2666.229008
6.61901E+11	RYE NECK UFSD 	2021	1519	144	4315971	29972.02083	37800764	33484793	22043.97169	2841.323897
6.61901E+11	RYE NECK UFSD 	2022	1511	155	4690945	30264.16129	41222922	36531977	24177.35076	3104.530113
6.61901E+11	RYE NECK UFSD	2023	1532	154	4788377	31093.35714	41288417	36500040	23825.09138	3125.572454
6.61901E+11	RYE NECK UFSD 	2024	1482	158	4769340	30185.6962	45525063	40755723	27500.48785	3218.178138
6.61901E+11	RYE NECK UFSD	2025	1424	160	5454306	34089.4125	45266136	39811830	27957.74579	3830.271067
6.61904E+11	PORT CHESTER-RYE UFSD 	2019	4849	597	13982750	23421.69179	92583483	78600733	16209.6789	2883.635801
6.61904E+11	PORT CHESTER-RYE UFSD 	2020	4775	613	12164272	19843.83687	85361913	73197641	15329.3489	2547.491518
6.61904E+11	PORT CHESTER-RYE UFSD 	2021	4615	640	14563154	22754.92813	90220279	75657125	16393.74323	3155.613001
6.61904E+11	PORT CHESTER-RYE UFSD 	2022	4531	658	15699946	23860.1003	106474779	90774833	20034.17193	3465.006842
6.61904E+11	PORT CHESTER-RYE UFSD	2023	4486	713	17616877	24708.10238	114161653	96544776	21521.34998	3927.079135
6.61904E+11	PORT CHESTER-RYE UFSD 	2024	4636	723	28900827.29	39973.48173	136538851.8	107638024.5	23217.8655	6234.00071
6.61904E+11	PORT CHESTER-RYE UFSD	2025	4377	734	29361289.42	40001.7567	140446667.5	111085378.1	25379.34158	6708.085314
6.61905E+11	BLIND BROOK-RYE UFSD 	2019	1420	136	4432152.55	32589.35699	38304541.09	33872388.54	23853.79475	3121.23419
6.61905E+11	BLIND BROOK-RYE UFSD 	2020	1364	120	4652035.02	38766.9585	37368662.57	32716627.55	23985.79732	3410.582859
6.61905E+11	BLIND BROOK-RYE UFSD 	2021	1329	146	3931218.54	26926.15438	29883262.9	25952044.36	19527.49764	2958.027494
6.61905E+11	BLIND BROOK-RYE UFSD 	2022	1276	160	4898660	30616.625	40748385	35849725	28095.39577	3839.075235
6.61905E+11	BLIND BROOK-RYE UFSD	2023	1289	165	5443270.3	32989.51697	43485984.02	38042713.72	29513.35432	4222.862917
6.61905E+11	BLIND BROOK-RYE UFSD 	2024	1296	187	6929613.58	37056.75711	48986652.53	42057038.95	32451.41894	5346.924059
6.61905E+11	BLIND BROOK-RYE UFSD	2025	1287	180	7103528.81	39464.04894	51913421.59	44809892.78	34817.32151	5519.447405
6.62001E+11	SCARSDALE UFSD 	2019	4722	488	19334656.96	39620.19869	136169703	116835046	24742.70352	4094.590631
6.62001E+11	SCARSDALE UFSD 	2020	4749	510	13641909.01	26748.8412	136971109	123329200	25969.50936	2872.585599
6.62001E+11	SCARSDALE UFSD 	2022	4605	604	15253322	25253.84437	149578996	134325674	29169.52747	3312.339197
6.62001E+11	SCARSDALE UFSD	2023	4676	633	17658904	27897.16272	157499293	139840389	29905.98567	3776.497861
6.62001E+11	SCARSDALE UFSD 	2024	4702	669	22005441.09	32893.03601	169486411.5	147480970.4	31365.58281	4680.017246
6.62001E+11	SCARSDALE UFSD	2025	4691	706	24630007.25	34886.69582	175920147.9	151290140.6	32251.14914	5250.481187
6.62101E+11	SOMERS CSD	2019	2948	507	14599010	28794.89152	78717836	64118826	21749.94098	4952.174355
6.62101E+11	SOMERS CSD	2020	2862	493	14241643.13	28887.71426	78581819.9	64340176.77	22480.84443	4976.115699
6.62101E+11	SOMERS CSD	2021	2781	494	14886164	30133.93522	80891033	66004869	23734.22114	5352.809781
6.62101E+11	SOMERS CSD	2022	2709	528	9572350	18129.45076	78872091	69299741	25581.29974	3533.53636
6.62101E+11	SOMERS CSD	2023	2600	517	7178335.97	13884.59569	87442728.28	80264392.31	30870.92012	2760.89845
6.62101E+11	SOMERS CSD	2024	2607	503	12939866.09	25725.3799	95646826.99	82706960.9	31724.95623	4963.508282
6.62101E+11	SOMERS CSD	2025	2469	494	9369156.79	18965.90443	96422676.42	87053519.63	35258.61467	3794.717209
6.622E+11	WHITE PLAINS CITY SD	2019	7333	1098	26690066.86	24307.89332	196888548.3	170198481.4	23209.93883	3639.720014
6.622E+11	WHITE PLAINS CITY SD	2020	7069	1117	22379146	20035.04566	195608715.2	173229569.2	24505.52684	3165.814967
6.622E+11	WHITE PLAINS CITY SD	2021	6938	1128	21615230	19162.43794	196974774	175359544	25275.22975	3115.484289
6.622E+11	WHITE PLAINS CITY SD	2022	6713	1115	21777009	19530.94978	210535276	188758267	28118.31774	3244.005512
6.622E+11	WHITE PLAINS CITY SD	2023	6649	1105	23148469	20948.84072	219092080.4	195943611.4	29469.63624	3481.496315
6.622E+11	WHITE PLAINS CITY SD	2024	7070	1174	29837240.05	25415.0256	244509048.2	214671808.1	30363.76352	4220.260262
6.622E+11	WHITE PLAINS CITY SD	2025	6781	1240	33042895.22	26647.49615	252940772.7	219897877.5	32428.53229	4872.864654
6.623E+11	YONKERS CITY SD	2019	26581	4575	85048478.07	18589.83127	484477876.6	399429398.5	15026.87629	3199.596632
6.623E+11	YONKERS CITY SD	2020	25847	4765	65753161.1	13799.19435	486452246.1	420699085	16276.51507	2543.93783
6.623E+11	YONKERS CITY SD	2021	25005	4708	65780988.37	13972.17255	482410450	416629461.6	16661.84609	2630.713392
6.623E+11	YONKERS CITY SD	2022	24055	4234	72040314	17014.71752	518360647	446320333	18554.16059	2994.816629
6.623E+11	YONKERS CITY SD	2023	23985	4714	60196712.97	12769.77365	572636364.4	512439651.4	21365.00527	2509.764977
6.623E+11	YONKERS CITY SD	2024	24023	4703	141331022.9	30051.24876	662910910.9	521579888	21711.6883	5883.154599
6.623E+11	YONKERS CITY SD	2025	23742	4861	153436105.6	31564.72035	685308241.1	531872135.4	22402.16222	6462.644497
6.62401E+11	LAKELAND CSD	2019	5591	834	25376334	30427.25899	134726273	109349939	19558.20765	4538.782686
6.62401E+11	LAKELAND CSD	2020	5578	840	27355778	32566.40238	137708557.6	110352779.6	19783.57468	4904.226963
6.62401E+11	LAKELAND CSD	2021	5521	866	27542782	31804.59815	141443862.8	113901080.8	20630.51635	4988.730665
6.62401E+11	LAKELAND CSD	2022	5410	883	32890669	37248.77576	147292475	114401806	21146.3597	6079.6061
6.62401E+11	LAKELAND CSD	2023	5370	889	29878434.51	33609.03769	156002913.9	126124479.4	23486.86768	5563.954285
6.62401E+11	LAKELAND CSD	2024	5387	942	5320524	5648.11465	174048787.6	168728263.6	31321.37806	987.659922
6.62401E+11	LAKELAND CSD	2025	5230	928	4648656	5009.327586	181491598.6	176842942.6	33813.18214	888.8443595
6.62402E+11	YORKTOWN CSD	2019	3394	495	10573905	21361.42424	82049724.43	71475819.43	21059.46359	3115.469947
6.62402E+11	YORKTOWN CSD	2020	3401	508	10843009	21344.50591	83066739.1	72223730.1	21236.02767	3188.182593
6.62402E+11	YORKTOWN CSD	2021	3381	541	11301383	20889.80222	84890545.62	73589162.62	21765.50211	3342.615498
6.62402E+11	YORKTOWN CSD	2022	3392	586	11027923	18818.98123	87971472	76943549	22683.8293	3251.156545
6.62402E+11	YORKTOWN CSD	2023	3426	602	12308482	20445.98339	92277794.84	79969312.84	23341.88933	3592.668418
6.62402E+11	YORKTOWN CSD	2024	3529	622	20511314.97	32976.39063	111242495.1	90731180.08	25710.16721	5812.217334
6.62402E+11	YORKTOWN CSD	2025	3455	634	21911636.03	34560.94011	114665400.2	92753764.19	26846.24144	6342.007534
6.70201E+11	ATTICA CSD	2019	1224	188	2532469.13	13470.58048	23288876.85	20756407.72	16957.84944	2069.010727
6.70201E+11	ATTICA CSD	2020	1195	195	3060035	15692.48718	24289666	21229631	17765.38159	2560.698745
6.70201E+11	ATTICA CSD	2021	1169	189	4002653.22	21178.05937	25391439.74	21388786.52	18296.65228	3423.997622
6.70201E+11	ATTICA CSD	2022	1127	165	4110113	24909.77576	27187886	23077773	20477.17214	3646.950311
6.70201E+11	ATTICA CSD	2023	1142	173	3912939.32	22618.14636	27818940.24	23906000.92	20933.45089	3426.391699
6.70201E+11	ATTICA CSD	2024	1127	193	3739137.34	19373.7686	31335277.43	27596140.09	24486.37098	3317.779361
6.70201E+11	ATTICA CSD	2025	1124	188	3435941.03	18276.28207	30450105.37	27014164.34	24033.95404	3056.887037
6.70401E+11	LETCHWORTH CSD	2019	926	131	2125725	16226.9084	15629077	13503352	14582.45356	2295.599352
6.70401E+11	LETCHWORTH CSD	2020	937	116	2165615	18669.09483	15943702.52	13778087.52	14704.46907	2311.221985
6.70401E+11	LETCHWORTH CSD	2021	898	99	2255876	22786.62626	15789081.92	13533205.92	15070.38521	2512.111359
6.70401E+11	LETCHWORTH CSD	2022	903	107	2495048	23318.20561	16958432	14463384	16017.03654	2763.065338
6.70401E+11	LETCHWORTH CSD	2023	914	112	2579528	23031.5	17636389.36	15056861.36	16473.59011	2822.2407
6.70401E+11	LETCHWORTH CSD	2024	861	114	2525512.41	22153.61763	22501235.22	19975722.81	23200.60721	2933.231603
6.70401E+11	LETCHWORTH CSD	2025	857	125	3548755.87	28390.04696	23842332.42	20293576.55	23679.78594	4140.905333
6.71002E+11	WYOMING CSD	2019	120	13	407924	31378.76923	3237616.99	2829692.99	23580.77492	3399.366667
6.71002E+11	WYOMING CSD	2020	128	15	391025	26068.33333	3605474	3214449	25112.88281	3054.882813
6.71002E+11	WYOMING CSD	2021	122	16	369730.07	23108.12938	3162676.32	2792946.25	22893.00205	3030.574344
6.71002E+11	WYOMING CSD	2022	147	16	344430	21526.875	3538904	3194474	21731.11565	2343.061224
6.71002E+11	WYOMING CSD	2023	142	15	331994.42	22132.96133	3724414.18	3392419.76	23890.28	2337.988873
6.71002E+11	WYOMING CSD	2024	142	21	391547.24	18645.10667	4602153.35	4210606.11	29652.1557	2757.37493
6.71002E+11	WYOMING CSD	2025	151	19	380702.9	20036.99474	4568816.07	4188113.17	27735.84881	2521.211258
6.71201E+11	PERRY CSD	2019	840	98	2166550.17	22107.6548	14754638.58	12588088.41	14985.81954	2579.226393
6.71201E+11	PERRY CSD	2020	807	99	2510758	25361.19192	14879375	12368617	15326.66295	3111.224287
6.71201E+11	PERRY CSD	2021	793	101	2344847	23216.30693	14353768.1	12008921.1	15143.65839	2956.931904
6.71201E+11	PERRY CSD	2022	779	103	2475862	24037.49515	15840231	13364369	17155.80103	3178.256739
6.71201E+11	PERRY CSD	2023	768	98	2807047	28643.33673	17249896.82	14442849.82	18805.79404	3655.009115
6.71201E+11	PERRY CSD	2024	756	108	2808103.59	26000.95917	18615417.33	15807313.74	20909.14516	3714.422738
6.71201E+11	PERRY CSD	2025	744	118	3122705.11	26463.60263	18779375.57	15656670.46	21043.91191	4197.184288
6.71501E+11	WARSAW CSD	2019	875	84	1144449.68	13624.40095	15591977.72	14447528.04	16511.46062	1307.942491
6.71501E+11	WARSAW CSD	2020	872	92	1427553.19	15516.8825	16086270.9	14658717.71	16810.45609	1637.102282
6.71501E+11	WARSAW CSD	2021	831	105	2676220.31	25487.81248	15983853.85	13307633.54	16013.99945	3220.481721
6.71501E+11	WARSAW CSD	2022	836	107	1625445	15191.07477	17468297	15842852	18950.7799	1944.312201
6.71501E+11	WARSAW CSD	2023	806	112	1840814	16435.83929	18439411	16598597	20593.7928	2283.888337
6.71501E+11	WARSAW CSD	2024	805	145	1908568.04	13162.53821	21212471.95	19303903.91	23980.00486	2370.891975
6.71501E+11	WARSAW CSD	2025	777	150	2082930.89	13886.20593	21054131.88	18971200.99	24415.96009	2680.734736
6.80601E+11	PENN YAN CSD	2019	1449	181	4678348	25847.22652	34822357	30144009	20803.31884	3228.673568
6.80601E+11	PENN YAN CSD	2020	1340	167	6057551	36272.76048	29703304	23645753	17646.08433	4520.560448
6.80601E+11	PENN YAN CSD	2021	1308	163	6132460	37622.45399	29655566	23523106	17984.02599	4688.425076
6.80601E+11	PENN YAN CSD	2022	1266	160	5177819	32361.36875	30045465	24867646	19642.69036	4089.904423
6.80601E+11	PENN YAN CSD	2023	1232	139	5092561	36637.1295	31954749	26862188	21803.72403	4133.57224
6.80601E+11	PENN YAN CSD	2024	1321	162	6612885.37	40820.28006	37311791.44	30698906.07	23239.14161	5005.969243
6.80601E+11	PENN YAN CSD	2025	1259	165	6064250.48	36753.03321	36174878.87	30110628.39	23916.30531	4816.72
6.80801E+11	DUNDEE CSD	2019	672	139	2595175	18670.32374	13907317	11312142	16833.54464	3861.86756
6.80801E+11	DUNDEE CSD	2020	657	150	2109668	14064.45333	13348547	11238879	17106.36073	3211.062405
6.80801E+11	DUNDEE CSD	2021	591	128	1494454	11675.42188	14451603	12957149	21924.10998	2528.686971
6.80801E+11	DUNDEE CSD	2022	646	126	3416966	27118.77778	14896251	11479285	17769.79102	5289.421053
6.80801E+11	DUNDEE CSD	2023	635	120	997013	8308.441667	15892845	14895832	23458.00315	1570.099213
6.80801E+11	DUNDEE CSD	2024	619	111	4068147.61	36649.97847	19156277.48	15088129.87	24375.00787	6572.128611
6.80801E+11	DUNDEE CSD	2025	595	89	4311845.98	48447.70764	20102933.65	15791087.67	26539.64314	7246.799966
