"","BEDSCODE","YEAR","NAME","COUNTY_DESC","30283:48...148","31236:48","31312:48","30283:48...309","31338:48","31340:48","31346:48","31348:48","31350:48","31375:48","31342:48","31320:48","31593:48","31595:48","31597:48","31599:48","31601:48","31603:48","31993:48","31995:48","31997:48","31999:48","32001:48","32003:48","32005:48","32009:48","32011:48","32013:48","32157:48","32159:48","32161:48","32163:48","32165:48","32167:48","32169:48","32171:48","32173:48","32175:48","32177:48","32179:48","32181:48","32183:48","32185:48","32187:48","32189:48","32191:48","32193:48","32195:48","32197:48","32488:48","32007:48","33033:48","33034:48","33035:48","33036:48","33037:48","33038:48","33039:48","33041:48","33042:48","33043:48","33044:48","33045:48","33046:48","33047:48","33048:48","33049:48","33050:48","33051:48","33052:48","33053:48","33054:48","33055:48","33056:48","33057:48","33058:48","33059:48","33060:48","33061:48","33062:48","33063:48","33064:48","33065:48","33066:48","33067:48","33068:48","33069:48","33070:48","33071:48","33072:48","33073:48","33074:48","33075:48","33076:48","33077:48","33040:48","85317:48","85316:48","85315:48","85314:48","85313:48","85312:48","85311:48","85310:48","85309:48","85308:48"
"1","Title","2025",NA,NA,"ST-3 Statement A1 (General Fund) - Interfund Revenues - Actual Revenues (Line 35, A2801) - Actual Column","ST-3 Schedule A3 (General Fund) - CHARGES FOR SERVICES - Day School Tuition - Other Districts in NYS (Line 24, A2230) - Actual Column","ST-3 Schedule A3 (General Fund) - MISCELLANEOUS - Refund of Prior Years Expenses - BOCES Services Approved for Aid (Line 78, A2701) - Actual Column","ST-3 Schedule A3 (General Fund) - INTERFUND TRANSFERS - Interfund Revenues (Line 90, A2801) - Actual Column","ST-3 Schedule A3 (General Fund) - STATE AID - Basic Formula Aid - General Aids payable under NYSEL 3609a (Line 94, A3101) - Actual Column","ST-3 Schedule A3 (General Fund) - STATE AID - Basic Formula Aid - Excess Cost Aids payable under NYSEL Section 3609b (includes High Cost Aid, Public EC Setaside, Supplemental Public EC Aid, Private EC Aid (excluding amount paid to Charter Schools)) (Line 95, A3101) - Actual Column","ST-3 Schedule A3 (General Fund) - STATE AID - BOCES Aid (Section 3609d Education Law) (Line 100, A3103) - Actual Column","ST-3 Schedule A3 (General Fund) - STATE AID - Tuition for Students with Disabilities (Chapters 47, 66, and 721) (Line 101, A3104) - Actual Column","ST-3 Schedule A3 (General Fund) - STATE AID - Transportation for Students with Disabilities in an ICF (Chapter 721) (Line 102, A3104) - Actual Column","ST-3 Schedule A3 (General Fund) - FEDERAL AID - Medicaid Assistance-School Age-School Year Programs (Line 118, A4601) - Actual Column","ST-3 Schedule A3 (General Fund) - STATE AID - Basic Formula Aid - Excess Cost Aids payable under NYSEL Section 3609-b for Charter Schools only (Line 96, A3101) - Actual Column","ST-3 Schedule A3 (General Fund) - MISCELLANEOUS - Refund of Prior Years Expenses - Tuition for Spec Act District Approved Private School Disabled (Line 82, A2704) - Actual Column","Schedule A4a (General Fund) - General Support - Staff - Legal - Noninstructional Salaries (Line 57, A1420.16) - Actual Column","Schedule A4a (General Fund) - General Support - Staff - Legal - Equipment (Line 58, A1420.2) - Actual Column","Schedule A4a (General Fund) - General Support - Staff - Legal - Contractual and Other (Line 59, A1420.4) - Actual Column","Schedule A4a (General Fund) - General Support - Staff - Legal - Materials and Supplies (Line 60, A1420.45) - Actual Column","Schedule A4a (General Fund) - General Support - Staff - Legal - BOCES Services (Line 61, A1420.49) - Actual Column","Schedule A4a (General Fund) - General Support - Staff - Legal - Total Legal (Line 62, A1420.0) - Actual Column","Schedule A4b (General Fund) - Instruction - Teaching - Program for Students with Disabilities School Age-School Year - Instructional Salaries (Line 187, A2250.15) - Actual Column","Schedule A4b (General Fund) - Instruction - Teaching - Program for Students with Disabilities School Age-School Year - Noninstructional Salaries (Line 188, A2250.16) - Actual Column","Schedule A4b (General Fund) - Instruction - Teaching - Program for Students with Disabilities School Age-School Year - Equipment (Line 189, A2250.2) - Actual Column","Schedule A4b (General Fund) - Instruction - Teaching - Program for Students with Disabilities School Age-School Year - Contractual and Other (Line 190, A2250.4) - Actual Column","Schedule A4b (General Fund) - Instruction - Teaching - Program for Students with Disabilities School Age-School Year - Materials and Supplies (Line 191, A2250.45) - Actual Column","Schedule A4b (General Fund) - Instruction - Teaching - Program for Students with Disabilities School Age-School Year - Tuition Paid to Public Districts in NYS (excluding Special Act Districts) (Line 192, A2250.471) - Actual Column","Schedule A4b (General Fund) - Instruction - Teaching - Program for Students with Disabilities School Age-School Year - Tuition - All Other (Specify) (Line 193, A2250.472) - Actual Column","Schedule A4b (General Fund) - Instruction - Teaching - Program for Students with Disabilities School Age-School Year - Textbooks (Line 195, A2250.48) - Actual Column","Schedule A4b (General Fund) - Instruction - Teaching - Program for Students with Disabilities School Age-School Year - BOCES Services (Line 196, A2250.49) - Actual Column","Schedule A4b (General Fund) - Instruction - Teaching - Program for Students with Disabilities School Age-School Year - Total Program for Students with Disabilities - School Age-School Year (Line 197, A2250.0) - Actual Column","Schedule A4b (General Fund) - Instruction - Pupil Services - Psychological Services - Regular School - Instructional Salaries (Line 280, A2820.15) - Actual Column","Schedule A4b (General Fund) - Instruction - Pupil Services - Psychological Services - Regular School - Noninstructional Salaries (Line 281, A2820.16) - Actual Column","Schedule A4b (General Fund) - Instruction - Pupil Services - Psychological Services - Regular School - Equipment (Line 282, A2820.2) - Actual Column","Schedule A4b (General Fund) - Instruction - Pupil Services - Psychological Services - Regular School - Contractual and Other (Line 283, A2820.4) - Actual Column","Schedule A4b (General Fund) - Instruction - Pupil Services - Psychological Services - Regular School - Materials and Supplies (Line 284, A2820.45) - Actual Column","Schedule A4b (General Fund) - Instruction - Pupil Services - Psychological Services - Regular School - BOCES Services (Line 285, A2820.49) - Actual Column","Schedule A4b (General Fund) - Instruction - Pupil Services - Psychological Services - Regular School - Total Psychological Services - Regular School (Line 286, A2820.0) - Actual Column","Schedule A4b (General Fund) - Instruction - Pupil Services - Social Work Services - Regular School - Instructional Salaries (Line 287, A2825.15) - Actual Column","Schedule A4b (General Fund) - Instruction - Pupil Services - Social Work Services - Regular School - Noninstructional Salaries (Line 288, A2825.16) - Actual Column","Schedule A4b (General Fund) - Instruction - Pupil Services - Social Work Services - Regular School - Equipment (Line 289, A2825.2) - Actual Column","Schedule A4b (General Fund) - Instruction - Pupil Services - Social Work Services - Regular School - Contractual and Other (Line 290, A2825.4) - Actual Column","Schedule A4b (General Fund) - Instruction - Pupil Services - Social Work Services - Regular School - Materials and Supplies (Line 291, A2825.45) - Actual Column","Schedule A4b (General Fund) - Instruction - Pupil Services - Social Work Services - Regular School - BOCES Services (Line 292, A2825.49) - Actual Column","Schedule A4b (General Fund) - Instruction - Pupil Services - Social Work Services - Regular School - Total Social Work Services - Regular School (Line 293, A2825.0) - Actual Column","Schedule A4b (General Fund) - Instruction - Pupil Services - Pupil Personnel Services - Special Schools - Instructional Salaries (Line 294, A2830.15) - Actual Column","Schedule A4b (General Fund) - Instruction - Pupil Services - Pupil Personnel Services - Special Schools - Noninstructional Salaries (Line 295, A2830.16) - Actual Column","Schedule A4b (General Fund) - Instruction - Pupil Services - Pupil Personnel Services - Special Schools - Equipment (Line 296, A2830.2) - Actual Column","Schedule A4b (General Fund) - Instruction - Pupil Services - Pupil Personnel Services - Special Schools - Contractual and Other (Line 297, A2830.4) - Actual Column","Schedule A4b (General Fund) - Instruction - Pupil Services - Pupil Personnel Services - Special Schools - Materials and Supplies (Line 298, A2830.45) - Actual Column","Schedule A4b (General Fund) - Instruction - Pupil Services - Pupil Personnel Services - Special Schools - BOCES Services (Line 299, A2830.49) - Actual Column","Schedule A4b (General Fund) - Instruction - Pupil Services - Pupil Personnel Services - Special Schools - Total Pupil Personnel Services - Special Schools (Line 300, A2830.0) - Actual Column","Schedule A4c (General Fund) - Undistributed Expenditures - Interfund Transfers - Transfer to Special Aid Fund (Line 458, A9901.95) - Actual Column","Schedule A4b (General Fund) - Instruction - Teaching - Program for Students with Disabilities School Age-School Year - Payments to Charter Schools (Line 194, A2250.473) - Actual Column","ST-3 Schedule B3 (Special Aid Fund) - INSTRUCTION - Teaching - Program for Students with Disabilities School Age - School Year - Instructional Salaries (Line 81, F2250.15) - Actual Column","ST-3 Schedule B3 (Special Aid Fund) - INSTRUCTION - Teaching - Program for Students with Disabilities School Age - School Year - Noninstructional Salaries (Line 82, F2250.16) - Actual Column","ST-3 Schedule B3 (Special Aid Fund) - INSTRUCTION - Teaching - Program for Students with Disabilities School Age - School Year - Equipment (Line 83, F2250.2) - Actual Column","ST-3 Schedule B3 (Special Aid Fund) - INSTRUCTION - Teaching - Program for Students with Disabilities School Age - School Year - Contractual and Other (Line 84, F2250.4) - Actual Column","ST-3 Schedule B3 (Special Aid Fund) - INSTRUCTION - Teaching - Program for Students with Disabilities School Age - School Year - Materials and Supplies (Line 85, F2250.45) - Actual Column","ST-3 Schedule B3 (Special Aid Fund) - INSTRUCTION - Teaching - Program for Students with Disabilities School Age - School Year - Tuition Paid to Public Districts in NYS (excluding Special Act Districts) (Line 86, F2250.471) - Actual Column","ST-3 Schedule B3 (Special Aid Fund) - INSTRUCTION - Teaching - Program for Students with Disabilities School Age - School Year - Tuition - All Other (Line 87, F2250.472) - Actual Column","ST-3 Schedule B3 (Special Aid Fund) - INSTRUCTION - Teaching - Program for Students with Disabilities School Age - School Year - Textbooks (Line 89, F2250.48) - Actual Column","ST-3 Schedule B3 (Special Aid Fund) - INSTRUCTION - Teaching - Program for Students with Disabilities School Age - School Year - BOCES Services (Line 90, F2250.49) - Actual Column","ST-3 Schedule B3 (Special Aid Fund) - INSTRUCTION - Teaching - Program for Students with Disabilities School Age - School Year - Employee Benefits (Line 91, F2250.8) - Actual Column","ST-3 Schedule B3 (Special Aid Fund) - INSTRUCTION - Teaching - Program for Students with Disabilities School Age - School Year - Total Program for Students with Disabilities-School Age-School Year (Line 92, F2250.0) - Actual Column","ST-3 Schedule B3 (Special Aid Fund) - INSTRUCTION - Teaching - Program for Students with Disabilities - DOH-Chapter 428-Early Intervention Program - Instructional Salaries (Line 93, F2251.15) - Actual Column","ST-3 Schedule B3 (Special Aid Fund) - INSTRUCTION - Teaching - Program for Students with Disabilities - DOH-Chapter 428-Early Intervention Program - Noninstructional Salaries (Line 94, F2251.16) - Actual Column","ST-3 Schedule B3 (Special Aid Fund) - INSTRUCTION - Teaching - Program for Students with Disabilities - DOH-Chapter 428-Early Intervention Program - Equipment (Line 95, F2251.2) - Actual Column","ST-3 Schedule B3 (Special Aid Fund) - INSTRUCTION - Teaching - Program for Students with Disabilities - DOH-Chapter 428-Early Intervention Program - Contractual and Other (Line 96, F2251.4) - Actual Column","ST-3 Schedule B3 (Special Aid Fund) - INSTRUCTION - Teaching - Program for Students with Disabilities - DOH-Chapter 428-Early Intervention Program - Materials and Supplies (Line 97, F2251.45) - Actual Column","ST-3 Schedule B3 (Special Aid Fund) - INSTRUCTION - Teaching - Program for Students with Disabilities - DOH-Chapter 428-Early Intervention Program - Tuition Paid to Public Districts in NYS (excluding Special Act Districts) (Line 98, F2251.471) - Actual Column","ST-3 Schedule B3 (Special Aid Fund) - INSTRUCTION - Teaching - Program for Students with Disabilities - DOH-Chapter 428-Early Intervention Program - Tuition - All Other (Line 99, F2251.472) - Actual Column","ST-3 Schedule B3 (Special Aid Fund) - INSTRUCTION - Teaching - Program for Students with Disabilities - DOH-Chapter 428-Early Intervention Program - Textbooks (Line 100, F2251.48) - Actual Column","ST-3 Schedule B3 (Special Aid Fund) - INSTRUCTION - Teaching - Program for Students with Disabilities - DOH-Chapter 428-Early Intervention Program - BOCES Services (Line 101, F2251.49) - Actual Column","ST-3 Schedule B3 (Special Aid Fund) - INSTRUCTION - Teaching - Program for Students with Disabilities - DOH-Chapter 428-Early Intervention Program - Employee Benefits (Line 102, F2251.8) - Actual Column","ST-3 Schedule B3 (Special Aid Fund) - INSTRUCTION - Teaching - Program for Students with Disabilities - DOH-Chapter 428-Early Intervention Program - Total Program for Students with Disabilities-Infant-12 Month (Section 4406 Education Law) (Line 103, F2251.0) - Actual Column","ST-3 Schedule B3 (Special Aid Fund) - INSTRUCTION - Teaching - Program for Students with Disabilities - Preschool - 12 Month (Section 4410 Education Law) - Instructional Salaries (Line 104, F2252.15) - Actual Column","ST-3 Schedule B3 (Special Aid Fund) - INSTRUCTION - Teaching - Program for Students with Disabilities - Preschool - 12 Month (Section 4410 Education Law) - Noninstructional Salaries (Line 105, F2252.16) - Actual Column","ST-3 Schedule B3 (Special Aid Fund) - INSTRUCTION - Teaching - Program for Students with Disabilities - Preschool - 12 Month (Section 4410 Education Law) - Equipment (Line 106, F2252.2) - Actual Column","ST-3 Schedule B3 (Special Aid Fund) - INSTRUCTION - Teaching - Program for Students with Disabilities - Preschool - 12 Month (Section 4410 Education Law) - Contractual and Other (Line 107, F2252.4) - Actual Column","ST-3 Schedule B3 (Special Aid Fund) - INSTRUCTION - Teaching - Program for Students with Disabilities - Preschool - 12 Month (Section 4410 Education Law) - Materials and Supplies (Line 108, F2252.45) - Actual Column","ST-3 Schedule B3 (Special Aid Fund) - INSTRUCTION - Teaching - Program for Students with Disabilities - Preschool - 12 Month (Section 4410 Education Law) - Tuition Paid to Public Districts in NYS (excluding Special Act Districts) (Line 109, F2252.471) - Actual Column","ST-3 Schedule B3 (Special Aid Fund) - INSTRUCTION - Teaching - Program for Students with Disabilities - Preschool - 12 Month (Section 4410 Education Law) - Tuition - All Other (Line 110, F2252.472) - Actual Column","ST-3 Schedule B3 (Special Aid Fund) - INSTRUCTION - Teaching - Program for Students with Disabilities - Preschool - 12 Month (Section 4410 Education Law) - Textbooks (Line 111, F2252.48) - Actual Column","ST-3 Schedule B3 (Special Aid Fund) - INSTRUCTION - Teaching - Program for Students with Disabilities - Preschool - 12 Month (Section 4410 Education Law) - BOCES Services (Line 112, F2252.49) - Actual Column","ST-3 Schedule B3 (Special Aid Fund) - INSTRUCTION - Teaching - Program for Students with Disabilities - Preschool - 12 Month (Section 4410 Education Law) - Employee Benefits (Line 113, F2252.8) - Actual Column","ST-3 Schedule B3 (Special Aid Fund) - INSTRUCTION - Teaching - Program for Students with Disabilities - Preschool - 12 Month (Section 4410 Education Law) - Total Program for Students with Disabilities-Preschool-12 Month (Section 4410 Education Law) (Line 114, F2252.0) - Actual Column","ST-3 Schedule B3 (Special Aid Fund) - INSTRUCTION - Teaching - Program for Students with Disabilities School Age-July/August (Section 4408 Education Law) - Instructional Salaries (Line 115, F2253.15) - Actual Column","ST-3 Schedule B3 (Special Aid Fund) - INSTRUCTION - Teaching - Program for Students with Disabilities School Age-July/August (Section 4408 Education Law) - Noninstructional Salaries (Line 116, F2253.16) - Actual Column","ST-3 Schedule B3 (Special Aid Fund) - INSTRUCTION - Teaching - Program for Students with Disabilities School Age-July/August (Section 4408 Education Law) - Equipment (Line 117, F2253.2) - Actual Column","ST-3 Schedule B3 (Special Aid Fund) - INSTRUCTION - Teaching - Program for Students with Disabilities School Age-July/August (Section 4408 Education Law) - Contractual and Other (Line 118, F2253.4) - Actual Column","ST-3 Schedule B3 (Special Aid Fund) - INSTRUCTION - Teaching - Program for Students with Disabilities School Age-July/August (Section 4408 Education Law) - Materials and Supplies (Line 119, F2253.45) - Actual Column","ST-3 Schedule B3 (Special Aid Fund) - INSTRUCTION - Teaching - Program for Students with Disabilities School Age-July/August (Section 4408 Education Law) - Tuition Paid to Public Districts in NYS (excluding Special Act Districts) (Line 120, F2253.471) - Actual Column","ST-3 Schedule B3 (Special Aid Fund) - INSTRUCTION - Teaching - Program for Students with Disabilities School Age-July/August (Section 4408 Education Law) - Tuition - All Other (Line 121, F2253.472) - Actual Column","ST-3 Schedule B3 (Special Aid Fund) - INSTRUCTION - Teaching - Program for Students with Disabilities School Age-July/August (Section 4408 Education Law) - Textbooks (Line 122, F2253.48) - Actual Column","ST-3 Schedule B3 (Special Aid Fund) - INSTRUCTION - Teaching - Program for Students with Disabilities School Age-July/August (Section 4408 Education Law) - BOCES Services (Line 123, F2253.49) - Actual Column","ST-3 Schedule B3 (Special Aid Fund) - INSTRUCTION - Teaching - Program for Students with Disabilities School Age-July/August (Section 4408 Education Law) - Employee Benefits (Line 124, F2253.8) - Actual Column","ST-3 Schedule B3 (Special Aid Fund) - INSTRUCTION - Teaching - Program for Students with Disabilities School Age-July/August (Section 4408 Education Law) - Total Program for Students with Disabilities-School Age-July/August (Section 4408 Education Law) (Line 125, F2253.0) - Actual Column","ST-3 Schedule B3 (Special Aid Fund) - INSTRUCTION - Teaching - Program for Students with Disabilities School Age - School Year - Payments to Charter Schools (Line 88, F2250.473) - Actual Column","ST-3 Schedule B3 (Special Aid Fund) - PUPIL TRANSPORTATION - Summer Transportation For Students With Disabilities - District Transportation Services - Noninstructional Salaries (Excl Trans Supv Office) (Line 256, F5511.16) - Actual Column","ST-3 Schedule B3 (Special Aid Fund) - PUPIL TRANSPORTATION - Summer Transportation For Students With Disabilities - District Transportation Services - Noninstructional Salaries (Trans Supervisor Office) (Line 257, F5511.16) - Actual Column","ST-3 Schedule B3 (Special Aid Fund) - PUPIL TRANSPORTATION - Summer Transportation For Students With Disabilities - District Transportation Services - Contractual and Other (Line 258, F5511.4) - Actual Column","ST-3 Schedule B3 (Special Aid Fund) - PUPIL TRANSPORTATION - Summer Transportation For Students With Disabilities - District Transportation Services - Materials and Supplies (Line 259, F5511.45) - Actual Column","ST-3 Schedule B3 (Special Aid Fund) - PUPIL TRANSPORTATION - Summer Transportation For Students With Disabilities - District Transportation Services - Employee Benefits (Line 260, F5511.8) - Actual Column","ST-3 Schedule B3 (Special Aid Fund) - PUPIL TRANSPORTATION - Summer Transportation For Students With Disabilities - District Transportation Services - Total District Operated Trans Services for Sections 4408, 4201, OPWDD Chapters 47, 66 & 721 (Lines 256 - 260) (Line 261, F5511.0) - Actual Column","ST-3 Schedule B3 (Special Aid Fund) - PUPIL TRANSPORTATION - Summer Transportation For Students With Disabilities - Contract Transportation (Line 262, F5541.4) - Actual Column","ST-3 Schedule B3 (Special Aid Fund) - PUPIL TRANSPORTATION - Summer Transportation For Students With Disabilities - Public Transportation (Line 263, F5551.4) - Actual Column","ST-3 Schedule B3 (Special Aid Fund) - PUPIL TRANSPORTATION - Summer Transportation For Students With Disabilities - Transportation Services from BOCES (Line 264, F5582.49) - Actual Column","ST-3 Schedule B3 (Special Aid Fund) - PUPIL TRANSPORTATION - Summer Transportation For Students With Disabilities - TOTAL PUPIL TRANSPORTATION - SUMMER TRANS for Students with Disabilities (Section 4408, 4201, OPWDD Chapters 47, 66 & 721 July/August Programs) (Lines 261 - 264) (Line 265, F5598.0) - Actual Column"
"2","Account Code","2025",NA,NA,"A2801(1)","A2230","A2701","A2801(2)","A3101(1)","A3101(2)","A3103","A3104(1)","A3104(2)","A4601","A3101(3)","A2704","A1420_16","A1420_2","A1420_4","A1420_45","A1420_49","A1420_0","A2250_15","A2250_16","A2250_2","A2250_4","A2250_45","A2250_471","A2250_472","A2250_48","A2250_49","A2250_0","A2820_15","A2820_16","A2820_2","A2820_4","A2820_45","A2820_49","A2820_0","A2825_15","A2825_16","A2825_2","A2825_4","A2825_45","A2825_49","A2825_0","A2830_15","A2830_16","A2830_2","A2830_4","A2830_45","A2830_49","A2830_0","A9901_95","A2250_473","F2250_15","F2250_16","F2250_2","F2250_4","F2250_45","F2250_471","F2250_472","F2250_48","F2250_49","F2250_8","F2250_0","F2251_15","F2251_16","F2251_2","F2251_4","F2251_45","F2251_471","F2251_472","F2251_48","F2251_49","F2251_8","F2251_0","F2252_15","F2252_16","F2252_2","F2252_4","F2252_45","F2252_471","F2252_472","F2252_48","F2252_49","F2252_8","F2252_0","F2253_15","F2253_16","F2253_2","F2253_4","F2253_45","F2253_471","F2253_472","F2253_48","F2253_49","F2253_8","F2253_0","F2250_473","F5511_16(1)","F5511_16(2)","F5511_4","F5511_45","F5511_8","F5511_0","F5541_4","F5551_4","F5582_49","F5598_0"
"3","TYPE","2025",NA,NA,"REVENUE","REVENUE","REVENUE","REVENUE","REVENUE","REVENUE","REVENUE","REVENUE","REVENUE","REVENUE","REVENUE","REVENUE","SPENDING","SPENDING","SPENDING","SPENDING","SPENDING","SPENDING","SPENDING","SPENDING","SPENDING","SPENDING","SPENDING","SPENDING","SPENDING","SPENDING","SPENDING","SPENDING","SPENDING","SPENDING","SPENDING","SPENDING","SPENDING","SPENDING","SPENDING","SPENDING","SPENDING","SPENDING","SPENDING","SPENDING","SPENDING","SPENDING","SPENDING","SPENDING","SPENDING","SPENDING","SPENDING","SPENDING","SPENDING","SPENDING","SPENDING","SPENDING","SPENDING","SPENDING","SPENDING","SPENDING","SPENDING","SPENDING","SPENDING","SPENDING","SPENDING","SPENDING","SPENDING","SPENDING","SPENDING","SPENDING","SPENDING","SPENDING","SPENDING","SPENDING","SPENDING","SPENDING","SPENDING","SPENDING","SPENDING","SPENDING","SPENDING","SPENDING","SPENDING","SPENDING","SPENDING","SPENDING","SPENDING","SPENDING","SPENDING","SPENDING","SPENDING","SPENDING","SPENDING","SPENDING","SPENDING","SPENDING","SPENDING","SPENDING","SPENDING","SPENDING","SPENDING","SPENDING","SPENDING","SPENDING","SPENDING","SPENDING","SPENDING","SPENDING","SPENDING","SPENDING"
"4","010100","2025","ALBANY CITY SD","ALBANY","219648","367924","442944","219648","110506432","30328986","44298","72376","0","993801","0","0","0","0","337757","0","0","337757","16067376","3311477","22686","1428463","145255","1137889","5196141","0","4718125","32682412","2886579","0","0","0","0","0","2886579","3094893","0","0","0","0","0","3094893","1012373","1086545","0","2080494","92349","0","4271761","549978","655000","1754423","90408","0","1444816","0","0","0","0","0","725543","4015190","0","0","0","0","0","0","0","0","0","0","0","177211","0","0","0","0","0","0","0","0","0","177211","402094","53708","0","61119","28078","0","842750","0","201824","94007","1683580","0","0","0","0","0","0","0","660162","0","0","660162"
"5","010201","2025","BERNE-KNOX-WESTERLO CSD","ALBANY",NA,"39808","253764",NA,"7618087","1827127","791835",NA,NA,"155558",NA,NA,NA,NA,"41037",NA,NA,"41037","981647","165436",NA,"29512","8511","1274919",NA,NA,"986274","3446299","127652",NA,NA,"637","488",NA,"128777","67416",NA,NA,NA,"183",NA,"67599",NA,NA,NA,NA,NA,NA,"0","87839",NA,"212340","7404",NA,"27847",NA,NA,NA,NA,NA,NA,"247591",NA,NA,NA,NA,NA,NA,NA,NA,NA,NA,"0",NA,NA,NA,NA,NA,NA,NA,NA,NA,NA,"0","16147","9579",NA,"2329","3428",NA,"140558",NA,"42213","8027","222281",NA,"60497","11052","64560",NA,"13994","150103",NA,NA,NA,"150103"
"6","010306","2025","BETHLEHEM CSD","ALBANY",NA,"394481","228368",NA,"17156765","5552583","1808071",NA,"111082","210095",NA,NA,NA,NA,"112407",NA,NA,"112407","4735110","2903743",NA,"428331","65540","14673","1270664","13","2058380","11476454","572954",NA,NA,NA,NA,NA,"572954","849982",NA,NA,"99225","1867",NA,"951074",NA,NA,NA,NA,NA,NA,"0","297307","0","412334","231827",NA,"164002","149574",NA,NA,NA,"41896","160374","1160007",NA,NA,NA,NA,NA,NA,NA,NA,NA,NA,"0",NA,NA,NA,NA,NA,NA,NA,NA,NA,NA,"0","133130","74618",NA,"7583","2065",NA,"221934",NA,"92904","74520","606754",NA,"134753",NA,NA,"8889","45164","188806",NA,NA,NA,"188806"
"7","010402","2025","RAVENA-COEYMANS-SELKIRK CSD","ALBANY",NA,"122977","174075",NA,"10481820","4922826","1139942",NA,NA,"244040",NA,NA,NA,NA,"59291",NA,NA,"59291","4220282","236744",NA,"1926","308","8888","1525085",NA,"1181611","7174844","265007",NA,NA,NA,"852",NA,"265859","386237",NA,NA,NA,NA,NA,"386237",NA,NA,NA,NA,NA,NA,"0","106202",NA,"190711","106439",NA,"98444","32609",NA,NA,NA,NA,"154441","582644",NA,NA,NA,NA,NA,NA,NA,NA,NA,NA,"0","18848","22779",NA,"18990",NA,NA,NA,NA,NA,"55494","116111","74401","10728",NA,"11158","2767",NA,"206684",NA,"70867","22623","399228",NA,"61534",NA,"9977",NA,"21518","93029",NA,NA,NA,"93029"
"8","010500","2025","COHOES CITY SD","ALBANY","14315","1643","324619","14315","22403692","5342978","1757742",NA,NA,"427435",NA,NA,NA,NA,"38129",NA,NA,"38129","3628012","529755","5610","290924","10387",NA,"2343891",NA,"1785903","8594482","328973",NA,NA,NA,NA,NA,"328973","512417",NA,NA,"18049",NA,NA,"530466",NA,NA,NA,NA,NA,NA,"0","145741",NA,"568447","34592",NA,"95707",NA,NA,NA,NA,NA,NA,"698746",NA,NA,NA,NA,NA,NA,NA,NA,NA,NA,"0",NA,NA,NA,NA,NA,NA,NA,NA,NA,NA,"0","67655","33956",NA,NA,NA,"412433",NA,NA,"42213",NA,"556257",NA,NA,NA,NA,NA,NA,"0","172448",NA,NA,"172448"
"9","010601","2025","SOUTH COLONIE CSD","ALBANY",NA,"398094","230324",NA,"24569163","5359768","1564543",NA,NA,"11225",NA,NA,NA,NA,"46043",NA,NA,"46043","10735265","2880068","1772","432212","68346","104243","1328933",NA,"1922553","17473392",NA,NA,NA,NA,NA,NA,"0",NA,"953302",NA,NA,NA,"62436","1015738",NA,NA,NA,NA,NA,NA,"0","589260",NA,"654514","245817",NA,"143091",NA,NA,NA,NA,NA,"389351","1432773",NA,NA,NA,NA,NA,NA,NA,NA,NA,NA,"0","29459",NA,NA,"18399",NA,NA,NA,NA,NA,NA,"47858","291952","50435",NA,"23742","39",NA,"204799",NA,"90600","63729","725296",NA,"98720",NA,"4393",NA,"23249","126362","46600",NA,NA,"172962"
"10","010615","2025","MENANDS UFSD","ALBANY",NA,"870178","73381",NA,"1628633","239130","251230",NA,NA,"33228",NA,NA,NA,NA,"45027",NA,NA,"45027","716597","313437",NA,"68912","14033","552960",NA,NA,"147401","1813340","29295",NA,NA,NA,"1658",NA,"30953",NA,NA,NA,NA,NA,NA,"0",NA,NA,NA,NA,NA,NA,"0","20140",NA,"59866",NA,NA,"19627",NA,NA,NA,NA,NA,NA,"79493",NA,NA,NA,NA,NA,NA,NA,NA,NA,NA,"0",NA,"834",NA,"2510",NA,NA,NA,NA,NA,NA,"3344","11716","9522",NA,NA,NA,"20229",NA,NA,NA,NA,"41467",NA,NA,NA,NA,NA,NA,"0","59231",NA,NA,"59231"
"11","010623","2025","NORTH COLONIE CSD","ALBANY",NA,"2035599","109425",NA,"30192702","3760158","2461350","48854",NA,"82831",NA,NA,NA,NA,"202222",NA,NA,"202222","8793442","3235296","2614","250405","20065","47225","978371","36231","482354","13846003","1272643",NA,NA,"102250","4165",NA,"1379058","904296",NA,NA,NA,"262","62586","967144",NA,NA,NA,NA,NA,NA,"0","278392",NA,"636204","623594",NA,"268606","13221",NA,NA,NA,NA,"114497","1656122",NA,NA,NA,NA,NA,NA,NA,NA,NA,NA,"0",NA,NA,NA,NA,NA,NA,NA,NA,NA,NA,"0","288186","269667",NA,"2000","2172",NA,"129129",NA,"16885","96000","804039",NA,"105113",NA,NA,"85100","26363","216576",NA,NA,NA,"216576"
"12","010701","2025","GREEN ISLAND UFSD","ALBANY",NA,"142865","23141",NA,"2014813","649517","403141",NA,NA,"37835",NA,NA,NA,NA,"27561",NA,"2153","29714","288867","231056",NA,"19162","6759",NA,"507297",NA,"112980","1166121","34295",NA,NA,NA,"597",NA,"34892","30918",NA,NA,NA,NA,NA,"30918",NA,NA,NA,NA,NA,NA,"0","16497",NA,"74088",NA,NA,NA,NA,NA,NA,NA,NA,NA,"74088",NA,NA,NA,NA,NA,NA,NA,NA,NA,NA,"0",NA,NA,NA,NA,NA,NA,NA,NA,NA,NA,"0",NA,NA,NA,NA,NA,NA,"39489",NA,NA,NA,"39489",NA,NA,NA,"42994",NA,NA,"42994",NA,NA,NA,"42994"
"13","010802","2025","GUILDERLAND CSD","ALBANY",NA,"56435","498428",NA,"24660700","5700206","2116617","985",NA,"107981",NA,NA,NA,NA,"101088",NA,NA,"101088","5904607","3235146",NA,"630098","9806","70589","1403306","2020","2548573","13804145","230173",NA,NA,"220","185",NA,"230578","774761",NA,NA,"711","422",NA,"775894",NA,NA,NA,NA,NA,NA,"0","463010",NA,"897927",NA,NA,"291433","45264",NA,NA,NA,NA,NA,"1234624",NA,NA,NA,NA,NA,NA,NA,NA,NA,NA,"0",NA,NA,NA,NA,NA,NA,NA,NA,NA,NA,"0","275665","117718",NA,NA,NA,NA,"404543",NA,NA,"186902","984828",NA,"208001",NA,"26997",NA,"97350","332348",NA,NA,NA,"332348"
"14","011003","2025","VOORHEESVILLE CSD","ALBANY",NA,NA,"248215",NA,"4454480","1268708","1068432",NA,NA,"97535",NA,NA,NA,NA,"44524",NA,NA,"44524","1768909","164820","4866","39191","10799","98809","132488",NA,"890751","3110633","166433",NA,NA,NA,"143",NA,"166576","163233",NA,NA,NA,NA,NA,"163233",NA,NA,NA,NA,NA,NA,"0","35715",NA,"278363","484",NA,"32828",NA,NA,NA,NA,NA,NA,"311675",NA,NA,NA,NA,NA,NA,NA,NA,NA,NA,"0",NA,NA,NA,NA,NA,NA,NA,NA,NA,NA,"0","43914","11022",NA,NA,NA,NA,"23739",NA,"42213","5343","126231",NA,"32063",NA,NA,"15225","5056","52344",NA,NA,NA,"52344"
"15","011200","2025","WATERVLIET CITY SD","ALBANY",NA,"0","302574",NA,"21197474","5155124","1097219",NA,NA,"129434",NA,NA,NA,NA,"11503",NA,NA,"11503","2206990","27330",NA,"70398","7668","671260","1459222",NA,"2149543","6655208","241424",NA,NA,NA,"4625",NA,"246049","253001",NA,NA,NA,"1593",NA,"254594","134311",NA,NA,NA,"1366",NA,"135677","103730","62797","381081","12433",NA,"58485",NA,NA,NA,NA,NA,"38620","490619",NA,NA,NA,NA,NA,NA,NA,NA,NA,NA,"0",NA,NA,NA,NA,NA,NA,NA,NA,NA,NA,"0","49322",NA,NA,"71",NA,NA,"235057",NA,"117335","3773","405558",NA,"5564",NA,NA,NA,"424","5988","107252",NA,NA,"113240"
"16","020101","2025","ALFRED-ALMOND CSD","ALLEGANY","0",NA,"167254","0","7532939","726066","1520869",NA,NA,"29479",NA,NA,NA,NA,"18610",NA,"32586","51196","581049","87685",NA,"8609","7801","127706",NA,NA,"782631","1595481",NA,NA,NA,NA,"253",NA,"253","48572",NA,NA,NA,"248",NA,"48820",NA,NA,NA,NA,NA,NA,"0","3819",NA,"150661",NA,NA,NA,NA,NA,NA,NA,NA,"13485","164146",NA,NA,NA,NA,NA,NA,NA,NA,NA,NA,"0",NA,NA,NA,NA,NA,NA,NA,NA,"3375",NA,"3375",NA,NA,NA,NA,NA,NA,NA,NA,"19096",NA,"19096",NA,NA,NA,NA,NA,NA,"0",NA,NA,NA,"0"
"17","020601","2025","ANDOVER CSD","ALLEGANY",NA,"61045","106491",NA,"4492051","443000","886057",NA,NA,"5353",NA,NA,NA,NA,"2550",NA,NA,"2550","447960","119269","541","35402","3645",NA,"64500",NA,"526705","1198022","77062",NA,NA,"1483","1000",NA,"79545","21605","62811","139","36814","4163",NA,"125532",NA,NA,NA,NA,NA,NA,"0","3393",NA,NA,NA,NA,NA,NA,NA,NA,NA,NA,NA,"0",NA,NA,NA,NA,NA,NA,NA,NA,NA,NA,"0",NA,NA,NA,NA,NA,NA,NA,NA,NA,NA,"0",NA,NA,NA,NA,NA,NA,NA,NA,"12600",NA,"12600",NA,"3553",NA,NA,NA,"812","4365",NA,NA,NA,"4365"
"18","020702","2025","GENESEE VALLEY CSD","ALLEGANY",NA,"1408734",NA,NA,"9743758","1286271","1319949","94166",NA,"94576",NA,NA,NA,NA,"1254",NA,NA,"1254","1026066","606437","458","260817","8220",NA,"115376",NA,"165496","2182870","75989",NA,NA,"82","260",NA,"76331","71206",NA,NA,"303","305",NA,"71814",NA,NA,NA,NA,NA,NA,"0",NA,NA,"113702",NA,NA,"19900","3563",NA,NA,NA,"9618","8695","155478","7331",NA,NA,NA,NA,NA,NA,NA,"3648","560","11539",NA,NA,NA,NA,NA,NA,NA,NA,NA,NA,"0","24525","3694",NA,NA,NA,NA,NA,NA,NA,"590","28809",NA,"10350",NA,NA,NA,"1915","12265",NA,NA,NA,"12265"
"19","020801","2025","BELFAST CSD","ALLEGANY","0","124706","101194","0","7078697","0","1139549","0","0","17303","0","0","0","0","-8376","0","0","-8376","338612","170934","0","170889","1907","0","0","1396","366649","1050387","0","0","0","0","768","83665","84433","0","0","0","0","0","0","0","0","0","0","0","0","0","0","0","0","83841","0","0","0","6950","0","0","0","1899","14890","107580","0","0","0","0","0","0","0","0","0","0","0","0","0","0","0","0","0","0","0","0","0","0","0","0","0","0","0","0","0","0","26188","0","26188","0","0","0","39369","0","0","39369","0","0","0","39369"
"20","021102","2025","CANASERAGA CSD","ALLEGANY","37880","49000","123053","37880","3687620","587259","544901",NA,NA,"8446",NA,NA,NA,NA,"4201",NA,"20505","24706","210174","201755",NA,"8266","1632","129889",NA,NA,"300233","851949","35769",NA,NA,"823","442",NA,"37034",NA,NA,NA,NA,NA,NA,"0","24841",NA,NA,NA,NA,NA,"24841","12666",NA,NA,NA,NA,NA,NA,NA,NA,NA,NA,NA,"0",NA,NA,NA,NA,NA,NA,NA,NA,NA,NA,"0",NA,NA,NA,NA,NA,NA,NA,NA,NA,NA,"0",NA,NA,NA,"24668",NA,NA,NA,NA,"5784",NA,"30452",NA,"10196",NA,"22684",NA,NA,"32880",NA,NA,NA,"32880"
"21","021601","2025","FRIENDSHIP CSD","ALLEGANY",NA,NA,"269433",NA,"5245834","1154429","1300798",NA,NA,"106443",NA,NA,NA,NA,"20014",NA,NA,"20014","395649","45861",NA,"24609","7055","103726",NA,NA,"1467081","2043981",NA,NA,NA,NA,NA,"86453","86453",NA,NA,NA,NA,NA,NA,"0",NA,NA,NA,NA,NA,NA,"0",NA,NA,"104251",NA,NA,NA,NA,NA,NA,NA,"54560","10666","169477",NA,NA,NA,NA,NA,NA,NA,NA,NA,NA,"0",NA,NA,NA,NA,NA,NA,NA,NA,NA,NA,"0",NA,NA,NA,NA,NA,NA,NA,NA,NA,NA,"0",NA,NA,NA,NA,NA,NA,"0",NA,NA,NA,"0"
"22","022001","2025","FILLMORE CSD","ALLEGANY",NA,NA,"197321",NA,"10641019","1249990","1233570",NA,NA,"15619",NA,NA,NA,NA,"22926",NA,NA,"22926","812876","95841",NA,"76720","11636","482655",NA,NA,"1529662","3009390","99645",NA,NA,NA,NA,"60656","160301","2260",NA,NA,NA,"337",NA,"2597",NA,NA,NA,NA,NA,NA,"0",NA,NA,"194670",NA,NA,"1868",NA,NA,NA,NA,"4528","66502","267568",NA,NA,NA,NA,NA,NA,NA,NA,NA,NA,"0",NA,NA,NA,NA,NA,NA,NA,NA,NA,NA,"0",NA,NA,NA,NA,NA,NA,NA,NA,NA,NA,"0",NA,NA,NA,NA,NA,NA,"0",NA,NA,NA,"0"
"23","022101","2025","WHITESVILLE CSD","ALLEGANY",NA,NA,"81640",NA,"3923555",NA,"571034",NA,NA,"27992",NA,NA,NA,NA,"3216",NA,NA,"3216","51400","32475",NA,"28543","587","185070",NA,NA,"294272","592347",NA,NA,NA,NA,NA,"57868","57868",NA,NA,NA,NA,NA,NA,"0","23118",NA,NA,NA,NA,NA,"23118",NA,NA,"50871","21910",NA,NA,NA,NA,NA,NA,NA,"26796","99577",NA,NA,NA,NA,NA,NA,NA,NA,NA,NA,"0",NA,NA,NA,NA,NA,NA,NA,NA,NA,NA,"0",NA,NA,NA,NA,NA,NA,NA,NA,NA,NA,"0",NA,NA,NA,NA,NA,NA,"0",NA,NA,NA,"0"
"24","022302","2025","CUBA-RUSHFORD CSD","ALLEGANY",NA,"1920","302874",NA,"9612013","2644283","2061764",NA,NA,"159315",NA,NA,NA,NA,"16728",NA,NA,"16728","1256981","92312","1516","856216","16710","2504","199577",NA,"879199","3305015","228477",NA,NA,"1298","377",NA,"230152","7898",NA,NA,NA,NA,"3217","11115",NA,NA,NA,NA,NA,NA,"0",NA,NA,"236917","22113",NA,NA,NA,NA,NA,NA,"5865",NA,"264895",NA,NA,NA,NA,NA,NA,NA,NA,NA,NA,"0",NA,NA,NA,NA,NA,NA,NA,NA,NA,NA,"0",NA,NA,NA,NA,NA,"46235","44542",NA,"49958",NA,"140735",NA,"18436",NA,NA,NA,"660","19096",NA,NA,NA,"19096"
"25","022401","2025","SCIO CSD","ALLEGANY",NA,NA,"132313",NA,"5310732","704658","1178618",NA,NA,"30023",NA,NA,NA,NA,"3680",NA,NA,"3680","259265","145007",NA,"63470","6263","117452",NA,NA,"1113859","1705316",NA,NA,NA,NA,NA,"87150","87150",NA,NA,NA,NA,NA,"375","375",NA,NA,NA,NA,NA,NA,"0",NA,NA,NA,NA,NA,NA,NA,NA,NA,NA,NA,NA,"0",NA,NA,NA,NA,NA,NA,NA,NA,NA,NA,"0",NA,NA,NA,NA,NA,NA,NA,NA,NA,NA,"0",NA,NA,NA,NA,NA,NA,NA,NA,"11114",NA,"11114",NA,"2697",NA,"5764",NA,"616","9077",NA,NA,NA,"9077"
"26","022601","2025","WELLSVILLE CSD","ALLEGANY",NA,"17521","304952",NA,"21038590",NA,"2484115",NA,NA,"278790",NA,NA,NA,NA,"33276",NA,NA,"33276","1595108","849995","2790","359476","12022","137449",NA,NA,"2527829","5484669","185591",NA,NA,"13380","2061",NA,"201032","126477",NA,NA,"1175","262",NA,"127914",NA,NA,NA,NA,NA,NA,"0",NA,NA,"332656","7738",NA,NA,NA,NA,NA,NA,"81124",NA,"421518",NA,NA,NA,NA,NA,NA,NA,NA,NA,NA,"0",NA,NA,NA,NA,NA,NA,NA,NA,NA,NA,"0",NA,NA,NA,NA,NA,NA,NA,NA,NA,NA,"0",NA,NA,NA,NA,NA,NA,"0",NA,NA,NA,"0"
"27","022902","2025","BOLIVAR-RICHBURG CSD","ALLEGANY","0","0","264631","0","11238457","1409260","2298015","0","0","62839","0","0","0","0","39378","0","0","39378","884370","189790","1822","62713","4840","0","30156","873","1786395","2960959","0","0","0","0","0","102280","102280","63411","0","0","0","0","0","63411","0","0","0","0","0","0","0","27107","0","185424","21502","0","0","0","0","0","0","19123","0","226049","0","0","0","0","0","0","0","0","0","0","0","0","0","0","0","0","0","0","0","0","0","0","0","0","0","3464","0","0","0","0","114854","0","118318","0","12751","0","0","0","4466","17217","0","0","0","17217"
"28","030101","2025","CHENANGO FORKS CSD","BROOME",NA,NA,"333335",NA,"11713838","3428468","2418830",NA,NA,"55422",NA,NA,NA,NA,"21126",NA,NA,"21126","1234097","549676",NA,"21552","4677","20579","206820",NA,"2079175","4116576","227846",NA,NA,"1426","1124",NA,"230396","65670",NA,NA,NA,NA,NA,"65670",NA,NA,NA,NA,NA,NA,"0","20531",NA,"273526",NA,NA,"13080","58",NA,NA,NA,NA,"134822","421486","67432",NA,NA,NA,NA,NA,NA,NA,NA,NA,"67432",NA,NA,NA,NA,NA,NA,NA,NA,NA,NA,"0",NA,NA,NA,NA,NA,NA,"19827",NA,"58207",NA,"78034",NA,NA,NA,NA,NA,NA,"0","24623",NA,NA,"24623"
"29","030200","2025","BINGHAMTON CITY SD","BROOME",NA,"239851","643030",NA,"54579875","14574219","10826561",NA,NA,"305076",NA,NA,NA,NA,"80312",NA,NA,"80312","6600666","4032403",NA,"15908","14412","206439","2522582",NA,"10424076","23816486","582733",NA,NA,NA,NA,NA,"582733","1244755",NA,NA,"209429",NA,"659543","2113727",NA,NA,NA,NA,NA,NA,"0","136758",NA,"549488","287989",NA,"406682","108905",NA,NA,NA,NA,"397487","1750551",NA,NA,NA,NA,NA,NA,NA,NA,NA,NA,"0","122458",NA,NA,NA,NA,NA,NA,NA,NA,NA,"122458",NA,NA,NA,NA,NA,NA,"340004",NA,"263046",NA,"603050",NA,NA,NA,NA,NA,NA,"0","80739",NA,NA,"80739"
"30","030201","2025","SOUTH MOUNTAIN-HICKORY COMN SD","BROOME",NA,NA,NA,NA,NA,NA,"193",NA,NA,NA,NA,NA,NA,NA,"7207",NA,NA,"7207",NA,NA,NA,NA,NA,NA,NA,NA,NA,"0",NA,NA,NA,NA,NA,NA,"0",NA,NA,NA,NA,NA,NA,"0",NA,NA,NA,NA,NA,NA,"0",NA,NA,NA,NA,NA,NA,NA,NA,NA,NA,NA,NA,"0",NA,NA,NA,NA,NA,NA,NA,NA,NA,NA,"0",NA,NA,NA,NA,NA,NA,NA,NA,NA,NA,"0",NA,NA,NA,NA,NA,NA,NA,NA,NA,NA,"0",NA,NA,NA,NA,NA,NA,"0",NA,NA,NA,"0"
"31","030501","2025","HARPURSVILLE CSD","BROOME",NA,NA,"136021",NA,"11607445","1991189","1601097",NA,NA,"61734",NA,NA,NA,NA,"40449",NA,NA,"40449","695067","464064",NA,"205665","10727",NA,"630388",NA,"1727048","3732959","86638",NA,NA,NA,"128",NA,"86766",NA,NA,NA,NA,NA,NA,"0",NA,NA,NA,NA,NA,NA,"0","28929",NA,"78441","126094",NA,"-5924",NA,NA,NA,NA,NA,"8612","207223",NA,NA,NA,NA,NA,NA,NA,NA,NA,NA,"0",NA,NA,NA,NA,NA,NA,NA,NA,NA,NA,"0",NA,NA,NA,"3713",NA,NA,"78545",NA,"39023",NA,"121281",NA,"9219",NA,NA,"2956",NA,"12175","11190",NA,NA,"23365"
"32","030601","2025","SUSQUEHANNA VALLEY CSD","BROOME",NA,"42859","132761",NA,"13209725","3037117","2261340","72376",NA,"55146",NA,NA,NA,NA,"72586",NA,NA,"72586","1489609","435223",NA,"47473","6700",NA,"525224",NA,"1778711","4282940","115739",NA,NA,NA,"2546",NA,"118285","328979",NA,NA,"1918","96",NA,"330993",NA,NA,NA,NA,NA,NA,"0","31316",NA,"318658","199810",NA,"38374","1175",NA,NA,NA,NA,NA,"558017",NA,NA,NA,NA,NA,NA,NA,NA,NA,NA,"0","51624",NA,NA,NA,NA,NA,NA,NA,NA,NA,"51624","510",NA,NA,NA,NA,NA,"86623",NA,"41939",NA,"129072",NA,"16229",NA,NA,NA,"11278","27507",NA,NA,NA,"27507"
"33","030701","2025","CHENANGO VALLEY CSD","BROOME",NA,"4576","236134",NA,"13716870","3945769","3379685",NA,NA,"108066",NA,NA,NA,NA,"54814",NA,"29729","84543","1158313","866798","6445","307096","5448","68593","190599",NA,"3777836","6381128","120445",NA,NA,"205",NA,NA,"120650","349101",NA,NA,"32080","1255",NA,"382436",NA,NA,NA,NA,NA,NA,"0","32779",NA,"334232","58869",NA,"172171","9535",NA,NA,NA,NA,NA,"574807",NA,NA,NA,NA,NA,NA,NA,NA,NA,NA,"0",NA,NA,NA,NA,NA,NA,NA,NA,NA,NA,"0",NA,NA,NA,"6732",NA,NA,"23437",NA,"111040",NA,"141209",NA,"12872",NA,NA,"9815",NA,"22687",NA,NA,NA,"22687"
"34","031101","2025","MAINE-ENDWELL CSD","BROOME",NA,"295884","476573",NA,"25008427","6207357","4583776","89314",NA,"74324",NA,NA,NA,NA,"1298138",NA,NA,"1298138","2287568","1556814",NA,"97377","33982",NA,"510268",NA,"5338284","9824293","234702",NA,NA,NA,NA,NA,"234702","366024",NA,NA,NA,"31","121035","487090",NA,NA,NA,NA,NA,NA,"0","68926",NA,"648730","10367",NA,"24619",NA,NA,NA,NA,NA,"28427","712143",NA,NA,NA,NA,NA,NA,NA,NA,NA,NA,"0",NA,NA,NA,"13748",NA,NA,NA,NA,NA,NA,"13748","61566","40782",NA,"33184",NA,NA,"44657",NA,"89262","18756","288207",NA,"39814",NA,"3470",NA,"13139","56423",NA,NA,NA,"56423"
"35","031301","2025","DEPOSIT CSD","BROOME",NA,NA,"109352",NA,"5886481","1154832","552825",NA,NA,"56879",NA,NA,NA,NA,"24632",NA,NA,"24632","725911","128066",NA,"5200","3397","12695","15360",NA,"1264526","2155155","90958",NA,NA,NA,"40",NA,"90998","99039",NA,NA,NA,"163",NA,"99202",NA,NA,NA,NA,NA,NA,"0","14820",NA,NA,"123030",NA,"2400","436",NA,NA,NA,NA,NA,"125866",NA,NA,NA,NA,NA,NA,NA,NA,NA,NA,"0","4677",NA,NA,"369",NA,NA,NA,NA,NA,NA,"5046",NA,NA,NA,NA,NA,NA,"2561",NA,"44224",NA,"46785",NA,"26266",NA,NA,NA,NA,"26266","1049",NA,NA,"27315"
"36","031401","2025","WHITNEY POINT CSD","BROOME",NA,"60405","256041",NA,"24366147","3522012","2860269",NA,NA,"55446",NA,NA,NA,NA,"31474",NA,NA,"31474","1598967","882337",NA,"121610","17891",NA,"619685",NA,"2647375","5887865","319578",NA,NA,NA,NA,NA,"319578","257174",NA,NA,"18501",NA,NA,"275675",NA,NA,NA,NA,NA,NA,"0","33491",NA,"302819",NA,NA,"16733",NA,NA,NA,NA,NA,"175445","494997",NA,NA,NA,NA,NA,NA,NA,NA,NA,NA,"0","35130","22642",NA,NA,NA,NA,NA,NA,NA,NA,"57772",NA,NA,NA,"2090",NA,NA,"38077",NA,"52884","4115","97166",NA,"18231",NA,"52058",NA,NA,"70289",NA,NA,NA,"70289"
"37","031501","2025","UNION-ENDICOTT CSD","BROOME",NA,"251678","480831",NA,"30947872","8377240","6956637",NA,NA,"203177",NA,NA,NA,NA,"143289",NA,NA,"143289","3323158","1995718",NA,"166151","20707","190729","1042002",NA,"8060768","14799233","371074","60550",NA,"430","5351",NA,"437405","823941","11766",NA,"4437","12914","944445","1797503",NA,NA,NA,NA,NA,NA,"0","98955",NA,"571394","142418",NA,"82983",NA,NA,NA,NA,NA,"425806","1222601",NA,NA,NA,NA,NA,NA,NA,NA,NA,NA,"0","7857",NA,NA,NA,NA,NA,NA,NA,NA,NA,"7857",NA,NA,NA,NA,NA,NA,"169008",NA,"250170",NA,"419178",NA,"29028",NA,NA,"32618",NA,"61646","13950",NA,NA,"75596"
"38","031502","2025","JOHNSON CITY CSD","BROOME",NA,"3068","248211",NA,"27104215","6364338","3028214",NA,NA,"153340",NA,NA,NA,NA,"130526",NA,NA,"130526","2549416","1100862",NA,"316189","18921","93250","585166",NA,"4013222","8677026","293453",NA,NA,NA,"68",NA,"293521","417318",NA,NA,NA,"1429",NA,"418747",NA,NA,NA,NA,NA,NA,"0","60330",NA,"728559","32748",NA,"92913","3948",NA,NA,NA,NA,NA,"858168",NA,NA,NA,NA,NA,NA,NA,NA,NA,NA,"0","4494",NA,NA,NA,NA,NA,NA,NA,NA,NA,"4494",NA,NA,NA,"918",NA,NA,"102859",NA,"155848",NA,"259625",NA,"22377",NA,"13366",NA,"6283","42026",NA,NA,NA,"42026"
"39","031601","2025","VESTAL CSD","BROOME",NA,"65852","723315",NA,"14590713","6286492","4567738",NA,NA,"157289",NA,NA,"72969",NA,"54724",NA,NA,"127693","3145489","2240515",NA,"329325","23429","12200","978797",NA,"5851501","12581256","268699",NA,NA,"330","6098",NA,"275127","248198",NA,NA,NA,NA,NA,"248198",NA,NA,NA,NA,NA,NA,"0","137396",NA,"395393","18499",NA,"28348",NA,NA,NA,NA,NA,"146048","588288",NA,NA,NA,NA,NA,NA,NA,NA,NA,NA,"0",NA,NA,NA,"24815",NA,NA,NA,NA,NA,NA,"24815","21087","9174",NA,NA,NA,NA,"198874",NA,"188201","53297","470633",NA,"190827",NA,NA,"12003",NA,"202830","13916",NA,NA,"216746"
"40","031701","2025","WINDSOR CSD","BROOME",NA,"405667","495610",NA,"19740706","3546392","3556855",NA,NA,"42674",NA,NA,NA,NA,"26635",NA,NA,"26635","2105329","307129",NA,"247512","3378",NA,"920219",NA,"4022411","7605978","171395",NA,NA,NA,"111",NA,"171506","68358",NA,NA,NA,"300","242070","310728",NA,NA,NA,NA,NA,NA,"0","43914",NA,"134451","106450",NA,"89942","10806",NA,NA,NA,NA,"205846","547495",NA,NA,NA,NA,NA,NA,NA,NA,NA,NA,"0","98817","39410",NA,"7698",NA,NA,NA,NA,NA,NA,"145925",NA,NA,NA,NA,NA,NA,"104479",NA,"84601",NA,"189080",NA,"16744",NA,NA,NA,NA,"16744","13747",NA,NA,"30491"
"41","040204","2025","WEST VALLEY CSD","CATTARAUGUS",NA,"1905","60187",NA,"3702418","562023","645063",NA,NA,"8753",NA,NA,NA,NA,"18039",NA,NA,"18039","217553","30100",NA,"2611","2242","50827","57573",NA,"428184","789090",NA,NA,NA,NA,NA,"27888","27888","38836",NA,NA,NA,NA,NA,"38836",NA,NA,NA,NA,NA,NA,"0",NA,NA,"100421",NA,NA,NA,NA,NA,NA,NA,NA,NA,"100421",NA,NA,NA,NA,NA,NA,NA,NA,NA,NA,"0",NA,NA,NA,NA,NA,NA,NA,NA,NA,NA,"0",NA,NA,NA,NA,NA,NA,NA,NA,NA,NA,"0",NA,NA,NA,NA,NA,NA,"0",NA,NA,NA,"0"
"42","040302","2025","ALLEGANY-LIMESTONE CSD","CATTARAUGUS",NA,NA,"281823",NA,"13369340","1912433","2593321",NA,NA,"103727",NA,NA,NA,NA,"4719",NA,NA,"4719","982408","285623","1263","32747","9021",NA,NA,NA,"1682890","2993952","133438",NA,NA,NA,NA,NA,"133438",NA,NA,NA,NA,"1871","86947","88818",NA,NA,NA,NA,NA,NA,"0","76937",NA,"259232",NA,NA,"2492",NA,NA,NA,NA,"16585","42012","320321",NA,NA,NA,NA,NA,NA,NA,NA,NA,NA,"0",NA,NA,NA,NA,NA,"19824",NA,NA,NA,NA,"19824",NA,NA,NA,NA,NA,NA,NA,NA,"133626",NA,"133626",NA,"13965",NA,NA,"1080","1068","16113",NA,NA,NA,"16113"
"43","040901","2025","ELLICOTTVILLE CSD","CATTARAUGUS","0","0","119198","0","4342122","0","444078","0","0","103146","0","0","0","0","24808","0","0","24808","371805","3729","0","23592","3829","0","0","0","818762","1221717","0","33608","0","0","2364","0","35972","0","0","0","0","0","0","0","0","0","0","0","0","0","0","0","0","95390","28273","0","6368","12096","0","0","0","1956","0","144083","0","0","0","0","0","0","0","0","0","0","0","0","0","0","0","0","0","0","0","0","0","0",NA,"0","0","0","0","0","0","0",NA,"0","0","0","0","0",NA,"0","0","0","0","0","0","0"
"44","041101","2025","FRANKLINVILLE CSD","CATTARAUGUS","0","0","268783","0","10476252","1998098","1720731","0","0","176120","0","0","0","0","34580","0","0","34580","529358","123665","0","7004","8097","13033","356316","0","2978614","4016087","62847","0","0","0","0","0","62847","119676","0","0","600","0","0","120276","0","0","0","0","0","0","0","81026","0","187262","0","0","2128","0","0","0","0","4256","24831","218477","0","0","0","0","0","0","0","0","0","0","0","0","0","0","0","0","0","0","0","0","0","0","0","0","0","0","0","0","6935","0","167839","0","174774","0","11765","0","11513","0","2227","25505","0","0","0","25505"
"45","041401","2025","HINSDALE CSD","CATTARAUGUS",NA,NA,"167362",NA,"5127884","1012562","1121457",NA,NA,"30218",NA,NA,NA,NA,"27150",NA,NA,"27150","347092","116399",NA,"22327","3279","113847",NA,"98","1079965","1683007",NA,NA,NA,NA,NA,"86453","86453","55544",NA,NA,NA,"56","3338","58938",NA,NA,NA,NA,NA,NA,"0","27825",NA,"48242","40164",NA,"5622",NA,NA,NA,NA,"3198","27135","124361",NA,NA,NA,NA,NA,NA,NA,NA,NA,NA,"0",NA,NA,NA,NA,NA,NA,NA,NA,NA,NA,"0",NA,NA,NA,"3403",NA,NA,NA,NA,"130132",NA,"133535",NA,"4689",NA,NA,NA,"903","5592",NA,NA,NA,"5592"
"46","042302","2025","CATTARAUGUS-LITTLE VALLEY CSD","CATTARAUGUS",NA,NA,"234146",NA,"16108553","2350664","1948868","44331",NA,NA,NA,NA,NA,NA,"146321",NA,NA,"146321","1078526","645911",NA,"95283","8458",NA,"298485",NA,"2530148","4656811",NA,NA,NA,"126383","1592","111554","239529",NA,NA,NA,NA,NA,NA,"0",NA,NA,NA,NA,NA,NA,"0","130455",NA,"237328","1500",NA,"14144","3615",NA,NA,NA,NA,"43549","300136",NA,NA,NA,NA,NA,NA,NA,NA,NA,NA,"0","69029","59751",NA,NA,"633",NA,NA,NA,"5555","83716","218684",NA,NA,NA,NA,NA,NA,"9446",NA,"170624",NA,"180070",NA,NA,NA,"71805",NA,NA,"71805",NA,NA,NA,"71805"
"47","042400","2025","OLEAN CITY SD","CATTARAUGUS",NA,"127156","466354",NA,"23669967","4784009","3893602",NA,NA,"301699",NA,NA,NA,NA,"137068",NA,NA,"137068","2960842","1030334","8812","334869","23525","469577",NA,NA,"3252753","8080712",NA,NA,NA,NA,NA,"83665","83665",NA,NA,NA,NA,NA,"2775","2775",NA,NA,NA,NA,NA,NA,"0","225186",NA,"347349","82725",NA,NA,NA,NA,NA,NA,"19279","189660","639013",NA,NA,NA,NA,NA,NA,NA,NA,NA,NA,"0","27844",NA,NA,NA,NA,NA,NA,NA,"9893","8683","46420","41453","22738",NA,NA,NA,NA,"60100",NA,"298844","4911","428046",NA,NA,NA,NA,NA,NA,"0",NA,NA,"42505","42505"
"48","042801","2025","GOWANDA CSD","CATTARAUGUS","316562",NA,"163207","316562","17926352","3089207","1851931",NA,NA,"88220",NA,NA,NA,NA,"7059",NA,NA,"7059","2282343","439390","0","104695","15493","0","415576",NA,"1331683","4589180","227940",NA,NA,"594","2742",NA,"231276","157505",NA,NA,NA,"508",NA,"158013",NA,NA,NA,NA,NA,NA,"0","6056",NA,"250739","7231",NA,"18010",NA,NA,NA,NA,NA,"99849","375829",NA,NA,NA,NA,NA,NA,NA,NA,NA,NA,"0",NA,NA,NA,NA,NA,NA,NA,NA,NA,NA,"0","46457","15750",NA,"6407",NA,NA,"37311",NA,"80107","12382","198414",NA,"19441",NA,NA,NA,"3148","22589","34616",NA,NA,"57205"
"49","042901","2025","PORTVILLE CSD","CATTARAUGUS","0","60247","149017","0","12457980","866910","1975983","0","0","56365","0","0","0","0","9955","0","0","9955","455774","124814","2591","6380","5370","333853","0","0","613351","1542133","152738","0","0","0","3776","0","156514","0","0","0","0","0","0","0","0","0","0","0","0","0","0","7965","0","77774","95488","0","0","0","0","0","0","6182","75867","255311","0","0","0","0","0","0","0","0","0","0","0","7918","0","0","0","0","0","0","0","3742","809","12469","0","0","0","0","0","0","0","0","28442","0","28442","0","3420","0","1572","4650","1739","11381","0","0","0","11381"
"50","043001","2025","RANDOLPH CSD","CATTARAUGUS",NA,"0","160661",NA,"9817469","1534274","1582506",NA,NA,"112657",NA,NA,NA,NA,"80721",NA,NA,"80721","653166","284503","878","31753","8330","284029",NA,NA,"1041232","2303891","67970",NA,NA,NA,NA,NA,"67970",NA,NA,NA,NA,NA,"1126","1126",NA,NA,NA,NA,NA,NA,"0","344310",NA,"244905","7165",NA,"5006","107",NA,NA,NA,NA,"0","257183",NA,NA,NA,NA,NA,NA,NA,NA,NA,NA,"0","248007","130732",NA,NA,NA,NA,NA,NA,NA,"169756","548495","87024","55652",NA,NA,NA,NA,NA,NA,NA,"99077","241753",NA,"29224",NA,NA,NA,"6547","35771",NA,NA,NA,"35771"
"51","043011","2025","RANDOLPH ACAD UFSD","CATTARAUGUS",NA,NA,"28080",NA,NA,NA,"218797",NA,NA,NA,NA,NA,NA,NA,"42449",NA,NA,"42449","2099280","910046","68068","123707","33705",NA,NA,NA,"24325","3259131",NA,NA,NA,"8332",NA,NA,"8332","542604","80488",NA,NA,NA,NA,"623092",NA,NA,NA,NA,NA,NA,"0",NA,NA,"262014","7832",NA,NA,"4978",NA,NA,NA,"10541","651","286016",NA,NA,NA,NA,NA,NA,NA,NA,NA,NA,"0",NA,NA,NA,NA,NA,NA,NA,NA,NA,NA,"0",NA,NA,NA,NA,NA,NA,NA,NA,NA,NA,"0",NA,NA,NA,NA,NA,NA,"0",NA,NA,NA,"0"
"52","043200","2025","SALAMANCA CITY SD","CATTARAUGUS",NA,NA,"332830",NA,"23487499","3152144","4129254",NA,NA,"167963",NA,NA,NA,NA,"165296",NA,NA,"165296","2351453","1101117",NA,"126368","35814","278511",NA,NA,"3415887","7309150","137957",NA,NA,NA,"1280",NA,"139237","285311",NA,NA,"140","1829",NA,"287280",NA,"462053",NA,NA,"390",NA,"462443","146639",NA,"236764","30766",NA,"6167","2240",NA,NA,NA,"10140","122118","408195",NA,NA,NA,NA,NA,NA,NA,NA,NA,NA,"0",NA,NA,NA,NA,NA,NA,NA,NA,NA,NA,"0",NA,NA,NA,NA,NA,NA,NA,NA,"294082",NA,"294082",NA,"50402","3333","24589","41867","28154","148345",NA,NA,NA,"148345"
"53","043501","2025","YORKSHIRE-PIONEER CSD","CATTARAUGUS","438745","199779","384917","438745","30964904","5910993","3737054","60","0","160101","0","0","0","0","81652","0","24250","105902","4018671","1620750","11150","215277","34945","0","486085","0","1927637","8314515","240960","0","0","0","0","0","240960","151016","0","0","0","0","84695","235711","0","0","0","0","0","0","0","100222","0","493989","205520","0","78776","23448","0","0","0","9185","0","810918","0","0","0","0","0","0","0","0","0","0","0","0","0","0","0","0","0","0","0","0","0","0","0","0","0","110630","0","390478","0","0","5172","0","506280","0","0","0","0","0","0","0","0","0","0","0"
"54","050100","2025","AUBURN CITY SD","CAYUGA",NA,"127087","1711819",NA,"41502676","5340203","7951909",NA,NA,"509607",NA,NA,NA,NA,"220819",NA,"181607","402426","7193912","2383898","11444","1408261","35062","136289",NA,NA,"5263155","16432021",NA,NA,NA,NA,NA,NA,"0",NA,NA,NA,NA,NA,NA,"0",NA,NA,NA,NA,NA,NA,"0",NA,NA,"1116944","28898",NA,"79494","79879",NA,NA,NA,"51000","275170","1631385",NA,NA,NA,NA,NA,NA,NA,NA,NA,NA,"0",NA,NA,NA,NA,NA,NA,NA,NA,NA,NA,"0",NA,NA,NA,"9080",NA,NA,NA,NA,NA,NA,"9080",NA,NA,NA,"80988",NA,NA,"80988",NA,NA,NA,"80988"
"55","050301","2025","WEEDSPORT CSD","CAYUGA","0","46801","350415","0","8777686","0","1298103","0","0","44157","0","0","0","0","20088","0","28730","48818","824149","352176","0","143209","4188","19756","0","0","902907","2246385","170144","0","0","0","220","0","170364","0","0","0","0","0","0","0","0","0","0","0","0","0","0","0","0","126727","37494","0","31244","5568","0","0","0","0","0","201033","0","0","0","0","0","0","0","0","0","0","0","0","0","0","0","0","0","0","0","0","0","0","0","0","0","0","0","0","0","0","0","0","0","0","0","0","0","0","0","0","0","0","0","0"
"56","050401","2025","CATO-MERIDIAN CSD","CAYUGA",NA,NA,"412802",NA,"10579784","1564286","1813432",NA,NA,"62214",NA,NA,NA,NA,"11089",NA,"31198","42287","1027632","13252","120","150109","11770","7124","4384",NA,"970749","2185140","116338",NA,NA,NA,NA,NA,"116338",NA,NA,NA,NA,NA,NA,"0",NA,NA,NA,NA,NA,NA,"0",NA,NA,"216870","5000",NA,"8814",NA,NA,NA,NA,NA,NA,"230684",NA,NA,NA,NA,NA,NA,NA,NA,NA,NA,"0","5000",NA,NA,"2302",NA,NA,NA,NA,NA,"43897","51199",NA,NA,NA,"420",NA,NA,NA,NA,"39687",NA,"40107",NA,NA,NA,"13189",NA,NA,"13189",NA,NA,NA,"13189"
"57","050701","2025","SOUTHERN CAYUGA CSD","CAYUGA",NA,NA,"404528",NA,"6870508","1199170","826903",NA,NA,"121022",NA,NA,NA,NA,"7630",NA,"28198","35828","649967","101631","5115","298632","787",NA,NA,NA,"1665794","2721926","70573",NA,NA,NA,"2457",NA,"73030",NA,NA,NA,NA,NA,NA,"0",NA,NA,NA,NA,NA,NA,"0","11103",NA,"145551","79578",NA,"13191","7037",NA,NA,NA,NA,NA,"245357",NA,NA,NA,NA,NA,NA,NA,NA,NA,NA,"0",NA,NA,NA,NA,NA,NA,NA,NA,NA,NA,"0",NA,NA,NA,"2321",NA,NA,NA,NA,"24822",NA,"27143",NA,NA,NA,"30694",NA,NA,"30694",NA,NA,NA,"30694"
"58","051101","2025","PORT BYRON CSD","CAYUGA","13909",NA,"815106","13909","9832031","1662689","3312244",NA,NA,"79197",NA,NA,NA,NA,"7379",NA,"32511","39890","683814",NA,NA,"30790",NA,NA,NA,NA,"1933317","2647921",NA,NA,NA,NA,NA,NA,"0",NA,NA,NA,NA,NA,NA,"0",NA,NA,NA,NA,NA,"4420","4420","20497",NA,"228327","5712",NA,"10247",NA,NA,NA,NA,NA,"50535","294821",NA,NA,NA,NA,NA,NA,NA,NA,NA,NA,"0",NA,NA,NA,NA,NA,NA,NA,NA,NA,NA,"0",NA,NA,NA,NA,NA,NA,NA,NA,"65823",NA,"65823",NA,NA,NA,NA,NA,NA,"0","36661",NA,NA,"36661"
"59","051301","2025","MORAVIA CSD","CAYUGA","0","0","541335","0","9701236","2457815","2008524","0","0","75398","0","0","0","0","62810","0","31561","94371","1269496","344549","0","102868","16044","16433","0","0","2047817","3803947","0","0","0","0","0","0","0","0","89694","0","0","310","0","90004","0","0","0","0","0","4252","4252","0","6740","299175","0","0","5368","1774","0","0","0","0","0","306317","0","0","0","0","0","0","0","0","0","0","0","0","0","0","0","0","0","0","0","0","0","0","0","0","0","0","0","0","0","0","0","0","0","0","0","0","0","0","0","0","0","0","0","0"
"60","051901","2025","UNION SPRINGS CSD","CAYUGA","0","1096","325000","0","7006988","1589508","1204559","0","0","48888","0","0","0","0","56758","0","28873","85631","585566","70336","0","-56338","1707","0","0","0","1376543","1977814","133907","0","0","0","0","0","133907","0","0","0","0","0","0","0","0","0","0","0","0","0","0","49327","0","0","0","0","0","0","0","0","0","0","0","0","0","0","0","0","0","0","0","0","0","0","0","0","0","0","0","0","0","0","0","0","0","0","0","0","0","0","0","0","0","0","65278","0","65278","0","0","0","0","0","0","0","0","0","0","0"
"61","060201","2025","SOUTHWESTERN CSD AT JAMESTOWN","CHAUTAUQUA",NA,"338323","158317",NA,"11742299","1685386","2290050",NA,NA,"171471",NA,NA,NA,NA,"52025",NA,NA,"52025","925152","563913","1310","166090","21488",NA,"296177",NA,"1345475","3319605","89848",NA,NA,NA,"2299",NA,"92147",NA,NA,NA,"112505",NA,NA,"112505",NA,NA,NA,NA,NA,NA,"0",NA,NA,"213291","28578",NA,"12963",NA,NA,NA,NA,NA,"89796","344628",NA,NA,NA,NA,NA,NA,NA,NA,NA,NA,"0","115781","53540",NA,NA,NA,NA,NA,NA,NA,NA,"169321",NA,NA,NA,"590","1100",NA,NA,NA,"101682",NA,"103372",NA,"16643",NA,NA,"10593",NA,"27236",NA,NA,NA,"27236"
"62","060301","2025","FREWSBURG CSD","CHAUTAUQUA",NA,NA,"119896",NA,"10742996","1590188","1390765",NA,NA,"38349",NA,NA,NA,NA,"51396",NA,NA,"51396","989301","208900",NA,"145608","616","175877","56581",NA,"1561115","3137998","100842",NA,NA,NA,NA,NA,"100842",NA,NA,NA,NA,NA,NA,"0",NA,NA,NA,NA,NA,NA,"0","4534",NA,"52281","61122",NA,"63082","5723",NA,NA,NA,NA,"41074","223282",NA,NA,NA,NA,NA,NA,NA,NA,NA,NA,"0",NA,NA,NA,NA,NA,NA,NA,NA,NA,NA,"0",NA,NA,NA,NA,NA,NA,NA,NA,"73106",NA,"73106",NA,NA,"2282","7652",NA,"3490","13424",NA,NA,NA,"13424"
"63","060401","2025","CASSADAGA VALLEY CSD","CHAUTAUQUA","0","0","150974","0","12338705","2117782","1162068","0","0","110690","0","0","0","0","18338","0","0","18338","929980","416992","940","150341","17819","0","119829","0","1894799","3530700","225793","0","0","0","0","0","225793","113446","0","0","0","0","0","113446","0","0","0","0","0","0","0","39294","0","199589","6692","0","9017","0","0","0","0","0","83129","298427","0","0","0","0","0","0","0","0","0","0","0","0","0","0","0","0","0","0","0","0","0","0","0","0","0","0","0","2100","9671","0","124033","0","135804","0","20956","0","7337","10074","3993","42360","0","0","0","42360"
"64","060503","2025","CHAUTAUQUA LAKE CSD","CHAUTAUQUA","0","1300862","183959","0","7992163","0","258067","0","0","40019","0","0","0","0","32027","0","0","32027","952701","90631","960","2155","0","0","0","0","2257201","3303648","74242","0","0","1029","174","0","75445","0","0","0","0","0","0","0","0","0","0","0","0","0","0","0","0","0","0","0","0","0","0","0","0","0","0","0","0","0","0","0","0","0","0","0","0","0","0","0","0","0","0","0","0","0","0","0","0","0","0","0","0","0","0","0","0","0","0","0","0","0","0","0","0","0","0","0","0","0","0","0"
"65","060601","2025","PINE VALLEY CSD (SOUTH DAYTON)","CHAUTAUQUA","0","0","128211","0","9148907","1368404","1018725","0","0","36948","0","0","0","0","16273","0","0","16273","876877","485965","0","57754","9225","103904","0","0","459479","1993204","70525","0","0","15","1747","0","72287","32700","0","0","0","0","0","32700","0","0","0","0","0","0","0","17000","0","195624","3142","0","13033","1173","0","0","0","0","1288","214260","0","0","0","0","0","0","0","0","0","0","0","0","0","0","0","0","0","0","0","0","0","0","50885","38412","0","3024","0","0","0","0","29473","16426","138220","0","32808","0","0","0","6312","39120","0","0","0","39120"
"66","060701","2025","CLYMER CSD","CHAUTAUQUA",NA,"93605","73880",NA,"3899925","698753","427900",NA,NA,"6653",NA,NA,NA,NA,"19782",NA,NA,"19782","445182",NA,NA,"20671","2629",NA,"50631",NA,"819674","1338787","53974",NA,NA,"199","346",NA,"54519",NA,NA,NA,"55550",NA,NA,"55550",NA,NA,NA,NA,NA,NA,"0","11301",NA,"87152","38787",NA,"3683",NA,NA,NA,NA,NA,NA,"129622",NA,NA,NA,NA,NA,NA,NA,NA,NA,NA,"0",NA,NA,NA,NA,NA,NA,NA,NA,NA,NA,"0",NA,NA,NA,NA,NA,NA,NA,NA,"44871",NA,"44871",NA,NA,NA,"11633",NA,NA,"11633",NA,NA,NA,"11633"
"67","060800","2025","DUNKIRK CITY SD","CHAUTAUQUA",NA,NA,"528670",NA,"29721236","6064372","2996330",NA,NA,"191986",NA,NA,NA,NA,"134022",NA,NA,"134022","2113106","1224105",NA,"379549","25096",NA,"889933",NA,"3695404","8327193","288025",NA,NA,NA,NA,NA,"288025","818577",NA,NA,NA,NA,NA,"818577",NA,NA,NA,NA,NA,NA,"0","85946",NA,"432358","124214",NA,"108694","42649",NA,NA,NA,NA,"55873","763788",NA,NA,NA,NA,NA,NA,NA,NA,NA,NA,"0",NA,NA,NA,NA,NA,NA,NA,NA,NA,NA,"0","51475","29283",NA,NA,NA,NA,"87770",NA,"172907",NA,"341435",NA,NA,NA,NA,NA,NA,"0","112135",NA,NA,"112135"
"68","061001","2025","BEMUS POINT CSD","CHAUTAUQUA",NA,"0","69549",NA,"4357042","605789","456911",NA,NA,"135986",NA,NA,NA,NA,"45605",NA,NA,"45605","779872","266096","0","48292","6765","98780","59763",NA,"707953","1967521",NA,NA,NA,NA,NA,NA,"0","9061",NA,NA,"0","386",NA,"9447",NA,NA,NA,NA,NA,NA,"0","14422",NA,"124170","25349",NA,"1653","1521",NA,NA,NA,NA,"0","152693",NA,NA,NA,NA,NA,NA,NA,NA,NA,NA,"0",NA,NA,NA,NA,NA,NA,NA,NA,NA,NA,"0",NA,NA,NA,NA,NA,NA,"0",NA,"49972",NA,"49972",NA,"4388",NA,NA,"4710","1066","10164",NA,NA,NA,"10164"
"69","061101","2025","FALCONER CSD","CHAUTAUQUA",NA,NA,"141866",NA,"15359896","1253543","1513085",NA,NA,"14928",NA,NA,NA,NA,"38169",NA,"24892","63061","970792","515611","10515","38928","6193","30297","397497",NA,"597758","2567591","83486","41595",NA,NA,NA,NA,"125081","161552",NA,NA,"8100","729",NA,"170381",NA,NA,NA,NA,NA,NA,"0","13662",NA,"219304",NA,NA,"13587","9874",NA,NA,NA,NA,"58983","301748",NA,NA,NA,NA,NA,NA,NA,NA,NA,NA,"0",NA,"2778",NA,"5130","1861",NA,NA,NA,NA,NA,"9769",NA,NA,NA,NA,NA,NA,"19722",NA,"45816",NA,"65538",NA,"12623",NA,"6099",NA,"3683","22405",NA,NA,NA,"22405"
"70","061501","2025","SILVER CREEK CSD","CHAUTAUQUA",NA,"53140","189839",NA,"12719487","2715028","2029681",NA,NA,"42852",NA,NA,"0","0","28098","0","0","28098","1510898","531442","0","197997","30185","323849","0","0","1804941","4399312","73925","0","0","0","0","0","73925","190315","0","0","0","0","0","190315","0","0","0","0","0","0","0","21654","0","224081","37450","0","21343","603",NA,NA,NA,NA,"47385","330862",NA,NA,NA,NA,NA,NA,NA,NA,NA,NA,"0",NA,NA,NA,NA,NA,NA,NA,NA,NA,NA,"0",NA,NA,NA,NA,NA,NA,"12725","0","66230",NA,"78955",NA,"29316",NA,NA,NA,NA,"29316",NA,NA,NA,"29316"
"71","061503","2025","FORESTVILLE CSD","CHAUTAUQUA","0","0","94166","0","6347815","859349","714908","0","0","36266","0","0","0","0","75003","0","0","75003","545620","197226","0","41063","6257","379852","0","0","610903","1780921","0","0","0","0","0","0","0","0","0","0","0","0","0","0","0","0","0","0","0","0","0","20500","0","116891","0","0","3368","0","0","0","0","0","22191","142450","0","0","0","0","0","0","0","0","0","0","0","0","0","0","0","0","0","0","0","0","0","0","0","0","0","0","0","75296","0","0","0","0","75296","0","25932","0","0","0","5835","31767","0","0","0","31767"
"72","061601","2025","PANAMA CSD","CHAUTAUQUA",NA,NA,"86612",NA,"6418334","1311339","624085",NA,NA,"35346",NA,NA,NA,NA,"7121",NA,NA,"7121","640960","109261",NA,"487","3932","206799",NA,NA,"824072","1785511",NA,NA,NA,NA,NA,NA,"0","53656",NA,NA,"114610","36",NA,"168302",NA,NA,NA,NA,NA,NA,"0","9304",NA,"50301","91122",NA,"11145","199",NA,NA,NA,NA,NA,"152767",NA,NA,NA,NA,NA,NA,NA,NA,NA,NA,"0",NA,NA,NA,NA,NA,NA,NA,NA,NA,NA,"0",NA,NA,NA,NA,NA,NA,NA,NA,"35236",NA,"35236",NA,"5264",NA,NA,"6020",NA,"11284",NA,NA,NA,"11284"
"73","061700","2025","JAMESTOWN CITY SD","CHAUTAUQUA","2062","-2984","474420","2062","59272067","9988883","5526185","0","0","182054","0","0","0","0","247347","0","0","247347","3680088","2067176","0","33830","43731","41896","438030","0","4737480","11042231","819993","0","0","0","1023","0","821016","319541","0","0","0","0","0","319541","437459","120781","0","1100","2444","0","561784","256429","0","1072068","76867","15518","25245","15674","0","0","0","0","429675","1635047","0","0","0","0","0","0","0","0","0","0","0","473705","297348","0","10017","0","0","0","0","0","323344","1104414","9885","19021","0","17812","0","19851","0","0","147436","30399","244404","0","58188","0","6671","8800","27031","100690","0","0","0","100690"
"74","062201","2025","FREDONIA CSD","CHAUTAUQUA",NA,"28783","170512",NA,"10597841","2254125","1461324",NA,NA,"340691",NA,NA,NA,NA,"21800",NA,NA,"21800","2449548","512360",NA,"89276","8249",NA,"298602",NA,"1570896","4928931","193412",NA,NA,NA,NA,NA,"193412",NA,NA,NA,NA,NA,NA,"0",NA,NA,NA,NA,NA,NA,"0","15714",NA,"223436","67190",NA,"56448","31417",NA,NA,NA,NA,"230","378721",NA,NA,NA,NA,NA,NA,NA,NA,NA,NA,"0",NA,NA,NA,NA,NA,NA,NA,NA,NA,NA,"0",NA,NA,NA,NA,NA,NA,NA,NA,NA,NA,"0",NA,NA,NA,NA,NA,NA,"0","132444",NA,NA,"132444"
"75","062301","2025","BROCTON CSD","CHAUTAUQUA","0","0","115253","0","8682452","2437445","860301","0","0","89698","0","49","0","0","31557","0","0","31557","982326","102586","881","75769","18130","15824","0","2030","2576859","3774405","76600","0","0","0","0","0","76600","115969","0","170","7616","1079","0","124834","0","0","0","0","0","0","0","23766","0","187357","0","0","1914","0","0","0","0","0","0","189271","0","0","0","0","0","0","0","0","0","0","0","0","0","0","0","0","0","0","0","0","0","0","0",NA,"0","0",NA,"0","0","0","101267",NA,"101267","0","12343","0","0","3104","2114","17561","0","0","0","17561"
"76","062401","2025","RIPLEY CSD","CHAUTAUQUA","0","0","72390","0","5301242","861329","610519","0","0","18720","0","0","0","0","14924","0","0","14924","353805","22874","0","30267","7517","495899","0","0","186665","1097027","65420","0","0","355","0","0","65775","0","0","0","0","0","0","0","0","0","0","0","0","0","0","1795","0","0","0","0","0","0","0","0","0","0","0","0","41459","0","0","14202","30054","0","0","0","0","0","85715","0","0","0","995","0","0","0","0","0","0","995","0","0","0","0","0","0","0","0","8974","0","8974","0","0","0","0","0","0","0","0","0","0","0"
"77","062601","2025","SHERMAN CSD","CHAUTAUQUA",NA,"74317",NA,NA,"7005299","701187","668933",NA,NA,"36344",NA,NA,NA,NA,"12036",NA,NA,"12036","663498","151616",NA,"18978","6003",NA,NA,"112","99237","939444",NA,NA,NA,NA,NA,NA,"0",NA,NA,NA,NA,NA,NA,"0",NA,NA,NA,NA,NA,NA,"0",NA,NA,"149037","6500",NA,"8300","3675",NA,NA,NA,NA,NA,"167512",NA,NA,NA,NA,NA,NA,NA,NA,NA,NA,"0",NA,NA,NA,NA,NA,NA,NA,NA,NA,NA,"0",NA,NA,NA,NA,NA,NA,NA,NA,NA,NA,"0",NA,NA,NA,NA,NA,NA,"0",NA,NA,NA,"0"
"78","062901","2025","WESTFIELD CSD","CHAUTAUQUA",NA,"11824","112986",NA,"8140723","1637900","972038",NA,NA,"7765",NA,NA,NA,NA,"16408",NA,NA,"16408","985433","451181",NA,NA,"1678","124021",NA,NA,"808355","2370668","152674",NA,NA,NA,NA,NA,"152674","82364",NA,NA,NA,NA,NA,"82364",NA,NA,NA,NA,NA,NA,"0","35206",NA,NA,NA,NA,NA,NA,"71633",NA,NA,NA,NA,"71633",NA,NA,NA,NA,NA,NA,NA,NA,NA,NA,"0","156973","9723",NA,"404",NA,NA,NA,NA,NA,"54980","222080","38749","31989",NA,"404","95",NA,NA,NA,"47422","33397","152056",NA,"23976",NA,NA,NA,NA,"23976",NA,NA,NA,"23976"
"79","070600","2025","ELMIRA CITY SD","CHEMUNG","123851","58736","2081337","123851","66239387","13219269","11055290","136560",NA,"335031",NA,NA,"58977",NA,"211602",NA,NA,"270579","5476485","1471123",NA,"1036406","6504","596551","215427",NA,"6881212","16058419","187754",NA,NA,NA,"6602","95205","289561",NA,NA,NA,"869491",NA,NA,"869491","176956","104735",NA,"1927","3855",NA,"287473","8681","374711","1312287","4070",NA,"250063","40467",NA,NA,NA,NA,"720162","2327049",NA,NA,NA,NA,NA,NA,NA,NA,NA,NA,"0","197538","78169",NA,NA,NA,NA,NA,NA,NA,"13325","289032",NA,NA,NA,NA,NA,NA,NA,NA,"390301",NA,"390301",NA,"60557",NA,NA,"22375","13819","96751",NA,NA,NA,"96751"
"80","070901","2025","HORSEHEADS CSD","CHEMUNG",NA,"103229","1304471",NA,"27736211","5364187","5183671","-1079",NA,"237484",NA,NA,NA,NA,"49056",NA,NA,"49056","3633039","446230","4620","15029","38635",NA,NA,NA,"5389276","9536098","594852",NA,NA,NA,"14766","35076","644694",NA,"749685",NA,"346","1324",NA,"751355",NA,NA,NA,NA,NA,NA,"0","135830","9269","905096","51650",NA,"2106","28195",NA,NA,NA,NA,NA,"987047",NA,NA,NA,NA,NA,NA,NA,NA,NA,NA,"0","260034","172408",NA,"43725","327",NA,NA,NA,"2438","175420","654352","91326","10670",NA,"45326",NA,NA,NA,NA,"305936","65063","518321",NA,"54635",NA,NA,"92740","44971","192346",NA,NA,NA,"192346"
"81","070902","2025","ELMIRA HEIGHTS CSD","CHEMUNG",NA,NA,"602269",NA,"11397682","1934566","2485050","360226",NA,"46551",NA,NA,NA,NA,"11907",NA,NA,"11907","843609","125556",NA,"16162","5668","102","295378",NA,"2622000","3908475",NA,NA,NA,NA,NA,NA,"0",NA,NA,NA,NA,NA,NA,"0",NA,NA,NA,NA,NA,NA,"0","15268",NA,"218948",NA,NA,"5439",NA,NA,NA,NA,NA,"86007","310394",NA,NA,NA,NA,NA,NA,NA,NA,NA,NA,"0",NA,NA,NA,NA,NA,NA,NA,NA,NA,NA,"0",NA,NA,NA,NA,NA,NA,"50197",NA,"110968",NA,"161165",NA,"13250",NA,NA,"6710","3420","23380",NA,NA,NA,"23380"
"82","080101","2025","AFTON CSD","CHENANGO",NA,"54556","213546",NA,"8823279","1462475","1298413",NA,NA,"35622",NA,NA,NA,NA,"44428",NA,"3773","48201","930696","647092","1636","92656","6329","120230",NA,NA,"931054","2729693","38070",NA,NA,NA,NA,NA,"38070",NA,NA,NA,NA,NA,NA,"0","193794",NA,NA,NA,"149",NA,"193943",NA,NA,"110538","25659",NA,"12452",NA,NA,NA,NA,NA,NA,"148649",NA,NA,NA,NA,NA,NA,NA,NA,NA,NA,"0",NA,NA,NA,NA,NA,NA,NA,NA,NA,NA,"0",NA,NA,NA,NA,NA,NA,"18678",NA,"34739",NA,"53417",NA,"14608",NA,NA,NA,"4751","19359",NA,NA,NA,"19359"
"83","080201","2025","BAINBRIDGE-GUILFORD CSD","CHENANGO",NA,"70136","151259",NA,"10430066","1348793","1465308",NA,NA,"22956",NA,NA,NA,NA,"32145",NA,NA,"32145","967358","561621",NA,"3409","4145",NA,"47708",NA,"1279837","2864078","84467",NA,NA,"236","878",NA,"85581","167954",NA,NA,"85","63",NA,"168102",NA,NA,NA,NA,NA,NA,"0","175455",NA,"144061","38002",NA,"3758",NA,NA,NA,NA,NA,"31352","217173",NA,NA,NA,NA,NA,NA,NA,NA,NA,NA,"0",NA,NA,NA,NA,NA,NA,NA,NA,NA,NA,"0",NA,NA,NA,NA,NA,NA,NA,NA,"44242",NA,"44242",NA,"12794",NA,NA,"7645","3395","23834",NA,NA,NA,"23834"
"84","080601","2025","GREENE CSD","CHENANGO",NA,"35677","234362",NA,"16319794",NA,"2205193",NA,NA,"195856",NA,NA,NA,NA,"32376",NA,NA,"32376","985283","334870",NA,"42509","9068","9760","234686",NA,"1408654","3024830","155482",NA,NA,NA,"3678",NA,"159160",NA,NA,NA,NA,NA,NA,"0",NA,NA,NA,NA,NA,NA,"0",NA,NA,"245208","7379",NA,"13981",NA,NA,NA,NA,NA,"45418","311986",NA,NA,NA,NA,NA,NA,NA,NA,NA,NA,"0",NA,NA,NA,NA,NA,NA,NA,NA,NA,NA,"0",NA,NA,NA,NA,NA,NA,"22684",NA,"39041",NA,"61725",NA,"26513",NA,"27853",NA,"20589","74955",NA,NA,NA,"74955"
"85","081003","2025","UNADILLA VALLEY CSD","CHENANGO",NA,"270349","138471",NA,"12338992","1727059","1656552",NA,NA,"37077",NA,NA,NA,NA,"32699",NA,NA,"32699","1088377","518166","18386","203859","11224",NA,"342158",NA,"649207","2831377",NA,NA,NA,NA,NA,NA,"0","64541",NA,NA,"600","933",NA,"66074",NA,"5000",NA,"32972",NA,NA,"37972","11327",NA,"214086",NA,NA,"20448",NA,NA,NA,NA,NA,NA,"234534",NA,NA,NA,NA,NA,NA,NA,NA,NA,NA,"0",NA,NA,NA,NA,NA,NA,NA,NA,NA,NA,"0",NA,NA,NA,NA,"3595",NA,"4262",NA,"19006",NA,"26863",NA,"22428",NA,NA,NA,"7344","29772",NA,NA,NA,"29772"
"86","081200","2025","NORWICH CITY SD","CHENANGO",NA,"188145","315922",NA,"20746071","3982037","3869510",NA,NA,"166223",NA,NA,NA,NA,"32423",NA,"2946","35369","2520791","201391",NA,"5186","21385","229177",NA,NA,"1564732","4542662","14913",NA,NA,NA,NA,NA,"14913","310711",NA,NA,"62000",NA,NA,"372711","2900",NA,NA,NA,NA,NA,"2900","0",NA,"591216","14726",NA,"18676","15996",NA,NA,NA,NA,NA,"640614",NA,NA,NA,NA,NA,NA,NA,NA,NA,NA,"0",NA,NA,NA,NA,NA,NA,NA,NA,NA,NA,"0",NA,NA,NA,"56263",NA,NA,NA,NA,NA,NA,"56263",NA,NA,NA,NA,"79639",NA,"79639",NA,NA,NA,"79639"
"87","081401","2025","OTSELIC VALLEY CSD","CHENANGO",NA,NA,"333918",NA,"6052434","706032","944085",NA,NA,"2155",NA,NA,NA,NA,"11750",NA,"616","12366","176817","25724",NA,"33344","1222","51000",NA,NA,"920851","1208958",NA,NA,NA,NA,NA,NA,"0",NA,NA,NA,NA,NA,NA,"0",NA,NA,NA,NA,NA,NA,"0","38694",NA,"107699",NA,NA,NA,NA,NA,NA,NA,NA,NA,"107699",NA,NA,NA,NA,NA,NA,NA,NA,NA,NA,"0",NA,NA,NA,NA,NA,NA,NA,NA,NA,NA,"0",NA,"6802",NA,"2785",NA,NA,"31026",NA,NA,"11074","51687",NA,NA,NA,NA,NA,NA,"0",NA,"9134",NA,"9134"
"88","081501","2025","OXFORD ACADEMY & CSD","CHENANGO","0","50634","250307","0","10882408","1648881","1684052","0","0","113190","0","0","0","0","11608","0","1258","12866","475677","107159","0","49350","4293","19042","65513","216","1241747","1962997","90569","0","0","0","0","0","90569","0","0","0","0","0","0","0","117116","0","0","90","203","0","117409","0","0","210930","0","0","10962","0","0","0","0","0","0","221892","0","0","0","0","0","0","0","0","0","0","0","0","0","0","0","0","0","0","0","0","0","0","0","0","0","0","0","0","67110",NA,NA,NA,"67110","0","20338",NA,"21861",NA,"14773","56972",NA,NA,NA,"56972"
"89","082001","2025","SHERBURNE-EARLVILLE CSD","CHENANGO",NA,"12722","240901",NA,"17391010","5304725","4289901",NA,NA,"170174",NA,NA,NA,NA,"23578",NA,"310","23888","1787912","1107492",NA,"100353","16441","404462",NA,NA,"1593627","5010287",NA,NA,NA,NA,NA,NA,"0","349920",NA,NA,"3293","485","225296","578994",NA,NA,NA,NA,NA,NA,"0","10513",NA,"405837","6013",NA,"14074","14915",NA,NA,NA,NA,NA,"440839",NA,NA,NA,NA,NA,NA,NA,NA,NA,NA,"0",NA,NA,NA,NA,NA,NA,NA,NA,NA,NA,"0",NA,NA,NA,"52564",NA,NA,NA,NA,NA,NA,"52564",NA,NA,NA,"55226",NA,NA,"55226",NA,NA,NA,"55226"
"90","090201","2025","AUSABLE VALLEY CSD","CLINTON",NA,NA,"284367",NA,"12284722","3138572","1340946",NA,NA,"30373",NA,NA,NA,NA,"44087",NA,NA,"44087","1899538","37137",NA,"32397","7792","224286",NA,NA,"1932902","4134052",NA,NA,NA,NA,NA,NA,"0",NA,NA,NA,NA,NA,NA,"0","47290",NA,NA,NA,NA,NA,"47290","22225",NA,"226016","4241",NA,"35400",NA,NA,NA,NA,NA,"94557","360214",NA,NA,NA,NA,NA,NA,NA,NA,NA,NA,"0",NA,NA,NA,NA,NA,NA,NA,NA,NA,NA,"0","28295","9624",NA,NA,NA,NA,NA,NA,"78661","9480","126060",NA,"7325",NA,NA,"14112","11026","32463",NA,NA,NA,"32463"
"91","090301","2025","BEEKMANTOWN CSD","CLINTON",NA,NA,"207337",NA,"15416406","4044614","1837736","1280490",NA,"128589",NA,NA,NA,NA,"97394",NA,NA,"97394","3775092","1677937",NA,"127055","84479","301709",NA,NA,"1412048","7378320","296186",NA,NA,NA,NA,NA,"296186",NA,NA,NA,NA,NA,NA,"0",NA,NA,NA,NA,NA,NA,"0","99884",NA,"317004","89214",NA,"73875","24756",NA,NA,NA,NA,"115755","620604",NA,NA,NA,NA,NA,NA,NA,NA,NA,NA,"0","42096","34650",NA,NA,NA,NA,NA,NA,NA,"14921","91667","135216","101509",NA,"10314","6771",NA,NA,NA,"55286","44501","353597",NA,"55191",NA,NA,NA,NA,"55191",NA,NA,NA,"55191"
"92","090501","2025","NORTHEASTERN CLINTON CSD","CLINTON",NA,NA,"300938",NA,"14433862","3522521","1597217",NA,NA,"64706",NA,NA,NA,NA,"35667",NA,NA,"35667","1905096","619737",NA,"40249","6613","20500",NA,NA,"3052923","5645118","64860",NA,NA,"140","6902",NA,"71902",NA,NA,NA,NA,NA,NA,"0",NA,NA,NA,NA,NA,NA,"0","24429",NA,"63826","44061",NA,"23534",NA,NA,NA,NA,NA,"20412","151833",NA,NA,NA,NA,NA,NA,NA,NA,NA,NA,"0","10000",NA,NA,"10264","2336",NA,NA,NA,NA,NA,"22600",NA,NA,NA,"1600",NA,NA,NA,NA,"106858",NA,"108458",NA,"13685",NA,NA,NA,NA,"13685",NA,NA,NA,"13685"
"93","090601","2025","CHAZY UFSD","CLINTON",NA,NA,"158205",NA,"4508984","742327","987175",NA,NA,"14893",NA,NA,NA,NA,"72052",NA,NA,"72052","487430","67734",NA,"11929","1202",NA,NA,NA,"914421","1482716","76982",NA,NA,NA,"296",NA,"77278",NA,NA,NA,NA,NA,NA,"0",NA,NA,NA,NA,NA,NA,"0","14173",NA,"43319","55939",NA,"18140","24291",NA,NA,NA,NA,NA,"141689",NA,NA,NA,NA,NA,NA,NA,NA,NA,NA,"0",NA,NA,NA,NA,NA,NA,NA,NA,NA,NA,"0","21305",NA,NA,NA,"461",NA,NA,NA,"37375","1630","60771",NA,"9377",NA,NA,NA,"717","10094",NA,NA,NA,"10094"
"94","090901","2025","NORTHERN ADIRONDACK CSD","CLINTON",NA,NA,"224790",NA,"11465994","2396635","1269131",NA,NA,"128984",NA,NA,NA,NA,"22360",NA,NA,"22360","1218716","41361","379","58251","5586",NA,"246502","0","1918145","3488940","141555",NA,"0","983","1172",NA,"143710",NA,NA,NA,NA,NA,NA,"0",NA,NA,NA,NA,NA,NA,"0","12133",NA,NA,"159279",NA,"16807",NA,NA,NA,NA,NA,"89980","266066",NA,NA,NA,NA,NA,NA,NA,NA,NA,NA,"0",NA,"5018",NA,"6161","143",NA,NA,NA,NA,"987","12309",NA,NA,NA,NA,NA,NA,NA,NA,"43930",NA,"43930",NA,"11392",NA,NA,"3048","2295","16735",NA,NA,NA,"16735"
"95","091101","2025","PERU CSD","CLINTON","32262","126940","286613","32262","17354831","5379723","2222132",NA,NA,"106237",NA,NA,NA,NA,"41386",NA,NA,"41386","3493866","1254181",NA,"62117","7353",NA,"454679",NA,"1405430","6677626",NA,NA,NA,NA,"568",NA,"568","58808",NA,NA,"17332",NA,NA,"76140",NA,NA,NA,NA,NA,NA,"0","51422",NA,"431052","34008",NA,"41982","30825",NA,NA,NA,NA,"78747","616614",NA,NA,NA,NA,NA,NA,NA,NA,NA,NA,"0",NA,NA,NA,NA,NA,NA,NA,NA,NA,NA,"0",NA,NA,NA,NA,NA,NA,"104904",NA,"132490",NA,"237394",NA,"11806",NA,NA,"2935","2978","17719",NA,NA,NA,"17719"
"96","091200","2025","PLATTSBURGH CITY SD","CLINTON","0","0","308520","0","11804713","5177231","2062345","0","0","136090","0","0","0","0","61891","0","0","61891","4644361","598076","0","20059","33987","23683","3108","0","3804078","9127352","621713","0","0","0","7022","0","628735","0","0","0","0","0","0","0","0","0","0","0","0","0","0","19930","0","346179","46772","0","87494","0","0","0","0","0","81968","562413","0","0","0","0","0","0","0","0","0","0","0","0","0","0","0","0","0","0","0","0","0","0","36001","15399","0","0","0","0","0","0","99651","0","151051","0","6368",NA,"5155","663","5760","17946","0","0","0","17946"
"97","091402","2025","SARANAC CSD","CLINTON","0","0","248770","0","14537877","4717056","1310950","0","0","70919","0","0","0","0","45666","0","0","45666","2933563","759762","14019","6037","20688","30795","0","0","2354579","6119443","321156","0","0","0","0","0","321156","126339","0","0","8935","0","0","135274","0","0","0","0","0","0","0","781226","0","276901","0","0","79252","0","0","0","0","0","134305","490458","0","0","0","0","0","0","0","0","0","0","0","1329193","359574","9954","314645","101460","0","0","0","0","636743","2751569","3840","1291","0","0","0","0","0","0","79791","0","84922","0","20755","0","24291","0","11969","57015","0","0","0","57015"
"98","100308","2025","BERKSHIRE UFSD","COLUMBIA",NA,NA,NA,NA,NA,NA,NA,NA,NA,NA,NA,NA,NA,NA,NA,NA,NA,"0",NA,NA,NA,NA,NA,NA,NA,NA,NA,"0",NA,NA,NA,NA,NA,NA,"0",NA,NA,NA,NA,NA,NA,"0",NA,NA,NA,NA,NA,NA,"0",NA,NA,NA,NA,NA,NA,NA,NA,NA,NA,NA,NA,"0",NA,NA,NA,NA,NA,NA,NA,NA,NA,NA,"0",NA,NA,NA,NA,NA,NA,NA,NA,NA,NA,"0",NA,NA,NA,NA,NA,NA,NA,NA,NA,NA,"0",NA,NA,NA,NA,NA,NA,"0",NA,NA,NA,"0"
"99","100501","2025","TACONIC HILLS CSD","COLUMBIA",NA,"118719","105926",NA,"9241905","1917779","648137",NA,NA,"25696",NA,NA,NA,NA,"114140",NA,NA,"114140","1745692","671968","2125","199198","16763","928529",NA,NA,"529825","4094100","207417",NA,NA,NA,"5932",NA,"213349","128916",NA,NA,"30720","528",NA,"160164",NA,NA,NA,NA,NA,NA,"0","20823",NA,NA,NA,NA,NA,NA,NA,NA,NA,NA,NA,"0",NA,NA,NA,NA,NA,NA,NA,NA,NA,NA,"0",NA,NA,NA,NA,NA,NA,NA,NA,NA,NA,"0",NA,NA,NA,NA,NA,"4861","112275",NA,"22924",NA,"140060",NA,"56212",NA,NA,NA,"12844","69056",NA,NA,NA,"69056"
"100","100902","2025","GERMANTOWN CSD","COLUMBIA",NA,NA,"81254",NA,"3265537","1318503","422172",NA,NA,"33287",NA,NA,NA,NA,"35814",NA,NA,"35814","774860","89594",NA,"34262","5618","168270","155985",NA,"659687","1888276","109679",NA,NA,NA,NA,NA,"109679","406075",NA,NA,NA,NA,NA,"406075",NA,NA,NA,NA,NA,NA,"0","25940",NA,"16746","5012",NA,"15333",NA,NA,NA,NA,NA,NA,"37091","174932",NA,NA,NA,NA,NA,NA,NA,NA,NA,"174932",NA,NA,NA,NA,NA,NA,NA,NA,NA,NA,"0",NA,NA,NA,NA,NA,NA,"34392",NA,NA,NA,"34392",NA,NA,NA,NA,NA,NA,"0","63227",NA,NA,"63227"
"101","101001","2025","CHATHAM CSD","COLUMBIA","16837","0","0","16837","6676847","0","754192","92217","0","8611","0","0","0","0","26718","0","0","26718","1643313","409023","1273","118657","24254","73979","381362","0","824945","3476806","219563","0","0","0","2599","0","222162","143468","0","0","0","0","0","143468","0","0","0","0","0","0","0","62279","0","269210","0","0","17036","5083","0","0","0","0","0","291329","0","0","0","0","0","0","0","0","0","0","0","0","0","0","0","0","0","0","0","0","0","0","60089","10506","0","0","0","0","60761","0","39235","35163","205754","0","46457","0","0","39553","19630","105640","0","0","0","105640"
"102","101300","2025","HUDSON CITY SD","COLUMBIA","13610","231975","660978","13610","18517097","4500930","881602","0","0","388352","0","0","0","0","86738","0","0","86738","3738086","1061351","0","135092","26460","0","1757419","0","540848","7259256","621766","0","0","0","1990","0","623756","189586","0","0","0","0","0","189586","0","0","0","0","0","0","0","20063","0","356949","72484","0","83916","0","0","0","0","0","79956","593305","0","0","0","0","0","0","0","0","0","0","0","0","0","0","0","0","0","0","0","0","0","0","54433","27772","0","0","0","331064","0","0","0","16013","429282","0","0","0","337625","0","0","337625","0","0","0","337625"
"103","101401","2025","KINDERHOOK CSD","COLUMBIA",NA,"60000","182950",NA,"11927936","2732302","1779726",NA,NA,"167580",NA,NA,NA,NA,"54150",NA,NA,"54150","4335036","255243",NA,"85561","23967",NA,"280862",NA,"396515","5377184",NA,NA,NA,NA,NA,NA,"0","134447",NA,NA,"35507",NA,NA,"169954",NA,NA,NA,NA,NA,NA,"0",NA,NA,"375377","7032",NA,"85428","20124",NA,NA,NA,NA,NA,"487961",NA,NA,NA,NA,NA,NA,NA,NA,NA,NA,"0",NA,NA,NA,NA,NA,NA,NA,NA,NA,NA,"0","55104",NA,NA,NA,NA,NA,"36039",NA,"13754",NA,"104897",NA,"120058",NA,NA,NA,NA,"120058",NA,NA,NA,"120058"
"104","101601","2025","NEW LEBANON CSD","COLUMBIA",NA,"66540","58261",NA,"2826535","458595","179477",NA,NA,NA,NA,NA,NA,NA,"46866",NA,NA,"46866","474141","165202","1181","131560","3045","142844",NA,NA,"254626","1172599","195411",NA,NA,NA,NA,NA,"195411",NA,NA,NA,NA,NA,NA,"0",NA,NA,NA,NA,NA,NA,"0","7526",NA,"151929",NA,NA,"8331",NA,NA,NA,NA,NA,NA,"160260",NA,"3904",NA,NA,NA,NA,NA,NA,NA,NA,"3904",NA,NA,NA,NA,NA,NA,NA,NA,NA,NA,"0",NA,NA,NA,NA,NA,NA,"2645",NA,"5731",NA,"8376",NA,"16562",NA,NA,"1003","11687","29252",NA,NA,NA,"29252"
"105","110101","2025","CINCINNATUS CSD","CORTLAND",NA,NA,"353607",NA,"9777175","1022365","1205228",NA,NA,"60338",NA,NA,NA,NA,"22015",NA,NA,"22015","975909","244593","3828","3017","7781",NA,"230262",NA,"1240203","2705593","40253",NA,NA,NA,NA,NA,"40253","114686",NA,NA,NA,NA,NA,"114686",NA,NA,NA,NA,NA,NA,"0","22019",NA,"171323",NA,NA,NA,NA,NA,NA,NA,NA,NA,"171323",NA,NA,NA,NA,NA,NA,NA,NA,NA,NA,"0",NA,NA,NA,NA,NA,NA,NA,NA,NA,NA,"0","36132","2837",NA,NA,"18031",NA,NA,NA,"52909",NA,"109909",NA,NA,NA,"106432",NA,NA,"106432",NA,NA,NA,"106432"
"106","110200","2025","CORTLAND CITY SD","CORTLAND",NA,"1404","910826",NA,"19157854","5633434","2293783",NA,NA,"154994",NA,NA,NA,NA,"179558",NA,NA,"179558","2908622","813222",NA,"44871","22251","223238","115175",NA,"4334647","8462026","137359","1432",NA,"525","755",NA,"140071","454574",NA,NA,"3188",NA,NA,"457762",NA,NA,NA,NA,NA,NA,"0","54815",NA,"681574","21217",NA,"52760",NA,NA,NA,NA,NA,"7199","762750",NA,NA,NA,NA,NA,NA,NA,NA,NA,NA,"0","21820",NA,NA,"16867",NA,NA,NA,NA,NA,NA,"38687",NA,NA,NA,NA,NA,NA,NA,NA,"254071",NA,"254071",NA,"5219",NA,"8424",NA,"6361","20004",NA,NA,NA,"20004"
"107","110304","2025","MCGRAW CSD","CORTLAND",NA,NA,"205289",NA,"8167772","1259728","995117",NA,NA,"50704",NA,NA,NA,NA,"15889",NA,NA,"15889","869414","101192",NA,"17351","15984",NA,"19074",NA,"872837","1895852","139733",NA,NA,NA,"2868",NA,"142601",NA,NA,NA,NA,NA,NA,"0",NA,NA,NA,NA,NA,NA,"0","43657",NA,"160201",NA,NA,"15103",NA,NA,NA,NA,NA,NA,"175304",NA,NA,NA,NA,NA,NA,NA,NA,NA,NA,"0",NA,NA,NA,NA,NA,NA,NA,NA,NA,NA,"0",NA,NA,NA,NA,NA,NA,NA,NA,"37298",NA,"37298",NA,"158",NA,"949","2057",NA,"3164",NA,NA,NA,"3164"
"108","110701","2025","HOMER CSD","CORTLAND",NA,"58277","571788",NA,"17767803","2671781","2313336","72376",NA,"66030",NA,NA,NA,NA,"93750",NA,NA,"93750","3770103","129642",NA,"31433","40179","173511",NA,"356","1119296","5264520","313616",NA,NA,NA,NA,NA,"313616",NA,NA,NA,NA,NA,NA,"0",NA,NA,NA,NA,NA,NA,"0","57499",NA,"720613","15643",NA,"19989",NA,NA,NA,NA,NA,"459","756704",NA,NA,NA,NA,NA,NA,NA,NA,NA,NA,"0",NA,NA,NA,NA,NA,NA,NA,NA,NA,NA,"0","193471","8068",NA,NA,NA,NA,NA,NA,"36244",NA,"237783",NA,"49713",NA,NA,NA,NA,"49713",NA,NA,NA,"49713"
"109","110901","2025","MARATHON CSD","CORTLAND",NA,"1000","224713",NA,"11086410","1326180","1269073",NA,NA,"67223",NA,NA,NA,NA,"35727",NA,NA,"35727","1087692","142262","98","37371","-20446","75802",NA,NA,"1364986","2687765",NA,NA,NA,"156",NA,NA,"156",NA,NA,NA,NA,NA,NA,"0",NA,NA,NA,NA,NA,NA,"0","11384",NA,"257887","6546",NA,"7429","265",NA,NA,NA,"56920",NA,"329047",NA,NA,NA,NA,NA,NA,NA,NA,NA,NA,"0",NA,NA,NA,NA,NA,NA,NA,NA,NA,NA,"0",NA,NA,NA,NA,NA,NA,NA,NA,NA,NA,"0",NA,NA,NA,NA,NA,NA,"0",NA,NA,NA,"0"
"110","120102","2025","ANDES CSD","DELAWARE","0","5200","83804","0","739839","154118","152202","0","0","0","0","0","0","0","46344","0","0","46344","100280","0","0","76487","10767","0","0","0","6219","193753","0","0","0","60098","0","8000","68098","0","0","0","0","0","0","0","0","0","0","0","0","0","0","0","0","32510","1378","0","0","84","0","0","0","0","0","33972","0","0","0","0","0","0","0","0","0","0","0","0","0","0","0","0","0","0","0","0","0","0","0","0","0","0","0","0","0","0","0","0","0","0","0","0","0","0","0","0","0","0","0","0"
"111","120301","2025","DOWNSVILLE CSD","DELAWARE",NA,NA,"79199",NA,"1378631","178255","281600",NA,NA,"11707",NA,NA,NA,NA,"51089",NA,NA,"51089","424759","17537",NA,"3336","2993","2568","215271",NA,"326329","992793","92233",NA,NA,NA,"2871",NA,"95104",NA,NA,NA,"5000",NA,NA,"5000",NA,NA,NA,NA,NA,NA,"0",NA,NA,"3000",NA,NA,NA,NA,NA,NA,NA,NA,"230","3230",NA,NA,NA,NA,NA,NA,NA,NA,NA,NA,"0",NA,NA,NA,NA,NA,NA,NA,NA,NA,NA,"0",NA,NA,NA,NA,NA,NA,"19818",NA,NA,NA,"19818",NA,NA,NA,NA,NA,NA,"0",NA,NA,NA,"0"
"112","120401","2025","CHARLOTTE VALLEY CSD","DELAWARE","302500","360762","291072","302500","4718451","1034397","651208","0","0","59807","0","0","0","0","10005","0","0","10005","559317","39320","0","60977","3683","0","147852","218","656747","1468114","62878","0","0","882","897","0","64657","0","0","0","0","0","63060","63060","0","0","0","0","0","0","0","11677","0","143727","0","0","0","0","0","0","0","0","0","143727","0","0","0","0","0","0","0","0","0","0","0","0","0","0","0","0","0","0","0","0","0","0","27240","0","0","26144","4112","0","0","0","29199","2490","89185","0","5394","0","0","0","0","5394","0","0","0","5394"
"113","120501","2025","DELAWARE ACADEMY CSD AT DELHI","DELAWARE","300000",NA,"174131","300000","6154660","1429805","803375",NA,NA,"44810",NA,NA,NA,NA,"24371",NA,NA,"24371","889520","28010",NA,"30765","4482","394941","243013","1160","339863","1931754","91409",NA,NA,NA,"3338",NA,"94747",NA,NA,NA,NA,NA,NA,"0",NA,NA,NA,NA,NA,NA,"0",NA,NA,"142629","86383",NA,"123641",NA,NA,NA,NA,NA,NA,"352653",NA,NA,NA,NA,NA,NA,NA,NA,NA,NA,"0",NA,NA,NA,NA,NA,NA,NA,NA,NA,NA,"0",NA,"14070",NA,"13405",NA,NA,"12751",NA,"15293",NA,"55519",NA,"55519",NA,NA,NA,NA,"55519",NA,NA,NA,"55519"
"114","120701","2025","FRANKLIN CSD","DELAWARE",NA,NA,"106223",NA,"3246212","570614","361904",NA,NA,"3225",NA,NA,NA,NA,"7262",NA,NA,"7262","316035","49587",NA,"18173","2009","48161","76508",NA,"403504","913977",NA,NA,NA,NA,NA,NA,"0",NA,"49163",NA,NA,NA,NA,"49163",NA,NA,NA,NA,NA,NA,"0","9880",NA,"63183",NA,NA,"17939",NA,NA,NA,NA,NA,NA,"81122",NA,NA,NA,NA,NA,NA,NA,NA,NA,NA,"0",NA,NA,NA,NA,NA,NA,NA,NA,NA,NA,"0",NA,NA,NA,NA,NA,NA,"20177",NA,NA,NA,"20177",NA,NA,NA,"29222",NA,NA,"29222",NA,NA,NA,"29222"
"115","120906","2025","HANCOCK CSD","DELAWARE",NA,"93454","115957",NA,"5776257","869460","500291",NA,NA,"14831",NA,NA,NA,NA,"23861",NA,"490","24351","361805","147316",NA,"173795","4891",NA,NA,NA,"412395","1100202",NA,NA,NA,"38470",NA,NA,"38470",NA,NA,NA,NA,NA,NA,"0",NA,NA,NA,"51429",NA,NA,"51429","5457",NA,"105617",NA,NA,"969",NA,NA,NA,NA,NA,NA,"106586",NA,NA,NA,NA,NA,NA,NA,NA,NA,NA,"0",NA,"2266",NA,"567",NA,NA,NA,NA,NA,NA,"2833",NA,NA,NA,NA,NA,NA,NA,NA,"15086",NA,"15086",NA,"11890",NA,NA,NA,"308","12198",NA,NA,NA,"12198"
"116","121401","2025","MARGARETVILLE CSD","DELAWARE","0","115789","228966","0","3023948","0","362020","37769","0","0","0","0","0","0","15316","0","0","15316","541018","310786","0","162829","5980","173746","0","0","917417","2111776","0","0","0","32125","401","0","32526","0","0","0","0","0","0","0","157620","0","0","20","546","0","158186","7068","0","82613","45135","0","0","0","0","0","0","14116","2676","144540","0","0","0","0","0","0","0","0","0","0","0","0","0","0","0","0","0","0","0","0","0","0","0","0","0","0","0","0","0","0","0","0","0","0","0","0","0","0","0","0","0","0","0","0"
"117","121502","2025","ROXBURY CSD","DELAWARE","0","96486","240826","0","2491659","577968","359406","0","0","501","0","0","0","0","30699","0","0","30699","837797","0","0","27627","5600","112333","0","0","520974","1504331","0","0","0","0","362","4000","4362","0","0","0","0","0","0","0","0","0","0","0","0","0","0","8340","0","76367","0","0","15238","3192","0","0","0","0","0","94797","0","0","0","0","0","0","0","0","0","0","0","0","946","0","0","0","0","0","0","0","0","946","8827","3259","0","12751","0","0","0","0","0","2356","27193","0","5780","0","8525","201","0","14506","0","0","0","14506"
"118","121601","2025","SIDNEY CSD","DELAWARE",NA,"70510","584749",NA,"14220099","3335975","2495177",NA,NA,"75246",NA,NA,NA,NA,"11921",NA,"1913","13834","631927","693832",NA,"13315","16719","137280","78013",NA,"2410043","3981129",NA,NA,NA,NA,NA,NA,"0","70209",NA,NA,NA,NA,NA,"70209",NA,NA,NA,NA,NA,NA,"0","25989",NA,"261241",NA,NA,"31849",NA,NA,NA,NA,NA,"34426","327516",NA,"641",NA,"4621",NA,NA,NA,NA,NA,NA,"5262",NA,NA,NA,NA,NA,NA,NA,NA,NA,NA,"0",NA,NA,NA,NA,NA,"13651",NA,NA,"54186",NA,"67837",NA,"14798",NA,"10662",NA,NA,"25460",NA,NA,NA,"25460"
"119","121701","2025","STAMFORD CSD","DELAWARE","0","0","121473","0","5236394","0","582424","0","0","0","0","0","0","0","9108","0","0","9108","162587","161287","0","84747","578","283394","224646","0","230572","1147811","19151","0","0","0","0","0","19151","0","0","0","0","0","0","0","0","0","0","0","0","0","0","15800","0","49156","8499","0","9182","3075","0","0","0","0","25725","95637","0","0","0","0","0","0","0","0","0","0","0","0","0","0","0","0","0","0","0","0","0","0","0","0","0","0","0","0","46093","0","0","0","46093","0","52663","0","0","0","0","52663","0","0","0","52663"
"120","121702","2025","SOUTH KORTRIGHT CSD","DELAWARE",NA,NA,"193533",NA,"3725002","802793","484316",NA,NA,NA,NA,NA,NA,NA,"5143",NA,NA,"5143","326166",NA,NA,"83247","9418","122172","153016","526","392109","1086654",NA,NA,NA,NA,NA,"85554","85554",NA,NA,NA,NA,NA,"63060","63060",NA,NA,NA,NA,NA,NA,"0","10585",NA,"95276",NA,NA,"9842",NA,NA,NA,NA,NA,NA,"105118",NA,NA,NA,NA,NA,NA,NA,NA,NA,NA,"0",NA,NA,NA,NA,NA,NA,NA,NA,NA,NA,"0","2559",NA,NA,"2016",NA,"9048","25502",NA,"4569",NA,"43694",NA,NA,NA,"9230",NA,NA,"9230",NA,NA,NA,"9230"
"121","121901","2025","WALTON CSD","DELAWARE",NA,"148312","139410",NA,"9358250","2555379","1406270",NA,NA,"44099",NA,NA,NA,NA,"25425",NA,"777","26202","1161922","729116",NA,"144923","13458",NA,"127723",NA,"955881","3133023",NA,NA,NA,NA,"3941",NA,"3941","1049",NA,NA,NA,NA,NA,"1049",NA,NA,NA,NA,NA,NA,"0","18739",NA,"214170","67608",NA,"24812",NA,NA,NA,NA,NA,NA,"306590",NA,NA,NA,NA,NA,NA,NA,NA,NA,NA,"0",NA,NA,NA,NA,NA,NA,NA,NA,NA,NA,"0","7030",NA,NA,NA,NA,NA,"12751",NA,"35947",NA,"55728",NA,"10770",NA,NA,NA,"3554","14324","43648",NA,NA,"57972"
"122","130200","2025","BEACON CITY SD","DUTCHESS",NA,"270809","717347",NA,"18069525","6269062","1222149","14280",NA,"398020",NA,NA,NA,NA,"184838",NA,NA,"184838","5956970","2233815","6839","314535","20754","2286808",NA,NA,"2411260","13230981","628713",NA,NA,NA,"9908",NA,"638621","765872",NA,NA,"908","639",NA,"767419",NA,NA,NA,NA,NA,NA,"0","130108",NA,NA,NA,NA,NA,NA,NA,NA,NA,NA,NA,"0","612230","153713",NA,"74014",NA,NA,NA,NA,NA,NA,"839957",NA,"25943",NA,"15579",NA,NA,NA,NA,NA,NA,"41522","62386","40578",NA,"23805",NA,"344718",NA,NA,NA,NA,"471487",NA,"179053",NA,NA,NA,NA,"179053",NA,NA,NA,"179053"
"123","130502","2025","DOVER UFSD","DUTCHESS",NA,"4750","372508",NA,"13556582","3236324","919778",NA,NA,"42840",NA,NA,NA,NA,"43875",NA,NA,"43875","2174144","558810","11172","165346","13492",NA,"1374935",NA,"1060307","5358206","286596",NA,NA,NA,"2798",NA,"289394","26745",NA,NA,NA,"320",NA,"27065","69480",NA,"815","2773","4811",NA,"77879","103188",NA,"349604",NA,NA,"47451","1786",NA,NA,NA,NA,NA,"398841",NA,NA,NA,NA,NA,NA,NA,NA,NA,NA,"0","3674",NA,NA,"6419",NA,NA,NA,NA,NA,NA,"10093","2180",NA,NA,NA,NA,NA,"217482",NA,"36700",NA,"256362",NA,NA,NA,NA,NA,NA,"0","131113",NA,NA,"131113"
"124","130801","2025","HYDE PARK CSD","DUTCHESS",NA,"256387","1052168",NA,"26343133","7711597","2715081","111885",NA,"144090",NA,NA,NA,NA,"229116",NA,NA,"229116","8023538","811553","4745","1314183","29673","120433","2202303",NA,"3328055","15834483","916777",NA,NA,NA,NA,NA,"916777","980097",NA,NA,NA,NA,NA,"980097",NA,NA,NA,NA,NA,NA,"0","354263",NA,"632588","189922",NA,"105149",NA,NA,NA,NA,NA,"372541","1300200",NA,NA,NA,NA,NA,NA,NA,NA,NA,NA,"0",NA,NA,NA,NA,NA,NA,NA,NA,NA,NA,"0",NA,NA,NA,NA,NA,NA,"509528",NA,"214064",NA,"723592",NA,"72400",NA,"79449",NA,"16840","168689",NA,NA,NA,"168689"
"125","131101","2025","NORTHEAST CSD","DUTCHESS",NA,"3833","195231",NA,"4288435",NA,"442849",NA,NA,"112934","788889",NA,NA,NA,"32030",NA,NA,"32030","1618584","85430",NA,"875335","4063","140748",NA,NA,"1593021","4317181",NA,NA,NA,NA,NA,NA,"0","333928",NA,NA,NA,NA,NA,"333928",NA,NA,NA,NA,NA,NA,"0","55693",NA,NA,NA,NA,NA,NA,NA,NA,NA,NA,NA,"0",NA,NA,NA,"3809","4327",NA,NA,NA,NA,NA,"8136","204208","38505",NA,"28341","1061",NA,NA,NA,NA,NA,"272115","39041","5984",NA,NA,"744",NA,"158651",NA,NA,"8960","213380",NA,NA,"34912",NA,"19699","10473","65084",NA,NA,NA,"65084"
"126","131201","2025","PAWLING CSD","DUTCHESS",NA,NA,"419106",NA,"6950362","1640113","1336095",NA,NA,"42765",NA,NA,NA,NA,"92419",NA,NA,"92419","2535252","204673",NA,"179095","31677",NA,"603206",NA,"1653125","5207028","325217",NA,NA,"42","8260",NA,"333519","117966",NA,NA,"147",NA,NA,"118113",NA,NA,NA,NA,NA,NA,"0","73367",NA,"319283","12328",NA,"40104",NA,NA,NA,NA,NA,NA,"371715",NA,NA,NA,NA,NA,NA,NA,NA,NA,NA,"0",NA,NA,NA,NA,NA,NA,NA,NA,NA,NA,"0","31506","12212",NA,"9797",NA,NA,"42079",NA,"53767","3343","152704",NA,"60462",NA,"2424",NA,"9568","72454","884",NA,NA,"73338"
"127","131301","2025","PINE PLAINS CSD","DUTCHESS",NA,"328109","304964",NA,"5346353","1756496","601054",NA,NA,"200227",NA,NA,NA,NA,"61237",NA,NA,"61237","1836079","196910","8700","393243","23176","4750","751958","3813","1097808","4316437","130415",NA,NA,"325","203",NA,"130943","247972",NA,NA,"58746",NA,NA,"306718",NA,NA,NA,NA,NA,NA,"0","50932",NA,"175156","5053",NA,"33026",NA,NA,NA,NA,NA,NA,"213235",NA,NA,NA,NA,NA,NA,NA,NA,NA,NA,"0",NA,NA,NA,NA,NA,NA,NA,NA,NA,NA,"0","27318","1926",NA,"7640",NA,"5095","136125",NA,"17000","16374","211478",NA,"24086",NA,NA,"10140","2734","36960",NA,NA,"6220","43180"
"128","131500","2025","POUGHKEEPSIE CITY SD","DUTCHESS","8055",NA,"1560798","8055","63943205","19037132","2391412",NA,NA,"621565",NA,NA,NA,NA,"278842",NA,NA,"278842","7716145","370920","4305","2827525","414706","1022","4751655",NA,"6491842","22578120","589597",NA,NA,NA,"10025",NA,"599622","16881",NA,NA,NA,"976",NA,"17857","1084648",NA,NA,NA,"4974",NA,"1089622","272486",NA,"831184","376176",NA,"473534","2491",NA,NA,NA,NA,"16798","1700183",NA,NA,NA,NA,NA,NA,NA,NA,"3980",NA,"3980",NA,"40291",NA,"1879","1510",NA,NA,NA,NA,NA,"43680","128470","69500",NA,"336923",NA,NA,"681838",NA,"130720",NA,"1347451",NA,"23973",NA,NA,NA,"16605","40578","76845",NA,"247575","364998"
"129","131601","2025","ARLINGTON CSD","DUTCHESS",NA,"595201","2429505",NA,"51314495","14509096","6100067","130966",NA,"247653",NA,NA,NA,NA,"241095",NA,NA,"241095","18178491","2016827",NA,"1550684","72091","273602","7739390",NA,"8549990","38381075","1636728",NA,NA,"1523","22849",NA,"1661100","1600922",NA,NA,"477","170",NA,"1601569",NA,NA,NA,NA,NA,NA,"0","484563",NA,"1126579",NA,NA,"623911","155303",NA,"194395",NA,NA,"445704","2545892",NA,NA,NA,NA,NA,NA,NA,NA,NA,NA,"0",NA,NA,NA,NA,NA,NA,NA,NA,NA,NA,"0","150128","34413",NA,"99096",NA,NA,"1209311",NA,"137609","34966","1665523",NA,"468465",NA,NA,"59409","229741","757615",NA,NA,NA,"757615"
"130","131602","2025","SPACKENKILL UFSD","DUTCHESS",NA,NA,"460713",NA,"12889141",NA,"1536142",NA,NA,"65463",NA,NA,NA,NA,"95122",NA,NA,"95122","3011562","147752",NA,"237853","9884",NA,"930833",NA,"2045845","6383729","727832",NA,NA,NA,NA,NA,"727832",NA,NA,NA,NA,NA,NA,"0",NA,NA,NA,NA,NA,NA,"0","9441",NA,"128073","17138",NA,"291100","6000",NA,NA,NA,NA,NA,"442311",NA,NA,NA,NA,NA,NA,NA,NA,NA,NA,"0",NA,NA,NA,NA,NA,NA,NA,NA,NA,NA,"0","37578",NA,NA,"10832",NA,NA,"200308",NA,"86500","9227","344445",NA,"26602",NA,NA,NA,NA,"26602",NA,NA,NA,"26602"
"131","131701","2025","RED HOOK CSD","DUTCHESS",NA,"631624","1261974",NA,"9862092","3473039","1455810",NA,NA,"71481",NA,NA,NA,NA,"72867",NA,NA,"72867","3383263","1168965","11672","170712","36404",NA,"1163566","1107","981175","6916864","11782",NA,NA,"191","4863",NA,"16836",NA,NA,NA,NA,NA,NA,"0",NA,NA,NA,NA,NA,NA,"0","93304",NA,"336209","10913",NA,"54334","8350",NA,NA,NA,NA,NA,"409806",NA,NA,NA,NA,NA,NA,NA,NA,NA,NA,"0",NA,NA,NA,NA,NA,NA,NA,NA,NA,NA,"0","15265","18384",NA,NA,NA,NA,"280211",NA,"20400",NA,"334260",NA,"61704",NA,NA,"39951","12125","113780","18480",NA,NA,"132260"
"132","131801","2025","RHINEBECK CSD","DUTCHESS",NA,"48891","340206",NA,"2192278","544640","538441",NA,NA,"69430",NA,NA,NA,NA,"33900",NA,NA,"33900","1793594","158209","3904","117756","12605","67177","621213","202","717226","3491886","202238",NA,NA,NA,"176",NA,"202414","304931",NA,NA,"513","1709",NA,"307153","241033",NA,NA,NA,NA,NA,"241033","55924",NA,"52009","6063",NA,"176775","34177",NA,NA,NA,"15000",NA,"284024",NA,NA,NA,NA,NA,NA,NA,NA,NA,NA,"0",NA,NA,NA,NA,NA,NA,NA,NA,NA,NA,"0","25193","10625",NA,"14217",NA,NA,"171076",NA,"3400","6509","231020",NA,NA,NA,NA,NA,NA,"0","48600",NA,NA,"48600"
"133","132101","2025","WAPPINGERS CSD","DUTCHESS",NA,NA,"2420395",NA,"63969807","17734780","3116779","665896",NA,"278388",NA,NA,NA,NA,"264142",NA,NA,"264142","24835767","399812",NA,"2395713","67973","25165","11898222",NA,"13127365","52750017","2228016",NA,NA,NA,NA,NA,"2228016","1549583",NA,NA,NA,NA,NA,"1549583",NA,NA,NA,"47607",NA,NA,"47607","899711",NA,"1897788","397984",NA,"598331","474502",NA,NA,NA,NA,"305602","3674207",NA,NA,NA,NA,NA,NA,NA,NA,NA,NA,"0",NA,NA,NA,NA,NA,NA,NA,NA,NA,NA,"0","308377","26551",NA,"180123",NA,NA,"2057517",NA,NA,"25340","2597908",NA,"419170",NA,"684743","23257","32080","1159250",NA,NA,NA,"1159250"
"134","132201","2025","MILLBROOK CSD","DUTCHESS",NA,NA,"430619",NA,"2534732","775366","675601",NA,"386236","28861",NA,NA,NA,NA,"87062",NA,"12916","99978","1828557","225350","19192","271310","15767","406784","333293","1520","379594","3481367","421639","27845",NA,"67","1274",NA,"450825",NA,NA,NA,NA,NA,"71635","71635",NA,NA,NA,"14847",NA,NA,"14847",NA,NA,"159612","15800",NA,"107624","4925",NA,"1439914",NA,"233650",NA,"1961525",NA,NA,NA,NA,NA,NA,NA,NA,NA,NA,"0",NA,NA,NA,NA,NA,NA,NA,NA,NA,NA,"0","1619","3940",NA,NA,NA,NA,"287705",NA,"17000",NA,"310264",NA,NA,NA,"2200",NA,NA,"2200","164544",NA,NA,"166744"
"135","140101","2025","ALDEN CSD","ERIE","0","167781","104783","0","8451153","3498511","1191369","0","0","34734","0","0","0","0","119718","0","38022","157740","1794797","419656","0","95868","7636","0","354914","0","374869","3047740","176310","0","0","45300","1317","0","222927","95026","0","0","0","430","9705","105161","0","0","0","0","0","0","0","49561","0","313200","28132","0","80572","28142","0","0","0","0","24722","474768","0","0","0","0","0","0","0","0","0","0","0","0","0","0","0","0","0","0","0","0","0","0","20020","22080","0","9032","458","568","60345","0","20830","8980","142313","0","55658","0","1564","7265","18149","82636","0","0","0","82636"
"136","140201","2025","AMHERST CSD","ERIE","0","250682","163203","0","17239242","3344946","1876592","1098342","0","835429","0","132324","0","0","138038","0","34031","172069","3544411","1001023","11035","596332","12152","71542","2508512","0","2120047","9904311","218616","0","0","0","370","0","218986","468679","5750","0","4200","3506","53270","535405","611390","1392","0","458","1957","0","615197","394457","39257","658393","1500","0","278854","27794","0","0","0","0","115","966656","0","0","0","0","0","0","0","0","0","0","0","0","0","0","0","0","0","0","0","0","0","0","0","0","0","124449","0","366209","0","0","191074","0","681732","0","0","0","0","0","0","0","257709","0","0","257709"
"137","140203","2025","WILLIAMSVILLE CSD","ERIE","0","107944","394105","0","38898301","8211356","3616352","421551","0","1034917","0","0","0","0","413663","0","67419","481082","10918581","5599411","20573","1088640","54681","5388061","0","0","2543420","25613367","941460","0","0","2380","17706","0","961546","702048","52766","0","25271","6827","66924","853836","0","0","0","0","0","0","0","200000","0","1850199","0","0","35941","37950","0","0","0","54277","16513","1994880","0","0","0","0","0","0","0","0","0","0","0","0","0","0","0","0","0","0","0","0","0","0","164244","105816","0","71752","0","757276","0","0","122870","20659","1242617","0","0","0","0","0","0","0","483135","0","0","483135"
"138","140207","2025","SWEET HOME CSD","ERIE","0","242657","82238","0","22432141","5627707","1540318","5411","0","389946","0","0","0","0","207844","0","52445","260289","4177537","1709729","7320","873171","29995","50745","2701463","2010","1032595","10584565","407639","0","0","0","1076","0","408715","338782","98287","0","0","0","7873","444942","0","0","0","0","0","0","0","375343","0","701294","85436","0","186751","4923","0","0","0","0","0","978404","0","0","0","0","0","0","0","0","0","0","0","1174","13125","0","23217","0","0","0","0","0","0","37516","293243","128326","0","74373","0","0","415573","0","0","176064","1087579","0","131170","0","0","0","0","131170","170385","0","0","301555"
"139","140301","2025","EAST AURORA UFSD","ERIE",NA,"288928","156192",NA,"7527417","1424467","1279924","60063",NA,"198304",NA,NA,NA,NA,"161342",NA,NA,"161342","2419101","973239",NA,"496032","39688",NA,"657021",NA,"1218115","5803196","190755",NA,NA,NA,NA,NA,"190755","168537",NA,NA,NA,NA,NA,"168537",NA,NA,NA,NA,NA,NA,"0","50515",NA,"458433",NA,NA,"41390","6250",NA,NA,NA,NA,NA,"506073",NA,NA,NA,NA,NA,NA,NA,NA,NA,NA,"0",NA,NA,NA,NA,NA,NA,NA,NA,NA,NA,"0","42475","36833",NA,"38785",NA,NA,"82669",NA,"60483",NA,"261245",NA,NA,NA,NA,NA,NA,"0","117380",NA,NA,"117380"
"140","140600","2025","BUFFALO CITY SD","ERIE","5996962","975102",NA,"5996962","691556779","105153497",NA,"10103",NA,"3970099",NA,NA,"681229",NA,"255261","29270",NA,"965760","83911194","12553917","60945","7942424","343465","301403","33725791",NA,NA,"150210806","6322477",NA,NA,NA,NA,NA,"6322477","7432496",NA,NA,NA,NA,NA,"7432496","2318689","156441",NA,"50424","113",NA,"2525667","3882229","11371667","9332081","1936834","217246","1968008","227125",NA,"2339102",NA,NA,"4120369","20140765",NA,NA,NA,NA,NA,NA,NA,NA,NA,NA,"0",NA,NA,NA,NA,NA,NA,NA,NA,NA,NA,"0","2925415","706825",NA,"41500","28933","4373274",NA,NA,NA,"802882","8878829",NA,NA,NA,NA,"62698",NA,"62698","1462261",NA,NA,"1524959"
"141","140701","2025","CHEEKTOWAGA CSD","ERIE","0","314228","250562","0","28125579","0","1594110","0","0","279379","0","0","0","0","33282","0","27741","61023","2995177","1429655","0","336857","10771","216397","1675958","0","1172230","7902609","213293","0","0","0","0","0","213293","302735","0","0","0","285","36927","339947","0","0","0","0","0","0","0","187750","65564","495341","4135","0","141985","6647","0","538705","0",NA,"0","1186813","0","0","0","0","0","0","0","0","0","0","0","0","0","0","0","0","0","0","0","0","0","0","0","0","0","34634","0","0","240852","0","147941","0","423427","0","0","0","0","0","0","0","368777","0","0","368777"
"142","140702","2025","CHEEKTOWAGA-MARYVALE UFSD","ERIE",NA,NA,"166525",NA,"21240679","4259261","1703019",NA,NA,"155382",NA,NA,NA,NA,"374197",NA,"55889","430086","2624336","527832",NA,"13295","17160","2624937",NA,NA,"2349384","8156944","366919",NA,NA,NA,"3807",NA,"370726","105812",NA,NA,NA,NA,"42956","148768",NA,NA,NA,NA,NA,NA,"0","343769",NA,"361281","7339",NA,"232415",NA,NA,NA,NA,NA,"65789","666824",NA,NA,NA,NA,NA,NA,NA,NA,NA,NA,"0",NA,NA,NA,NA,NA,NA,NA,NA,NA,NA,"0",NA,NA,NA,NA,NA,NA,"616910",NA,NA,NA,"616910",NA,NA,NA,NA,NA,NA,"0","270923",NA,NA,"270923"
"143","140703","2025","CLEVELAND HILL UFSD","ERIE","0","54959","140143","0","12978387","4211160","1545701","0","0","149264","0","0","0","0","41778","0","53196","94974","2040099","415772","5864","80831","8275","2692570","0","0","1578987","6832737","55261","0","0","0","0","0","55261","132846","0","0","0","0","29193","162039","0","0","0","0","0","0","0","129520","10339","234844","1875","0","79546","6316","0","0","0","0","101791","424372","0","0","0","0","0","0","0","0","0","0","0","0","0","0","0","0","0","0","0","0","0","0","0","0","0","0","0","293857","0","0","137814","0","431671","0","0","0","144168","0","0","144168","0","0","0","144168"
"144","140707","2025","DEPEW UFSD","ERIE","0","0","149039","0","14258841","4847064","1274558","0","63167","15829",NA,"0","0","0","142788","0","95975","238763","2572550","516837","4242","630163","8805","26147","2225603","0","1655383","7666895","279705","0","0","0","3443","0","283148","0","0","0","0","0","37205","37205","0","0","0","0","0","0","0","79951","27165","294032","0","0","153802","11847","0","0","0","0","158508","618189","0","0","0","0","0","0","0","0","0","0","0","0","0","0","0","0","0","0","0","0","0","0","0","0","0","17563","0","0","258901","0","123290","0","399754","0","53210",NA,"24695","0","11210","89115","0","0","0","89115"
"145","140709","2025","CHEEKTOWAGA-SLOAN UFSD","ERIE",NA,"43842","118341",NA,"13653418","5018014","1660514",NA,NA,"133232",NA,NA,NA,NA,"119824",NA,"27112","146936","1538353","548740",NA,"89168","7371","3492","3782521",NA,"1524280","7493925","105396",NA,NA,"281",NA,NA,"105677","212284",NA,NA,"400",NA,"19294","231978",NA,NA,NA,NA,NA,NA,"0","150055",NA,"231381",NA,NA,"123478",NA,NA,NA,NA,NA,"14041","368900",NA,NA,NA,NA,NA,NA,NA,NA,NA,NA,"0",NA,NA,NA,NA,NA,NA,NA,NA,NA,NA,"0",NA,NA,NA,"471906",NA,NA,NA,NA,"39735",NA,"511641",NA,NA,NA,NA,NA,NA,"0","162610",NA,NA,"162610"
"146","140801","2025","CLARENCE CSD","ERIE",NA,"215964","253640",NA,"12383352","5342272","1666467","3002",NA,"150585",NA,NA,NA,NA,"79075",NA,"112581","191656","5197910","2145633","6925","732922","34018","54","2153356",NA,"657736","10928554","568496",NA,NA,"325","2872",NA,"571693","149121","26352",NA,"10910",NA,"12366","198749",NA,NA,NA,NA,NA,NA,"0","86570",NA,"787345","38676",NA,"217101",NA,NA,"12000",NA,NA,NA,"1055122",NA,NA,NA,NA,NA,NA,NA,NA,NA,NA,"0",NA,NA,NA,NA,NA,NA,NA,NA,NA,NA,"0",NA,NA,NA,"7075",NA,NA,"342292",NA,NA,NA,"349367",NA,"83483",NA,NA,NA,NA,"83483",NA,NA,NA,"83483"
"147","141101","2025","SPRINGVILLE-GRIFFITH INST CSD","ERIE",NA,NA,"200594",NA,"14972590","3204164","1829475",NA,NA,"69164",NA,NA,NA,NA,"23028",NA,NA,"23028","1883209","265399","4975","137706","16254","22867","413192",NA,"1855250","4598852","220807",NA,NA,"43","228",NA,"221078","103236",NA,NA,"440","59",NA,"103735",NA,NA,NA,NA,NA,NA,"0","59800",NA,"464286","10118",NA,"43059","5862",NA,NA,NA,NA,NA,"523325",NA,NA,NA,NA,NA,NA,NA,NA,NA,NA,"0",NA,NA,NA,NA,NA,NA,NA,NA,NA,NA,"0",NA,NA,NA,"15618",NA,"9893","20535",NA,"155887",NA,"201933",NA,"43757",NA,NA,"38842","8979","91578",NA,NA,NA,"91578"
"148","141201","2025","EDEN CSD","ERIE",NA,"317341","146876",NA,"9046301","1911205","1348187",NA,NA,"132071",NA,NA,NA,NA,"102501",NA,NA,"102501","1378012","1022420","3177","226846","8023","3448","858864",NA,"1136708","4637498","149173",NA,NA,NA,NA,NA,"149173","189021",NA,NA,NA,NA,NA,"189021","119593",NA,NA,NA,NA,NA,"119593","63267",NA,"196225","74101",NA,"26491",NA,NA,NA,NA,NA,"36333","333150",NA,NA,NA,NA,NA,NA,NA,NA,NA,NA,"0",NA,NA,NA,NA,NA,NA,NA,NA,NA,NA,"0","29088","49730",NA,"10376","498",NA,"95008",NA,"44717","15008","244425",NA,"48057",NA,"79409",NA,"9352","136818",NA,NA,NA,"136818"
"149","141301","2025","IROQUOIS CSD","ERIE",NA,"-34359","174570",NA,"9796193","2874021","1425379","1345",NA,"103187",NA,NA,NA,NA,"42572",NA,NA,"42572","3115476","1285526","4287","1135326","14435","55953","845657",NA,"672893","7129553","157334",NA,NA,NA,NA,NA,"157334","221110",NA,NA,NA,NA,NA,"221110",NA,NA,NA,NA,NA,NA,"0","107296",NA,"435864","27827",NA,"54449",NA,NA,NA,NA,NA,"12439","530579",NA,NA,NA,NA,NA,NA,NA,NA,NA,NA,"0",NA,NA,NA,NA,NA,NA,NA,NA,NA,NA,"0","4503","4707",NA,"30105",NA,NA,"123214",NA,"49342","9655","221526",NA,"57904",NA,"3222","26067","41596","128789",NA,NA,NA,"128789"
"150","141401","2025","EVANS-BRANT CSD (LAKE SHORE)","ERIE","0","27974","189038","0","22164801","6334941","1882851","0","0","79420","0","0","0","0","60679","0","0","60679","3800233","1940793","822","22663","17502","18532","803906","5003","1379328","7988782","26833","0","0","799","60","0","27692","186400","0","0","587","133","0","187120","0","0","0","0","0","0","0","354772","0","427724","95196","0","104876","31831","0","0","0","0","0","659627","0","0","0","0","0","0","0","0","0","0","0","0","0","0","0","0","0","0","0","0","0","0","81587","93932","0","0","20326","0","0","0","32615","2831","231291","0","97923","0","0","0","20202","118125","0","0","0","118125"
"151","141501","2025","GRAND ISLAND CSD","ERIE",NA,NA,"200066",NA,"13376500","4326244","1711860",NA,NA,"300762",NA,NA,NA,NA,"68085",NA,"61807","129892","3769640","1010298","330","605519","11779",NA,"1188793",NA,"745580","7331939",NA,NA,NA,NA,NA,NA,"0",NA,NA,NA,NA,NA,"2099","2099","753491","90270",NA,"250","2423",NA,"846434","109243",NA,"582752","73006",NA,"238683",NA,NA,NA,NA,NA,NA,"894441",NA,NA,NA,NA,NA,NA,NA,NA,NA,NA,"0",NA,NA,NA,NA,NA,NA,NA,NA,NA,NA,"0","79823","59460",NA,"203401",NA,NA,NA,NA,NA,NA,"342684",NA,"8927","113754",NA,NA,NA,"122681","1107",NA,NA,"123788"
"152","141601","2025","HAMBURG CSD","ERIE",NA,"84711","237289",NA,"16774835","5221805","2475027","35590",NA,"358808",NA,NA,NA,NA,"378908",NA,"26780","405688","4991302","2380983",NA,"415599","14840","88350","1371320",NA,"2475767","11738161","195618",NA,NA,NA,"5098",NA,"200716","421135","176177",NA,NA,NA,"37540","634852",NA,NA,NA,NA,NA,NA,"0","134922",NA,"587247","32843",NA,"54987",NA,NA,NA,NA,NA,"223820","898897",NA,NA,NA,NA,NA,NA,NA,NA,NA,NA,"0",NA,NA,NA,NA,NA,NA,NA,NA,NA,NA,"0",NA,NA,NA,"9356",NA,NA,"151061",NA,"328612",NA,"489029",NA,NA,NA,NA,NA,NA,"0","169667",NA,NA,"169667"
"153","141603","2025","HOPEVALE UFSD AT HAMBURG","ERIE",NA,NA,NA,NA,NA,NA,NA,NA,NA,NA,NA,NA,NA,NA,NA,NA,NA,"0",NA,NA,NA,NA,NA,NA,NA,NA,NA,"0",NA,NA,NA,NA,NA,NA,"0",NA,NA,NA,NA,NA,NA,"0",NA,NA,NA,NA,NA,NA,"0",NA,NA,NA,NA,NA,NA,NA,NA,NA,NA,NA,NA,"0",NA,NA,NA,NA,NA,NA,NA,NA,NA,NA,"0",NA,NA,NA,NA,NA,NA,NA,NA,NA,NA,"0",NA,NA,NA,NA,NA,NA,NA,NA,NA,NA,"0",NA,NA,NA,NA,NA,NA,"0",NA,NA,NA,"0"
"154","141604","2025","FRONTIER CSD","ERIE",NA,"105709","538670",NA,"28267674","7359266","3156175",NA,NA,"252849",NA,NA,NA,NA,"227078",NA,NA,"227078","6656438","1600565","4669","2840256","12861",NA,NA,"3799","2835390","13953978","743487",NA,NA,"12779",NA,NA,"756266","533728",NA,NA,NA,"98",NA,"533826",NA,NA,NA,NA,NA,NA,"0","444480",NA,"865885","191408","5916","250927","19918","270526",NA,NA,"464317","686","2069583",NA,NA,NA,NA,NA,NA,NA,NA,NA,NA,"0",NA,NA,NA,NA,NA,NA,NA,NA,NA,NA,"0",NA,NA,NA,NA,"5948",NA,NA,NA,NA,NA,"5948",NA,"316672",NA,NA,"123296","75112","515080",NA,NA,NA,"515080"
"155","141701","2025","HOLLAND CSD","ERIE",NA,"5884","130633",NA,"7457192","1425965","1170789",NA,NA,"49823",NA,NA,NA,NA,"39088",NA,NA,"39088","1155725","358246",NA,"380850","6102","321721",NA,NA,"866769","3089413","140777",NA,NA,NA,NA,NA,"140777","500",NA,NA,NA,NA,NA,"500",NA,NA,NA,NA,NA,NA,"0",NA,NA,"139911","95819",NA,"19101",NA,NA,NA,NA,NA,NA,"254831",NA,NA,NA,NA,NA,NA,NA,NA,NA,NA,"0",NA,NA,NA,NA,NA,NA,NA,NA,NA,NA,"0",NA,NA,NA,"960",NA,NA,"52946",NA,"47329",NA,"101235",NA,"17082",NA,NA,NA,"3903","20985",NA,NA,NA,"20985"
"156","141800","2025","LACKAWANNA CITY SD","ERIE",NA,"33469","224015",NA,"40652567","8333042","2928920",NA,NA,"449396",NA,NA,NA,NA,"136180",NA,"139125","275305","5098142","2005636","7873","1117757","36560","187594","3230613",NA,"700824","13189561",NA,NA,NA,NA,NA,NA,"0",NA,NA,NA,NA,NA,NA,"0",NA,NA,NA,NA,NA,NA,"0","166203","804562","416599","12303",NA,"265449","68652",NA,NA,NA,NA,"144734","907737",NA,NA,NA,NA,NA,NA,NA,NA,NA,NA,"0",NA,NA,NA,NA,NA,NA,NA,NA,NA,NA,"0","35740","13694",NA,"59090",NA,NA,"422915",NA,"23740","3779","558958",NA,NA,NA,NA,NA,NA,"0","272058",NA,NA,"272058"
"157","141901","2025","LANCASTER CSD","ERIE","0","152923","268065","0","32162624","7721336","2834131","0","239153","487847","0","182015","0","0","88205","0","73910","162115","4201776","2718109","0","1301042","25586","171843","5013205","0","3626691","17074663","404420","0","0","2734","4960","0","412114","581387","32992","0","1847","595","64570","681391","0","0","0","0","0","0","0","444428","16411","1200775","391852","0","21324","30899","0","0","0","0","0","1644850","0","0","0","0","0","0","0","0","0","0","0","0","0","0","0","0","0","0","0","0","0","0","26550","8924","0","1496","328","724265","0","0","356119","4691","1122373","0","61968","0","0","0","0","61968","131895","50812","0","244675"
"158","142101","2025","AKRON CSD","ERIE","0","25391","187708","0","13035191","2910152","1586605","0",NA,"194130",NA,NA,NA,NA,"136974",NA,"46445","183419","1544980","275805","0","105458","25916","434481","1239312",NA,"680789","4306741","129492",NA,NA,NA,"0",NA,"129492","106690",NA,NA,"0",NA,"11746","118436",NA,NA,NA,NA,NA,NA,"0","68305",NA,"230108","0",NA,"44880","0",NA,NA,NA,NA,"115","275103",NA,NA,NA,NA,NA,NA,NA,NA,NA,NA,"0",NA,NA,NA,NA,NA,NA,NA,NA,NA,NA,"0",NA,NA,NA,"0",NA,"1992","136422",NA,"69175",NA,"207589",NA,"48163",NA,"61252",NA,"24521","133936",NA,NA,NA,"133936"
"159","142201","2025","NORTH COLLINS CSD","ERIE",NA,NA,"104580",NA,"5691948","1126975","623706",NA,NA,"28462",NA,NA,NA,NA,"3079",NA,NA,"3079","751419","249715","3928","119115","5416","106270","253509","189","1378777","2868338","77710",NA,NA,NA,"2493",NA,"80203",NA,NA,NA,"38295",NA,NA,"38295",NA,NA,NA,NA,NA,NA,"0","31001",NA,"97945","30655",NA,"26061","3455",NA,NA,NA,NA,NA,"158116",NA,"6717",NA,"1186",NA,NA,NA,NA,NA,NA,"7903",NA,NA,NA,NA,NA,NA,NA,NA,NA,NA,"0",NA,NA,NA,NA,NA,NA,"95752",NA,NA,NA,"95752",NA,"57493",NA,NA,NA,NA,"57493",NA,NA,NA,"57493"
"160","142301","2025","ORCHARD PARK CSD","ERIE",NA,"103468","379526",NA,"15879465","5830025","3298923","173187",NA,"76575",NA,NA,NA,NA,"185108",NA,NA,"185108","6140624","2521210","17873","252546","39276","75731","1094416",NA,"2978525","13120201","325219",NA,NA,"1010","1783",NA,"328012","826695",NA,NA,"1219","2349",NA,"830263",NA,NA,NA,NA,NA,NA,"0","212922",NA,"1126922","263087",NA,"175975","42419","151279",NA,NA,"188041","43192","1990915",NA,NA,NA,NA,NA,NA,NA,NA,NA,NA,"0",NA,NA,NA,NA,NA,NA,NA,NA,NA,NA,"0",NA,NA,NA,NA,NA,NA,NA,NA,NA,NA,"0",NA,"122272",NA,NA,NA,"77245","199517",NA,NA,NA,"199517"
"161","142500","2025","TONAWANDA CITY SD","ERIE","2999","140720","481752","2999","14889305","3504096","1643567",NA,"63235","100200",NA,NA,NA,NA,"255139",NA,NA,"255139","2074030","43670",NA,"277025",NA,"771680",NA,NA,"605533","3771938","146300",NA,NA,NA,"1189",NA,"147489","229710",NA,NA,"330",NA,"16406","246446",NA,"159760",NA,NA,NA,NA,"159760","46313",NA,"290971","9564",NA,"75665","15226",NA,NA,NA,"106851","149472","647749",NA,NA,NA,NA,NA,NA,NA,NA,NA,NA,"0",NA,NA,NA,NA,NA,NA,NA,NA,NA,NA,"0",NA,NA,NA,"73521",NA,NA,NA,NA,NA,NA,"73521",NA,NA,NA,NA,NA,NA,"0","57552",NA,NA,"57552"
"162","142601","2025","KENMORE-TONAWANDA UFSD","ERIE","169905","230763","303851","169905","35297656","18908946","3554953","0","0","525636","0","0","0","0","210980","0","0","210980","12697353","2136340","0","732563","34678","0","7734769","0","3258428","26921290","1247657","0","0","0","16743","0","1264400","711767","0","0","0","0","0","711767","0","0","0","0","0","0","0","552588","327159","905893","185533","0","1140180","58091","0","0","0","2100","386631","2678428","0","0","0","0","0","0","0","0","0","0","0","47689","2462","0","294077","713","0","0","0","14000","7086","366027","0","0","0","4711","0","419151","998361","0","0","0","1422223","0","121241","0","7508","91061","37665","257475","0","0","0","257475"
"163","142801","2025","WEST SENECA CSD","ERIE","0","143874","420845","0","35947091","14370936","4588468","1107579","0","1072221","0","172350","0","0","364217","0","45831","410048","8205600","4039915","10153","1329831","46392","5297781","0","0","2632736","21695948","911869","0","0","113","11817","0","923799","1170195","0","0","356","1500","78967","1251018","0","0","0","0","0","0","0","538271","133540","1379958","0","0","226560","0","0","0","0","0","514445","2120963","0","0","0","0","0","0","0","0","0","0","0","0","0","0","0","0","0","0","0","0","0","0","21883","0","0","0","0","1296257","0","0","0","3986","1322126","0","56099","0","0","99378","34341","189818","0","0","0","189818"
"164","150203","2025","CROWN POINT CSD","ESSEX","0","0","109779","0","4086992","1337853","534938","0",NA,"9078","0",NA,"0","0","4056","0","0","4056","510071","0","0","13126","658","0","0","0","755572","1279427","74866","0","0","36146","2641","0","113653","0","0","0","0","0","0","0","0","20000","0","0","0","0","20000","0","0","3354","0","0","0","0","0","0","0","0","0","3354","0","0","0","0","0","0","0","0","0","0","0","0","0","0","0","0","0","0","0","0","0","0","0","0","0","0","0","0","0","0","0","0","0","0","0",NA,"0","0","0","0","0",NA,"0","0"
"165","150601","2025","KEENE CSD","ESSEX",NA,NA,"47913",NA,"739961","71661","95821",NA,NA,NA,NA,NA,NA,NA,"21195",NA,NA,"21195","317929","2822","1126","103470","2285",NA,NA,"6","208561","636199",NA,NA,NA,"30600",NA,NA,"30600",NA,"3000",NA,NA,NA,NA,"3000",NA,NA,NA,NA,NA,NA,"0",NA,NA,"48290",NA,NA,NA,NA,NA,NA,NA,NA,NA,"48290",NA,NA,NA,NA,NA,NA,NA,NA,NA,NA,"0",NA,NA,NA,NA,NA,NA,NA,NA,NA,NA,"0",NA,NA,NA,NA,NA,NA,NA,NA,NA,NA,"0",NA,NA,NA,NA,NA,NA,"0",NA,NA,NA,"0"
"166","150801","2025","MINERVA CSD","ESSEX",NA,"233325","161895",NA,"1290291","93677","101555",NA,NA,"37413",NA,NA,NA,NA,"45195",NA,NA,"45195","464047","62491",NA,"97819","4181","0","0","438","81666","710642","17400",NA,NA,"20000","18",NA,"37418","61737",NA,NA,"3350","270","12758","78115",NA,NA,NA,NA,NA,NA,"0",NA,"0","53313",NA,NA,NA,NA,NA,NA,NA,NA,NA,"53313",NA,NA,NA,NA,NA,NA,NA,NA,NA,NA,"0",NA,NA,NA,NA,NA,NA,NA,NA,NA,NA,"0",NA,NA,NA,NA,NA,NA,NA,NA,NA,NA,"0",NA,NA,NA,NA,NA,NA,"0",NA,NA,NA,"0"
"167","150901","2025","MORIAH CSD","ESSEX",NA,"106634","178795",NA,"10433601","1732805","1346305","72376",NA,"8004",NA,NA,NA,NA,"16845",NA,NA,"16845","1533279","263972",NA,"36069","10648","73050",NA,"9683","1285201","3211902","58298",NA,NA,"230","3486",NA,"62014",NA,NA,NA,NA,NA,NA,"0",NA,NA,NA,NA,NA,NA,"0","20301",NA,"196877","44991",NA,"8620","883",NA,NA,NA,NA,"1731","253102",NA,NA,NA,NA,NA,NA,NA,NA,NA,NA,"0",NA,"5000",NA,"2886",NA,NA,NA,NA,NA,"342","8228",NA,NA,NA,NA,NA,NA,"12610",NA,"66992",NA,"79602",NA,"3423","1396","539","1000","863","7221",NA,NA,NA,"7221"
"168","151001","2025","NEWCOMB CSD","ESSEX",NA,NA,"36175",NA,"489413","41750","105869",NA,NA,NA,NA,NA,NA,NA,"7544",NA,NA,"7544","211763",NA,NA,"10090","1197",NA,NA,NA,"70355","293405","28434",NA,NA,NA,NA,NA,"28434",NA,NA,NA,NA,NA,NA,"0",NA,NA,NA,NA,NA,NA,"0",NA,NA,"9585",NA,NA,NA,"5022",NA,NA,NA,NA,NA,"14607",NA,NA,NA,NA,NA,NA,NA,NA,NA,NA,"0",NA,NA,NA,NA,NA,NA,NA,NA,NA,NA,"0",NA,NA,NA,NA,NA,NA,NA,NA,NA,NA,"0",NA,NA,NA,NA,NA,NA,"0",NA,NA,NA,"0"
"169","151102","2025","LAKE PLACID CSD","ESSEX",NA,NA,"93655",NA,"2612225",NA,"396880",NA,NA,"176782",NA,NA,NA,NA,"37908",NA,NA,"37908","2249431","-127737",NA,"26080","8175","92482",NA,NA,"439416","2687847","146582",NA,NA,NA,"1777",NA,"148359",NA,NA,NA,NA,NA,NA,"0",NA,NA,NA,NA,NA,NA,"0",NA,NA,"227632",NA,NA,"24333",NA,NA,NA,NA,NA,NA,"251965",NA,NA,NA,NA,NA,NA,NA,NA,NA,NA,"0",NA,NA,NA,NA,NA,NA,NA,NA,NA,NA,"0",NA,NA,NA,NA,NA,NA,NA,NA,NA,NA,"0",NA,NA,NA,NA,NA,NA,"0",NA,NA,NA,"0"
"170","151401","2025","SCHROON LAKE CSD","ESSEX",NA,"13000","39214",NA,"980993","187615","161406",NA,NA,"40412",NA,NA,NA,NA,"15641",NA,NA,"15641","435517","242735",NA,"125810","3289",NA,"64734",NA,"167310","1039395","31256",NA,NA,NA,NA,NA,"31256","37242",NA,NA,NA,NA,NA,"37242",NA,NA,NA,NA,NA,NA,"0",NA,NA,"74373",NA,NA,"2140",NA,NA,NA,NA,NA,NA,"76513",NA,NA,NA,NA,NA,NA,NA,NA,NA,NA,"0",NA,NA,NA,NA,NA,NA,NA,NA,NA,NA,"0",NA,NA,NA,NA,NA,NA,NA,NA,NA,NA,"0",NA,NA,NA,NA,NA,NA,"0",NA,NA,NA,"0"
"171","151501","2025","TICONDEROGA CSD","ESSEX",NA,"510375","102115",NA,"6450530","909742","363958",NA,NA,"51329",NA,NA,NA,NA,"73395",NA,NA,"73395","931035","663904",NA,"126610","10738","102320","1188",NA,"701628","2537423","128043",NA,NA,NA,"315",NA,"128358","63411",NA,NA,NA,NA,NA,"63411",NA,NA,NA,NA,NA,NA,"0","25000",NA,"138110","25233",NA,"9524",NA,NA,NA,NA,NA,"52102","224969",NA,NA,NA,NA,NA,NA,NA,NA,NA,NA,"0","133424","102471",NA,NA,"4438",NA,NA,NA,NA,"111780","352113","11581","5876",NA,NA,NA,NA,NA,NA,"25184","3226","45867",NA,"9534",NA,"696",NA,"1394","11624",NA,NA,NA,"11624"
"172","151701","2025","WILLSBORO CSD","ESSEX",NA,NA,"94893",NA,"2009518","611176","220339",NA,NA,"29773",NA,NA,NA,NA,"11409",NA,NA,"11409","407017",NA,NA,"105731","3818",NA,"119453","240","864676","1500935","63693",NA,NA,NA,"1681",NA,"65374","45501",NA,NA,NA,NA,NA,"45501",NA,NA,NA,NA,NA,NA,"0","23900",NA,"82005",NA,NA,NA,NA,NA,NA,NA,NA,"20125","102130",NA,NA,NA,NA,NA,NA,NA,NA,NA,NA,"0",NA,NA,NA,"3654",NA,NA,NA,NA,NA,NA,"3654",NA,NA,NA,"35680",NA,NA,"19909",NA,"19806",NA,"75395",NA,"7426",NA,"6194",NA,"3855","17475",NA,NA,NA,"17475"
"173","151801","2025","BOQUET VALLEY CSD","ESSEX",NA,NA,"161472",NA,"4423246","1262960","570789",NA,NA,NA,NA,NA,NA,NA,"19820",NA,NA,"19820","782969","76972","146","20212","6193",NA,NA,NA,"640166","1526658","117105",NA,"2342","4845","790",NA,"125082",NA,NA,NA,NA,NA,NA,"0",NA,NA,NA,NA,NA,NA,"0",NA,NA,"181107",NA,NA,NA,"3565",NA,NA,NA,NA,"11653","196325",NA,NA,NA,NA,NA,NA,NA,NA,NA,NA,"0",NA,NA,NA,NA,NA,NA,NA,NA,NA,NA,"0",NA,NA,NA,NA,NA,NA,NA,NA,NA,NA,"0",NA,NA,NA,NA,"17850",NA,"17850",NA,NA,NA,"17850"
"174","160101","2025","TUPPER LAKE CSD","FRANKLIN","0","0","82221","0","5735053","1643389","1351942","0","0","52756","0","0","0","0","36171","0","0","36171","1206674","731844","0","110591","13451","0","0","159","0","2062719","41764","0","0","0","0","0","41764","63077","0","0","0","0","0","63077","0","0","0","0","0","0","0","0","0","242351","0","0","11810","0","0","0","0","0","0","254161","0","0","0","0","0","0","0","0","0","0","0","0","0","0","0","0","0","0","0","0","0","0","0","0","0","0","0","0","0","0","0","0","0","0","0","0","0","0","0","0","0","0","0","0"
"175","160801","2025","CHATEAUGAY CSD","FRANKLIN","5606",NA,"193848","5606","8694163","976780","1608510","225544",NA,"33791",NA,NA,NA,NA,"22561",NA,NA,"22561","876017","209278","1903","185859","13046","100459",NA,NA,"1230211","2616773","63030",NA,NA,NA,NA,NA,"63030",NA,NA,NA,NA,NA,NA,"0",NA,NA,NA,NA,NA,NA,"0","91882",NA,"133421",NA,NA,NA,NA,NA,NA,NA,NA,"33216","166637",NA,NA,NA,NA,NA,NA,NA,NA,NA,NA,"0","127302","95160",NA,"82833","820",NA,NA,NA,NA,"112724","418839",NA,NA,NA,"57210",NA,NA,NA,NA,"146456",NA,"203666",NA,"5541",NA,NA,NA,"1989","7530",NA,NA,NA,"7530"
"176","161201","2025","SALMON RIVER CSD","FRANKLIN",NA,"118099","391034",NA,"21008095","4229487","4249248",NA,NA,"54634",NA,NA,NA,NA,"66795",NA,NA,"66795","2741634","703058",NA,"4606","8922","261296",NA,NA,"362779","4082295","208282",NA,NA,NA,"965",NA,"209247",NA,NA,NA,NA,NA,NA,"0",NA,NA,NA,NA,NA,NA,"0",NA,NA,"246021","73910",NA,"21124","22666",NA,NA,NA,NA,"151854","515575",NA,NA,NA,NA,NA,NA,NA,NA,NA,NA,"0",NA,NA,NA,NA,NA,NA,NA,NA,NA,NA,"0","14879","14381",NA,NA,NA,NA,NA,NA,"22238","5932","57430",NA,"58699",NA,NA,NA,"14959","73658",NA,NA,NA,"73658"
"177","161401","2025","SARANAC LAKE CSD","FRANKLIN","0","0","149021","0","7315666","1639703","617172","0","0","25662","0","0","0","0","45204","0","0","45204","2601784","970209","0","163399","11201","36541","71216","0","147917","4002267","175971","0","0","0","0","0","175971","62857","0","0","0","0","0","62857","0","0","0","0","0","0","0","39358","0","222843","29275","0","17737","0","0","0","0","0","101470","371325","0","0","0","0","0","0","0","0","0","0","0","0","0","0","0","0","0","0","0","0","0","0","28906","15235","0","5000","0","0","49653","0","13873","8187","120854","0","11701","0","7764","0","2228","21693","0","0","0","21693"
"178","161501","2025","MALONE CSD","FRANKLIN","120135","69659","407805","120135","33840398","5446716","4871715","0","0","79589","0","0","0","0","76833","0","0","76833","4400581","1860800","904","78555","26441","173978","830146","0","1672490","9043895","185290","0","0","0","3786","0","189076","246258","0","0","0","449","0","246707","0","0","0","0","0","0","0","241234","0","368766","26599","0","16665","0","0","0","0","0","139000","551030","0","0","0","0","0","0","0","0","0","0","0","128420","19901","0","7994","484","0","0","0","0","24583","181382","120816","19008","0","0","617","0","326494","0","84953","26745","578633","0","28084","4441","0","8750","7436","48711","0","0","0","48711"
"179","161601","2025","BRUSHTON-MOIRA CSD","FRANKLIN","0","58198","122151","0","11857070","1789653","1972705","0","0","104675","0","0","0","0","19347","0","0","19347","1549236","495550","0","80351","6218","92625","0","4407","43059","2271446","87808","0","0","976","0","0","88784","0","0","0","0","0","0","0","0","0","0","0","0","0","0","20702","0","177462","0","0","3834","249","0","0","0","0","85146","266691","0","0","0","0","0","0","0","0","0","0","0","100024","56590","0","29689","893","0","0","0","0","57806","245002","54610","18429","0","2959","0","0","0","0","0","15706","91704","0","9821","0","0","0","1992","11813","0","0","0","11813"
"180","161801","2025","ST REGIS FALLS CSD","FRANKLIN","0","0","0","0","4114154","823539","896003","2114","0","32336","0","0","0","0","35503","0","0","35503","334551","249082","0","506550","474","0","50090","0","0","1140747","0","0","0","0","431","37615","38046","0","59712","0","0","0","0","59712","0","0","0","0","0","0","0","717","0","54800","29056","0","0","0","0","0","0","0","10375","94231","0","0","0","0","0","0","0","0","0","0","0","0","0","0","0","0","0","0","0","0","0","0","0","0","0",NA,NA,"0","0","0","0","0","0","0","0","0","5280","3978","0","9258","0","0","0","9258"
"181","170301","2025","WHEELERVILLE UFSD","FULTON",NA,NA,"44288",NA,"1475439","161824","103246",NA,NA,NA,NA,NA,NA,NA,"17894",NA,"1895","19789","60106",NA,NA,"6637","292",NA,"10989",NA,"48369","126393",NA,NA,NA,"13760",NA,NA,"13760",NA,NA,NA,NA,NA,NA,"0",NA,NA,NA,NA,NA,NA,"0","10151",NA,"29128",NA,NA,"7449",NA,NA,NA,NA,NA,NA,"36577",NA,NA,NA,NA,NA,NA,NA,NA,NA,NA,"0",NA,NA,NA,NA,NA,NA,NA,NA,NA,NA,"0",NA,NA,NA,NA,NA,NA,"49142",NA,NA,NA,"49142",NA,"230","229","971",NA,"180","1610",NA,NA,NA,"1610"
"182","170500","2025","GLOVERSVILLE CITY SD","FULTON",NA,NA,"2292238",NA,"32374440","9313353","3767772","264733",NA,"25938",NA,NA,NA,NA,"131125",NA,"3300","134425","4559323","883227",NA,"435188","28335",NA,"1354612",NA,"6232067","13492752",NA,NA,NA,NA,NA,NA,"0","340505",NA,NA,NA,NA,"82252","422757",NA,NA,NA,NA,NA,NA,"0","151374",NA,NA,NA,NA,NA,NA,"426687",NA,NA,NA,NA,"426687",NA,NA,NA,NA,NA,NA,NA,NA,NA,NA,"0",NA,NA,NA,NA,NA,NA,NA,NA,NA,NA,"0","8398","1290",NA,NA,NA,"319775",NA,NA,NA,"718","330181",NA,NA,NA,NA,NA,NA,"0",NA,NA,NA,"0"
"183","170600","2025","JOHNSTOWN CITY SD","FULTON",NA,"157010","976188",NA,"14653123","3785096","2624967","537445",NA,"148271",NA,NA,NA,NA,"41963",NA,"37075","79038","1621687","393115",NA,"222294","9560","74096","567443",NA,"2163074","5051269","257287",NA,NA,NA,NA,NA,"257287","277064",NA,NA,NA,NA,NA,"277064",NA,NA,NA,NA,NA,NA,"0","22088",NA,"321563","3204",NA,"31460","548",NA,NA,NA,NA,"164116","520891",NA,NA,NA,NA,NA,NA,NA,NA,NA,NA,"0",NA,NA,NA,NA,NA,NA,NA,NA,NA,NA,"0","6686","1755",NA,"101998",NA,NA,NA,NA,NA,NA,"110439",NA,NA,NA,NA,NA,NA,"0","90046",NA,NA,"90046"
"184","170801","2025","MAYFIELD CSD","FULTON",NA,NA,"412980",NA,"7595511","1556552","1258368",NA,NA,"48765",NA,NA,NA,NA,"19249",NA,"3300","22549","732195","169371",NA,"116535","3115","241650",NA,NA,"867482","2130348","111473",NA,NA,NA,NA,NA,"111473","90981",NA,NA,NA,NA,NA,"90981",NA,NA,NA,NA,NA,NA,"0","17130",NA,"234835","6944",NA,"8798",NA,NA,NA,NA,NA,"-450","250127",NA,NA,NA,NA,NA,NA,NA,NA,NA,NA,"0",NA,NA,NA,NA,NA,NA,NA,NA,NA,NA,"0",NA,NA,NA,"30953",NA,NA,"14088",NA,"35812",NA,"80853",NA,"4811",NA,NA,NA,NA,"4811",NA,NA,NA,"4811"
"185","170901","2025","NORTHVILLE CSD","FULTON",NA,"272041","311957",NA,"3646533","783518","222000",NA,NA,"20486",NA,NA,NA,NA,"9864",NA,"1895","11759","737231","147030",NA,"13728","2882","103637",NA,NA,"961924","1966432",NA,NA,NA,NA,NA,NA,"0","36525",NA,NA,NA,"57",NA,"36582",NA,NA,NA,NA,NA,NA,"0","7811",NA,NA,NA,NA,NA,NA,NA,NA,NA,NA,NA,"0",NA,NA,NA,NA,NA,NA,NA,NA,NA,NA,"0",NA,NA,NA,NA,NA,NA,NA,NA,NA,NA,"0","13221","2777",NA,NA,"199",NA,NA,NA,NA,"2911","19108",NA,"13112","1086",NA,"750","4999","19947",NA,NA,NA,"19947"
"186","171102","2025","BROADALBIN-PERTH CSD","FULTON",NA,"150267","621071",NA,"12281439","2611436","1954632",NA,NA,"90795",NA,NA,NA,NA,"42318",NA,NA,"42318","2059543","195162",NA,"44999","30992","460","154058",NA,"1202747","3687961","177639",NA,NA,"123","3234",NA,"180996","428277",NA,NA,NA,"715",NA,"428992",NA,NA,NA,NA,NA,NA,"0","84715",NA,"369300",NA,NA,"60945","7596",NA,NA,NA,NA,NA,"437841",NA,NA,NA,NA,NA,NA,NA,NA,NA,NA,"0",NA,NA,NA,NA,NA,NA,NA,NA,NA,NA,"0","13256","8327",NA,NA,"916",NA,"18871",NA,"79320","20974","141664",NA,"26416",NA,NA,NA,"12655","39071",NA,NA,NA,"39071"
"187","180202","2025","ALEXANDER CSD","GENESEE",NA,"74598","176991",NA,"8874525","2008407","1557421",NA,NA,"37668",NA,NA,NA,NA,"29181",NA,"35900","65081","1153965","428726",NA,"49085","10121","193856","525721","905","334676","2697055","126011",NA,NA,"1901","171",NA,"128083","67309",NA,NA,NA,NA,NA,"67309",NA,NA,NA,NA,NA,NA,"0","53571",NA,"195343","16182",NA,"7708",NA,NA,NA,NA,NA,"51104","270337",NA,NA,NA,NA,NA,NA,NA,NA,NA,NA,"0",NA,NA,NA,NA,NA,NA,NA,NA,NA,NA,"0",NA,NA,NA,"48889",NA,NA,NA,NA,"28684",NA,"77573",NA,"18319",NA,NA,"45730",NA,"64049",NA,NA,NA,"64049"
"188","180300","2025","BATAVIA CITY SD","GENESEE",NA,"69156","373676",NA,"19876426","4481601","3880182",NA,NA,"71556",NA,NA,NA,NA,"115037",NA,"35900","150937","3581653","1073147",NA,"46168","15135",NA,"1623267",NA,"1262429","7601799","242827",NA,NA,"1556","917",NA,"245300","60667",NA,NA,NA,NA,"14994","75661",NA,NA,NA,NA,NA,NA,"0","537262",NA,"231241","68903",NA,"308915","25303",NA,NA,NA,NA,"103614","737976",NA,NA,NA,NA,NA,NA,NA,NA,NA,NA,"0","681926","253813",NA,"105980","3920",NA,NA,NA,NA,"274941","1320580",NA,NA,NA,NA,NA,NA,"136417",NA,"94324",NA,"230741",NA,NA,NA,NA,NA,NA,"0","74753",NA,NA,"74753"
"189","180701","2025","BYRON-BERGEN CSD","GENESEE",NA,"413088","252256",NA,"11056951","2037724","1586507",NA,NA,"37441",NA,"2",NA,NA,"13262",NA,"35900","49162","968431","304552",NA,"265776","7522","18121","606630","1127","640599","2812758","192265",NA,NA,NA,"3611",NA,"195876","100197",NA,NA,NA,"95",NA,"100292",NA,NA,NA,NA,NA,NA,"0",NA,NA,"274342",NA,NA,"37330",NA,NA,NA,NA,NA,NA,"311672",NA,NA,NA,NA,NA,NA,NA,NA,NA,NA,"0",NA,NA,NA,NA,NA,NA,NA,NA,NA,NA,"0","32229","34360",NA,"3250",NA,NA,"71510",NA,"9618","12271","163238",NA,"31897",NA,NA,NA,NA,"31897",NA,NA,NA,"31897"
"190","180901","2025","ELBA CSD","GENESEE",NA,"59874","96116",NA,"4579195","953216","649460",NA,NA,"16468",NA,NA,NA,NA,"11519",NA,NA,"11519","458440","78710",NA,"79879","2367","248992",NA,NA,"168004","1036392","76627",NA,NA,NA,"1686",NA,"78313",NA,NA,NA,NA,NA,"4760","4760",NA,NA,NA,NA,NA,NA,"0","18641",NA,NA,NA,NA,NA,NA,NA,NA,NA,NA,NA,"0",NA,NA,NA,NA,NA,NA,NA,NA,NA,NA,"0",NA,NA,NA,NA,NA,NA,NA,NA,NA,NA,"0",NA,NA,NA,NA,NA,"34708",NA,NA,"9996",NA,"44704",NA,NA,NA,NA,NA,NA,"0","38594",NA,NA,"38594"
"191","181001","2025","LE ROY CSD","GENESEE",NA,"85563","291026",NA,"12527079","2718335","2012122",NA,NA,"169587",NA,NA,NA,NA,"55335",NA,"35900","91235","1227989","435738","39405","175896","41183",NA,"620913","169","960195","3501488","71245",NA,NA,NA,NA,NA,"71245","67000",NA,NA,NA,NA,NA,"67000",NA,NA,NA,NA,NA,NA,"0","111361",NA,"306870","29865",NA,"22599",NA,NA,"85879",NA,NA,NA,"445213",NA,NA,NA,NA,NA,NA,NA,NA,NA,NA,"0",NA,NA,NA,NA,NA,NA,NA,NA,NA,NA,"0","8056","11829",NA,NA,NA,NA,"96971",NA,"31148",NA,"148004",NA,"47116",NA,NA,NA,NA,"47116",NA,NA,NA,"47116"
"192","181101","2025","OAKFIELD-ALABAMA CSD","GENESEE",NA,"274923","162182",NA,"10666183","1529066","1709330",NA,NA,"20371",NA,NA,NA,NA,"60666",NA,"35900","96566","1318686","245111",NA,"149378","5003","16760","267951",NA,"703780","2706669","1087",NA,NA,"113","2368",NA,"3568","71679",NA,NA,NA,NA,"9520","81199",NA,NA,NA,NA,NA,NA,"0","23869",NA,"170799","43079",NA,"6123",NA,NA,NA,NA,NA,"4082","224083",NA,NA,NA,NA,NA,NA,NA,NA,NA,NA,"0","19594",NA,NA,NA,NA,NA,NA,NA,NA,NA,"19594",NA,NA,NA,"49754",NA,NA,NA,NA,"16857",NA,"66611",NA,NA,"25468","22875",NA,"4393","52736",NA,NA,NA,"52736"
"193","181201","2025","PAVILION CSD","GENESEE",NA,"317718","209826",NA,"6249594","2047722","1424267",NA,NA,"50420",NA,NA,NA,NA,"10128",NA,"35900","46028","989508","222446",NA,"154658","14733","122010","338340",NA,"576558","2418253","75768",NA,NA,NA,NA,NA,"75768",NA,NA,NA,"97875",NA,"10923","108798",NA,NA,NA,NA,NA,NA,"0","8398",NA,"212716",NA,NA,"25127",NA,NA,NA,NA,NA,NA,"237843",NA,NA,NA,NA,NA,NA,NA,NA,NA,NA,"0",NA,NA,NA,NA,NA,NA,NA,NA,NA,NA,"0",NA,NA,NA,"26673",NA,NA,NA,NA,NA,NA,"26673",NA,NA,NA,"15318",NA,NA,"15318",NA,NA,NA,"15318"
"194","181302","2025","PEMBROKE CSD","GENESEE",NA,"0","179051",NA,"9785512","2087236","1219808",NA,NA,"121084",NA,NA,NA,NA,"59954",NA,NA,"59954","2003710","52687",NA,"49777","19270",NA,"271063",NA,"655600","3052107",NA,NA,NA,NA,NA,NA,"0",NA,NA,NA,NA,NA,NA,"0",NA,NA,NA,NA,NA,NA,"0","23174",NA,"355485",NA,NA,"12347",NA,NA,NA,NA,NA,"5242","373074",NA,NA,NA,NA,NA,NA,NA,NA,NA,NA,"0",NA,NA,NA,NA,NA,NA,NA,NA,NA,NA,"0",NA,NA,NA,"20616",NA,NA,NA,NA,"25967",NA,"46583",NA,"19494",NA,NA,NA,"4283","23777",NA,NA,NA,"23777"
"195","190301","2025","CAIRO-DURHAM CSD","GREENE","0","0","217820","0","14875671","0","1051203","1700","0","132849","0","0","0","0","70959","0","0","70959","1840027","277315","0","250674","13037","144116","771480","0","1202849","4499498","69331","0","0","0","0","0","69331","62211","0","0","0","0","0","62211","0","0","0","0","0","0","0","195892","0","224849","59505","0","66112","0","0","0","0","0","0","350466","0","0","0","0","0","0","0","0","0","0","0","0","0","0","0","0","0","0","0","0","0","0","0","0","0","0","0","0","154775","0","97650","0","252425","0","50941","0","1394","0","13270","65605","0","0","0","65605"
"196","190401","2025","CATSKILL CSD","GREENE",NA,NA,"2460",NA,"13073845","3127626","1034476",NA,NA,"163823",NA,NA,NA,NA,"49809",NA,NA,"49809","2326321","691750","9094","2107766",NA,NA,NA,NA,"1555394","6690325","177487",NA,NA,NA,"210",NA,"177697","125365",NA,NA,NA,"1869",NA,"127234",NA,NA,NA,NA,NA,NA,"0","91964",NA,"368886",NA,NA,"50570","1638",NA,NA,NA,NA,NA,"421094",NA,NA,NA,NA,NA,NA,NA,NA,NA,NA,"0",NA,NA,NA,NA,NA,NA,NA,NA,NA,NA,"0",NA,NA,NA,"135315",NA,NA,NA,NA,"189149",NA,"324464",NA,NA,NA,NA,NA,NA,"0","135356",NA,NA,"135356"
"197","190501","2025","COXSACKIE-ATHENS CSD","GREENE",NA,"438752","407575",NA,"7813237","1568626","1087849",NA,NA,"64039",NA,NA,NA,NA,"48308",NA,NA,"48308","1408456","848525","5797","138583","9783","109767","617358",NA,"941352","4079621","224949","32761",NA,"88959",NA,"84479","431148","100321",NA,NA,NA,NA,NA,"100321",NA,NA,NA,NA,NA,NA,"0","75205",NA,"323019",NA,NA,NA,"1114",NA,NA,NA,NA,NA,"324133",NA,NA,NA,NA,NA,NA,NA,NA,NA,NA,"0","21358",NA,NA,NA,"694",NA,NA,NA,NA,NA,"22052","75371","40709",NA,"7593","1038",NA,"95026",NA,"40344",NA,"260081",NA,NA,NA,NA,NA,NA,"0","115943",NA,NA,"115943"
"198","190701","2025","GREENVILLE CSD","GREENE",NA,"753838","186418",NA,"9459838","2403878","1196992",NA,NA,"30856",NA,NA,NA,NA,"44559",NA,NA,"44559","2612023","363423",NA,"42763","10228","27995","844810","9016","598404","4508662","402080",NA,NA,NA,"2061",NA,"404141","80596",NA,NA,"8833","254","9270","98953",NA,NA,NA,NA,NA,NA,"0","70000",NA,"26711",NA,NA,NA,NA,NA,NA,NA,NA,"3515","30226",NA,NA,NA,NA,NA,NA,NA,NA,NA,NA,"0",NA,NA,NA,NA,NA,NA,NA,NA,NA,NA,"0",NA,NA,NA,NA,NA,NA,"238352",NA,NA,NA,"238352",NA,"53831",NA,NA,"52999","11871","118701",NA,NA,NA,"118701"
"199","190901","2025","HUNTER-TANNERSVILLE CSD","GREENE","0","143477","190665","0","1975968","0","201736","0","0","21710","0","0","0","0","7117","0","0","7117","757746","34696","313","201843","6197","213430","0","0","314087","1528312","70913","0","0","0","0","0","70913","0","0","0","0","0","0","0","0","0","0","0","0","0","0","12701","0","93994","0","0","0","24513","0","0","0","0","0","118507","0","0","0","0","0","0","0","0","0","0","0","0","0","0","0","0","0","0","0","0","0","0","15180","0","0","98","286","8509","0","0","6800","0","30873","0","32629","0","0","0","0","32629","0","0","0","32629"
"200","191401","2025","WINDHAM-ASHLAND-JEWETT CSD","GREENE",NA,NA,"94514",NA,"1172891","253946","137511",NA,NA,"30597",NA,NA,NA,NA,"12963",NA,NA,"12963","54635","18258",NA,"40097","1625","386238","57005",NA,"625543","1183401","85543",NA,NA,NA,NA,"6136","91679",NA,NA,NA,NA,NA,NA,"0",NA,NA,NA,NA,NA,NA,"0","3452",NA,"133461",NA,NA,NA,NA,NA,NA,NA,NA,NA,"133461",NA,NA,NA,NA,NA,NA,NA,NA,NA,NA,"0",NA,NA,NA,NA,NA,NA,NA,NA,NA,NA,"0",NA,NA,NA,NA,NA,NA,"19384",NA,NA,"908","20292",NA,"11872",NA,NA,"1026",NA,"12898",NA,NA,NA,"12898"
"201","200101","2025","PISECO COMN SD","HAMILTON",NA,NA,"13005",NA,NA,NA,NA,NA,NA,NA,NA,NA,NA,NA,"100",NA,NA,"100",NA,NA,NA,NA,NA,"10000",NA,NA,NA,"10000",NA,NA,NA,NA,NA,NA,"0",NA,NA,NA,NA,NA,NA,"0",NA,NA,NA,NA,NA,NA,"0",NA,NA,NA,NA,NA,NA,NA,NA,NA,NA,NA,NA,"0",NA,NA,NA,NA,NA,NA,NA,NA,NA,NA,"0",NA,NA,NA,NA,NA,NA,NA,NA,NA,NA,"0",NA,NA,NA,NA,NA,NA,NA,NA,NA,NA,"0",NA,NA,NA,NA,NA,NA,"0",NA,NA,NA,"0"
"202","200401","2025","INDIAN LAKE CSD","HAMILTON",NA,NA,"97336",NA,"770616",NA,"105766",NA,NA,"14104",NA,NA,NA,NA,"8529",NA,NA,"8529","264881","24167",NA,"3570","1481",NA,NA,NA,"308666","602765","20401",NA,NA,"9788","520",NA,"30709","40627",NA,NA,NA,"914",NA,"41541",NA,NA,NA,NA,NA,NA,"0",NA,NA,"38636",NA,NA,NA,NA,NA,NA,NA,"5210",NA,"43846",NA,NA,NA,NA,NA,NA,NA,NA,NA,NA,"0",NA,NA,NA,NA,NA,NA,NA,NA,NA,NA,"0",NA,NA,NA,NA,NA,NA,NA,NA,NA,NA,"0",NA,NA,NA,NA,NA,NA,"0",NA,NA,NA,"0"
"203","200501","2025","INLET COMN SD","HAMILTON",NA,NA,NA,NA,"4187",NA,NA,NA,NA,NA,NA,NA,NA,NA,"2712",NA,NA,"2712",NA,NA,NA,NA,NA,NA,NA,NA,NA,"0",NA,NA,NA,NA,NA,NA,"0",NA,NA,NA,NA,NA,NA,"0",NA,NA,NA,NA,NA,NA,"0",NA,NA,NA,NA,NA,NA,NA,NA,NA,NA,NA,NA,"0",NA,NA,NA,NA,NA,NA,NA,NA,NA,NA,"0",NA,NA,NA,NA,NA,NA,NA,NA,NA,NA,"0",NA,NA,NA,NA,NA,NA,NA,NA,NA,NA,"0",NA,NA,NA,NA,NA,NA,"0",NA,NA,NA,"0"
"204","200601","2025","LAKE PLEASANT CSD","HAMILTON",NA,"100795","55461",NA,"592735","61514","35505",NA,NA,"2858",NA,NA,NA,NA,"2580",NA,NA,"2580","210327","26231",NA,"23553","1070","63307",NA,"0","175896","500384","26175",NA,NA,"11149","7",NA,"37331",NA,NA,NA,NA,NA,NA,"0",NA,NA,NA,NA,NA,NA,"0","29991",NA,"21900",NA,NA,NA,"585",NA,NA,NA,NA,NA,"22485",NA,NA,NA,NA,NA,NA,NA,NA,NA,NA,"0",NA,NA,NA,NA,NA,NA,NA,NA,NA,NA,"0","31450","5744",NA,"5050","599",NA,NA,NA,"11990","6269","61102",NA,"9645","4107","200","1550","3925","19427",NA,NA,NA,"19427"
"205","200701","2025","LONG LAKE CSD","HAMILTON",NA,NA,"29668",NA,"479620","41156","62922",NA,NA,"21432",NA,NA,NA,NA,"7725",NA,NA,"7725","19237","56876",NA,"20161",NA,NA,NA,NA,NA,"96274",NA,NA,NA,"5860",NA,NA,"5860",NA,NA,NA,"5000",NA,NA,"5000",NA,NA,NA,NA,NA,NA,"0",NA,NA,"37992",NA,NA,"5728",NA,NA,NA,NA,NA,NA,"43720",NA,NA,NA,NA,NA,NA,NA,NA,NA,NA,"0",NA,NA,NA,NA,NA,NA,NA,NA,NA,NA,"0",NA,NA,NA,NA,NA,NA,NA,NA,NA,NA,"0",NA,NA,NA,NA,NA,NA,"0",NA,NA,NA,"0"
"206","200702","2025","RAQUETTE LAKE UFSD","HAMILTON",NA,NA,"677",NA,NA,NA,"4962",NA,NA,NA,NA,NA,NA,NA,"254",NA,NA,"254",NA,NA,NA,"0",NA,NA,NA,NA,NA,"0",NA,NA,NA,NA,NA,NA,"0",NA,NA,NA,NA,NA,NA,"0",NA,NA,NA,NA,NA,NA,"0",NA,NA,NA,NA,NA,NA,NA,NA,NA,NA,NA,NA,"0",NA,NA,NA,NA,NA,NA,NA,NA,NA,NA,"0",NA,NA,NA,NA,NA,NA,NA,NA,NA,NA,"0",NA,NA,NA,NA,NA,NA,NA,NA,NA,NA,"0",NA,NA,NA,NA,NA,NA,"0",NA,NA,NA,"0"
"207","200901","2025","WELLS CSD","HAMILTON",NA,"176395","188578",NA,"1102435","145279","138618",NA,NA,"2932",NA,NA,NA,NA,"2996",NA,NA,"2996","83280","0",NA,"807","1033","40",NA,"175","178386","263721",NA,NA,NA,"65988","396",NA,"66384",NA,NA,NA,NA,NA,NA,"0",NA,NA,NA,NA,NA,NA,"0","0",NA,NA,NA,NA,NA,NA,NA,NA,NA,NA,NA,"0",NA,NA,NA,NA,NA,NA,NA,NA,NA,NA,"0",NA,NA,NA,NA,NA,NA,NA,NA,NA,NA,"0",NA,NA,NA,NA,NA,NA,NA,NA,NA,NA,"0",NA,NA,NA,NA,NA,NA,"0",NA,NA,NA,"0"
"208","210302","2025","WEST CANADA VALLEY CSD","HERKIMER",NA,NA,"184443",NA,"9798077",NA,"2008140",NA,NA,"47830",NA,NA,NA,NA,"1346",NA,NA,"1346","625569","208559",NA,"22536","12179",NA,"156366","2374","650963","1678546","75599",NA,NA,"85","2047",NA,"77731","64793",NA,NA,NA,NA,NA,"64793",NA,NA,NA,NA,NA,NA,"0","31001",NA,"94017","635",NA,"7537",NA,NA,NA,NA,NA,"80773","182962",NA,NA,NA,NA,NA,NA,NA,NA,NA,NA,"0",NA,NA,NA,NA,NA,NA,NA,NA,NA,NA,"0",NA,NA,NA,NA,NA,NA,NA,NA,"24021",NA,"24021",NA,"10913",NA,NA,NA,"2999","13912",NA,NA,NA,"13912"
"209","210402","2025","FRANKFORT-SCHUYLER CSD","HERKIMER",NA,"381483","219838",NA,"6799752","1411049","2561391","72376",NA,"57088",NA,NA,NA,NA,"12690",NA,NA,"12690","866644","39879",NA,"61937","16378","38539","358068",NA,"1205015","2586460",NA,NA,NA,NA,NA,NA,"0",NA,NA,NA,NA,NA,NA,"0",NA,NA,NA,NA,NA,NA,"0","44201",NA,"204393","3866",NA,NA,NA,NA,NA,NA,NA,NA,"208259",NA,NA,NA,NA,NA,NA,NA,NA,NA,NA,"0",NA,NA,NA,NA,NA,NA,NA,NA,NA,NA,"0",NA,NA,NA,NA,NA,NA,"84833",NA,"29063",NA,"113896",NA,NA,NA,NA,NA,NA,"0","15871",NA,NA,"15871"
"210","210601","2025","HERKIMER CSD","HERKIMER",NA,NA,"523159",NA,"14288593","2096279","3826484",NA,NA,"83328",NA,NA,NA,NA,"8644",NA,NA,"8644","1106580","173012","790","144662","7268","91417","340641",NA,"2643864","4508234","116056",NA,NA,NA,"341",NA,"116397",NA,NA,NA,NA,NA,NA,"0",NA,NA,NA,NA,NA,NA,"0","16202",NA,"303406",NA,NA,NA,NA,NA,NA,NA,NA,"70596","374002",NA,NA,NA,NA,NA,NA,NA,NA,NA,NA,"0",NA,NA,NA,NA,NA,NA,NA,NA,NA,NA,"0",NA,NA,NA,NA,NA,NA,"12582",NA,"43476",NA,"56058",NA,NA,NA,NA,NA,NA,"0","24950",NA,NA,"24950"
"211","210800","2025","LITTLE FALLS CITY SD","HERKIMER",NA,NA,"386384",NA,"13971768","1919844","3033565",NA,NA,"93170",NA,NA,NA,NA,"21490",NA,NA,"21490","1560299","410052",NA,"460521","2562",NA,NA,NA,"1923036","4356470",NA,NA,NA,NA,NA,NA,"0","60697",NA,NA,NA,NA,NA,"60697",NA,NA,NA,NA,NA,NA,"0",NA,NA,"273043",NA,NA,NA,NA,NA,NA,NA,NA,NA,"273043",NA,NA,NA,NA,NA,NA,NA,NA,NA,NA,"0",NA,NA,NA,NA,NA,NA,NA,NA,NA,NA,"0",NA,NA,NA,NA,NA,NA,NA,NA,NA,NA,"0",NA,NA,NA,NA,NA,NA,"0",NA,NA,NA,"0"
"212","211003","2025","DOLGEVILLE CSD","HERKIMER",NA,"13507","199610",NA,"11057326","2208808","1889421",NA,NA,"3159",NA,NA,NA,NA,"32246",NA,NA,"32246","841634","159273","540","56451","11511","178008",NA,"12829","565871","1826117","39969",NA,NA,NA,NA,NA,"39969","63819",NA,NA,NA,NA,NA,"63819",NA,NA,NA,NA,NA,NA,"0",NA,NA,"240257",NA,NA,NA,NA,NA,NA,NA,NA,NA,"240257",NA,NA,NA,NA,NA,NA,NA,NA,NA,NA,"0",NA,NA,NA,NA,NA,NA,NA,NA,NA,NA,"0",NA,NA,NA,NA,NA,NA,NA,NA,NA,NA,"0",NA,NA,NA,"15346",NA,NA,"15346",NA,NA,NA,"15346"
"213","211103","2025","POLAND CSD","HERKIMER",NA,NA,"215278",NA,"4612929","987981","1160073",NA,NA,"33052",NA,NA,NA,NA,"15541",NA,NA,"15541","234765","37224",NA,"7714","1200",NA,NA,NA,"1263226","1544129","39313",NA,NA,"174","414",NA,"39901",NA,NA,NA,NA,NA,NA,"0",NA,NA,NA,NA,NA,NA,"0",NA,NA,"164456",NA,NA,NA,NA,NA,NA,NA,NA,NA,"164456",NA,NA,NA,NA,NA,NA,NA,NA,NA,NA,"0",NA,NA,NA,NA,NA,NA,NA,NA,NA,NA,"0",NA,NA,NA,NA,NA,NA,NA,NA,"13357",NA,"13357",NA,NA,NA,"6261",NA,NA,"6261",NA,NA,NA,"6261"
"214","211701","2025","VAN HORNESVILLE-OWEN D YOUNG C","HERKIMER",NA,NA,"62062",NA,"2986489","370171","591481",NA,NA,"6875",NA,NA,NA,NA,"9858",NA,NA,"9858","53699","72719",NA,"3700","76","975",NA,NA,"157196","288365","21147",NA,NA,NA,NA,NA,"21147",NA,NA,NA,NA,NA,NA,"0",NA,NA,NA,NA,NA,NA,"0",NA,NA,"62469","31559",NA,"132",NA,NA,NA,NA,NA,NA,"94160",NA,NA,NA,NA,NA,NA,NA,NA,NA,NA,"0",NA,NA,NA,NA,NA,NA,NA,NA,NA,NA,"0",NA,NA,NA,NA,NA,NA,NA,NA,NA,NA,"0",NA,NA,NA,NA,NA,NA,"0",NA,NA,NA,"0"
"215","211901","2025","TOWN OF WEBB UFSD","HERKIMER",NA,"1071392","24098",NA,"828377","116194","132758",NA,NA,"18585",NA,NA,NA,NA,"50567",NA,NA,"50567","417522","108516",NA,"18869","1351","68263",NA,NA,"209997","824518","24000",NA,NA,"11966","3125",NA,"39091",NA,NA,NA,NA,NA,NA,"0",NA,NA,NA,NA,NA,NA,"0",NA,NA,"64699","300",NA,NA,"1259",NA,NA,NA,NA,NA,"66258",NA,NA,NA,NA,NA,NA,NA,NA,NA,NA,"0",NA,NA,NA,NA,NA,NA,NA,NA,NA,NA,"0",NA,NA,NA,NA,NA,NA,NA,NA,NA,NA,"0",NA,NA,NA,NA,NA,NA,"0",NA,NA,NA,"0"
"216","212001","2025","MOUNT MARKHAM CSD","HERKIMER",NA,NA,"509858",NA,"16927564","757179","3638597","9874",NA,"35623",NA,NA,NA,NA,"22612",NA,NA,"22612","1331063","81477","57","98027","19138","244075",NA,NA,"989539","2776550","25668",NA,NA,"425",NA,NA,"26093","136901",NA,NA,NA,NA,NA,"136901",NA,NA,NA,NA,NA,NA,"0",NA,"13174","289205","13917",NA,"1119","500",NA,NA,NA,NA,NA,"304741",NA,NA,NA,NA,NA,NA,NA,NA,NA,NA,"0",NA,NA,NA,NA,NA,NA,NA,NA,NA,NA,"0",NA,NA,NA,NA,NA,NA,NA,NA,"13072",NA,"13072",NA,"11780",NA,"3987",NA,"10563","26330",NA,NA,NA,"26330"
"217","212101","2025","CENTRAL VALLEY CSD AT ILION-MO","HERKIMER",NA,"17757","933559",NA,"28684232","6078498","6404353","217128",NA,"286667",NA,NA,NA,NA,"78792",NA,"29574","108366","2646603","895559",NA,"29027","21742","947300",NA,NA,"4064493","8604724",NA,NA,NA,NA,NA,NA,"0",NA,NA,NA,NA,NA,NA,"0",NA,NA,NA,NA,NA,NA,"0","15062",NA,"630664",NA,NA,NA,NA,NA,NA,NA,NA,NA,"630664",NA,NA,NA,NA,NA,NA,NA,NA,NA,NA,"0",NA,NA,NA,NA,NA,NA,NA,NA,NA,NA,"0",NA,NA,NA,NA,NA,"50741",NA,NA,NA,NA,"50741",NA,NA,NA,"24570",NA,NA,"24570",NA,NA,NA,"24570"
"218","220101","2025","SOUTH JEFFERSON CSD","JEFFERSON",NA,NA,"229261",NA,"22309751","3076462","1883727",NA,NA,"1502",NA,NA,NA,NA,"37508",NA,"32000","69508","1520343","874805",NA,"22119","11606",NA,"14901",NA,"544111","2987885","174240",NA,NA,"4070","291",NA,"178601","100543",NA,NA,NA,NA,NA,"100543",NA,NA,NA,NA,NA,NA,"0","25223",NA,"453511",NA,NA,"9174",NA,NA,NA,NA,NA,"19334","482019",NA,NA,NA,NA,NA,NA,NA,NA,NA,NA,"0",NA,NA,NA,"1800","5798",NA,NA,NA,NA,NA,"7598","5737","46927",NA,NA,NA,NA,"54702",NA,NA,"10918","118284",NA,"26387",NA,NA,NA,NA,"26387",NA,NA,NA,"26387"
"219","220202","2025","ALEXANDRIA CSD","JEFFERSON",NA,NA,"61091",NA,"4098050","682572","312720",NA,NA,"19605",NA,NA,NA,NA,"27875",NA,NA,"27875","768658","64741",NA,"74069","12003",NA,NA,NA,"328245","1247716","71687",NA,NA,"11554",NA,NA,"83241",NA,NA,NA,NA,NA,NA,"0",NA,NA,NA,NA,NA,NA,"0","5374",NA,"106523","31998",NA,NA,NA,NA,NA,NA,NA,NA,"138521",NA,NA,NA,NA,NA,NA,NA,NA,NA,NA,"0",NA,NA,NA,NA,NA,NA,NA,NA,NA,NA,"0","8800","11070",NA,NA,NA,NA,NA,NA,NA,NA,"19870",NA,"6999","0",NA,NA,NA,"6999",NA,NA,NA,"6999"
"220","220301","2025","INDIAN RIVER CSD","JEFFERSON","240567",NA,"512462","240567","50985835","6735237","5401317",NA,NA,"116444",NA,NA,NA,NA,"53918",NA,NA,"53918","1483297","1076662",NA,NA,NA,NA,"9029",NA,"5543399","8112387","444555",NA,NA,"5830","1771",NA,"452156","265825",NA,NA,"596",NA,NA,"266421",NA,NA,NA,NA,NA,NA,"0","122203",NA,"553520","91633",NA,"62507","21136",NA,NA,NA,NA,"278637","1007433",NA,NA,NA,NA,NA,NA,NA,NA,NA,NA,"0",NA,NA,NA,NA,NA,NA,NA,NA,NA,NA,"0",NA,NA,NA,NA,NA,NA,NA,NA,"248613",NA,"248613",NA,NA,NA,NA,NA,NA,"0","110726",NA,NA,"110726"
"221","220401","2025","GENERAL BROWN CSD","JEFFERSON",NA,NA,"217831",NA,"14409050","1668890","1458425",NA,NA,"17258",NA,NA,NA,NA,"5002",NA,NA,"5002","1032539","131458",NA,"13913","4239","399446",NA,NA,"1469888","3051483",NA,NA,NA,"12000",NA,NA,"12000",NA,NA,NA,NA,NA,NA,"0",NA,NA,NA,NA,NA,NA,"0","30000",NA,"300495",NA,NA,"7758",NA,NA,"34518",NA,NA,"111487","454258",NA,NA,NA,NA,NA,NA,NA,NA,NA,NA,"0",NA,NA,NA,NA,NA,NA,NA,NA,NA,NA,"0",NA,NA,NA,NA,NA,NA,NA,NA,"53569",NA,"53569",NA,"5431",NA,NA,NA,"1241","6672",NA,NA,NA,"6672"
"222","220701","2025","THOUSAND ISLANDS CSD","JEFFERSON",NA,NA,"134254",NA,"6764373","1208590","551839",NA,NA,"28654",NA,NA,NA,NA,"51415",NA,NA,"51415","214926","274200","307","200","10045",NA,NA,NA,"1067317","1566995","100355",NA,NA,NA,"5560",NA,"105915","39191",NA,NA,NA,NA,NA,"39191",NA,NA,NA,NA,NA,NA,"0","13077",NA,"243255",NA,NA,"2582",NA,NA,NA,NA,"6531","27415","279783",NA,NA,NA,NA,NA,NA,NA,NA,NA,NA,"0",NA,NA,NA,NA,NA,NA,NA,NA,NA,NA,"0",NA,NA,NA,NA,NA,NA,NA,NA,"30909",NA,"30909",NA,NA,NA,"19938",NA,NA,"19938",NA,NA,NA,"19938"
"223","220909","2025","BELLEVILLE-HENDERSON CSD","JEFFERSON",NA,NA,"91108",NA,"4690581","543594","527585",NA,NA,"10448",NA,NA,NA,NA,"68549",NA,NA,"68549","259406","31208",NA,"3172","-1496",NA,NA,NA,"855149","1147439",NA,NA,NA,NA,NA,"3772","3772",NA,NA,NA,NA,NA,NA,"0",NA,NA,NA,NA,NA,NA,"0","30845",NA,"92067","71965",NA,NA,NA,NA,NA,NA,NA,NA,"164032",NA,NA,NA,NA,NA,NA,NA,NA,NA,NA,"0",NA,NA,NA,NA,NA,NA,NA,NA,NA,NA,"0",NA,NA,NA,NA,NA,NA,NA,NA,NA,NA,"0",NA,NA,NA,NA,NA,NA,"0",NA,NA,NA,"0"
"224","221001","2025","SACKETS HARBOR CSD","JEFFERSON",NA,NA,"119523",NA,"2815252","556637","357449",NA,NA,"9271",NA,NA,NA,NA,"13653",NA,NA,"13653","365833","207737",NA,"400","1684","22260",NA,NA,"449929","1047843",NA,NA,NA,"34383","1749",NA,"36132",NA,NA,NA,NA,NA,NA,"0",NA,NA,NA,NA,NA,NA,"0","17668",NA,"109766",NA,NA,NA,NA,NA,NA,NA,NA,"21427","131193",NA,NA,NA,NA,NA,NA,NA,NA,NA,NA,"0",NA,NA,NA,NA,NA,NA,NA,NA,NA,NA,"0",NA,NA,NA,NA,NA,NA,NA,NA,"33538",NA,"33538",NA,"4679",NA,"1598",NA,"638","6915",NA,NA,NA,"6915"
"225","221301","2025","LYME CSD","JEFFERSON",NA,NA,"67949",NA,"2768576","363588","294134",NA,NA,"10569",NA,NA,NA,NA,"26996",NA,NA,"26996","174879",NA,NA,"129","276",NA,NA,NA,"550282","725566",NA,NA,NA,NA,NA,"80511","80511",NA,NA,NA,NA,NA,NA,"0",NA,NA,NA,NA,NA,NA,"0","10788",NA,"62439",NA,NA,NA,"218",NA,NA,NA,NA,"26967","89624",NA,NA,NA,NA,NA,NA,NA,NA,NA,NA,"0",NA,NA,NA,NA,NA,NA,NA,NA,NA,NA,"0",NA,NA,NA,NA,NA,NA,"32042",NA,NA,NA,"32042",NA,"5190",NA,"2161","353","1289","8993",NA,NA,NA,"8993"
"226","221401","2025","LA FARGEVILLE CSD","JEFFERSON",NA,NA,"73353",NA,"4772980","743880","350108",NA,NA,"23447",NA,NA,NA,NA,"14259",NA,NA,"14259","172315","119722",NA,"2561","2819",NA,NA,NA,"811424","1108841",NA,NA,NA,"1858","313",NA,"2171",NA,NA,NA,NA,NA,"35000","35000",NA,NA,NA,NA,NA,NA,"0","12753",NA,"104201",NA,NA,"5712",NA,NA,NA,NA,NA,"36445","146358",NA,NA,NA,NA,NA,NA,NA,NA,NA,NA,"0",NA,NA,NA,NA,NA,NA,NA,NA,NA,NA,"0",NA,NA,NA,NA,NA,NA,NA,NA,"36881",NA,"36881",NA,"5065",NA,NA,"2844","902","8811",NA,NA,NA,"8811"
"227","222000","2025","WATERTOWN CITY SD","JEFFERSON",NA,"-27009","417017",NA,"47453991","6413809","4127733",NA,NA,"86967",NA,NA,NA,NA,"198935",NA,NA,"198935","3599103","2630688",NA,"356538","12187","41676",NA,"251","1773173","8413616","514002",NA,NA,NA,NA,NA,"514002","274711",NA,NA,NA,NA,NA,"274711",NA,NA,NA,NA,NA,NA,"0","31759",NA,"761430","89466",NA,"200269","111534",NA,NA,NA,NA,"222792","1385491",NA,NA,NA,NA,NA,NA,NA,NA,NA,NA,"0",NA,NA,NA,NA,NA,NA,NA,NA,NA,NA,"0",NA,"97688",NA,NA,NA,NA,NA,NA,"18900",NA,"116588",NA,NA,NA,NA,NA,NA,"0","25733",NA,NA,"25733"
"228","222201","2025","CARTHAGE CSD","JEFFERSON",NA,NA,"322850",NA,"37842073","5037940","3663519",NA,NA,"26515",NA,NA,"192387",NA,"26523",NA,NA,"218910","3572129","1999470","29431","66330","51839","63853",NA,"6817","786333","6576202","410735",NA,NA,"91","870",NA,"411696","118163",NA,NA,NA,NA,NA,"118163",NA,NA,NA,NA,NA,NA,"0","61521",NA,"534325","10250","151082","239621","44325",NA,NA,NA,NA,"216298","1195901",NA,NA,NA,NA,NA,NA,NA,NA,NA,NA,"0",NA,NA,NA,NA,NA,NA,NA,NA,NA,NA,"0","45510","69670",NA,NA,NA,NA,NA,NA,"4626","47850","167656",NA,"42423",NA,NA,"11187","11420","65030",NA,NA,NA,"65030"
"229","230201","2025","COPENHAGEN CSD","LEWIS",NA,"2692","113855",NA,"6495208","704757","650809",NA,NA,"6503",NA,NA,NA,NA,"22500",NA,NA,"22500","234531","163616",NA,"50","2755",NA,"931",NA,"365871","767754","6000",NA,NA,NA,"684",NA,"6684","67729",NA,NA,"4110",NA,NA,"71839",NA,NA,NA,NA,NA,NA,"0","78218",NA,"136797",NA,NA,"4274",NA,NA,NA,NA,NA,NA,"141071",NA,NA,NA,NA,NA,NA,NA,NA,NA,NA,"0",NA,NA,NA,NA,NA,NA,NA,NA,NA,NA,"0",NA,NA,NA,"4626",NA,NA,NA,NA,NA,NA,"4626",NA,"6337",NA,"17569",NA,NA,"23906",NA,NA,NA,"23906"
"230","230301","2025","HARRISVILLE CSD","LEWIS",NA,"19046","61119",NA,"4438322","571670","622762",NA,NA,"19519",NA,NA,NA,NA,"27954",NA,NA,"27954","124936","220899","0","4456","3651",NA,NA,NA,"269195","623137",NA,NA,NA,NA,NA,"54400","54400",NA,NA,NA,NA,NA,NA,"0",NA,NA,NA,NA,NA,NA,"0","20000",NA,"98974","1870",NA,NA,NA,NA,NA,NA,NA,NA,"100844",NA,NA,NA,NA,NA,NA,NA,NA,NA,NA,"0",NA,NA,NA,NA,NA,NA,NA,NA,NA,NA,"0","26354","6012",NA,"1028","135",NA,NA,NA,NA,NA,"33529",NA,"6671",NA,NA,NA,NA,"6671",NA,NA,NA,"6671"
"231","230901","2025","LOWVILLE ACADEMY & CSD","LEWIS","11949","39677","149227","11949","16324122","1695843","1397903",NA,NA,"14240",NA,NA,NA,NA,"20037",NA,NA,"20037","1468262","339887",NA,"17312","18157",NA,NA,NA,"823326","2666944","61873",NA,NA,"0","1133",NA,"63006","62749",NA,NA,NA,NA,NA,"62749",NA,NA,NA,NA,NA,NA,"0","41970",NA,"299947","13864",NA,"24728",NA,NA,NA,NA,NA,"80466","419005",NA,NA,NA,NA,NA,NA,NA,NA,NA,NA,"0",NA,NA,NA,NA,NA,NA,NA,NA,NA,NA,"0",NA,NA,NA,NA,NA,NA,NA,NA,"114761",NA,"114761",NA,"13118",NA,"14010",NA,"2286","29414",NA,NA,NA,"29414"
"232","231101","2025","SOUTH LEWIS CSD","LEWIS",NA,"72696","245178",NA,"14448714","2018920","1024897",NA,NA,"34440",NA,NA,NA,NA,"15346",NA,NA,"15346","976066","327059",NA,"1082","13729","167963",NA,NA,"1977661","3463560","43681",NA,NA,NA,"2190",NA,"45871",NA,NA,NA,NA,NA,NA,"0",NA,NA,NA,NA,NA,NA,"0","24028",NA,"332390",NA,NA,"14420",NA,NA,NA,NA,NA,NA,"346810",NA,NA,NA,NA,NA,NA,NA,NA,NA,NA,"0",NA,NA,NA,NA,NA,NA,NA,NA,NA,NA,"0",NA,NA,NA,NA,NA,NA,NA,NA,"90217",NA,"90217",NA,"10193",NA,NA,NA,NA,"10193",NA,NA,NA,"10193"
"233","231301","2025","BEAVER RIVER CSD","LEWIS",NA,NA,"147227",NA,"10451097","626777","981304",NA,NA,"1415",NA,NA,NA,NA,"10454",NA,NA,"10454","510061","532773",NA,"10661","23384","46965",NA,NA,"662300","1786144","20820",NA,NA,NA,NA,NA,"20820","66512",NA,NA,NA,NA,"96394","162906",NA,NA,NA,NA,NA,NA,"0","13080",NA,"439631","30212",NA,"7120",NA,NA,NA,NA,NA,NA,"476963",NA,NA,NA,NA,NA,NA,NA,NA,NA,NA,"0",NA,NA,NA,NA,NA,NA,NA,NA,NA,NA,"0",NA,NA,NA,NA,NA,NA,NA,NA,NA,NA,"0",NA,"4623",NA,"65406",NA,NA,"70029",NA,NA,NA,"70029"
"234","240101","2025","AVON CSD","LIVINGSTON","991",NA,"182292","991","7399898","1606569","1553059",NA,NA,"49646",NA,NA,NA,NA,"37967",NA,"46300","84267","1261661","189764",NA,"150389","14093","703","385393",NA,"148518","2150521","110948",NA,NA,"135",NA,NA,"111083","63325",NA,NA,NA,NA,NA,"63325","136848","59487",NA,"9395","1209","2000","208939","50318",NA,"234646","21121",NA,"51264","11000",NA,NA,NA,"1250",NA,"319281",NA,NA,NA,NA,NA,NA,NA,NA,NA,NA,"0",NA,NA,NA,NA,NA,NA,NA,NA,NA,NA,"0","12451","3641",NA,"5204","288",NA,"90219",NA,NA,"0","111803",NA,NA,NA,NA,NA,NA,"0","6349",NA,NA,"6349"
"235","240201","2025","CALEDONIA-MUMFORD CSD","LIVINGSTON",NA,NA,"170988",NA,"6193617","2024043","1169640","94166",NA,"122033",NA,NA,NA,NA,"47741",NA,"41202","88943","869055","143988",NA,"723013","5504",NA,NA,NA,"514795","2256355","51425",NA,NA,NA,"3896",NA,"55321","95406",NA,NA,"132384",NA,NA,"227790",NA,NA,NA,NA,NA,NA,"0","64785",NA,"123033","86000",NA,"41804",NA,NA,NA,NA,NA,NA,"250837",NA,NA,NA,NA,NA,NA,NA,NA,NA,NA,"0",NA,NA,NA,NA,NA,NA,NA,NA,NA,NA,"0",NA,"0",NA,"131797",NA,NA,NA,NA,"24673","2986","159456",NA,"14263",NA,NA,NA,NA,"14263",NA,NA,NA,"14263"
"236","240401","2025","GENESEO CSD","LIVINGSTON",NA,"9501","201896",NA,"5855535","2548734","1243558",NA,NA,"81201",NA,NA,NA,NA,"67596",NA,"44175","111771","1534360","498045",NA,"29519","9594","189191","570799","2611","487601","3321720","156165",NA,NA,NA,"3955",NA,"160120","72879",NA,NA,"75","697","2023","75674",NA,NA,NA,"24745",NA,NA,"24745","38492",NA,"222806",NA,NA,"46756",NA,NA,NA,NA,NA,NA,"269562",NA,NA,NA,NA,NA,NA,NA,NA,NA,NA,"0",NA,NA,NA,NA,NA,NA,NA,NA,NA,NA,"0","23010","11576",NA,NA,NA,NA,"116817",NA,NA,NA,"151403",NA,"1104",NA,NA,NA,NA,"1104","39952",NA,NA,"41056"
"237","240801","2025","LIVONIA CSD","LIVINGSTON",NA,"912909","231411",NA,"9921561","2650080","2559009",NA,NA,"81734",NA,NA,NA,NA,"59151",NA,"35900","95051","1945943","1277019",NA,"323125","11894","8431","422827",NA,"253035","4242274","116816",NA,NA,NA,NA,NA,"116816","115658",NA,NA,"94449",NA,"15683","225790",NA,NA,NA,NA,NA,NA,"0","129442",NA,"305968","99315",NA,"42637","5174",NA,NA,NA,NA,NA,"453094",NA,NA,NA,NA,NA,NA,NA,NA,NA,NA,"0","6424",NA,NA,"8027",NA,NA,NA,NA,NA,NA,"14451","52182","36781",NA,"18958",NA,NA,"37675",NA,NA,NA,"145596",NA,"15762",NA,NA,"4169",NA,"19931",NA,NA,NA,"19931"
"238","240901","2025","MT MORRIS CSD","LIVINGSTON","0","169121","292929","0","9023708","1931158","1310858",NA,NA,"78833",NA,NA,NA,NA,"25862",NA,"35900","61762","800169","508245",NA,"56625","11620","509696","344491",NA,"1530607","3761453","91236",NA,NA,"89","528",NA,"91853","109189",NA,NA,"0","789","13685","123663",NA,NA,NA,NA,NA,NA,"0","36713",NA,"132284","1737",NA,"29128",NA,NA,NA,NA,NA,"6272","169421",NA,NA,NA,NA,NA,NA,NA,NA,NA,NA,"0",NA,NA,NA,NA,NA,NA,NA,NA,NA,NA,"0",NA,NA,NA,NA,NA,"11282","62039",NA,"16473",NA,"89794",NA,NA,NA,NA,NA,NA,"0","54644",NA,NA,"54644"
"239","241001","2025","DANSVILLE CSD","LIVINGSTON",NA,"-17188","372643",NA,"16797291","4474952","2197460","94166",NA,"105604",NA,NA,NA,NA,"31991",NA,"37580","69571","1454016","1051599","1236","32797","12648","112128","751478",NA,"1478232","4894134","248283",NA,NA,NA,NA,NA,"248283","146781","5495",NA,NA,NA,"10710","162986",NA,NA,NA,NA,NA,NA,"0","41014",NA,"304185",NA,NA,"54452",NA,NA,NA,NA,NA,"112910","471547",NA,NA,NA,NA,NA,NA,NA,NA,NA,NA,"0",NA,NA,NA,NA,NA,NA,NA,NA,NA,NA,"0","15988","34751",NA,"3565",NA,NA,"93042",NA,NA,"10345","157691",NA,"93717",NA,NA,NA,"388","94105",NA,NA,NA,"94105"
"240","241101","2025","DALTON-NUNDA CSD (KESHEQUA)","LIVINGSTON","2804",NA,"205534","2804","8770453","2476684","1109822",NA,"825","26270",NA,NA,NA,NA,"91997",NA,"35900","127897","724474","64478",NA,"19101","6723","185701","211487",NA,"618348","1830312","39820",NA,NA,NA,NA,NA,"39820","57675",NA,NA,NA,"148","4760","62583",NA,NA,NA,NA,NA,NA,"0","12000",NA,"104318","68892",NA,"14052","14485",NA,NA,NA,NA,NA,"201747",NA,NA,NA,NA,NA,NA,NA,NA,NA,NA,"0","84887","21753",NA,NA,NA,NA,NA,NA,NA,"34343","140983",NA,NA,NA,NA,NA,"5643","29032",NA,NA,NA,"34675",NA,"15561",NA,"651","4510",NA,"20722",NA,NA,NA,"20722"
"241","241701","2025","YORK CSD","LIVINGSTON",NA,NA,"226407",NA,"9989064",NA,"1634704",NA,NA,"23432",NA,NA,NA,NA,"36541",NA,NA,"36541","967196","185486",NA,"41421","6454","7722",NA,NA,"971507","2179786",NA,NA,NA,NA,NA,NA,"0",NA,NA,NA,NA,NA,NA,"0",NA,NA,NA,NA,NA,NA,"0","4447",NA,"152177",NA,NA,"11143",NA,NA,NA,NA,NA,"72415","235735",NA,NA,NA,NA,NA,NA,NA,NA,NA,NA,"0",NA,NA,NA,NA,NA,NA,NA,NA,NA,NA,"0",NA,NA,NA,"16132",NA,NA,NA,NA,NA,NA,"16132",NA,NA,NA,"6103",NA,NA,"6103",NA,NA,NA,"6103"
"242","250109","2025","BROOKFIELD CSD","MADISON",NA,NA,"280443",NA,"3894384","575591","653798",NA,NA,"3734",NA,NA,NA,NA,"8051",NA,NA,"8051","31370","51000",NA,"92057","1034","25628",NA,NA,"658176","859265",NA,NA,NA,NA,NA,NA,"0",NA,NA,NA,NA,NA,"90957","90957",NA,NA,NA,NA,NA,NA,"0",NA,NA,"334748","44948",NA,NA,NA,NA,NA,NA,NA,NA,"379696",NA,NA,NA,NA,NA,NA,NA,NA,NA,NA,"0",NA,NA,NA,NA,NA,NA,NA,NA,NA,NA,"0",NA,NA,NA,NA,NA,NA,NA,NA,NA,NA,"0",NA,NA,NA,NA,NA,NA,"0",NA,NA,NA,"0"
"243","250201","2025","CAZENOVIA CSD","MADISON",NA,NA,"278034",NA,"7202342","1970017","1086322",NA,NA,"132558",NA,NA,NA,NA,"302756",NA,NA,"302756","2305644","118824","380","68566","12312",NA,"312767",NA,"558894","3377387","222162",NA,NA,"1707","400",NA,"224269","5000",NA,NA,"57061","254",NA,"62315",NA,NA,NA,NA,NA,NA,"0","56842",NA,"332999","11548",NA,"11396","7150",NA,NA,NA,NA,NA,"363093",NA,NA,NA,NA,NA,NA,NA,NA,NA,NA,"0",NA,NA,NA,NA,NA,NA,NA,NA,NA,NA,"0","53400","9862",NA,NA,NA,NA,NA,NA,"23503",NA,"86765",NA,"41739",NA,NA,NA,NA,"41739",NA,NA,NA,"41739"
"244","250301","2025","DERUYTER CSD","MADISON",NA,NA,"156332",NA,"4882755","769837","500590",NA,NA,"23594","0",NA,NA,NA,"17883",NA,NA,"17883","654013","303964","1527","25420","3411",NA,NA,NA,"248095","1236430","1750",NA,NA,NA,NA,NA,"1750",NA,NA,NA,NA,NA,NA,"0",NA,NA,NA,NA,NA,NA,"0","0",NA,"130136",NA,NA,NA,NA,NA,NA,NA,NA,NA,"130136",NA,NA,NA,NA,NA,NA,NA,NA,NA,NA,"0","4354",NA,NA,NA,NA,NA,NA,NA,NA,NA,"4354",NA,NA,NA,NA,NA,NA,NA,NA,"19802",NA,"19802",NA,"10872",NA,NA,NA,NA,"10872",NA,NA,"6032","16904"
"245","250401","2025","MORRISVILLE-EATON CSD","MADISON",NA,NA,"172676",NA,"7776964","1460273","960986","72376",NA,"51345",NA,NA,NA,NA,"6388",NA,"390","6778","478157","243659","658","19176","8441",NA,"394946",NA,"1609419","2754456","40235",NA,NA,NA,"1938",NA,"42173","42008",NA,NA,NA,NA,NA,"42008",NA,NA,NA,NA,NA,NA,"0","22179",NA,"181825","20648",NA,"16482","1532",NA,NA,NA,NA,NA,"220487",NA,NA,NA,NA,NA,NA,NA,NA,NA,NA,"0",NA,NA,NA,NA,NA,NA,NA,NA,NA,NA,"0",NA,NA,NA,"1320",NA,NA,"37830",NA,"32045",NA,"71195",NA,"15416",NA,NA,NA,"3523","18939",NA,NA,NA,"18939"
"246","250701","2025","HAMILTON CSD","MADISON",NA,NA,"94993",NA,"3616997","540135","543121",NA,NA,"28746",NA,NA,NA,NA,"47852","595",NA,"48447","726757","327217",NA,"220905","2722",NA,NA,NA,"463336","1740937","77186",NA,NA,NA,NA,NA,"77186",NA,NA,NA,NA,NA,NA,"0",NA,NA,NA,NA,NA,NA,"0","4750",NA,"166258",NA,NA,NA,NA,NA,NA,NA,NA,NA,"166258",NA,NA,NA,NA,NA,NA,NA,NA,NA,NA,"0",NA,NA,NA,NA,NA,NA,NA,NA,NA,NA,"0",NA,NA,NA,NA,NA,NA,NA,NA,"23749",NA,"23749",NA,"6758",NA,NA,NA,"517","7275",NA,NA,NA,"7275"
"247","250901","2025","CANASTOTA CSD","MADISON",NA,NA,"420222",NA,"12222371","2963175","2527500",NA,NA,"44994",NA,NA,NA,NA,"31860",NA,NA,"31860","1224696","431505","2000","66720","17976","80700","207084",NA,"2398465","4429146","85173",NA,NA,"1083",NA,NA,"86256","137664",NA,NA,NA,NA,"242395","380059",NA,NA,NA,NA,NA,NA,"0","147128",NA,"346581","9943",NA,"20431","1326",NA,NA,NA,"12758","24247","415286",NA,NA,NA,NA,NA,NA,NA,NA,NA,NA,"0",NA,NA,NA,NA,NA,NA,NA,NA,NA,NA,"0",NA,"4071",NA,"10801",NA,NA,"31604",NA,"109898",NA,"156374",NA,"17305",NA,NA,NA,"5323","22628",NA,NA,NA,"22628"
"248","251101","2025","MADISON CSD","MADISON","-5",NA,"125177","-5","5387846","824735","729057",NA,NA,"9404",NA,NA,NA,NA,"6268",NA,NA,"6268","430120","104578","2170","5618","2798",NA,"35028",NA,"669554","1249866","44853",NA,NA,NA,NA,NA,"44853",NA,NA,NA,"20810",NA,"96792","117602",NA,NA,NA,NA,NA,NA,"0","33256",NA,"91066","24489",NA,"3385",NA,NA,NA,NA,NA,"20790","139730",NA,NA,NA,NA,NA,NA,NA,NA,NA,NA,"0",NA,NA,NA,NA,NA,NA,NA,NA,NA,NA,"0",NA,NA,NA,NA,NA,NA,NA,NA,"20740",NA,"20740",NA,"2553",NA,NA,NA,"583","3136",NA,NA,NA,"3136"
"249","251400","2025","ONEIDA CITY SD","MADISON",NA,NA,"472274",NA,"16840335","3458596","2331757",NA,NA,"391813",NA,NA,NA,NA,"97677",NA,NA,"97677","2394702","126104","1813","210020","8593",NA,"286853",NA,"3692390","6720475",NA,NA,NA,NA,"2500",NA,"2500",NA,NA,NA,NA,NA,"33271","33271",NA,NA,NA,NA,NA,NA,"0","69641",NA,"424214",NA,NA,"59343","19233",NA,NA,NA,NA,"105116","607906",NA,NA,NA,NA,NA,NA,NA,NA,NA,NA,"0",NA,NA,NA,NA,NA,NA,NA,NA,NA,NA,"0","64879","12619",NA,"1216",NA,NA,"13178",NA,"98073","13154","203119",NA,"30387",NA,"26502",NA,"15810","72699",NA,NA,NA,"72699"
"250","251501","2025","STOCKBRIDGE VALLEY CSD","MADISON",NA,NA,"201329",NA,"5873504","1161258","959279",NA,NA,"38846",NA,NA,NA,NA,"9983",NA,"1768","11751","347111","1271",NA,"1350","2384","157306",NA,NA,"961284","1470706","81120",NA,NA,NA,"55",NA,"81175",NA,NA,NA,"21001",NA,NA,"21001",NA,NA,NA,NA,NA,NA,"0","4293",NA,"110187",NA,NA,"2336",NA,NA,NA,NA,NA,"40028","152551",NA,NA,NA,NA,NA,NA,NA,NA,NA,NA,"0",NA,NA,NA,NA,NA,NA,NA,NA,NA,NA,"0",NA,NA,NA,NA,NA,NA,NA,NA,"15453",NA,"15453",NA,"6772",NA,NA,"405","1952","9129",NA,NA,NA,"9129"
"251","251601","2025","CHITTENANGO CSD","MADISON",NA,NA,"358581",NA,"14656579","2785437","1707540",NA,NA,"268945",NA,NA,NA,NA,"34378",NA,NA,"34378","2032532","1151060","1947","6997","13779",NA,NA,NA,"1485991","4692306","152728",NA,NA,NA,NA,NA,"152728",NA,NA,NA,NA,NA,NA,"0",NA,NA,NA,NA,NA,NA,"0","22290",NA,"503331",NA,NA,"15954","2500",NA,NA,NA,NA,"51717","573502",NA,NA,NA,NA,NA,NA,NA,NA,NA,NA,"0",NA,NA,NA,NA,NA,NA,NA,NA,NA,NA,"0","62515","41484",NA,NA,"6550",NA,NA,NA,"45867","7956","164372",NA,"39187",NA,NA,NA,"2989","42176",NA,NA,NA,"42176"
"252","260101","2025","BRIGHTON CSD","MONROE","0","1184704","359966","0","19431252","4397961","3124789","1432","0","108030","0","0","0","0","240051","0","28120","268171","5774445","367666","7975","955571","29179","0","1872248","4880","5146587","14158551","509605","0","0","4947","14110","0","528662","278540","0","0","0","0","0","278540","0","0","0","0","0","0","0","209746","0","789193","82532","0","139750","0","0","0","0","0","84361","1095836","0","0","0","0","0","0","0","0","0","0","0","0","0","0","0","0","0","0","0","0","0","0","59219","54939","0","0","0","0","229327","0","188720","0","532205","0","0","0","0","0","0","0","181744","0","127102","308846"
"253","260401","2025","GATES CHILI CSD","MONROE","0","763700","1128612","0","30595125","10241865","5187125","7944","0","164523","0","0","0","0","35387","230","35112","70729","5167430","2110686","3648","678474","53698","122528","2638045","949","8125766","18901224","849858","0","0","2252","244","0","852354","621702","126105","0","1288","2049","0","751144","327621","0","0","0","0","0","327621","324630","0","611030","128434","0","212275","49924","0","0","0","189417","0","1191080","0","0","0","0","0","0","0","0","0","0","0","1233","0","0","0","1359","0","0","0","0","0","2592","205750","37533","0",NA,"1102","313259","0","0","522303","43609","1123556","0","78368","0","2821","0","27233","108422","0","0","0","108422"
"254","260501","2025","GREECE CSD","MONROE","19969","742962","1818645","19969","100806060","17875457","15119130","957315","0","660498","0","0","0","0","354368","0","40505","394873","20064118","6179447","0","1334433","157606","667913","2865415","0","6904403","38173335","1394772","319700","0","0","13828","0","1728300","1836878","13506","0","0","235","0","1850619","0","0","0","0","0","0","0","745801","0","2046410","282305","0","439708","83217","0","0","0","92295","982984","3926919","0","0","0","0","0","0","0","0","0","0","0","0","0","0","0","0","0","0","0","0","0","0","660288","365237","0","104693","26048","0","404836","0","388957","168014","2118073","0","252152","0","0","52208","48257","352617","0","0","5738","358355"
"255","260801","2025","EAST IRONDEQUOIT CSD","MONROE","0","308843","543302","0","28145352","5984359","4747565","0","0","182877","0","0","0","0","145048","0","0","145048","2368129","1704073","0","144626","30237","23412","1470080","0","4160847","9928880","268760","0","0","0","14469","0","283229","687323","0","0","913","433","0","688669","520382","0","0","1200","147","0","521729","215417","27476","501880","125216","0","167319","7902","0","80149","0","57839","250328","1190633","0","0","0","0","0","0","0","0","0","0","0","0","0","0","0","0","0","0","0","0","0","0","111030","157916","0","80714","0","0","0","0","356403","49098","755161","0","209170","0","4656","66131","57363","337320","0","0","0","337320"
"256","260803","2025","WEST IRONDEQUOIT CSD","MONROE",NA,"94850","634468",NA,"27213994","6482456","3452722",NA,NA,"284417",NA,NA,NA,NA,"108018",NA,"34738","142756","5315828","574941",NA,"73981","40423","1674896",NA,NA,"5259645","12939714","256866",NA,NA,NA,"1706",NA,"258572","534584",NA,NA,NA,NA,NA,"534584",NA,NA,NA,NA,NA,NA,"0","168638",NA,"717607",NA,NA,"165351",NA,NA,NA,NA,NA,"54800","937758",NA,NA,NA,NA,NA,NA,NA,NA,NA,NA,"0",NA,NA,NA,NA,NA,NA,NA,NA,NA,NA,"0","34273",NA,NA,NA,NA,NA,"135253",NA,"264831","2622","436979",NA,NA,NA,NA,NA,NA,"0","292440",NA,NA,"292440"
"257","260901","2025","HONEOYE FALLS-LIMA CSD","MONROE",NA,NA,"282134",NA,"13518569","2576831","2302499",NA,NA,"43142",NA,NA,NA,NA,"64611",NA,"23144","87755","3116020","1157115","1877","163575","20404","68779","1015091",NA,"2211680","7754541",NA,NA,NA,NA,NA,NA,"0","114799",NA,NA,NA,NA,NA,"114799",NA,NA,NA,NA,NA,NA,"0","81519",NA,"404914","43882",NA,"99939","36161",NA,NA,NA,NA,NA,"584896",NA,NA,NA,NA,NA,NA,NA,NA,NA,NA,"0","5335","797",NA,"7609",NA,NA,NA,NA,NA,NA,"13741",NA,NA,NA,NA,NA,NA,"125015",NA,"90113",NA,"215128",NA,"52824",NA,NA,"84006","14409","151239",NA,NA,NA,"151239"
"258","261001","2025","SPENCERPORT CSD","MONROE","180997","0","653804","180997","24207077","6818090","4302665","0","0","172993","0","0","0","0","73351","0","26985","100336","3678102","1156394","0","327094","10897","347813","967173","0","4265937","10753410","406755","0","0","0","2292","0","409047","274948","0","0","0","0","0","274948","0","0","0","0","0","0","0","226752","0","923803","0","0","62837","3451","0","0","0","32432","0","1022523","0","0","0","0","0","0","0","0","0","0","0","12872","1175","0","8192","0","0","0","0","8192","0","30431","47046","16973","0","13158","0","3000","149865","0","265134","0","495176","0","100550","0","0","0","0","100550","0","0","0","100550"
"259","261101","2025","HILTON CSD","MONROE",NA,"52395","565852",NA,"31159894","6272343","4491050",NA,NA,"180598",NA,NA,NA,NA,"61519",NA,"32125","93644","4665936","2370951",NA,"126426","3965","399083","1320115",NA,"2891596","11778072",NA,NA,NA,NA,NA,NA,"0",NA,NA,NA,NA,NA,NA,"0",NA,NA,NA,NA,NA,NA,"0","150597",NA,"689302","78789",NA,"160857","89529",NA,NA,NA,"30241","1386","1050104",NA,NA,NA,NA,NA,NA,NA,NA,NA,NA,"0",NA,"16936",NA,"13068","5160",NA,NA,NA,"7494",NA,"42658","119090","82298",NA,"42262",NA,NA,"137537",NA,"167463","60425","609075",NA,"91516",NA,NA,"52393",NA,"143909",NA,NA,NA,"143909"
"260","261201","2025","PENFIELD CSD","MONROE",NA,"421504","666563",NA,"23440250","5754722","3967979",NA,NA,NA,NA,NA,NA,NA,"212446",NA,"33796","246242","7225254","207945",NA,"319837","32908",NA,"1458040",NA,"7273444","16517428","599888",NA,NA,NA,NA,NA,"599888","328407",NA,NA,NA,NA,NA,"328407",NA,NA,NA,NA,NA,NA,"0","220326",NA,NA,NA,NA,NA,"8553","104273",NA,NA,NA,NA,"112826",NA,NA,NA,NA,NA,NA,NA,NA,NA,NA,"0",NA,NA,NA,NA,NA,NA,NA,NA,NA,NA,"0","709309","43793",NA,"567839","35262","199146",NA,NA,"276344","35807","1867500",NA,"76144",NA,NA,"20342",NA,"96486",NA,NA,"130773","227259"
"261","261301","2025","FAIRPORT CSD","MONROE",NA,"202501","3423101",NA,"29212141","9852266","3725610","387760",NA,"145399",NA,NA,NA,NA,"123967",NA,NA,"123967","6332871","2952744","7801","450564","26859",NA,"1793364",NA,"7973837","19538040","1778629",NA,NA,"29140","17863",NA,"1825632","785860","79432",NA,"11563","756",NA,"877611",NA,NA,NA,NA,NA,NA,"0","304684",NA,"16688","149006",NA,"198318",NA,NA,"482200",NA,NA,"239523","1085735",NA,NA,NA,NA,NA,NA,NA,NA,NA,NA,"0",NA,NA,NA,NA,NA,NA,NA,NA,NA,NA,"0","250691",NA,NA,"54316",NA,NA,NA,NA,"527232",NA,"832239",NA,"208983",NA,NA,NA,NA,"208983",NA,NA,NA,"208983"
"262","261313","2025","EAST ROCHESTER UFSD","MONROE","0","47205","273371","0","6729839","3248096","1187158","0","0","67956","0","0","0","0","19202","0","28388","47590","1561935","315567","0","15649","6791","80530","636825","0","2065312","4682609","52003","0","0","941","400","0","53344","55924","0","0","85","343","0","56352","0","0","0","0","0","0","0","115658","0","188500","10185","0","47455","6800","0","0","0","0","0","252940","0","0","0","0","0","0","0","0","0","0","0","0","0","0","0","0","0","0","0","0","0","0","4088","5063","0","60","0","0","109252","0","112674","2951","234088","0","0","0","0","0","0","0","0","48568","5967","54535"
"263","261401","2025","PITTSFORD CSD","MONROE","0","305644","561441","0","18936997","3430159","4355831","0","0","69412","0","0","0","0","158983","0","33796","192779","6918184","3309803","0","104003","27544","161257","1081484","0","6515399","18117674","544124","0","0","404","7012","0","551540","0","0","0","0","0","0","0","1103551","170507","0","214326","3114","4261","1495759","295821","0","856397","140290","0","240293","36192","0","0","0","18806","0","1291978","0","0","0","0","0","0","0","0","0","0","0","16997","0","0","18975","0","0","0","0","0","0","35972","197205","108177","0","37171","817","0","101440","0","206976","23328","675114","0","68012","0","0","0","5180","73192","126774","0","38136","238102"
"264","261501","2025","CHURCHVILLE-CHILI CSD","MONROE","43232","0","730343","43232","31001353","7978916","4329765","271749","0","62465","0","0","0","0","71259","0","33175","104434","1476082","823826","16123","118262","39169","207951","1715645","0","6283783","10680841","600526","0","0","0","0","0","600526","238841","0","0","0","0","0","238841","0","0","0","0","0","0","0","179058","0","724449","0","0","142271","0","0","0","0","23342","125130","1015192","0","0","0","0","0","0","0","0","0","0","0","0","0","0","0","0","0","0","0","0","0","0","115435","98697","0","700","0","0","66117","0","390237","64324","735510","0","105896","0","0","26475","0","132371","0","0","0","132371"
"265","261600","2025","ROCHESTER CITY SD","MONROE","2600051","1410814",NA,"2600051","537579567","107935331",NA,"413244",NA,"2452542",NA,NA,"1125806",NA,"583627","71028",NA,"1780461","58745588","12159504","144479","2101209","371010","2731723","12816243",NA,"16515722","114671730","4153511",NA,NA,NA,NA,NA,"4153511","7660443","120273",NA,"149526","10385",NA,"7940627",NA,NA,NA,NA,NA,NA,"0","7120721","9086252","6776765","540355",NA,"2244840","176477","480502","9725",NA,NA,"3094274","13322938",NA,NA,NA,NA,NA,NA,NA,NA,NA,NA,"0","3024282","1738921",NA,"283086","11003",NA,NA,NA,NA,"1385395","6442687","1032507","745490",NA,"15068","12017",NA,"1737324",NA,"1294477","423761","5260644",NA,"259387",NA,"2818",NA,"61641","323846","835756",NA,NA,"1159602"
"266","261701","2025","RUSH-HENRIETTA CSD","MONROE","0","0","328565","0","36306197","9368508","4381847","1228998","0","285442","0","0","0","0","91745","0","0","91745","4759298","4518583","0","356948","60331","0","1960265","0","9317789","20973214","881466","0","0","1187","16730","0","899383","1246483","0","0","41","0","0","1246524","0","0","0","0","0","0","0","816898","0","1852648","0","0","222535","0","0","0","0","0","328764","2403947","0","0","0","0","0","0","0","0","0","0","0","0","0","0","25725","0","0","0","0","0","3947","29672","135861","163472","0","1120","115","0","246897","0","557110","117958","1222533","0","247159","0","0","0","0","247159","0","0","89408","336567"
"267","261801","2025","BROCKPORT CSD","MONROE",NA,NA,"988939",NA,"30639244","8553692","4961098",NA,NA,"63918",NA,NA,NA,NA,"130010",NA,"34784","164794","4558258","1637256","4180","120615","39822","1576338",NA,NA,"4837767","12774236","579868",NA,NA,NA,NA,NA,"579868","259360",NA,NA,NA,NA,NA,"259360",NA,NA,NA,NA,NA,NA,"0","161222",NA,"640292","59046",NA,"91591","42134",NA,NA,NA,"112384","29962","975409",NA,NA,NA,NA,NA,NA,NA,NA,NA,NA,"0",NA,NA,NA,NA,NA,NA,NA,NA,NA,NA,"0","14322","8640",NA,NA,NA,NA,"204041",NA,"196094",NA,"423097",NA,"98501",NA,NA,NA,NA,"98501",NA,NA,NA,"98501"
"268","261901","2025","WEBSTER CSD","MONROE","0","124441","774807","0","42277646","7804858","8218388","1313581","0","436145","0","0","0","0","159915","0","0","159915","11884677","2529716","4133","796031","59883","278801","2532338","0","4730981","22816560","2665529","0","0","0","20792","0","2686321","1671089","0","0","0","0","0","1671089","0","0","0","0","0","0","0","299785","0","1497015","0","0","435880","6327","0","0","0","41310","224692","2205224","0","0","0","0","0","0","0","0","0","0","0","0","0","0","0","0","0","0","0","0","0","0","333878","71067","0","250475","2286","0","0","0","304504","102532","1064742","0","53978","0","0","0","12604","66582","0","0","151674","218256"
"269","262001","2025","WHEATLAND-CHILI CSD","MONROE","0","0","297030","0","6008073","2067960","1045674","94166","0","27544","0","0","0","0","36045","0","9535","45580","859865","159978","0","39038","1749","54548","578170","0","1340330","3033678","68196","0","0","0","2162","0","70358","131862","0","0","0","368","0","132230","0","0","0","0","0","0","0","44465","0","179373","3439","0","82623","0","0","0","0","0","0","265435","0","0","0","0","0","0","0","0","0","0","0","0","0","0","0","0","0","0","0","0","0","0","6708","2111","0","0","630","0","69957","0","56480","0","135886","0","20278","0","6104","8570","20592","55544","0","0","0","55544"
"270","270100","2025","AMSTERDAM CITY SD","MONTGOMERY","215207","7425","1272477","215207","47270399","7435903","5057259","72376",NA,"355146",NA,NA,NA,NA,"61500","20","20745","82265","6124023","2635578","4684","191378","125373",NA,"1301370",NA,"3557194","13939600",NA,NA,NA,"290","1590",NA,"1880",NA,NA,NA,NA,NA,NA,"0","73383",NA,NA,NA,NA,NA,"73383","139756",NA,"224376","641241",NA,"104746",NA,NA,NA,NA,NA,"241818","1212181",NA,NA,NA,NA,NA,NA,NA,NA,NA,NA,"0","19357","9752",NA,"24280",NA,NA,NA,NA,NA,"5824","59213","139793","99505",NA,"6085","9596",NA,"186376",NA,"124385","47438","613178",NA,NA,"23770","56402",NA,"5431","85603",NA,NA,NA,"85603"
"271","270301","2025","CANAJOHARIE CSD","MONTGOMERY",NA,NA,"332759",NA,"10146993","1732847","1351737","72376",NA,"104420",NA,NA,NA,NA,"29422",NA,NA,"29422","940088","257349",NA,"33714","3748","571239",NA,NA,"835334","2641472",NA,NA,NA,NA,NA,NA,"0","65931",NA,NA,NA,NA,"135000","200931",NA,NA,NA,NA,NA,NA,"0","39989",NA,NA,NA,NA,NA,NA,NA,"95986",NA,"75602","88156","259744",NA,NA,NA,NA,NA,NA,NA,NA,NA,NA,"0",NA,NA,NA,NA,NA,NA,NA,NA,NA,NA,"0",NA,NA,NA,NA,NA,NA,NA,NA,NA,NA,"0",NA,NA,NA,NA,NA,NA,"0",NA,NA,NA,"0"
"272","270601","2025","FONDA-FULTONVILLE CSD","MONTGOMERY","0","0","446999","0","15000402","0","1562510","57622","0","40268","0","0","0","0","52942","0","12787","65729","1312856","274349","0","119222","8316","316625","0","987","1043540","3075895","0","0","0","0","0","0","0","0","0","0","0","0","0","0","0","0","0","0","0","0","0","35377","0","244025","30509","0","29238","0","0","0","0","0","75113","378885","0","0","0","0","0","0","0","0","0","0","0","0","0","0","0","0","0","0","0","0","0","0","0","0","0","80846","0","0","0","0","0","0","80846","0","0","0","54480","0","0","54480","0","0","0","54480"
"273","270701","2025","FORT PLAIN CSD","MONTGOMERY",NA,"35943","432663",NA,"9723467","3028821","1281732","72376",NA,"43358",NA,NA,NA,NA,"52263",NA,"33580","85843","1305549","254315",NA,"32820","24423","217338","181296","594","1112717","3129052","141311",NA,NA,"890","2767",NA,"144968",NA,NA,NA,"7500","641",NA,"8141",NA,NA,NA,NA,NA,NA,"0",NA,NA,"136353","43920",NA,"15120",NA,NA,NA,NA,NA,"60972","256365",NA,NA,NA,NA,NA,NA,NA,NA,NA,NA,"0","5176",NA,NA,"2308",NA,NA,NA,NA,NA,"1363","8847",NA,NA,NA,NA,NA,NA,"39411",NA,"47045",NA,"86456",NA,"18233",NA,NA,NA,"1395","19628",NA,NA,NA,"19628"
"274","271201","2025","OPPENHEIM-EPHRATAH-ST. JOHNSVI","MONTGOMERY",NA,NA,"491815",NA,"12192247","2287892","1063621",NA,NA,"119585",NA,NA,NA,NA,"51320",NA,"3300","54620","1002172","339404",NA,"38293","9405","136460",NA,NA,"1462553","2988287",NA,NA,NA,NA,NA,NA,"0",NA,NA,NA,NA,NA,NA,"0",NA,NA,NA,NA,NA,NA,"0",NA,NA,NA,NA,NA,NA,NA,NA,NA,NA,"26383",NA,"26383",NA,NA,NA,NA,NA,NA,NA,NA,NA,NA,"0",NA,NA,NA,NA,NA,NA,NA,NA,NA,NA,"0",NA,NA,NA,NA,NA,NA,NA,NA,NA,NA,"0",NA,NA,NA,NA,NA,NA,"0",NA,NA,NA,"0"
"275","280100","2025","GLEN COVE CITY SD","NASSAU",NA,"219946","369853",NA,"19202073","3322566","1199960","10705",NA,"299688",NA,NA,NA,NA,"220105",NA,NA,"220105","5887677","1523768",NA,"197588","28331",NA,"4534518","4756","7854010","20030648","791531",NA,NA,"6282","11424",NA,"809237","456849",NA,NA,NA,NA,NA,"456849",NA,NA,NA,NA,NA,NA,"0","392281",NA,"479834","304530",NA,"181648","10575",NA,NA,NA,"56051",NA,"1032638",NA,NA,NA,NA,NA,NA,NA,NA,NA,NA,"0",NA,NA,NA,NA,NA,NA,NA,NA,NA,NA,"0",NA,NA,NA,NA,NA,NA,"781582",NA,NA,NA,"781582",NA,NA,NA,NA,NA,NA,"0","395774",NA,NA,"395774"
"276","280201","2025","HEMPSTEAD UFSD","NASSAU","247719",NA,"1794538","247719","182437222","22067402","6720127",NA,NA,NA,NA,NA,NA,NA,"1229335",NA,NA,"1229335","6365227","240857",NA,"12340190","10908",NA,NA,NA,"34422270","53379452","981175",NA,NA,NA,NA,NA,"981175","1790517",NA,NA,NA,NA,NA,"1790517",NA,NA,NA,NA,NA,NA,"0","736488",NA,NA,NA,NA,"2962846",NA,NA,NA,NA,"7196",NA,"2970042",NA,NA,NA,NA,NA,NA,NA,NA,NA,NA,"0",NA,NA,NA,NA,NA,NA,NA,NA,NA,NA,"0",NA,NA,NA,NA,NA,NA,NA,NA,NA,NA,"0",NA,NA,NA,NA,NA,NA,"0",NA,NA,NA,"0"
"277","280202","2025","UNIONDALE UFSD","NASSAU",NA,"74814","1568172",NA,"79743476",NA,"4402102",NA,"12359957","0",NA,NA,NA,NA,"390184",NA,NA,"390184","9016700","298547","581","2789929","9628","3015354",NA,NA,"16857798","31988537","1946977",NA,NA,NA,"10396",NA,"1957373","1997725",NA,NA,NA,NA,NA,"1997725",NA,NA,NA,NA,NA,NA,"0",NA,NA,"1932220","104886",NA,"453937","493764",NA,NA,NA,"47044",NA,"3031851",NA,NA,NA,NA,NA,NA,NA,NA,NA,NA,"0",NA,NA,NA,NA,NA,NA,NA,NA,NA,NA,"0",NA,NA,NA,NA,NA,NA,NA,NA,NA,NA,"0",NA,NA,NA,NA,NA,NA,"0","388733",NA,NA,"388733"
"278","280203","2025","EAST MEADOW UFSD","NASSAU","885636","125747","729459","885636","50004239","10495965","5060006","159807",NA,"218604",NA,NA,NA,NA,"244564",NA,NA,"244564","13762714","232536","8824","4423236","31831","2724020","3279316","426","10275489","34738392","1995784","21674",NA,"1003","1356",NA,"2019817","1450146",NA,NA,NA,NA,NA,"1450146",NA,NA,NA,NA,NA,NA,"0","571787",NA,"1013753","147096",NA,"288292","53378",NA,NA,NA,"5880","697571","2205970",NA,NA,NA,NA,NA,NA,NA,NA,NA,NA,"0",NA,NA,NA,NA,NA,NA,NA,NA,NA,NA,"0","254826","87082",NA,NA,NA,"74804","404983",NA,"389487",NA,"1211182",NA,NA,NA,NA,NA,NA,"0","714160",NA,"50465","764625"
"279","280204","2025","NORTH BELLMORE UFSD","NASSAU",NA,"6699",NA,NA,"11790115","2347271","1510894",NA,NA,"80757",NA,NA,NA,NA,"102056",NA,NA,"102056","4423063","2046636",NA,"1309171","22726",NA,"337983",NA,"2864672","11004251","1000021",NA,NA,NA,"566",NA,"1000587","445719",NA,NA,NA,NA,NA,"445719",NA,NA,NA,NA,NA,NA,"0","125000",NA,"104764","391586",NA,"186220",NA,NA,NA,NA,"1898","37971","722439",NA,NA,NA,NA,NA,NA,NA,NA,NA,NA,"0",NA,NA,NA,NA,NA,NA,NA,NA,NA,NA,"0","161577","104665",NA,"42649","643",NA,"26492",NA,"104116","20000","460142",NA,NA,NA,NA,NA,NA,"0","68650",NA,"30077","98727"
"280","280205","2025","LEVITTOWN UFSD","NASSAU",NA,"214265","584413",NA,"45163809","15132103","5726910","151945",NA,"105925",NA,NA,NA,NA,"475654",NA,NA,"475654","21133670","7275589","6609","3354306","90496","24568","3124871","2017","8269157","43303435","2317374",NA,NA,NA,"9560",NA,"2326934","1521455",NA,NA,NA,NA,NA,"1521455",NA,"127771",NA,"545","2046","335379","465741","349907","22152","569875","96254",NA,"1295820","94923",NA,NA,NA,"4755",NA,"2061627",NA,NA,NA,NA,NA,NA,NA,NA,NA,NA,"0",NA,"52053",NA,"51706","592",NA,NA,NA,"1482",NA,"105833",NA,NA,NA,NA,NA,NA,"576468",NA,"705569",NA,"1282037",NA,NA,NA,"79118",NA,NA,"79118","171854",NA,NA,"250972"
"281","280206","2025","SEAFORD UFSD","NASSAU","0","432987","152320","0","10530448","1835217","2214494","0","0","70939","0","0","0","0","290210","0","0","290210","4975418","2379649","36886","891053","34795","643880","0","4271","1146288","10112240","845079","0","0","19400","0","0","864479","387910","0","0","0","0","0","387910","0","0","0","0","0","0","0","60801","0","245224","115356","0","125343","69653","0","69248","0","0","0","624824","0","0","0","0","0","0","0","0","0","0","0","0","0","0","0","0","0","0","0","0","0","0","52957","37735","0","0","0","0","80866","0","0","0","171558","0","0","0","0","0","0","0","132450","0","0","132450"
"282","280207","2025","BELLMORE UFSD","NASSAU",NA,"266530","58629",NA,"4735820","862397","1092998",NA,NA,"28215",NA,NA,NA,NA,"90953",NA,NA,"90953","3197385","1466658",NA,"435471","17904",NA,"15756",NA,"375808","5508982","491197",NA,NA,"66450",NA,NA,"557647",NA,NA,NA,NA,NA,NA,"0",NA,NA,NA,NA,NA,NA,"0","70347",NA,"232345","3732",NA,"157295","251","91527",NA,NA,NA,NA,"485150",NA,NA,NA,NA,NA,NA,NA,NA,NA,NA,"0",NA,NA,NA,NA,NA,NA,NA,NA,NA,"1188","1188",NA,NA,NA,NA,NA,NA,NA,NA,NA,NA,"0",NA,NA,NA,NA,NA,NA,"0","19393",NA,NA,"19393"
"283","280208","2025","ROOSEVELT UFSD","NASSAU",NA,NA,"490784",NA,"94565730","9563242","3255486",NA,NA,"356677",NA,NA,NA,NA,"472468",NA,NA,"472468","6746931","2985713","16672","5613068","4758","137330","2199448",NA,"7428063","25131983","606670",NA,NA,NA,NA,NA,"606670","457231",NA,NA,NA,NA,NA,"457231","1717216",NA,NA,NA,NA,NA,"1717216","340427",NA,"410902","217463",NA,"333595","148718",NA,NA,NA,"271409",NA,"1382087",NA,NA,NA,NA,NA,NA,NA,NA,NA,NA,"0",NA,NA,NA,NA,NA,NA,NA,NA,NA,NA,"0",NA,NA,NA,NA,NA,"329270",NA,NA,NA,NA,"329270",NA,NA,NA,NA,NA,NA,"0","911191",NA,NA,"911191"
"284","280209","2025","FREEPORT UFSD","NASSAU","156889",NA,"828125","156889","103684562","15793515","6683593",NA,"68705","100531",NA,"40406",NA,NA,"354184",NA,NA,"354184","10429027","241611","84751","5904421","38445",NA,"2274631",NA,"13736467","32709353","1458853",NA,NA,NA,"25316",NA,"1484169",NA,"1489464",NA,"10809",NA,NA,"1500273",NA,NA,NA,NA,NA,NA,"0","449127",NA,"637685","96310",NA,"951473","5037",NA,NA,NA,"1941","248121","1940567",NA,NA,NA,NA,NA,NA,NA,NA,NA,NA,"0",NA,NA,NA,NA,NA,NA,NA,NA,NA,NA,"0",NA,NA,NA,"851878",NA,NA,"413656",NA,"441206","2619","1709359",NA,NA,NA,NA,NA,NA,"0","612582",NA,NA,"612582"
"285","280210","2025","BALDWIN UFSD","NASSAU","0","354732","504049","0","33508002","5528805","3106242","62749","0","291127","0","0","0","0","249842","0","0","249842","9766774","2132896","0","1411717","32102","176000","2563673","0","7119683","23202845","1674777","0","0","4584","18259","0","1697620","1182856","0","0","0","0","0","1182856","0","0","0","0","0","0","0","279194","0","9803","950122","0","148629","20144","0","0","0","13608","115","1142421","0","0","0","0","0","0","0","0","0","0","0","0","0","0","0","0","0","0","0","0","0","0","142502","77811","0","44250","1893","0","347212","0","298685","41191","953544","0","0","0","0","0","0","0","310226","0","87447","397673"
"286","280211","2025","OCEANSIDE UFSD","NASSAU",NA,NA,NA,NA,"21516756","4076878","1882004","46358",NA,"67489",NA,NA,NA,NA,"172979",NA,NA,"172979","10278521","2817124",NA,"2408127","7396",NA,NA,"427","3368506","18880101","1195269",NA,NA,"1115",NA,"124338","1320722","1142914",NA,NA,NA,"2334",NA,"1145248",NA,NA,NA,NA,NA,NA,"0",NA,NA,"767275","20000",NA,"572237","204152",NA,NA,NA,"13388",NA,"1577052",NA,NA,NA,NA,NA,NA,NA,NA,NA,NA,"0",NA,NA,NA,NA,NA,NA,NA,NA,NA,NA,"0","109957","93928",NA,"341477","1229",NA,NA,NA,NA,NA,"546591",NA,NA,NA,NA,NA,NA,"0","577327",NA,NA,"577327"
"287","280212","2025","MALVERNE UFSD","NASSAU",NA,NA,"301152",NA,"12206247","2739243","1170712",NA,NA,"83699",NA,NA,NA,NA,"173393",NA,NA,"173393","3714979","112489",NA,"1359908","8009","627002","1030199","27","4944226","11796839","352739",NA,NA,NA,NA,NA,"352739","461245",NA,NA,NA,NA,NA,"461245",NA,NA,NA,NA,NA,NA,"0","269169",NA,"427705",NA,NA,"130020",NA,NA,NA,NA,NA,NA,"557725",NA,NA,NA,NA,NA,NA,NA,NA,NA,NA,"0",NA,NA,NA,NA,NA,NA,NA,NA,NA,NA,"0",NA,"11640",NA,"87455",NA,"50839","83624",NA,"176156",NA,"409714",NA,NA,NA,NA,NA,NA,"0","140253",NA,"64109","204362"
"288","280213","2025","VALLEY STREAM 13 UFSD","NASSAU",NA,"13170","78402",NA,"15940437","2325096","775294",NA,NA,"47931",NA,NA,NA,NA,"209154",NA,NA,"209154","8121882","1378501","7637","52652","17029","2109324",NA,NA,"1358695","13045720","594626",NA,NA,NA,"6000",NA,"600626","483934",NA,NA,NA,NA,NA,"483934",NA,NA,NA,NA,NA,NA,"0","195769",NA,"338278","9255",NA,"199413","14660",NA,NA,NA,"5960",NA,"567566",NA,NA,NA,NA,NA,NA,NA,NA,NA,NA,"0",NA,"8322",NA,"29529","2440",NA,NA,NA,"1100",NA,"41391","85168","37805",NA,NA,NA,NA,"232988",NA,NA,NA,"355961",NA,NA,NA,NA,NA,NA,"0","214938",NA,NA,"214938"
"289","280214","2025","HEWLETT-WOODMERE UFSD","NASSAU",NA,"210432",NA,NA,"11632413","2009935","2143247","221075",NA,"150084",NA,NA,NA,NA,"454562",NA,NA,"454562","10343555","4492475","6893","2178822","35092","1355194",NA,NA,"1908286","20320317","1217091","144134",NA,NA,"21233",NA,"1382458","757376",NA,NA,"1079","67",NA,"758522",NA,NA,NA,NA,NA,NA,"0","129888",NA,"365225","104272",NA,"630763","49474",NA,NA,NA,NA,NA,"1149734","8884","8190",NA,"10135","14160",NA,NA,NA,NA,NA,"41369",NA,NA,NA,NA,NA,NA,NA,NA,NA,NA,"0","152896","81896",NA,"205948",NA,NA,"28246",NA,"30501",NA,"499487",NA,NA,NA,NA,NA,NA,"0","185825",NA,"12752","198577"
"290","280215","2025","LAWRENCE UFSD","NASSAU","4750","110990","329087","4750","9471258","3306422","520437",NA,"222164","155300",NA,NA,NA,NA,"1427890",NA,NA,"1427890","6680291","474312",NA,"5431152","19174",NA,"3338798",NA,"3219594","19163321","841603",NA,NA,"169268","2450",NA,"1013321","239524",NA,NA,"802980",NA,NA,"1042504",NA,NA,NA,NA,NA,NA,"0","344462",NA,"92165",NA,NA,"2319294","6989",NA,NA,NA,"1080","4750","2424278",NA,NA,NA,NA,NA,NA,NA,NA,NA,NA,"0",NA,NA,NA,NA,NA,NA,NA,NA,NA,NA,"0","87093","38803",NA,"96527",NA,NA,"303817",NA,"65637",NA,"591877",NA,NA,NA,"172554",NA,NA,"172554",NA,NA,NA,"172554"
"291","280216","2025","ELMONT UFSD","NASSAU",NA,"193463","346943",NA,"23502648","5279715","2424549",NA,NA,"293366",NA,NA,NA,NA,"209702",NA,NA,"209702","10079650","3826057","28122","1751076","51013",NA,"857371","31746","3301558","19926593","1070028",NA,NA,NA,"1648",NA,"1071676","642149",NA,NA,NA,NA,NA,"642149",NA,NA,NA,NA,NA,NA,"0","480255",NA,"1589792",NA,NA,"221557","3831",NA,NA,NA,"17649",NA,"1832829",NA,NA,NA,NA,NA,NA,NA,NA,NA,NA,"0",NA,NA,NA,NA,NA,NA,NA,NA,NA,NA,"0","226027","125540",NA,"70342","2675",NA,"100164",NA,"126834","68665","720247",NA,"223719",NA,"42386","16895","50830","333830",NA,NA,NA,"333830"
"292","280217","2025","FRANKLIN SQUARE UFSD","NASSAU",NA,NA,"115565",NA,"7786644","2361543","1212115",NA,NA,"21652",NA,NA,NA,NA,"85965",NA,NA,"85965","2775281","2314783","2311","784379","19236","73359",NA,NA,"1045320","7020040","760256",NA,NA,NA,"160",NA,"760416",NA,NA,NA,NA,NA,NA,"0",NA,NA,NA,NA,NA,NA,"0","40174","5371","121955","197101",NA,"137640","34127",NA,NA,NA,"7064",NA,"497887",NA,NA,NA,NA,NA,NA,NA,NA,NA,NA,"0",NA,NA,NA,NA,NA,NA,NA,NA,NA,NA,"0",NA,NA,NA,NA,NA,NA,"158088",NA,NA,NA,"158088",NA,NA,NA,NA,NA,NA,"0","42780",NA,NA,"42780"
"293","280218","2025","GARDEN CITY UFSD","NASSAU",NA,NA,"143509",NA,"5102575","2703664","789282","188827",NA,"80383",NA,NA,NA,NA,"561570",NA,NA,"561570","8166366","2760607","23939","2447934","77274","776629","754269",NA,"1635120","16642138","1385289",NA,NA,NA,"762",NA,"1386051","516353",NA,NA,NA,NA,NA,"516353",NA,NA,NA,NA,NA,NA,"0","132996",NA,"339776","19794","1125","444030","191271",NA,NA,NA,NA,"16902","1012898",NA,NA,NA,NA,NA,NA,NA,NA,NA,NA,"0",NA,NA,NA,NA,NA,NA,NA,NA,NA,NA,"0","86037","70256",NA,"92824",NA,"10436","131039",NA,"37121","119288","547001",NA,"73343",NA,"10487",NA,"34150","117980",NA,NA,NA,"117980"
"294","280219","2025","EAST ROCKAWAY UFSD","NASSAU","0","508909","91035","0","5345161","1480007","976493","0","0","22869","0","0","0","0","199892","0","0","199892","3090699","1130158","0","187162","23361","12890","568265","30","1306354","6318919","203448","0","0","0","8445","0","211893","413780","0","0","4778","112","0","418670","0","0","0","0","0","0","0","57789","0","273466","28417","0","26326","930","0","0","0","3822","0","332961","0","0","0","0","0","0","0","0","0","0","0","0","0","0","0","0","0","0","0","0","0","0","63979","21655","0","34304","0","0","128069","0","35555","4900","288462","0","3717","0","42660","0","284","46661","0","0","14128","60789"
"295","280220","2025","LYNBROOK UFSD","NASSAU","0","0","0","0","13789262","0","1707256","0","0","57682","0","0","0","0","172532","0","0","172532","7717448","1756416","0","1030454","65305","620579","1146163","6486","1521055","13863906","1243609","0","0","1063","0","109700","1354372","777325","0","0","48773","0","0","826098","0","0","0","0","0","0","0","202699","0","277908","0","0","348712","20219","0","0","0","0","37622","684461","0","0","0","0","0","0","0","0","0","0","0","0","0","0","0","0","0","0","0","0","0","0","90545","56319","0","33909","96","9248","286993","0","68270","44528","589908","0","0","0","0","0","0","0","101248","0","35792","137040"
"296","280221","2025","ROCKVILLE CENTRE UFSD","NASSAU",NA,"2204066","29986",NA,"10213774","2048293","3231355","188827",NA,"141709",NA,NA,NA,NA,"258254",NA,NA,"258254","13609500","598046","16849","866764","64853","1137441",NA,"9567","1633285","17936305","1102936",NA,NA,NA,"2705",NA,"1105641","1133822",NA,NA,NA,NA,NA,"1133822","95819",NA,NA,NA,NA,NA,"95819","200000",NA,"279252",NA,NA,"623118","22396",NA,NA,NA,"1519",NA,"926285",NA,NA,NA,NA,NA,NA,NA,NA,NA,NA,"0",NA,NA,NA,NA,NA,NA,NA,NA,NA,NA,"0","106966","27303",NA,NA,NA,NA,"139690",NA,"41329",NA,"315288",NA,NA,"11438","121875",NA,NA,"133313",NA,NA,"27015","160328"
"297","280222","2025","FLORAL PARK-BELLEROSE UFSD","NASSAU",NA,NA,"458492",NA,"4695862","2174097","690181",NA,NA,"33024",NA,NA,NA,NA,"219159",NA,NA,"219159","3092927","1052947",NA,"520406","20355",NA,"238228",NA,"617894","5542757","386439",NA,NA,NA,"4958",NA,"391397","74680",NA,NA,NA,NA,NA,"74680",NA,NA,NA,NA,NA,NA,"0","71485",NA,"276490","18163",NA,"157140","11540",NA,NA,NA,NA,"3338","466671",NA,NA,NA,NA,NA,NA,NA,NA,NA,NA,"0",NA,NA,NA,NA,NA,NA,NA,NA,NA,NA,"0",NA,NA,NA,NA,NA,NA,NA,NA,NA,NA,"0",NA,NA,NA,NA,NA,NA,"0",NA,NA,NA,"0"
"298","280223","2025","WANTAGH UFSD","NASSAU",NA,"90918","152144",NA,"10843593","3784796","2061380","77745",NA,"33301",NA,NA,NA,NA,NA,NA,NA,"0","4986067","2381324",NA,"641319","38752","767710","755767",NA,"1607086","11178025","903786",NA,NA,NA,"2043",NA,"905829","212014",NA,NA,NA,NA,NA,"212014",NA,NA,NA,NA,NA,NA,"0","220024",NA,"573884","33909",NA,"78535","12096",NA,NA,NA,NA,"115","698539",NA,NA,NA,NA,NA,NA,NA,NA,NA,NA,"0",NA,NA,NA,NA,NA,NA,NA,NA,NA,NA,"0","77424","43211",NA,"67676",NA,"13694","160523",NA,"48509",NA,"411037",NA,NA,NA,NA,NA,NA,"0","113640",NA,"11646","125286"
"299","280224","2025","VALLEY STREAM 24 UFSD","NASSAU",NA,NA,"200897",NA,"8951282","2080943","523655",NA,NA,"43221",NA,NA,NA,NA,"107641",NA,NA,"107641","2755943","721463","1638","459420","19944","933036",NA,"0","3258300","8149744","556163","65388",NA,"204","313",NA,"622068","283105",NA,NA,"0","177",NA,"283282",NA,NA,NA,NA,NA,NA,"0","90347",NA,NA,NA,NA,NA,NA,NA,NA,NA,NA,NA,"0",NA,NA,NA,NA,NA,NA,NA,NA,NA,NA,"0",NA,NA,NA,NA,NA,NA,NA,NA,NA,NA,"0",NA,NA,NA,"17851",NA,"73520",NA,NA,"129399",NA,"220770",NA,NA,NA,"127744",NA,NA,"127744",NA,NA,NA,"127744"
"300","280225","2025","MERRICK UFSD","NASSAU","685000","171902","119235","685000","6527840","885880","1526104",NA,NA,NA,NA,NA,NA,NA,"141113",NA,NA,"141113","7443606","155112",NA,"668080","38657","119236","125604",NA,"1036433","9586728","653110",NA,NA,NA,"578",NA,"653688","298574",NA,NA,NA,NA,NA,"298574",NA,NA,NA,NA,NA,NA,"0","72953",NA,"153742",NA,NA,"193737","23721",NA,NA,NA,NA,"16166","387366",NA,NA,NA,NA,NA,NA,NA,NA,NA,NA,"0",NA,NA,NA,NA,NA,NA,NA,NA,NA,NA,"0","209188","10366",NA,"51911","8333",NA,NA,NA,"32321","16796","328915",NA,NA,NA,NA,NA,NA,"0","64124",NA,"12752","76876"
"301","280226","2025","ISLAND TREES UFSD","NASSAU",NA,"32004","17087",NA,"15581041","3494308","1378175",NA,"0","36708",NA,NA,NA,NA,"139315",NA,NA,"139315","4664036","941282",NA,"203524","854","388246","423776","1397","2948709","9571824","943175","175690",NA,"20385","9454",NA,"1148704","248515",NA,NA,NA,NA,NA,"248515",NA,NA,NA,NA,NA,NA,"0","222489",NA,"133248","338360","0","124488","37704",NA,NA,NA,"2878",NA,"636678",NA,NA,NA,NA,NA,NA,NA,NA,NA,NA,"0",NA,NA,NA,NA,NA,NA,NA,NA,NA,NA,"0",NA,NA,NA,"39079",NA,"92118","199430",NA,"110251",NA,"440878",NA,NA,NA,NA,NA,NA,"0","153732",NA,"24110","177842"
"302","280227","2025","WEST HEMPSTEAD UFSD","NASSAU",NA,"597390","93121",NA,"11932430","2086928","690713",NA,NA,"128378",NA,NA,NA,NA,"316822",NA,NA,"316822","5019663","716346","4602","1183974","12441","71738","1859811",NA,"3859022","12727597","520738",NA,NA,NA,NA,NA,"520738","328693",NA,NA,NA,NA,NA,"328693",NA,NA,NA,NA,NA,NA,"0","157442",NA,"333895","174164",NA,"227614","18297","85376",NA,NA,"15000","16296","870642",NA,NA,NA,NA,NA,NA,NA,NA,NA,NA,"0",NA,NA,NA,NA,NA,NA,NA,NA,NA,NA,"0",NA,NA,NA,"63223",NA,NA,"125560",NA,"239636",NA,"428419",NA,NA,NA,NA,NA,NA,"0","155157",NA,"52204","207361"
"303","280229","2025","NORTH MERRICK UFSD","NASSAU",NA,"874797","43927",NA,"8381377",NA,"978968",NA,NA,"8338",NA,NA,NA,NA,"102175",NA,NA,"102175","3495558","1735931",NA,"1572084","24599","418934",NA,NA,"492649","7739755","298498","110398",NA,NA,"4116",NA,"413012","352582",NA,NA,NA,NA,NA,"352582",NA,NA,NA,NA,NA,NA,"0","86255",NA,"229247",NA,NA,"112980","26662","136587",NA,NA,NA,NA,"505476","5215",NA,NA,"10604",NA,NA,NA,NA,NA,NA,"15819",NA,NA,NA,NA,NA,NA,NA,NA,NA,NA,"0",NA,NA,NA,NA,NA,NA,NA,NA,NA,NA,"0",NA,NA,NA,NA,NA,NA,"0","90425",NA,NA,"90425"
"304","280230","2025","VALLEY STREAM 30 UFSD","NASSAU",NA,"70402","134013",NA,"11602296","906465","1099906",NA,NA,"60422",NA,NA,NA,NA,"122530",NA,NA,"122530","2352582","506538",NA,"318746","4216",NA,"267170",NA,"1024995","4474247","516125",NA,NA,"7947","3100","3097","530269",NA,NA,NA,NA,NA,NA,"0",NA,NA,NA,NA,NA,NA,"0","187342",NA,"6261","89843",NA,"265362","32868",NA,NA,NA,"21000",NA,"415334",NA,NA,NA,NA,NA,NA,NA,NA,NA,NA,"0",NA,NA,NA,"16631",NA,NA,NA,NA,NA,NA,"16631","37264","26116",NA,"75890",NA,NA,NA,NA,"41415",NA,"180685",NA,NA,NA,NA,NA,NA,"0",NA,NA,"117300","117300"
"305","280231","2025","ISLAND PARK UFSD","NASSAU",NA,NA,"460879",NA,"1867911","728905","437513","101694",NA,"4146",NA,NA,NA,NA,"119378",NA,NA,"119378","1606684","307294","1356","398617","8112","3029783",NA,"2080","2394556","7782632","203352",NA,NA,"189",NA,NA,"203541","244867",NA,NA,NA,NA,NA,"244867",NA,NA,NA,NA,NA,NA,"0","55978","34150","171795",NA,NA,"32276",NA,NA,NA,NA,NA,NA,"204071",NA,NA,NA,NA,NA,NA,NA,NA,NA,NA,"0",NA,NA,NA,NA,NA,NA,NA,NA,NA,NA,"0",NA,NA,NA,NA,NA,"57819","95181",NA,"69501",NA,"222501",NA,NA,NA,"32143",NA,NA,"32143",NA,NA,"30423","62566"
"306","280251","2025","VALLEY STREAM CENTRAL HS DISTR","NASSAU",NA,"4003","1478758",NA,"38745319","8084412","4724637",NA,NA,"131539",NA,NA,NA,NA,"408196",NA,NA,"408196","9517310","161433",NA,"2581647","16510","1561769","3065461",NA,"9006714","25910844",NA,"906916",NA,NA,NA,NA,"906916",NA,"704565",NA,NA,NA,NA,"704565",NA,NA,NA,NA,NA,NA,"0","349952",NA,"683662","120389",NA,"178716","14006","454285",NA,NA,NA,NA,"1451058",NA,NA,NA,NA,NA,NA,NA,NA,NA,NA,"0",NA,NA,NA,NA,NA,NA,NA,NA,NA,NA,"0",NA,NA,NA,NA,NA,NA,"526462",NA,"255655",NA,"782117",NA,NA,NA,NA,NA,NA,"0","304127",NA,"95658","399785"
"307","280252","2025","SEWANHAKA CENTRAL HS DISTRICT","NASSAU","0","344730","287061","0","46833839","9207513","1747944","272018","0","232102","0","0","287467","0","693053","40","0","980560","15798795","1706649","3568","6472178","3889","127295","3389181","0","5852619","33354174","864713","0","0","0","9745","0","874458","1319043","0","0","0","0","0","1319043","0","0","0","0","0","0","0","674717","0","1587556","78695","0","158033","47134","0","0","0","0","0","1871418","0","0","0","0","0","0","0","0","0","0","0","0","0","0","0","0","0","0","0","0","0","0","282121","45422","0","0","2480","0","561450","0","222724","53579","1167776","0","0","0","0","0","0","0","621060","0","35149","656209"
"308","280253","2025","BELLMORE-MERRICK CENTRAL HS DI","NASSAU",NA,"713912","353870",NA,"30358539","4918705","4447386","310151",NA,"92676",NA,NA,NA,NA,"249261",NA,NA,"249261","11997458","3003509",NA,"5521864","97385","218068","2156588",NA,"4421806","27416678","881221",NA,NA,NA,NA,NA,"881221","343992",NA,NA,"126949",NA,NA,"470941",NA,NA,NA,NA,NA,NA,"0","291448",NA,"1230571",NA,NA,"41010",NA,NA,NA,NA,NA,NA,"1271581",NA,NA,NA,NA,NA,NA,NA,NA,NA,NA,"0",NA,NA,NA,NA,NA,NA,NA,NA,NA,NA,"0","133914","80793",NA,"126379","507","5290","419617",NA,"132793","38081","937374",NA,NA,NA,NA,NA,NA,"0","146362",NA,NA,"146362"
"309","280300","2025","LONG BEACH CITY SD","NASSAU","14152","7557688","360060","14152","19782673","2978941","1919313",NA,"243522","89089",NA,NA,NA,NA,"152445",NA,NA,"152445","11113600","1783135",NA,"974895","45406","364999","1969860","1640","4501196","20754731","1304864",NA,NA,NA,"3988","164016","1472868","1303505",NA,NA,"118","61",NA,"1303684",NA,NA,NA,NA,NA,NA,"0","286464",NA,"1086794",NA,NA,"113586","6676",NA,NA,NA,"33474",NA,"1240530",NA,NA,NA,NA,NA,NA,NA,NA,NA,NA,"0","797252","26645",NA,NA,NA,NA,NA,NA,NA,NA,"823897","208376","47799",NA,"93485",NA,NA,"416680",NA,"178694","46236","991270",NA,"92676",NA,NA,NA,"60342","153018","42468",NA,"69345","264831"
"310","280401","2025","WESTBURY UFSD","NASSAU","27932","708610","753458","27932","72845014","8147712","4791768",NA,NA,"545432",NA,NA,NA,NA,"147171",NA,NA,"147171","10710123","1169383","9026","5843823","48456","1607321","3050195",NA,"12092905","34531232","1145929",NA,NA,NA,"6491",NA,"1152420","910433",NA,NA,NA,"3508","196650","1110591",NA,NA,NA,NA,NA,NA,"0","544379",NA,"954243","46162",NA,"198426",NA,NA,NA,NA,NA,"91960","1290791",NA,NA,NA,NA,NA,NA,NA,NA,NA,NA,"0",NA,NA,NA,NA,NA,NA,NA,NA,NA,NA,"0",NA,NA,NA,"292697","2417","52508","417486",NA,"1033412",NA,"1798520",NA,NA,NA,NA,NA,NA,"0","598047",NA,NA,"598047"
"311","280402","2025","EAST WILLISTON UFSD","NASSAU",NA,"279840","92020",NA,"3180294","1003190","892129","211881",NA,"25069",NA,NA,NA,NA,"677110",NA,NA,"677110","5919516","241189",NA,"887591","34536","112195","918276",NA,"570339","8683642","437199",NA,NA,NA,"1767",NA,"438966",NA,NA,NA,NA,NA,NA,"0",NA,NA,NA,NA,NA,NA,"0","170890",NA,"400718",NA,NA,"46731","18341",NA,NA,NA,"1949",NA,"467739",NA,NA,NA,"3249",NA,NA,NA,NA,NA,NA,"3249",NA,NA,NA,NA,NA,NA,NA,NA,NA,NA,"0","97422",NA,NA,"32415","1355",NA,"150815",NA,"6141","8885","297033",NA,NA,NA,NA,NA,NA,"0","92991",NA,"3840","96831"
"312","280403","2025","ROSLYN UFSD","NASSAU","0","1699153","0","0","7118584","1455982","1468105","69666","0","243716","0","0","0","0","565236","0","0","565236","9158966","573462","8471","750827","69719","0","1124675","0","1073370","12773790","1012580","0","0","0","0","0","1012580","605632","0","0","193","117","0","605942","0","0","0","0","0","0","0","227150","14300","30936","0","0","815680","24487","0","0","0","0","0","871103","0","0","0","0","0","0","0","0","0","0","0","0","0","0","0","0","0","0","0","0","0","0","165475",NA,"0","135880","0","0","206133","0","22770","0","530258","0","58230","0","0","0","0","58230","0","0","0","58230"
"313","280404","2025","PORT WASHINGTON UFSD","NASSAU",NA,NA,"267277",NA,"10371587","2856331","1282809","382754",NA,"283236",NA,NA,NA,NA,"213685",NA,NA,"213685","8102982","3880160",NA,"4452933","36775","643843","1879075",NA,"3013718","22009486","1064677","49687",NA,"5648",NA,NA,"1120012","391955",NA,NA,NA,NA,NA,"391955","549885","89475",NA,"2397","16482",NA,"658239","437179",NA,"1042459","27559",NA,"225582","28683",NA,NA,NA,"5094","115","1329492",NA,NA,NA,NA,NA,NA,NA,NA,NA,NA,"0",NA,NA,NA,NA,NA,NA,NA,NA,NA,NA,"0","160993","44628",NA,"381184","1040",NA,NA,NA,"106326","36199","730370",NA,"6740",NA,NA,NA,"1383","8123","155909",NA,"58796","222828"
"314","280405","2025","NEW HYDE PARK-GARDEN CITY PARK","NASSAU",NA,"31697","87020",NA,"6783110","1123385","1036836",NA,NA,NA,NA,NA,NA,NA,"118293",NA,NA,"118293","3002642","1517072","16097","1181337","12041",NA,"14101",NA,"448735","6192025","926264",NA,NA,"5636","890","5221","938011",NA,NA,NA,NA,NA,NA,"0",NA,NA,NA,NA,NA,NA,"0","144791",NA,"313670","20173",NA,"86155","19662",NA,NA,NA,"8076","18000","465736",NA,NA,NA,NA,NA,NA,NA,NA,NA,NA,"0",NA,NA,NA,NA,NA,NA,NA,NA,NA,NA,"0","111767","91494",NA,"78398",NA,NA,NA,NA,"12282","85184","379125",NA,"5060",NA,NA,NA,NA,"5060",NA,NA,NA,"5060"
"315","280406","2025","MANHASSET UFSD","NASSAU","1027750","472500",NA,"1027750","1798090","2125066","774174","255402",NA,"10791",NA,NA,NA,NA,"452247",NA,NA,"452247","8029592","466792","8710","2380084","22350","284071","1494475","795","1585075","14271944","1144000",NA,NA,"80997","4867","105600","1335464","484221",NA,NA,"60","913",NA,"485194",NA,NA,NA,NA,NA,NA,"0","163113",NA,"167187","346358","2392","281603","31554",NA,NA,NA,NA,NA,"829094",NA,NA,NA,NA,NA,NA,NA,NA,NA,NA,"0",NA,NA,NA,NA,NA,NA,NA,NA,NA,NA,"0","129162","4842",NA,"104008",NA,"20300","195403",NA,"32905",NA,"486620",NA,NA,NA,NA,NA,NA,"0","134375",NA,NA,"134375"
"316","280407","2025","GREAT NECK UFSD","NASSAU",NA,"2501428","771685",NA,"8159099","3593586","1392800","272559",NA,"234528",NA,NA,NA,NA,"364181",NA,NA,"364181","23965419","1508276","1044","2097567","10747",NA,"3469727",NA,"4492316","35545096","3086678",NA,NA,"10500",NA,NA,"3097178","990302",NA,NA,NA,NA,NA,"990302",NA,NA,NA,NA,NA,NA,"0","1862396",NA,"1150823",NA,NA,"626764","56433",NA,NA,NA,NA,NA,"1834020",NA,NA,NA,NA,NA,NA,NA,NA,NA,NA,"0","24168",NA,NA,"32817",NA,NA,NA,NA,NA,NA,"56985","313816","26493",NA,"20796","2854",NA,"435532",NA,"161247","102197","1062935",NA,"137573",NA,"251556",NA,"10524","399653",NA,NA,NA,"399653"
"317","280409","2025","HERRICKS UFSD","NASSAU","2344","1447387","227951","2344","13447912","3707355","2084489","155874",NA,"98328",NA,NA,NA,NA,"464236",NA,NA,"464236","12087942","2613497",NA,"2855927","66660","40000","1220978","1071","1944257","20830332","1127969",NA,NA,NA,"569","161313","1289851","821839",NA,NA,"1630","119",NA,"823588",NA,NA,NA,NA,NA,NA,"0","240867",NA,"179695","265765",NA,"482715","60665",NA,NA,NA,"49976","33196","1072012",NA,NA,NA,NA,NA,NA,NA,NA,NA,NA,"0",NA,NA,NA,NA,NA,NA,NA,NA,NA,NA,"0","223360","78069",NA,"170903","694",NA,"220511",NA,"79108","22954","795599",NA,NA,NA,"289035",NA,NA,"289035",NA,NA,NA,"289035"
"318","280410","2025","MINEOLA UFSD","NASSAU","0","398715","230968","0","9709737","1997220","1156665","0","0","189537","0","0","0","0","201896","0","0","201896","5608648","1596565","2831","194712","13301","207791","1692460","1309","2562223","11879840","773937","0","0","0","0","0","773937","0","0","0","0","0","0","0","0","0","0","0","0","0","0","226523","0","747815","0","0","503136","133909","0","0","0","27902","0","1412762","0","0","0","0","0","0","0","0","0","0","0","0","0","0","0","0","0","0","0","0","0","0","200613","131770","0","912","496","0","105391","0","108960","25427","573569","0","0","0","0","0","0","0","456081","0","0","456081"
"319","280411","2025","CARLE PLACE UFSD","NASSAU",NA,"2230547","91953",NA,"3803968","1139832","823860","70627",NA,"16873",NA,NA,NA,NA,"46117",NA,NA,"46117","4293657","1561566","3171","602430","10460",NA,"305255","2644","1168202","7947385","511345",NA,NA,"564","2480",NA,"514389","135052",NA,NA,"351",NA,NA,"135403",NA,NA,NA,NA,NA,NA,"0","139480",NA,"12760","32798",NA,"281899","300",NA,NA,NA,"65000",NA,"392757",NA,NA,NA,NA,NA,NA,NA,NA,NA,NA,"0",NA,NA,NA,NA,NA,NA,NA,NA,NA,NA,"0","163673","142461",NA,"23321",NA,NA,"27170",NA,"29694",NA,"386319",NA,NA,NA,NA,NA,NA,"0","79016",NA,"6439","85455"
"320","280501","2025","NORTH SHORE CSD","NASSAU","0","1215009","137296","0","4311633","1967271","1097958","0","0","12286","0","0","0","0","117768","0","0","117768","8264819","1913890","0","1850573","30653","1593713","0","0","912821","14566469","956189","0","0","0","1250","0","957439","843952","0","0","135","0","0","844087","0","0","0","0","0","0","0","302709","0","244777","4188","0","402790","11850","0","0","0","11259","43640","718504","0","0","0","0","0","0","0","0","0","0","0","0","0","0","0","0","0","0","0","0","0","0","196949","121611","0","89763","0","0","411238","0","22849","46915","889325","0","0","0","0","0","0","0","9511","0","8495","18006"
"321","280502","2025","SYOSSET CSD","NASSAU",NA,"326919","437580",NA,"18583810","4416501","4668568",NA,NA,"55492",NA,NA,NA,NA,"660876",NA,NA,"660876","19229611","5336463",NA,"1763686","79624","257679","2239063",NA,"3019109","31925235","2171818","470153",NA,"79168",NA,NA,"2721139","617160",NA,NA,NA,NA,NA,"617160",NA,NA,NA,NA,NA,NA,"0","457254",NA,"1093248","225077",NA,"671558","84782",NA,NA,NA,NA,NA,"2074665",NA,NA,NA,NA,NA,NA,NA,NA,NA,NA,"0",NA,NA,NA,NA,NA,NA,NA,NA,NA,NA,"0","102012","74479",NA,"93670",NA,"6056","385606",NA,"127156","33146","822125",NA,NA,NA,NA,NA,NA,"0","308855",NA,NA,"308855"
"322","280503","2025","LOCUST VALLEY CSD","NASSAU",NA,"130704","159436",NA,"2045886","1120169","1287458",NA,NA,"47254",NA,NA,NA,NA,"170000",NA,NA,"170000","5312228","1729777",NA,"1690476","29807","255121","1592736",NA,"1759797","12369942","818127",NA,NA,NA,"9536",NA,"827663",NA,NA,NA,NA,"661",NA,"661",NA,NA,NA,NA,NA,NA,"0","197416",NA,"423856",NA,NA,"136640",NA,NA,NA,NA,NA,NA,"560496",NA,NA,NA,NA,NA,NA,NA,NA,NA,NA,"0",NA,NA,NA,"5978",NA,NA,NA,NA,NA,NA,"5978","230561",NA,NA,"105469",NA,NA,"332950",NA,"56322",NA,"725302",NA,"27970",NA,NA,NA,NA,"27970","299511",NA,NA,"327481"
"323","280504","2025","PLAINVIEW-OLD BETHPAGE CSD","NASSAU","0","54896","301456","0","22682041","4627727","3377660","69666","0","32086","0","0","0","0","558180","0","0","558180","10272525","4652122","14320","1723585","59676","469550","1217973","33687","2252498","20695936","1765597","0","0","35305","0","0","1800902","698630","0","0","0","166","0","698796","0","0","0","0","0","0","0","252574","0","870567","246529","0","471671","4888","0","0","0","40018","0","1633673","0","0","0","0","0","0","0","0","0","0","0","0","0","0","0","0","0","0","0","0","0","0","152692","205208","0","303356","916","0","0","0","83290","575","746037","0","0","0","0","0","0","0",NA,"0","25005","25005"
"324","280506","2025","OYSTER BAY-EAST NORWICH CSD","NASSAU",NA,"948809","124208",NA,"1496822","846878","808713","78274",NA,"73555",NA,NA,NA,NA,"246009",NA,NA,"246009","5562707","210215","433","1141985","28086","357590","998527",NA,"783242","9082785","436602",NA,NA,NA,NA,NA,"436602","458506",NA,NA,NA,NA,NA,"458506",NA,NA,NA,NA,NA,NA,"0","183166",NA,"233697","30755","39875","241305","24427",NA,NA,NA,NA,NA,"570059",NA,NA,NA,NA,NA,NA,NA,NA,NA,NA,"0",NA,NA,NA,NA,NA,NA,NA,NA,NA,NA,"0","89119","6144",NA,"81356",NA,NA,"165000",NA,"30261",NA,"371880",NA,NA,NA,NA,NA,NA,"0","168616",NA,NA,"168616"
"325","280515","2025","JERICHO UFSD","NASSAU",NA,"575833",NA,NA,"5493549","2182997","1376407","94118",NA,"98151",NA,NA,NA,NA,"115811",NA,NA,"115811","10393560","5326782","2937","1359583","22244","88443","1012490",NA,"1570744","19776783","1264931","48934","0","2973","144",NA,"1316982","260861",NA,NA,NA,NA,NA,"260861",NA,NA,NA,NA,NA,NA,"0","273326",NA,"421730","75228",NA,"347786","131028",NA,NA,NA,NA,NA,"975772",NA,NA,NA,NA,NA,NA,NA,NA,NA,NA,"0",NA,NA,NA,NA,NA,NA,NA,NA,NA,NA,"0","191445","120681",NA,"61996",NA,NA,"74019",NA,"63693",NA,"511834",NA,"74084",NA,NA,NA,NA,"74084","19809",NA,NA,"93893"
"326","280517","2025","HICKSVILLE UFSD","NASSAU",NA,"401317","401407",NA,"27112728","4885489","2186959","171863",NA,"259095",NA,NA,NA,NA,"470760",NA,NA,"470760","13212290","3041891","4292","1608028","13595","919496","2344342",NA,"5430583","26574517","1741040",NA,NA,"841","11404",NA,"1753285","1071299",NA,NA,NA,"161",NA,"1071460",NA,"223710",NA,"456","2425",NA,"226591","532155",NA,"464407","87557",NA,"1216729","17970",NA,NA,NA,"40498",NA,"1827161",NA,NA,NA,NA,NA,NA,NA,NA,NA,NA,"0",NA,NA,NA,NA,NA,NA,NA,NA,NA,NA,"0","348577","60106",NA,"35841",NA,"73315","466312",NA,"223430",NA,"1207581",NA,NA,NA,NA,NA,NA,"0","250064",NA,NA,"250064"
"327","280518","2025","PLAINEDGE UFSD","NASSAU","0","1421032","456956","0","14168424","3437793","2064762","118739","0","64825","0","0","0","0","166738","0","0","166738","8260651","1037307","25761","3140799","80068","19521","831830","44674","1518277","14958888","959311","0","0","0","0","0","959311","270549","0","0","0","0","0","270549","0","0","0","0","0","0","0","487859","0","306907","71056","10959","344242","19286","0","0","0","0","191","752641","0","0","0","0","0","0","0","0","0","0","0","0","0","0","0","0","0","0","0","0","0","0","320789","80772","0","229111","0","0","178617","0","20091","165190","994570","0","85989","44085","64139","20009","31166","245388","0","0","7680","253068"
"328","280521","2025","BETHPAGE UFSD","NASSAU",NA,NA,"186310",NA,"15821168","2144234","1737649",NA,NA,"129843",NA,NA,NA,NA,"132207",NA,NA,"132207","6906996","425169",NA,"984678","13979","35150","443237",NA,"2599060","11408269","995825","79500",NA,NA,"4473",NA,"1079798","280896",NA,NA,NA,NA,NA,"280896",NA,NA,NA,NA,NA,NA,"0","285520",NA,"524853",NA,NA,"172723","65171",NA,NA,NA,"2288",NA,"765035",NA,NA,NA,NA,NA,NA,NA,NA,NA,NA,"0",NA,NA,NA,NA,NA,NA,NA,NA,NA,NA,"0","186928","85194",NA,"59063","1049",NA,"72155",NA,"109803","46785","560977",NA,NA,NA,NA,NA,NA,"0","254493",NA,NA,"254493"
"329","280522","2025","FARMINGDALE UFSD","NASSAU","670967","359787",NA,"670967","29604153","6092744","1861787","77745",NA,"248160",NA,NA,NA,NA,"593066",NA,NA,"593066","11785579","4915184",NA,"2013359","102615","58039","1487042",NA,"9364223","29726041","1340099","114858",NA,NA,NA,"167461","1622418","941896","11787",NA,NA,NA,NA,"953683",NA,NA,NA,NA,NA,NA,"0","552025",NA,"81189","9545","16487","1525405","60473",NA,NA,NA,NA,"29491","1722590","185696","54556",NA,NA,NA,NA,NA,NA,NA,NA,"240252",NA,NA,NA,NA,NA,NA,NA,NA,NA,NA,"0","161642","169194",NA,"306399","196","1547","172327",NA,"268268","127266","1206839",NA,NA,NA,NA,NA,NA,"0","582927",NA,NA,"582927"
"330","280523","2025","MASSAPEQUA UFSD","NASSAU",NA,"150611","662610",NA,"26312438","5263045","4996296",NA,NA,"84652",NA,NA,NA,NA,"344514",NA,NA,"344514","19486776","393163","76117","7514144","120234","4163162",NA,"47185","4043765","35844546","1895091","69204",NA,"23299","25375","120843","2133812","320745",NA,NA,"484088",NA,NA,"804833",NA,NA,NA,NA,NA,NA,"0","361854",NA,"1300000",NA,NA,"461786","1213","459583",NA,NA,"780788",NA,"3003370",NA,NA,NA,NA,NA,NA,NA,NA,NA,NA,"0",NA,NA,NA,NA,NA,NA,NA,NA,NA,NA,"0",NA,NA,NA,NA,NA,NA,NA,NA,NA,NA,"0",NA,NA,NA,NA,NA,NA,"0","436282",NA,NA,"436282"
"331","300000","2025","NYC CHANCELLOR'S OFFICE","NYC (ALL)",NA,NA,NA,NA,"9581942907","1632456742",NA,"7131445",NA,"81093104",NA,NA,"20404720","100000","1903892","387813",NA,"22796425","3556340889","1123265388","10146725","365778025","24652679","24837757","279095212",NA,NA,"5713728250",NA,NA,NA,NA,NA,NA,"0",NA,NA,NA,NA,NA,NA,"0",NA,NA,NA,NA,NA,NA,"0",NA,"329611575","232813707","110829018","294189","69338334","3144676",NA,"777070333",NA,NA,"173238396","1509600973",NA,NA,NA,NA,NA,NA,NA,NA,NA,NA,"0",NA,NA,NA,"143680108",NA,NA,"625692823",NA,NA,NA,"769372931","139654829","36223331",NA,"28951479","1158778",NA,NA,NA,NA,"43427360","249415777","142872320",NA,NA,NA,NA,NA,"0","66464626",NA,NA,"66464626"
"332","400301","2025","LEWISTON-PORTER CSD","NIAGARA",NA,"35887","220228",NA,"9766289","4425467","1322644",NA,NA,"177080",NA,NA,NA,NA,"205703",NA,NA,"205703","2435334","884743",NA,"211114","17722",NA,"1660002",NA,"1854337","7063252","136897",NA,NA,NA,"3450",NA,"140347","282366",NA,NA,NA,NA,NA,"282366",NA,NA,NA,NA,NA,NA,"0","94919",NA,"507646","25866",NA,"111589","4557",NA,"354730",NA,NA,NA,"1004388",NA,NA,NA,NA,NA,NA,NA,NA,NA,NA,"0",NA,NA,NA,NA,NA,NA,NA,NA,NA,NA,"0",NA,NA,NA,NA,NA,NA,NA,NA,NA,NA,"0",NA,NA,NA,NA,NA,NA,"0","119865",NA,NA,"119865"
"333","400400","2025","LOCKPORT CITY SD","NIAGARA","16682","157041","701002","16682","45924838","12638990","4120138",NA,NA,"626789",NA,NA,NA,NA,"99774",NA,"22990","122764","6552230","2596164","14466","694954","24481","168278","6298006","2090","7163246","23513915","1041703",NA,NA,NA,"14951",NA,"1056654","422084",NA,NA,"1213",NA,NA,"423297",NA,NA,NA,NA,NA,NA,"0","425855",NA,"1031754","18529",NA,NA,"4281",NA,"355916",NA,NA,"80078","1490558",NA,NA,NA,NA,NA,NA,NA,NA,NA,NA,"0","30442","26531",NA,NA,NA,NA,"55380",NA,NA,"3682","116035",NA,NA,NA,NA,NA,NA,"869505",NA,"357633",NA,"1227138",NA,NA,NA,NA,NA,NA,"0","498501",NA,NA,"498501"
"334","400601","2025","NEWFANE CSD","NIAGARA",NA,"227287","266088",NA,"12990621","3771925","1274518",NA,NA,"187974",NA,NA,NA,NA,"123144",NA,"21732","144876","1877158","518214","5014","44154","9306","71843","1155137",NA,"1799596","5480422","198366",NA,NA,NA,"492",NA,"198858",NA,NA,NA,NA,NA,NA,"0","257624",NA,NA,NA,NA,NA,"257624","77955",NA,NA,"6879",NA,"13532","3149",NA,NA,NA,NA,NA,"23560",NA,NA,NA,NA,NA,NA,NA,NA,NA,NA,"0",NA,NA,NA,NA,NA,NA,NA,NA,NA,NA,"0",NA,NA,NA,NA,NA,NA,"226222",NA,NA,NA,"226222",NA,NA,NA,NA,NA,NA,"0","196699",NA,NA,"196699"
"335","400701","2025","NIAGARA-WHEATFIELD CSD","NIAGARA",NA,"143784","592393",NA,"22123860","6104995","3172073",NA,NA,"186594",NA,NA,NA,NA,"119548",NA,"29316","148864","3969512","1182773",NA,"495105","5955","130202","2657486",NA,"4178932","12619965","227731",NA,NA,NA,NA,"10122","237853","226874",NA,NA,NA,NA,"61614","288488",NA,NA,NA,NA,NA,NA,"0","140086",NA,"315759","91925",NA,"165349","36331",NA,NA,NA,"1150","332537","943051",NA,NA,NA,NA,NA,NA,NA,NA,NA,NA,"0",NA,NA,NA,NA,NA,NA,NA,NA,NA,NA,"0","17536","17790",NA,NA,"431",NA,"259936",NA,"182682","10928","489303",NA,"12013",NA,"134161","1913",NA,"148087",NA,NA,"37185","185272"
"336","400800","2025","NIAGARA FALLS CITY SD","NIAGARA",NA,NA,"513043",NA,"103768932","22332039","6090314","94166",NA,"524391",NA,NA,NA,NA,"308797",NA,NA,"308797","11167669","2725373",NA,"1725069","61223","226042","9778500",NA,"5507496","31557869","806256",NA,NA,NA,"4932",NA,"811188","596155",NA,NA,NA,NA,NA,"596155",NA,NA,NA,NA,NA,NA,"0","429586","366497","2270287","288060",NA,"439115","27382",NA,NA,NA,NA,"1035","3025879",NA,NA,NA,NA,NA,NA,NA,NA,NA,NA,"0",NA,NA,NA,NA,NA,NA,NA,NA,NA,NA,"0",NA,NA,NA,NA,NA,NA,"1063418",NA,"295030",NA,"1358448",NA,NA,NA,"568476",NA,NA,"568476",NA,NA,NA,"568476"
"337","400900","2025","NORTH TONAWANDA CITY SD","NIAGARA",NA,"91125","234858",NA,"26459508","8568146","2570190","2476",NA,"213317",NA,NA,NA,NA,"148145",NA,"47673","195818","4808279","1111500","14113","673651","24428","29350","2625281",NA,"1702427","10989029","160910",NA,NA,NA,"4000",NA,"164910","1003162",NA,NA,"2734","4691",NA,"1010587",NA,NA,NA,NA,NA,NA,"0","161578",NA,"671321",NA,NA,"245212",NA,NA,NA,NA,NA,"277176","1193709",NA,NA,NA,NA,NA,NA,NA,NA,NA,NA,"0",NA,NA,NA,NA,NA,NA,NA,NA,NA,NA,"0","125716","53335",NA,"225","1665",NA,"276827",NA,"78209","13698","549675",NA,"94071",NA,"119627",NA,NA,"213698",NA,NA,NA,"213698"
"338","401001","2025","STARPOINT CSD","NIAGARA",NA,NA,"159510",NA,"15901974","4320750","1707138",NA,NA,"281374",NA,NA,NA,NA,"226959",NA,"20990","247949","2588153","752223","12695","150548","13368",NA,"1299105",NA,"2493331","7321976","315691",NA,NA,"100","100",NA,"315891","376059",NA,NA,NA,"183",NA,"376242",NA,NA,NA,NA,NA,NA,"0","94378","12553","322269","121497",NA,"173530","29058",NA,NA,NA,"22678","29477","698509",NA,NA,NA,NA,NA,NA,NA,NA,NA,NA,"0",NA,NA,NA,NA,NA,NA,NA,NA,NA,NA,"0",NA,NA,NA,NA,NA,"205250",NA,NA,"156483",NA,"361733",NA,NA,NA,NA,NA,NA,"0","110156",NA,NA,"110156"
"339","401201","2025","ROYALTON-HARTLAND CSD","NIAGARA",NA,"37241","266176",NA,"12135381","2686616","1316182",NA,NA,NA,NA,NA,NA,NA,"19491",NA,"20990","40481","1369501","118454",NA,"64225","3261","1096733",NA,"353","2080534","4733061","138072",NA,NA,"600","4889",NA,"143561","111501",NA,NA,NA,NA,"4377","115878",NA,NA,NA,NA,NA,NA,"0","48771",NA,"4676","64977",NA,"55454",NA,NA,NA,NA,NA,"344","125451",NA,NA,NA,NA,NA,NA,NA,NA,NA,NA,"0",NA,NA,NA,NA,NA,NA,NA,NA,NA,NA,"0",NA,NA,NA,NA,NA,NA,"117117",NA,"91775",NA,"208892",NA,NA,NA,"60320",NA,NA,"60320",NA,NA,NA,"60320"
"340","401301","2025","BARKER CSD","NIAGARA",NA,"43716","223332",NA,"8021648","1476509","1106875",NA,NA,"66207",NA,NA,NA,NA,"58272",NA,"18891","77163","643028","121281",NA,"91665","1948","24792","603412",NA,"1816523","3302649","72359",NA,NA,NA,NA,NA,"72359",NA,NA,NA,NA,NA,"63192","63192",NA,NA,NA,NA,NA,NA,"0","36333",NA,"173743",NA,NA,"39921",NA,NA,NA,NA,NA,NA,"213664",NA,NA,NA,NA,NA,NA,NA,NA,NA,NA,"0",NA,NA,NA,NA,NA,NA,NA,NA,NA,NA,"0",NA,NA,NA,"122193",NA,NA,NA,NA,NA,NA,"122193",NA,NA,NA,NA,NA,NA,"0","59470",NA,NA,"59470"
"341","401501","2025","WILSON CSD","NIAGARA",NA,NA,"229867",NA,"8727920","2462013","1128052","111082",NA,"100284",NA,NA,NA,NA,"33949",NA,"37531","71480","1413242","400441","4784","1125876","3516",NA,NA,NA,"1446812","4394671","133226",NA,NA,NA,NA,NA,"133226",NA,NA,NA,NA,NA,NA,"0","199334",NA,NA,"814",NA,NA,"200148","38109",NA,"197743","15807",NA,"42200",NA,NA,NA,NA,NA,"76114","331864",NA,NA,NA,NA,NA,NA,NA,NA,NA,NA,"0",NA,NA,NA,NA,NA,NA,NA,NA,NA,NA,"0",NA,NA,NA,"20605",NA,NA,"118624",NA,NA,NA,"139229",NA,NA,NA,NA,NA,NA,"0","51317",NA,NA,"51317"
"342","410401","2025","ADIRONDACK CSD","ONEIDA",NA,NA,"130276",NA,"13404532","2407760","1337196","170076",NA,"128024",NA,NA,NA,NA,"33741",NA,NA,"33741","971731","485715",NA,"140506","8310","442397",NA,NA,"699985","2748644",NA,NA,NA,NA,NA,NA,"0",NA,NA,NA,NA,NA,NA,"0",NA,NA,NA,NA,NA,NA,"0","23967",NA,"325649",NA,NA,"53948","1853",NA,NA,NA,NA,NA,"381450",NA,NA,NA,NA,NA,NA,NA,NA,NA,NA,"0",NA,NA,NA,NA,NA,NA,NA,NA,NA,NA,"0",NA,NA,NA,NA,NA,NA,"91871",NA,NA,NA,"91871",NA,"25977",NA,NA,NA,"1987","27964",NA,NA,NA,"27964"
"343","410601","2025","CAMDEN CSD","ONEIDA",NA,NA,"459838",NA,"28295577","4958012","3537823","312716",NA,"232069",NA,NA,NA,NA,"52835",NA,NA,"52835","2443036","426658","4464","3677","10101",NA,"216163",NA,"2176825","5280924","394476",NA,NA,"2852","943",NA,"398271",NA,NA,NA,NA,NA,"486578","486578",NA,NA,NA,NA,NA,NA,"0","62736",NA,"512752","310962",NA,"22031","20087",NA,NA,NA,"18924","152293","1037049",NA,NA,NA,NA,NA,NA,NA,NA,NA,NA,"0",NA,NA,NA,NA,NA,NA,NA,NA,NA,NA,"0","29037","43117",NA,"22703","1137",NA,NA,NA,"48730",NA,"144724",NA,"63545","7000","15285",NA,"31746","117576",NA,NA,NA,"117576"
"344","411101","2025","CLINTON CSD","ONEIDA",NA,NA,"409136",NA,"6003803","2124626","1636817",NA,NA,"17981",NA,NA,NA,NA,"64671",NA,NA,"64671","780718","91452",NA,"192454","3385",NA,"369958",NA,"1238279","2676246","94169",NA,NA,NA,"484","56076","150729","223039",NA,NA,"95372","451",NA,"318862",NA,NA,NA,NA,NA,NA,"0","36846",NA,"223937","87526",NA,"35984",NA,NA,NA,NA,NA,NA,"347447",NA,NA,NA,NA,NA,NA,NA,NA,NA,NA,"0",NA,NA,NA,NA,NA,NA,NA,NA,NA,NA,"0",NA,NA,NA,NA,NA,NA,"60439",NA,"81162",NA,"141601",NA,"28583","934","4131","4913","15219","53780",NA,NA,NA,"53780"
"345","411501","2025","NEW HARTFORD CSD","ONEIDA",NA,"278159","523327",NA,"10588541","2550528","3520824","72376",NA,"60548",NA,NA,NA,NA,"89574",NA,NA,"89574","2362545","117578","4655","265622","1025",NA,"723157",NA,"3891200","7365782","228971",NA,NA,NA,"298",NA,"229269","444998",NA,NA,NA,NA,NA,"444998",NA,NA,NA,NA,NA,NA,"0","95261",NA,"380140","173452",NA,"58397","13368",NA,NA,NA,NA,NA,"625357",NA,NA,NA,NA,NA,NA,NA,NA,NA,NA,"0",NA,NA,NA,NA,NA,NA,NA,NA,NA,NA,"0",NA,NA,NA,"2168",NA,NA,"112971",NA,"257766",NA,"372905",NA,NA,NA,"10760",NA,NA,"10760",NA,NA,NA,"10760"
"346","411504","2025","NY MILLS UFSD","ONEIDA",NA,NA,"470246",NA,"3143616","1402457","1230389",NA,NA,"14202",NA,NA,NA,NA,"12167",NA,NA,"12167","500052","151140","628","13421","2315","526811",NA,NA,"1600511","2794878",NA,NA,NA,NA,NA,"50468","50468","55096",NA,NA,NA,NA,NA,"55096",NA,NA,NA,"48440",NA,NA,"48440","8500",NA,"149429",NA,NA,"22384","44",NA,NA,NA,NA,NA,"171857",NA,NA,NA,NA,NA,NA,NA,NA,NA,NA,"0",NA,NA,NA,NA,NA,NA,NA,NA,NA,NA,"0",NA,NA,NA,NA,NA,NA,"134522",NA,NA,NA,"134522",NA,"3826",NA,"18618",NA,NA,"22444",NA,NA,NA,"22444"
"347","411603","2025","SAUQUOIT VALLEY CSD","ONEIDA",NA,"133369","515617",NA,"9069025","1939276","1367147",NA,NA,"21483",NA,NA,NA,NA,"10538",NA,NA,"10538","363168","18712","2633","309610","1589",NA,"424038",NA,"2146986","3266736","104856",NA,NA,NA,NA,NA,"104856","144399",NA,NA,NA,NA,NA,"144399",NA,NA,NA,NA,NA,NA,"0","38088",NA,"220640",NA,NA,"25097",NA,NA,NA,NA,"2849","13854","262440",NA,NA,NA,NA,NA,NA,NA,NA,NA,NA,"0",NA,NA,NA,NA,NA,NA,NA,NA,NA,NA,"0",NA,NA,NA,NA,NA,NA,"83772",NA,"106864",NA,"190636",NA,NA,NA,"32602",NA,NA,"32602",NA,NA,NA,"32602"
"348","411701","2025","REMSEN CSD","ONEIDA",NA,NA,"48526",NA,"4919657","1175651","659822",NA,NA,"2147",NA,NA,NA,NA,"10778",NA,NA,"10778","450989","15742",NA,"15529","8613",NA,NA,"1127","720422","1212422","116891",NA,NA,NA,NA,NA,"116891",NA,NA,NA,NA,NA,NA,"0",NA,NA,NA,NA,NA,NA,"0","8552",NA,"110323",NA,NA,"4836","652",NA,NA,NA,NA,"43804","159615",NA,NA,NA,NA,NA,NA,NA,NA,NA,NA,"0",NA,NA,NA,NA,NA,NA,NA,NA,NA,NA,"0",NA,NA,NA,NA,NA,NA,"29323",NA,NA,NA,"29323",NA,NA,NA,NA,NA,NA,"0",NA,NA,"13436","13436"
"349","411800","2025","ROME CITY SD","ONEIDA",NA,"275999","1283330",NA,"53702016","15573438","8811901","217128",NA,"318146",NA,NA,NA,NA,"248391",NA,NA,"248391","9364056","1632819","97","112374","26689","1363786","810937",NA,"6838788","20149546",NA,NA,NA,NA,NA,NA,"0","433150",NA,NA,"5790","345","1437323","1876608",NA,NA,NA,NA,NA,NA,"0","1282189",NA,"1790189","293048",NA,"344641","4801",NA,NA,NA,NA,"305368","2738047",NA,NA,NA,NA,NA,NA,NA,NA,NA,NA,"0","484015","140353",NA,"30630","11674",NA,NA,NA,NA,"19324","685996",NA,NA,NA,NA,NA,NA,"30000",NA,NA,NA,"30000",NA,NA,NA,NA,NA,NA,"0","30000",NA,NA,"30000"
"350","411902","2025","WATERVILLE CSD","ONEIDA",NA,"14438","224164",NA,"9737298","1735442","1535076",NA,"72376","138712",NA,NA,NA,NA,"45990",NA,NA,"45990","732284","105273","97","146703","9275","362912",NA,NA,"1866610","3223154",NA,NA,NA,"92712",NA,NA,"92712","115017",NA,NA,NA,NA,NA,"115017",NA,NA,NA,NA,NA,NA,"0",NA,NA,"219821","4509",NA,"4885","4638",NA,NA,NA,NA,NA,"233853",NA,NA,NA,NA,NA,NA,NA,NA,NA,NA,"0",NA,NA,NA,NA,NA,NA,NA,NA,NA,NA,"0",NA,NA,NA,NA,NA,NA,NA,NA,NA,NA,"0",NA,NA,NA,NA,NA,NA,"0",NA,NA,NA,"0"
"351","412000","2025","SHERRILL CITY SD","ONEIDA",NA,NA,"423597",NA,"15691985","2663095","1894997","144752",NA,"78762",NA,NA,NA,NA,"37747",NA,NA,"37747","1532617","773303",NA,"27650","8328",NA,"414730",NA,"1237547","3994175","11723",NA,NA,"720","360",NA,"12803","515238",NA,NA,"5700",NA,NA,"520938",NA,NA,NA,NA,NA,NA,"0","59940",NA,"467154","45233",NA,"15014",NA,NA,NA,NA,"18026",NA,"545427",NA,NA,NA,NA,NA,NA,NA,NA,NA,NA,"0",NA,NA,NA,NA,NA,NA,NA,NA,NA,NA,"0","5796",NA,NA,NA,NA,NA,"63050",NA,"91256",NA,"160102",NA,"27009",NA,NA,NA,NA,"27009",NA,NA,NA,"27009"
"352","412201","2025","HOLLAND PATENT CSD","ONEIDA",NA,"34272","679770",NA,"12062526","2075454","3097311",NA,NA,"80492",NA,NA,NA,NA,"39320",NA,"42777","82097","2011068","44900","1378","84075","7567","8134",NA,"2872","2778295","4938289",NA,NA,NA,NA,NA,NA,"0","249592",NA,NA,NA,NA,NA,"249592",NA,NA,NA,NA,NA,NA,"0","29110",NA,"313571",NA,NA,"14935","8207",NA,NA,NA,NA,"33176","369889",NA,NA,NA,NA,NA,NA,NA,NA,NA,NA,"0",NA,NA,NA,NA,NA,NA,NA,NA,NA,NA,"0",NA,NA,NA,"136608",NA,NA,NA,NA,NA,NA,"136608",NA,"30996",NA,NA,NA,NA,"30996",NA,NA,NA,"30996"
"353","412300","2025","UTICA CITY SD","ONEIDA",NA,"89234","4421131",NA,"145431664","19211380","16281382","300360",NA,"267077",NA,NA,NA,NA,"623685",NA,NA,"623685","13714994","298703","8793","374002","99054","6143070",NA,NA,"4267607","24906223","597045",NA,NA,NA,NA,NA,"597045","1279246",NA,NA,NA,"43",NA,"1279289",NA,NA,NA,NA,NA,NA,"0","230163",NA,"1790957","165154",NA,NA,NA,NA,NA,NA,NA,"838971","2795082",NA,NA,NA,NA,NA,NA,NA,NA,NA,NA,"0",NA,NA,NA,NA,NA,NA,NA,NA,NA,NA,"0","183209","5106",NA,"791627","643",NA,NA,NA,NA,"42688","1023273",NA,NA,NA,NA,NA,NA,"0","110740",NA,NA,"110740"
"354","412801","2025","WESTMORELAND CSD","ONEIDA",NA,NA,"1028443",NA,"7304976","1548083","2049944",NA,NA,"32272",NA,NA,NA,NA,"15938",NA,"39228","55166","685095",NA,NA,"278875","875","222257",NA,NA,"1406739","2593841","95023",NA,NA,NA,NA,NA,"95023","56240",NA,NA,NA,NA,NA,"56240","120608",NA,NA,"19185","861",NA,"140654",NA,NA,"235522",NA,NA,NA,NA,NA,NA,NA,"4447",NA,"239969",NA,NA,NA,NA,NA,NA,NA,NA,NA,NA,"0",NA,NA,NA,NA,NA,NA,NA,NA,NA,NA,"0",NA,NA,NA,NA,NA,NA,NA,NA,NA,NA,"0",NA,NA,NA,NA,NA,NA,"0",NA,NA,NA,"0"
"355","412901","2025","ORISKANY CSD","ONEIDA",NA,NA,"287845",NA,"5305580","1235532","1102359","10705",NA,"31325",NA,NA,NA,NA,"11504",NA,NA,"11504","540089","102769",NA,"61236","3620","0","378375",NA,"1222560","2308649",NA,NA,NA,NA,NA,NA,"0",NA,NA,NA,NA,NA,"20577","20577",NA,NA,NA,NA,NA,NA,"0","33015",NA,"118591",NA,NA,"9740",NA,NA,NA,NA,NA,"25554","153885",NA,NA,NA,NA,NA,NA,NA,NA,NA,NA,"0","4232",NA,NA,"508",NA,NA,NA,NA,NA,"338","5078",NA,NA,NA,"0",NA,NA,"93209",NA,"34500",NA,"127709",NA,"23375",NA,NA,NA,NA,"23375",NA,NA,NA,"23375"
"356","412902","2025","WHITESBORO CSD","ONEIDA","0","0","498313","0","22410089","6017540","7294824","72376","0","452515","0","0","0","0","57270","0","49702","106972","4728550","50721","14200","1121216","8571","1594135","0","6621","4275153","11799167","98723","0","0","0","10046","0","108769","112290","0","0","25","494","0","112809","0","0","0","0","0","0","0","0","0","803024","0","0","59275","0","0","0","0","0","0","862299","0","0","0","0","0","0","0","0","0","0","0","0","0","0","0","0","0","0","0","0","0","0","0","0","0","296814","0","0","0","0","0","0","296814","0","78761","0","0","0","0","78761","0","0","0","78761"
"357","420101","2025","WEST GENESEE CSD","ONONDAGA",NA,"28780","736757",NA,"29422956","6473309","2818079","103701",NA,"437600",NA,NA,NA,NA,"59374",NA,NA,"59374","9669651","957181","2632","123758","46065",NA,"969642",NA,"3879101","15675752","8584",NA,NA,NA,"16459",NA,"25043","435641",NA,NA,"1665","185",NA,"437491",NA,NA,NA,NA,NA,NA,"0","148155","27722","962549",NA,NA,"133221",NA,NA,NA,NA,NA,"141130","1236900",NA,NA,NA,NA,NA,NA,NA,NA,NA,NA,"0",NA,NA,NA,NA,NA,NA,NA,NA,NA,NA,"0",NA,NA,NA,NA,NA,NA,"252371",NA,"324853",NA,"577224",NA,"81072",NA,NA,"82480",NA,"163552",NA,NA,NA,"163552"
"358","420303","2025","NORTH SYRACUSE CSD","ONONDAGA","281527","97671","2238394","281527","53361920","12081342","7056743","166542","0","714190","0","0","0","0","263067","0","0","263067","14032489","1268925","0","459295","20008","0","608542","0","11619592","28008851","1167640","26340","0","0","0","0","1193980","1176080","0","0","1334","0","0","1177414","178688","0","0","3154","912","0","182754","234625","0","1532019",NA,NA,"315712","52999",NA,NA,NA,NA,"628230","2528960",NA,NA,NA,NA,NA,NA,NA,NA,NA,NA,"0","4006710","1326128",NA,"374029","15266",NA,NA,NA,NA,"3006419","8728552",NA,NA,NA,"842317",NA,NA,NA,NA,NA,NA,"842317",NA,NA,NA,NA,NA,NA,"0","330806",NA,NA,"330806"
"359","420401","2025","EAST SYRACUSE MINOA CSD","ONONDAGA",NA,"1359950","873524",NA,"26092067","7297342","3062166",NA,NA,"551131",NA,NA,NA,NA,"72378",NA,NA,"72378","7266855","925050",NA,"188343","27991",NA,"308591",NA,"5872048","14588878","76983",NA,NA,"134","9965",NA,"87082","186221",NA,NA,"786","1081",NA,"188088",NA,NA,NA,NA,NA,NA,"0","394709",NA,"954367",NA,NA,"80079","24745",NA,NA,NA,NA,"74499","1133690",NA,NA,NA,NA,NA,NA,NA,NA,NA,NA,"0","2409","15197",NA,"15981",NA,NA,NA,NA,NA,"1719","35306","160785",NA,NA,NA,NA,NA,"210679",NA,NA,"50831","422295",NA,"54599",NA,"25785",NA,"22093","102477",NA,NA,NA,"102477"
"360","420411","2025","JAMESVILLE-DEWITT CSD","ONONDAGA","0","356174","613005","0","12231369","2301966","2275618","0","0","0","0","0","0","0","71588","0","0","71588","4211783","770502","4416","182083","24822","15537","309625","0","1643138","7161906","379968","0","0","0","0","0","379968","288637","0","0","720","0","227784","517141","0","0","0","0","0","0","0","6199","0","0","0","0","0","0","0","0","0","0","0","0","0","0","0","0","0","0","0","0","0","0","0","0","0","0","0","0","0","0","0","0","0","0","5712","0","0","0","0","0","0","0","139451","0","145163","0","34812","0","0","0","0","34812","0","0","0","34812"
"361","420501","2025","JORDAN-ELBRIDGE CSD","ONONDAGA",NA,"64112","618719",NA,"12607416","2099919","2175147",NA,NA,"38900",NA,NA,NA,NA,"66174",NA,"30681","96855","1692932","267",NA,"64229","5413","1764",NA,NA,"2590382","4354987","94337",NA,NA,NA,NA,NA,"94337","78654",NA,NA,NA,NA,NA,"78654",NA,NA,NA,NA,NA,NA,"0","429917",NA,"300162","43056",NA,"17630",NA,NA,NA,NA,NA,NA,"360848",NA,NA,NA,NA,NA,NA,NA,NA,NA,NA,"0",NA,NA,NA,NA,NA,NA,NA,NA,NA,NA,"0","20913","21799",NA,NA,NA,NA,NA,NA,"123039",NA,"165751",NA,"41702",NA,NA,NA,NA,"41702",NA,NA,NA,"41702"
"362","420601","2025","FABIUS-POMPEY CSD","ONONDAGA","3673",NA,"256690","3673","6132047","1011732","989873",NA,NA,"42451",NA,NA,NA,NA,"38787",NA,NA,"38787","557779","61969",NA,"105457","1778",NA,NA,NA,"779141","1520468","150136",NA,NA,"3241","3001",NA,"156378","113980",NA,NA,NA,NA,NA,"113980",NA,NA,NA,NA,NA,NA,"0",NA,"14344","176065",NA,NA,"7723",NA,NA,NA,NA,NA,NA,"183788",NA,NA,NA,NA,NA,NA,NA,NA,NA,NA,"0",NA,NA,NA,NA,NA,NA,NA,NA,NA,NA,"0",NA,NA,NA,NA,NA,NA,NA,NA,"12993",NA,"12993",NA,NA,NA,NA,NA,NA,"0",NA,NA,NA,"0"
"363","420701","2025","WESTHILL CSD","ONONDAGA",NA,NA,"296601",NA,"13291804","3120112","1762616",NA,NA,"182176",NA,NA,NA,NA,"29699",NA,NA,"29699","2084912","1811553","1386","32550","13241","38944","155740",NA,"881523","5065903","205798",NA,NA,"109","600",NA,"206507",NA,NA,NA,NA,NA,NA,"0",NA,NA,NA,NA,NA,NA,"0","11781","46054","350609","3750",NA,"43161",NA,NA,NA,NA,NA,"74996","472516",NA,NA,NA,NA,NA,NA,NA,NA,NA,NA,"0",NA,NA,NA,NA,NA,NA,NA,NA,NA,NA,"0",NA,NA,NA,NA,NA,NA,"20166",NA,"100179",NA,"120345",NA,"58811",NA,NA,NA,NA,"58811",NA,NA,NA,"58811"
"364","420702","2025","SOLVAY UFSD","ONONDAGA","3086","463706","337353","3086","15667569","2797867","1116031","27424",NA,"112009",NA,NA,NA,NA,"31617",NA,NA,"31617","2011927","35532",NA,"3440","6928","193582",NA,"186","1541905","3793500","441783",NA,NA,NA,"10011",NA,"451794",NA,NA,NA,NA,NA,NA,"0",NA,NA,NA,NA,NA,NA,"0","739806",NA,"570104",NA,NA,"37028",NA,NA,NA,NA,NA,"181497","788629",NA,NA,NA,NA,NA,NA,NA,NA,NA,NA,"0",NA,NA,NA,NA,NA,NA,NA,NA,NA,NA,"0",NA,NA,NA,NA,NA,"162977",NA,NA,NA,NA,"162977",NA,"53379",NA,"9270","7197",NA,"69846",NA,NA,NA,"69846"
"365","420807","2025","LAFAYETTE CSD","ONONDAGA",NA,NA,"316127",NA,"7745300","1450157","1096233",NA,NA,"43043",NA,NA,NA,NA,"33962",NA,NA,"33962","1011636","444837","18847","6192","7505",NA,NA,NA,"1285699","2774716","311075",NA,NA,"2234",NA,NA,"313309","208582",NA,NA,"2125",NA,NA,"210707",NA,NA,NA,NA,NA,NA,"0","19567",NA,"234909","6794",NA,"23211",NA,NA,NA,NA,NA,NA,"264914",NA,NA,NA,NA,NA,NA,NA,NA,NA,NA,"0",NA,NA,NA,NA,NA,NA,NA,NA,NA,NA,"0",NA,NA,NA,NA,NA,NA,NA,NA,"52902",NA,"52902",NA,"17507",NA,"24025",NA,"1885","43417",NA,NA,NA,"43417"
"366","420901","2025","BALDWINSVILLE CSD","ONONDAGA","0","0","1055464","0","34131509","8944537","4937444","0","0","197706","0","0","0","0","51783","0","0","51783","8427202","818146","3122","82710","26867","154353","340304","0","3389503","13242207","780398","0","0","0","2725","0","783123","633496","0","0","0","0","0","633496","146076","0","0","14376","1836","0","162288","128941","0","1292543","76832","0","261315","26218","0","0","0","6000","0","1662908","0","0","0","0","0","0","0","0","0","0","0","0","0","0","0","0","0","0","0","0","0","0","194038","77290","0","0","0","0","0","0","124471",NA,"395799","0","131699","0","0","0","78279","209978","0","0","0","209978"
"367","421001","2025","FAYETTEVILLE-MANLIUS CSD","ONONDAGA",NA,"54426","559355",NA,"18664304","2795914","3413728","12642",NA,"293984",NA,NA,NA,NA,"127279",NA,NA,"127279","4674287","573841","5464","57418","30824","13169","134505",NA,"1281847","6771355",NA,NA,NA,"254352",NA,"135742","390094","464757",NA,NA,NA,NA,NA,"464757",NA,NA,NA,NA,NA,NA,"0","78809",NA,"750782",NA,NA,"137737","78987",NA,NA,NA,NA,NA,"967506",NA,NA,NA,NA,NA,NA,NA,NA,NA,NA,"0",NA,"7998",NA,"47599",NA,NA,NA,NA,NA,NA,"55597","56617","14861",NA,NA,"250",NA,"16361",NA,"151727",NA,"239816",NA,"63694",NA,NA,"45441","14554","123689",NA,NA,NA,"123689"
"368","421101","2025","MARCELLUS CSD","ONONDAGA",NA,NA,"264742",NA,"9916926","1653933","1360681",NA,NA,"96360",NA,NA,NA,NA,"32763",NA,NA,"32763","2240919",NA,NA,"14787","21798","5598",NA,NA,"641262","2924364","315973",NA,NA,NA,"352",NA,"316325",NA,NA,NA,NA,NA,NA,"0",NA,NA,NA,NA,NA,NA,"0","28746",NA,"311336","50234",NA,"41188",NA,NA,NA,NA,NA,NA,"402758",NA,NA,NA,NA,NA,NA,NA,NA,NA,NA,"0",NA,NA,NA,NA,NA,NA,NA,NA,NA,NA,"0",NA,NA,NA,NA,NA,NA,NA,NA,"68189",NA,"68189",NA,NA,NA,"55400",NA,NA,"55400",NA,NA,NA,"55400"
"369","421201","2025","ONONDAGA CSD","ONONDAGA",NA,NA,"389297",NA,"8428956","1407690","1080659",NA,NA,"72650",NA,NA,NA,NA,"37326",NA,NA,"37326","1095472","46690",NA,"26826","6273",NA,NA,NA,"1114289","2289550","159844",NA,NA,NA,NA,NA,"159844","142627",NA,NA,NA,NA,NA,"142627",NA,NA,NA,NA,NA,NA,"0","14084",NA,"224742","9358",NA,NA,NA,NA,NA,NA,NA,"23829","257929",NA,NA,NA,NA,NA,NA,NA,NA,NA,NA,"0","29401",NA,NA,NA,NA,NA,NA,NA,NA,NA,"29401",NA,NA,NA,NA,NA,NA,NA,NA,"46929",NA,"46929",NA,NA,NA,"32642",NA,NA,"32642",NA,NA,NA,"32642"
"370","421501","2025","LIVERPOOL CSD","ONONDAGA",NA,"474059","1076946",NA,"47703822","16551637","5194028","72376",NA,"672545",NA,NA,NA,NA,"343521",NA,NA,"343521","18579130","1502277","10250","268634","84439","61647","1128245",NA,"2019442","23673911","1246123",NA,NA,NA,"7592",NA,"1253715","161330",NA,NA,NA,NA,NA,"161330",NA,NA,NA,NA,NA,NA,"0","557784","19847","1566962","128",NA,"126135","15194",NA,NA,NA,NA,"333857","2042276",NA,NA,NA,NA,NA,NA,NA,NA,NA,NA,"0","156596","82639",NA,"34320","4322",NA,NA,NA,"1380","67343","346600","523658","56223",NA,"16849","1946",NA,"162172",NA,"81946","107991","950785",NA,"91511",NA,NA,"387208","23983","502702",NA,NA,NA,"502702"
"371","421504","2025","LYNCOURT UFSD","ONONDAGA","105",NA,"164547","105","6182474","770308","1000438",NA,NA,"101313",NA,NA,NA,NA,"6658",NA,"19867","26525","871447","14290","0","699","3120","555658",NA,NA,"496552","1961799","89090",NA,NA,"376","2294",NA,"91760","79432",NA,NA,"1957","497",NA,"81886",NA,NA,NA,NA,NA,NA,"0","23529","20033","300356",NA,NA,"516","590",NA,NA,NA,NA,NA,"301462",NA,NA,NA,NA,NA,NA,NA,NA,NA,NA,"0",NA,NA,NA,"20557",NA,NA,NA,NA,NA,NA,"20557","9875","12256",NA,NA,NA,NA,NA,NA,"7647","4151","33929",NA,NA,NA,NA,NA,NA,"0","15166",NA,NA,"15166"
"372","421601","2025","SKANEATELES CSD","ONONDAGA",NA,NA,"548936",NA,"7363354","753437","935738",NA,NA,"30277",NA,NA,NA,NA,"19171",NA,"28198","47369","1503890","203869",NA,"48582","34689",NA,NA,NA,"800832","2591862","335474",NA,NA,"5026","3134",NA,"343634","143407",NA,NA,"23580","371",NA,"167358",NA,NA,NA,NA,NA,"4220","4220","8350",NA,"263367","5497",NA,"31713",NA,NA,NA,NA,NA,NA,"300577",NA,NA,NA,NA,NA,NA,NA,NA,NA,NA,"0",NA,NA,NA,NA,NA,NA,NA,NA,NA,NA,"0","7256",NA,NA,"560",NA,NA,NA,NA,"28238",NA,"36054",NA,NA,NA,NA,NA,NA,"0","5697",NA,NA,"5697"
"373","421800","2025","SYRACUSE CITY SD","ONONDAGA",NA,NA,NA,NA,"331148190","63549284",NA,NA,NA,"302974",NA,NA,NA,NA,"480102",NA,NA,"480102","47041553","470958",NA,"359366","162888","1062281","3134977",NA,"1348947","55719611","2719803",NA,NA,"170558","55216",NA,"2945577","3582646",NA,NA,NA,NA,NA,"3582646",NA,NA,NA,NA,NA,NA,"0","765328","2138641","4056839","284603",NA,"900215","232322",NA,NA,NA,NA,"1378723","6852702",NA,NA,NA,NA,NA,NA,NA,NA,NA,NA,"0","6812217","453027",NA,"62485","25324",NA,NA,NA,NA,"2457400","9810453","1092544","5998",NA,NA,"3676",NA,"275712",NA,"37414","215599","1630943",NA,NA,NA,NA,NA,NA,"0","1056821",NA,NA,"1056821"
"374","421902","2025","TULLY CSD","ONONDAGA",NA,NA,"320873",NA,"7553437","1270379","934439",NA,NA,"136342",NA,NA,NA,NA,"21664",NA,NA,"21664","1072106","107752","1522","21677","11999","119477",NA,NA,"853301","2187834","98930",NA,NA,NA,NA,NA,"98930","131504",NA,NA,"47",NA,NA,"131551",NA,NA,NA,NA,NA,NA,"0",NA,NA,NA,"2505",NA,"33642",NA,NA,NA,NA,NA,NA,"36147",NA,NA,NA,NA,NA,NA,NA,NA,NA,NA,"0",NA,NA,NA,NA,NA,NA,NA,NA,NA,NA,"0",NA,NA,NA,"26619",NA,NA,NA,NA,NA,NA,"26619",NA,"17594",NA,NA,"15320","6535","39449",NA,NA,NA,"39449"
"375","430300","2025","CANANDAIGUA CITY SD","ONTARIO",NA,"64592","1375343",NA,"20462244","6060754","2268325","93490",NA,"149870",NA,NA,NA,NA,"60003",NA,"30938","90941","5003497","1764892","1684","167259","65551","1549066","10058",NA,"3811793","12373800","504552",NA,NA,"6671","12447",NA,"523670",NA,NA,NA,NA,NA,NA,"0",NA,NA,NA,NA,NA,NA,"0","210150",NA,"611087","147140",NA,"118752",NA,NA,NA,NA,NA,"203436","1080415",NA,NA,NA,NA,NA,NA,NA,NA,NA,NA,"0",NA,NA,NA,NA,NA,NA,NA,NA,NA,NA,"0","123085","71226",NA,"4592","183",NA,"137573",NA,"274399","38135","649193",NA,"79027",NA,"16105","27642","51669","174443",NA,NA,NA,"174443"
"376","430501","2025","EAST BLOOMFIELD CSD","ONTARIO","0","0","305929","0","7509084","1522995","1034465","16992","0","35949","0","0","0","0","51511","0","28388","79899","1157955","39285","0","144278","4873","33760","166470","0","1519888","3066509","142371","0","0","467","162","0","143000","79757","0","0","492","46","0","80295","0","0","0","0","0","0","0","62581","0","173709","3987","0","92988","3300","0","0","0","0","0","273984","0","0","0","0","0","0","0","0","0","0","0","0","0","0","0","0","0","0","0","0","0","0","13707","9604","0","0","0","0","26364","0","102969","4153","156797","0","23884","0","0","23644","4276","51804","0","0","0","51804"
"377","430700","2025","GENEVA CITY SD","ONTARIO",NA,"15004","889201",NA,"29694193","7137684","4104708",NA,NA,"197837",NA,NA,NA,NA,"67044",NA,"56601","123645","2584775","149586",NA,"9193","4821","57244","191890",NA,"5625620","8623129","179237",NA,NA,NA,NA,NA,"179237","258746",NA,NA,"126036",NA,NA,"384782",NA,NA,NA,NA,NA,NA,"0","159150",NA,"622490","55893",NA,"72922",NA,NA,"72664",NA,NA,NA,"823969",NA,NA,NA,NA,NA,NA,NA,NA,NA,NA,"0",NA,NA,NA,NA,NA,NA,NA,NA,NA,NA,"0",NA,NA,NA,NA,NA,NA,"18303",NA,"504331",NA,"522634",NA,"30726",NA,"10775","32325","12664","86490",NA,NA,NA,"86490"
"378","430901","2025","GORHAM-MIDDLESEX CSD (MARCUS W","ONTARIO",NA,NA,"7020",NA,"11555055","2752333","972340","481713",NA,"105009",NA,NA,NA,NA,"68838",NA,"33446","102284","1838470","1009475","5188","826331","7966","99725",NA,NA,"2548995","6336150","208090",NA,NA,"1277","1664",NA,"211031",NA,NA,NA,NA,NA,NA,"0",NA,NA,NA,NA,NA,NA,"0","122364",NA,"318902","38519",NA,"15461",NA,NA,NA,NA,NA,NA,"372882",NA,NA,NA,NA,NA,NA,NA,NA,NA,NA,"0","9369",NA,NA,"3245",NA,NA,NA,NA,NA,NA,"12614","35789","30133",NA,"66162","256",NA,NA,NA,"195466","21200","349006",NA,"51576",NA,"2951","8853",NA,"63380",NA,NA,NA,"63380"
"379","431101","2025","MANCHESTER-SHORTSVILLE CSD (RE","ONTARIO",NA,NA,"368068",NA,"8732429","1448782","1232339",NA,NA,"47934",NA,NA,NA,NA,"17073",NA,"29848","46921","792986","189579",NA,"4210","17822","371402",NA,"120","1642923","3019042","121057",NA,NA,"125","554",NA,"121736","68058",NA,NA,NA,NA,NA,"68058",NA,NA,NA,NA,NA,NA,"0","51692",NA,"148307","49206",NA,"14152",NA,NA,NA,NA,NA,NA,"211665",NA,NA,NA,NA,NA,NA,NA,NA,NA,NA,"0",NA,"3474",NA,"3340",NA,NA,NA,NA,NA,NA,"6814",NA,NA,NA,NA,NA,NA,NA,NA,"206361",NA,"206361",NA,"17607",NA,"8290","15984","10217","52098",NA,NA,NA,"52098"
"380","431201","2025","NAPLES CSD","ONTARIO","0","0","256640","0","6316231","978867","637001","0","0","59691","0","0","0","0","10987","0","29729","40716","925708","185949","0","35482","12681","0","57754","498","684678","1902750","190590","0","0","700","1603","0","192893","0","0","0","0","0","0","0","0","0","0","0","0","0","0","29957","0","198767","3999","0","5946","0","0","0","0","0","0","208712","0","0","0","0","0","0","0","0","0","0","0","0","0","0","0","0","0","0","0","0","0","0","29301","15496","0","22749","0","0","0","0","62205","0","129751","0","17500","0","1147","1387","0","20034","0","0","0","20034"
"381","431301","2025","PHELPS-CLIFTON SPRINGS CSD","ONTARIO",NA,NA,"676881",NA,"18943734","3880563","2254819",NA,NA,"58409",NA,NA,NA,NA,"35237",NA,"38476","73713","2136362","716875",NA,"123682","16243","140417",NA,NA,"3813385","6946964","110770",NA,NA,NA,NA,NA,"110770",NA,NA,NA,NA,NA,NA,"0",NA,NA,NA,NA,NA,NA,"0","135998",NA,"455041","11441",NA,"25936",NA,NA,NA,NA,"10140",NA,"502558",NA,NA,NA,NA,NA,NA,NA,NA,NA,NA,"0",NA,NA,NA,NA,NA,NA,NA,NA,NA,NA,"0","71622","18009",NA,"4805","33",NA,"18916",NA,"285895",NA,"399280",NA,"50607",NA,"16921","105765","20165","193458",NA,NA,NA,"193458"
"382","431401","2025","HONEOYE CSD","ONTARIO",NA,"12919","263073",NA,"5195273","1554420","540873",NA,NA,"37863",NA,NA,NA,NA,"14741",NA,"34561","49302","1080725","76113",NA,"8501","5484","441808",NA,NA,"1062743","2675374","138675",NA,NA,"4390","438",NA,"143503","51059",NA,NA,NA,NA,NA,"51059",NA,NA,NA,NA,NA,NA,"0","70652",NA,"152317","45589",NA,"14698",NA,"35387",NA,NA,NA,NA,"247991",NA,NA,NA,NA,NA,NA,NA,NA,NA,NA,"0",NA,NA,NA,NA,NA,NA,NA,NA,NA,NA,"0",NA,NA,NA,NA,NA,NA,"71268",NA,"36728",NA,"107996",NA,"19325",NA,NA,"16479",NA,"35804",NA,NA,NA,"35804"
"383","431701","2025","VICTOR CSD","ONTARIO","16611","241342","558010","16611","23151102","3490313","3213168","0","0","87130","0","12179","0","0","47780","0","28388","76168","5456091","2019567","0","398688","42529","31493","1417891","0","2562295","11928554","1052339","0","0","27","0","0","1052366","301767","0","0","0","0","0","301767","211406","230795","0","137","0","0","442338","166700","0","704978","0","0","126958","0","0","0","0","0","160947","992883","0","0","0","0","0","0","0","0","0","0","0","0","0","0","0","0","0","0","0","0","0","0","78804","42693","0","39924","246","0","82331","0","223019",NA,"467017","0","103293","0","0","29950","56407","189650","0","0","0","189650"
"384","440102","2025","WASHINGTONVILLE CSD","ORANGE",NA,"81573","635870",NA,"34544859","8138813","3834576","111082",NA,"282684",NA,NA,NA,NA,"121844",NA,NA,"121844","7981358","631314","14496","111372","70452","3173100",NA,"1225","6430702","18414019","861319",NA,NA,NA,"5387",NA,"866706","171614",NA,NA,NA,NA,NA,"171614",NA,NA,NA,NA,NA,NA,"0","1084633",NA,"613570","97928",NA,"92477",NA,NA,NA,NA,NA,NA,"803975",NA,NA,NA,NA,NA,NA,NA,NA,NA,NA,"0",NA,NA,NA,NA,NA,NA,NA,NA,NA,NA,"0","27123",NA,NA,NA,NA,"503456",NA,NA,"654618","14431","1199628",NA,"42074",NA,NA,NA,NA,"42074","496851",NA,NA,"538925"
"385","440201","2025","CHESTER UFSD","ORANGE",NA,"319953","339834",NA,"8387067","1543011","1185333","62650",NA,"78395",NA,NA,NA,NA,"23010",NA,NA,"23010","1858880","575755",NA,"551581","19205",NA,"506700","17266","3239616","6769003","253949",NA,NA,NA,"4253",NA,"258202","306536",NA,NA,NA,"321",NA,"306857",NA,NA,NA,NA,NA,NA,"0","140793",NA,"109328","47998",NA,"20584","21566",NA,NA,NA,NA,"65223","264699",NA,NA,NA,NA,NA,NA,NA,NA,NA,NA,"0",NA,NA,NA,NA,NA,NA,NA,NA,NA,NA,"0",NA,NA,NA,NA,NA,NA,"358868",NA,NA,NA,"358868",NA,NA,NA,NA,NA,NA,"0","130090",NA,NA,"130090"
"386","440301","2025","CORNWALL CSD","ORANGE",NA,"201478","349299",NA,"21027260","3748772","2556381",NA,NA,"154282",NA,NA,NA,NA,"319714",NA,NA,"319714","5039578","1783206","6308","349643","15097",NA,"1467066",NA,"2744297","11405195","1185699",NA,NA,NA,"7263",NA,"1192962",NA,NA,NA,NA,NA,NA,"0",NA,NA,NA,NA,NA,NA,"0","510514",NA,"547061",NA,NA,"90593","9748",NA,NA,NA,NA,NA,"647402","13668",NA,NA,"9393",NA,NA,NA,NA,NA,NA,"23061",NA,NA,NA,NA,NA,NA,NA,NA,NA,NA,"0","65446","30626",NA,"39295",NA,"241278",NA,NA,"102051",NA,"478696",NA,NA,NA,NA,NA,NA,"0","191352",NA,NA,"191352"
"387","440401","2025","PINE BUSH CSD","ORANGE","0","554753","818992","0","46087613","13977211","4768378","192594","0","404569","0","0","0","0","224872","0","0","224872","7985290","2866890","3215","362333","17239","282766","2990794","0","9054015","23562542","528660","0","0","1400","4268","156387","690715","736931","0","0","0","0","0","736931","0","0","0","0","0","0","0","354941","0","2274615","110995","0","268291","22039","0","0","0","0","473405","3149345","0","0","0","0","0","0","0","0","0","0","0","0","0","0","0","0","0","0","0","0","0","0","0","0","0","713555","0","0","671175","0","389973","0","1774703","0","0","0","0","0","0","0","0","0","0","0"
"388","440601","2025","GOSHEN CSD","ORANGE",NA,"219636","489259",NA,"19218430","4035329","2848771","159531",NA,NA,NA,NA,NA,NA,"192013",NA,NA,"192013","5149131","1080634","5963","978467","67468",NA,"1315788",NA,"6362446","14959897","619584",NA,NA,NA,"11305",NA,"630889","268520",NA,NA,NA,NA,NA,"268520",NA,NA,NA,NA,NA,NA,"0","260233",NA,"507576","28075",NA,"59591",NA,NA,NA,NA,NA,"189866","785108",NA,NA,NA,NA,NA,NA,NA,NA,NA,NA,"0",NA,NA,NA,NA,NA,NA,NA,NA,NA,NA,"0","23871","13616",NA,"31748",NA,NA,"138675",NA,"362954","71886","642750",NA,"107456",NA,NA,NA,NA,"107456",NA,NA,NA,"107456"
"389","440901","2025","HIGHLAND FALLS CSD","ORANGE",NA,"502158","347911",NA,"12630121","2432745","1654373",NA,NA,"47911",NA,NA,NA,NA,"74701",NA,NA,"74701","1894253","92496",NA,"60419","6559","545500","392887",NA,"4829420","7821534",NA,NA,NA,NA,NA,NA,"0","255600",NA,NA,NA,"127",NA,"255727",NA,NA,NA,NA,NA,NA,"0","117395",NA,"141127","142816",NA,"12560","1436",NA,NA,NA,NA,"344","298283",NA,"3686",NA,"1995",NA,NA,NA,NA,NA,NA,"5681",NA,NA,NA,NA,NA,NA,NA,NA,NA,NA,"0",NA,NA,NA,"403740",NA,NA,NA,NA,NA,NA,"403740",NA,NA,NA,NA,NA,NA,"0","183236",NA,NA,"183236"
"390","441000","2025","MIDDLETOWN CITY SD","ORANGE","27256","480456","1833371","27256","130706194","18891262","13913007","115697","0","279619","0","0","0","0","373949","0","0","373949","15229759","1855846","8605","2602106","41711","137315","4452216","0","17210934","41538492","276884","0","0","0","28410","0","305294","1024701","0","0","0","0","0","1024701","378875","0","0","0","0","0","378875","818681","0","1412244","366105","0","150768","0","0","0","0","0","367533","2296650","0","0","0","0","0","0","0","0","0","0","0","0","0","0","0","0","0","0","0","0","0","0","465781","94876","0","79000","38","740939","0","0","995946","180646","2557226","0","0","0","0","0","0","0","825251","0","0","825251"
"391","441101","2025","MINISINK VALLEY CSD","ORANGE",NA,"85712","1066869",NA,"32943351","10414481","4052231","5665",NA,"380118",NA,"74",NA,NA,"109438",NA,NA,"109438","5629244","1435967","9940","589711","89302","3586127",NA,"1377","10181737","21523405","440905",NA,NA,NA,NA,NA,"440905","671873",NA,NA,NA,"369",NA,"672242",NA,NA,NA,NA,NA,NA,"0","386242",NA,"847177",NA,NA,"75960",NA,NA,NA,NA,NA,NA,"923137",NA,NA,NA,NA,NA,NA,NA,NA,NA,NA,"0","11583","5240",NA,"12907",NA,NA,NA,NA,NA,NA,"29730",NA,NA,NA,NA,NA,NA,"616106",NA,"860437",NA,"1476543",NA,"144361",NA,NA,"90001","70657","305019",NA,NA,"106247","411266"
"392","441201","2025","MONROE-WOODBURY CSD","ORANGE","0","1273048","821569","0","57124338","14775283","5020534","610283","0","304460","0","0","0","0","211957","0","0","211957","14238966","4313510","0","245148","75653","2812680","2544773","22161","13438501","37691392","1815863","0","0","0","0","0","1815863","789787","0","0","0","0","0","789787","0","0","0","0","0","0","0","1173948","0","1782083","0","0","768699","188871","0","0","0","50386","309972","3100011","0","0","0","0","0","0","0","0","0","0","0","0","0","0","0","0","0","0","0","0","0","0","396972","187915","0","5558","2268","224081","469402","0","662669","109335","2058200","0","121509","0","0","46004","24834","192347","360607","0","25601","578555"
"393","441202","2025","KIRYAS JOEL VILLAGE UFSD","ORANGE","0","8236799","8840","0","6283444","918932","33075","115697","0","1080254","0","0","0","0","12876","0","0","12876","6558040","4365110","0","781976","328832","0","115859","0","297976","12447793","0","0","0","0","0","0","0","0","0","0","0","0","0","0","0","0","0","0","0","0","0","360766","0","1236606","1727727","34362","1761779","419150","0","17330","0","315094","1212846","6724894","0","0","0","0","0","0","0","0","0","0","0","1456786","438275","0","0","3222","0","0","0","0","692597","2590880","408370","391191","0","56394","5356","0","19310","0","29124","314530","1224275","0","57951","0","0","0","26773","84724","217984","0","0","302708"
"394","441301","2025","VALLEY CSD (MONTGOMERY)","ORANGE","0","242261","550887","0","33178925","8969251","3857960","222164","0","116740","0","0","0","0","404384","0","0","404384","9676846","2877569","4358","475023","35795","36658","2378933","0","2613528","18098710","1559445","0","0","139","6146","0","1565730","867771","0","0","207","2982","0","870960","349179","231488","0","0","1337","0","582004","221273","0","898062","0","0","118810","21729","0","0","0","0","240939","1279540","0","0","0","0","0","0","0","0","0","0","0","17198","0","0","20000","1651","0","0","0","0","7703","46552","165945","59411","0","0",NA,"0","404383","0","165034",NA,"794773","0","0","0","0","0","0","0","311775","0","0","311775"
"395","441600","2025","NEWBURGH CITY SD","ORANGE","0","323769","717051","0","166600999","28155367","0","247058","0","476998","0","22345","0","0","235814","0","0","235814","20496113","3100094","25621","444943","153930","13217","9326610","0","19453526","53014054","1585212","0","0","21950","0","0","1607162","1609020","0","0","3710","6504","0","1619234","0","0","0","146498","369","2634","149501","861045","0","1612616","159928","31487","400004","114842","0","0","0","43782","692531","3055190","0","0","0","0","0","0","0","0","0","0","0","37257","24463","0","27694","0","0","0","0","4192","27408","121014","332496","19142","0","0","0","0","1208583","0","959641","58811","2578673","0","0","0","0","0","0","0","890527","0","0","890527"
"396","441800","2025","PORT JERVIS CITY SD","ORANGE",NA,"124950","642951",NA,"36789685","9040193","3034606",NA,NA,"275102",NA,NA,NA,NA,"193687",NA,NA,"193687","6785273","1004735",NA,"431791","59073","624700","2163069","742","8453809","19523192","413603",NA,NA,NA,NA,NA,"413603","389649",NA,NA,NA,NA,NA,"389649",NA,NA,NA,NA,NA,NA,"0","160000",NA,"449174","82834",NA,"80707",NA,NA,NA,NA,NA,"204567","817282",NA,NA,NA,NA,NA,NA,NA,NA,NA,NA,"0",NA,NA,NA,NA,NA,NA,NA,NA,NA,NA,"0","29294","24130",NA,NA,"1250",NA,"313417",NA,"381784","24998","774873",NA,NA,NA,NA,NA,NA,"0","267493",NA,NA,"267493"
"397","441903","2025","TUXEDO UFSD","ORANGE",NA,"66826","146712",NA,"471981","290486","270487",NA,NA,NA,NA,NA,NA,NA,"83333",NA,NA,"83333","498497","-553",NA,"1848","1334","337220",NA,"270","988024","1826640","94469",NA,NA,"42","3944",NA,"98455",NA,NA,NA,NA,NA,NA,"0",NA,NA,NA,NA,NA,NA,"0","32414",NA,"104099",NA,NA,"7338",NA,NA,NA,NA,NA,NA,"111437",NA,"2893",NA,NA,NA,NA,NA,NA,NA,NA,"2893",NA,NA,NA,NA,NA,NA,NA,NA,NA,NA,"0",NA,NA,NA,"44353",NA,NA,NA,NA,"72617",NA,"116970",NA,NA,NA,NA,NA,NA,"0","45101",NA,NA,"45101"
"398","442101","2025","WARWICK VALLEY CSD","ORANGE",NA,"2723020","789729",NA,"22158802","5831084","3235558","250723",NA,"533695",NA,NA,NA,NA,"122356",NA,NA,"122356","6962804","2232795","5134","583225","49136","1874818","4686",NA,"8869192","20581790","869749",NA,NA,NA,NA,NA,"869749",NA,NA,NA,NA,NA,NA,"0","310795",NA,NA,NA,NA,NA,"310795","335964",NA,"126250","170339",NA,"446247",NA,NA,NA,NA,NA,"154331","897167",NA,NA,NA,NA,NA,NA,NA,NA,NA,NA,"0",NA,NA,NA,NA,NA,NA,NA,NA,NA,NA,"0","288074","163715",NA,"104695","1334",NA,"335709",NA,"494089","34465","1422081",NA,"56131",NA,NA,"66867","8539","131537",NA,NA,"126199","257736"
"399","442111","2025","GREENWOOD LAKE UFSD","ORANGE",NA,NA,"170710",NA,"4817512","1506370","659792",NA,NA,"27668",NA,NA,NA,NA,"20719",NA,NA,"20719","1465831","395842",NA,"230046","1438","71949",NA,NA,"1380451","3545557","172604",NA,NA,NA,NA,NA,"172604",NA,NA,NA,NA,NA,NA,"0","192693","37506",NA,NA,NA,NA,"230199","45443",NA,"91678","4234",NA,"39002","10764",NA,NA,NA,NA,NA,"145678",NA,NA,NA,NA,NA,NA,NA,NA,NA,NA,"0",NA,NA,NA,NA,NA,NA,NA,NA,NA,NA,"0",NA,NA,NA,NA,NA,"63085",NA,NA,"78815",NA,"141900",NA,"17304",NA,"24059",NA,NA,"41363",NA,NA,"26860","68223"
"400","442115","2025","FLORIDA UFSD","ORANGE",NA,"13000","212272",NA,"5454657","1211173","1153731",NA,NA,"58655",NA,NA,NA,NA,"50502",NA,NA,"50502","1047037","321120",NA,"54578","6716","2439","313395",NA,"1083643","2828928","236348",NA,NA,"5193","3406",NA,"244947","85715",NA,NA,NA,"492",NA,"86207",NA,NA,NA,NA,NA,NA,"0","70000",NA,"61150","40625",NA,"13716","2878",NA,NA,NA,NA,"68415","186784",NA,NA,NA,NA,NA,NA,NA,NA,NA,NA,"0",NA,NA,NA,NA,NA,NA,NA,NA,NA,NA,"0",NA,NA,NA,"4705",NA,"12210","57930",NA,"205620",NA,"280465",NA,NA,NA,NA,NA,NA,"0","82440",NA,NA,"82440"
"401","450101","2025","ALBION CSD","ORLEANS",NA,"0","64225",NA,"25128829","3793963","1346580",NA,NA,NA,NA,"19901",NA,NA,"77140",NA,"20990","98130","1594768","384315","2461","11284","12283",NA,"2107507",NA,"500705","4613323","235880",NA,NA,NA,"1445",NA,"237325","101758",NA,NA,NA,"99",NA,"101857",NA,NA,NA,NA,NA,NA,"0",NA,NA,"415020","54007",NA,"115178",NA,NA,"24286",NA,NA,"4940","613431",NA,NA,NA,NA,NA,NA,NA,NA,NA,NA,"0",NA,NA,NA,NA,NA,NA,NA,NA,NA,NA,"0",NA,NA,NA,NA,NA,NA,"315182",NA,NA,NA,"315182",NA,NA,NA,NA,NA,NA,"0","119002",NA,NA,"119002"
"402","450607","2025","KENDALL CSD","ORLEANS",NA,NA,"212844",NA,"9118745","2142221","1197642",NA,NA,"31417",NA,NA,NA,NA,"1751100",NA,"26985","1778085","952874","101577",NA,"93089","3082",NA,"206725",NA,"1092615","2449962","80368",NA,NA,NA,"1418",NA,"81786",NA,NA,NA,NA,NA,NA,"0",NA,NA,NA,NA,NA,NA,"0","11084",NA,"248978",NA,NA,"12983",NA,NA,NA,NA,NA,NA,"261961",NA,NA,NA,NA,NA,NA,NA,NA,NA,NA,"0",NA,NA,NA,NA,NA,NA,NA,NA,NA,NA,"0",NA,NA,NA,NA,NA,NA,NA,NA,"55416",NA,"55416",NA,NA,NA,NA,NA,NA,"0",NA,NA,NA,"0"
"403","450704","2025","HOLLEY CSD","ORLEANS",NA,"48685","499642",NA,"12919113","3253087","1491930",NA,NA,"62987",NA,NA,NA,NA,"32025",NA,"32125","64150","1555014","311388",NA,"12296","2917","2282","441748",NA,"1585252","3910897","168943",NA,NA,NA,NA,NA,"168943",NA,NA,NA,NA,NA,"40","40",NA,NA,NA,NA,NA,NA,"0","48991",NA,"304942","9970",NA,"28709","16324",NA,NA,NA,NA,NA,"359945","28669",NA,NA,NA,NA,NA,NA,NA,NA,NA,"28669",NA,NA,NA,NA,NA,NA,NA,NA,NA,NA,"0",NA,NA,NA,NA,NA,NA,"91437",NA,"98017",NA,"189454",NA,"29033",NA,NA,"48991","7258","85282",NA,NA,NA,"85282"
"404","450801","2025","MEDINA CSD","ORLEANS",NA,"49066","255267",NA,"20310354","4616095","2028606",NA,NA,"100855",NA,NA,NA,NA,"51978",NA,"20990","72968","1896022","294015","246","115293","1147","125420","1121538",NA,"2211930","5765611","141486",NA,NA,NA,NA,NA,"141486",NA,NA,NA,NA,NA,NA,"0",NA,NA,NA,NA,NA,NA,"0","93587",NA,"343297","42978",NA,"58397","6665",NA,NA,NA,NA,NA,"451337",NA,NA,NA,NA,NA,NA,NA,NA,NA,NA,"0",NA,"21243",NA,"10878",NA,NA,NA,NA,NA,NA,"32121",NA,NA,NA,"43396",NA,NA,"129054",NA,NA,NA,"172450",NA,"62683",NA,NA,NA,NA,"62683","51480",NA,"21249","135412"
"405","451001","2025","LYNDONVILLE CSD","ORLEANS","0","108105","97219","0","9130602","972038","982304",NA,NA,"45227",NA,NA,NA,NA,"8970",NA,"20990","29960","782980","250493","1810","64421","2567",NA,"321249",NA,"722124","2145644","109129",NA,NA,NA,NA,NA,"109129",NA,NA,NA,NA,NA,NA,"0",NA,NA,NA,NA,NA,NA,"0","9004",NA,"164560","13447",NA,"18856","4944",NA,NA,NA,NA,NA,"201807",NA,NA,NA,NA,NA,NA,NA,NA,NA,NA,"0",NA,NA,NA,NA,NA,NA,NA,NA,NA,NA,"0",NA,NA,NA,NA,NA,NA,"46837",NA,NA,NA,"46837",NA,NA,NA,NA,NA,NA,"0",NA,NA,"13280","13280"
"406","460102","2025","ALTMAR-PARISH-WILLIAMSTOWN CSD","OSWEGO","0","0","552489","0","18474371","4134309","2344561","0","0","334617","0","0","0","0","4378","0","0","4378","2810248","596047","0","103974","5073","64829","85874","0","2592029","6258074","0","0","0","0","0","25360","25360","0","0","0","0","0","0","0","0","0","0","0","0","0","0","75246","0","213429","42177","0","31037","19818","0","0","0","0","26610","333071","0","0","0","0","0","0","0","0","0","0","0","0","0","0","0","0","0","0","0","0","0","0","48768","29626","0","0","0","9800","2254","0","148150","52496","291094","0","45282","0","8969","0","30775","85026","0","0","0","85026"
"407","460500","2025","FULTON CITY SD","OSWEGO","0","196996","657817","0","38486715","7828159","6461329","144752","0","188713","0","0","0","0","61497","0","0","61497","6469015","2466613","1840","773027","3318","332529","0","0","2542855","12589197","524112","0","0","0","0","0","524112","606488","0","0","0","0","0","606488","0","0","0","0","0","0","0","125918","0","681301","171894","0","77885","35337","0","0","0","0","69917","1036334","0","0","0","0","0","0","0","0","0","0","0","0","0","0","0","0","0","0","0","0","0","0","170881","96191","0","124","0","0","0","0","150430","45935","463561","0","32238","0","0","0","0","32238","133788","0","0","166026"
"408","460701","2025","HANNIBAL CSD","OSWEGO","0","16886","488042","0","21099590","3730601","3212794","0","0","150505","0","0","0","0","9027","0","0","9027","2040817","118371","0","463593","4541","69517","0","0","2594722","5291561","65091","0","0","0","8961","0","74052","136658","0","0","0","0","0","136658","0","0","0","0","0","0","0","43334","0","227094","77092","0","18487","0","0","0","0","0","106794","429467","0","0","0","0","0","0","0","0","0","0","0","0","0","0","0","0","0","0","0","0","0","0","0","0","0","0","0","0","0","0","184648","0","184648","0","16788","0","12130","0","3105","32023","0","0","0","32023"
"409","460801","2025","CENTRAL SQUARE CSD","OSWEGO",NA,NA,"1619957",NA,"37081635","8991528","4676098",NA,NA,"254302",NA,NA,NA,NA,"14556",NA,NA,"14556","6685040","380986",NA,"335234","30039",NA,NA,NA,"4714737","12146036","731703",NA,NA,NA,NA,NA,"731703","577173","144592",NA,NA,NA,NA,"721765",NA,NA,NA,NA,NA,NA,"0","171614",NA,"608423","95886",NA,"44466","9180",NA,NA,NA,NA,"304482","1062437",NA,NA,NA,NA,NA,NA,NA,NA,NA,NA,"0",NA,NA,NA,NA,NA,NA,NA,NA,NA,NA,"0",NA,NA,NA,NA,NA,NA,NA,NA,"467534",NA,"467534",NA,"73615",NA,NA,NA,NA,"73615",NA,NA,NA,"73615"
"410","460901","2025","MEXICO CSD","OSWEGO","0","119518","590766","0","22994722","5847746","3563754","0","0","194588","0","0","0","0","62364","0","0","62364","4020790","502422","4839","471529","38911","68076","0","0","2533997","7640564","377875","0","0","28624","0","0","406499","360705","0","0","229","0","0","360934","0","0","0","0","0","0","0","105057","0","498528","89783","0","37395","22997","0","0","0","11068","0","659771","0","0","0","0","0","0","0","0","0","0","0","0","0","0","0","0","0","0","0","0","0","0","178277","14759","0","12945","528","0","0","0","139416","35035","380960","0","50647","0","0","0","11573","62220","0","0","0","62220"
"411","461300","2025","OSWEGO CITY SD","OSWEGO","2760","84715","928112","2760","37072318","5682080","5810055",NA,NA,"460912",NA,NA,NA,NA,"131521",NA,NA,"131521","7752533",NA,"17570","1034067","3680","415395",NA,NA,"2571970","11795215","659061",NA,NA,"3660",NA,NA,"662721","165703",NA,NA,NA,NA,NA,"165703",NA,NA,NA,NA,NA,NA,"0","121775",NA,"907930","24960",NA,"99140",NA,NA,NA,NA,NA,"166427","1198457",NA,NA,NA,NA,NA,NA,NA,NA,NA,NA,"0",NA,NA,NA,NA,NA,NA,NA,NA,NA,NA,"0",NA,NA,NA,NA,NA,NA,NA,NA,"566345","3022","569367",NA,"39509",NA,NA,NA,NA,"39509",NA,NA,NA,"39509"
"412","461801","2025","PULASKI CSD","OSWEGO",NA,"303722","288432",NA,"12354862","2984270","2982048",NA,NA,"55970",NA,NA,NA,NA,"8935",NA,"43581","52516","1771546","85460",NA,"186098","20445",NA,NA,NA,"1081431","3144980","238866",NA,NA,NA,"2934",NA,"241800",NA,NA,NA,NA,NA,NA,"0",NA,NA,NA,NA,NA,NA,"0","47838",NA,"231198","8523",NA,"7585",NA,NA,NA,NA,NA,"70844","318150",NA,NA,NA,NA,NA,NA,NA,NA,NA,NA,"0",NA,NA,NA,NA,NA,NA,NA,NA,NA,NA,"0","76429","14520",NA,"6948","151",NA,NA,NA,"30707","16892","145647",NA,"16764",NA,"1670","2842","3831","25107",NA,NA,NA,"25107"
"413","461901","2025","SANDY CREEK CSD","OSWEGO","0","0","199304","0","11515797","2857763","1473833","0","0","90908","0","0","0","0","34713","0","0","34713","754464","553199","0","144509","3757","114220","0","0","920553","2490702","81827","0","0","0","1369","0","83196","78221","0","0","0","332","0","78553","0","0","0","0","0","0","0","34832","0","161800","43234","0","11577","0",NA,"0","0","0","58101","274712","0","0","0","0","0","0","0","0","0","0","0","0","0","0","0","0","0","0","0","0","0","0","0","0","0","0","0","103492","0","0","0","0","103492","0","18343","0","5890","0","3806","28039","0","0","0","28039"
"414","462001","2025","PHOENIX CSD","OSWEGO","0","0","361451","0","21015767","4468682","3192689","0","0","169792","0","0","0","0","17233","0","0","17233","2538023","0","0","82354","10165","0","0","0","1396006","4026548","0","0","0","0","356","0","356","247305","0","0","0","0","0","247305","0","0","0","0","0","0","0","24464","0","470117","63969","0","60619","50226","0","0","0","0","1794","646725","0","0","0","0","0","0","0","0","0","0","0","0","0","0","0","0","0","0","0","0","0","0","63274","0","0","0","0","0","0","0","77875","14733","155882","0","27905","0","0","1803","6376","36084","0","0","0","36084"
"415","470202","2025","GILBERTSVILLE-MOUNT UPTON CSD","OTSEGO",NA,NA,"140988",NA,"5647241","706703","625450",NA,NA,"14944",NA,NA,NA,NA,"8431",NA,NA,"8431","480344","201329",NA,"10198","3290","362328","300000",NA,"642784","2000273",NA,NA,NA,NA,NA,"28665","28665",NA,NA,NA,NA,NA,NA,"0",NA,NA,NA,NA,NA,NA,"0",NA,NA,"85245","25982",NA,NA,"443",NA,NA,NA,NA,NA,"111670",NA,NA,NA,NA,NA,NA,NA,NA,NA,NA,"0",NA,NA,NA,NA,NA,NA,NA,NA,NA,NA,"0",NA,NA,NA,NA,NA,NA,"25036",NA,NA,NA,"25036",NA,NA,NA,NA,"9857",NA,"9857",NA,NA,NA,"9857"
"416","470501","2025","EDMESTON CSD","OTSEGO",NA,NA,"155639",NA,"5681933","886508","761915",NA,NA,NA,NA,NA,NA,NA,"4318",NA,NA,"4318","243797","181686",NA,"108011","3251","65685","151638",NA,"468525","1222593",NA,NA,NA,NA,NA,"5965","5965",NA,NA,NA,NA,NA,NA,"0",NA,NA,NA,NA,NA,NA,"0","10402",NA,"116849","17873",NA,NA,NA,NA,NA,NA,NA,NA,"134722",NA,NA,NA,NA,NA,NA,NA,NA,NA,NA,"0",NA,NA,NA,NA,NA,NA,NA,NA,NA,NA,"0",NA,"0",NA,"720",NA,"38961","1338",NA,"3264",NA,"44283",NA,"7726",NA,NA,NA,NA,"7726",NA,NA,NA,"7726"
"417","470801","2025","LAURENS CSD","OTSEGO",NA,"262148","250",NA,"4568276","1215719","428375","72376",NA,NA,NA,NA,NA,NA,"8785",NA,NA,"8785","287982","329468",NA,"63111","2643","32395","606870",NA,"354303","1676772","47269",NA,NA,NA,NA,NA,"47269",NA,NA,NA,NA,NA,NA,"0",NA,NA,NA,NA,NA,NA,"0",NA,NA,"51907","21370",NA,"47572",NA,NA,NA,NA,NA,NA,"120849",NA,NA,NA,NA,NA,NA,NA,NA,NA,NA,"0",NA,NA,NA,"6137","582",NA,NA,NA,NA,NA,"6719","21037","17861",NA,"92630","40","26524",NA,NA,"1604","8817","168513",NA,"5754",NA,NA,NA,NA,"5754",NA,NA,NA,"5754"
"418","470901","2025","SCHENEVUS CSD","OTSEGO","0","28552","230496","0","4413479","683004","634641","0","0","40735","0","0","0","0","4423","0","0","4423","305303","228909","0","22392","629","309791","325350","0","466869","1659243","0","0","0","0","0","0","0","114162","0","0","0","0","0","114162","0","0","0","0","0","0","0","10017","0","90870","0","0","0","0","0","0","0","0","0","90870","0","0","0","0","0","0","0","0","0","0","0","0","0","0","763","0","0","0","0","0","0","763","17367","0","0","0","0","0","17428","0","0","0","34795","0","15289","0","0","0","0","15289","0","0","0","15289"
"419","471101","2025","MILFORD CSD","OTSEGO","9140","34862","112906","9140","4067171","741429","490211",NA,NA,"22618",NA,NA,NA,NA,"45069",NA,NA,"45069","474206","153159",NA,"128910","2399","69265","205016",NA,"299998","1332953","2413","16192",NA,"517","111","27498","46731","45629",NA,NA,"75","99",NA,"45803",NA,NA,NA,NA,NA,NA,"0","6592",NA,"59051","1235",NA,"41336",NA,NA,NA,NA,NA,"36509","138131",NA,NA,NA,NA,NA,NA,NA,NA,NA,NA,"0",NA,NA,NA,NA,NA,NA,NA,NA,NA,NA,"0",NA,NA,NA,NA,NA,"8104","12751",NA,"598",NA,"21453",NA,"5175",NA,NA,"3017","1166","9358","1306",NA,NA,"10664"
"420","471201","2025","MORRIS CSD","OTSEGO","0","133983","172296","0","4396305","938913","524540","0","0","16466","0","0","0","0","1257","0","0","1257","261903","165790","0","162248","41","183306","0","0","326041","1099329","0","0","0","0","0","0","0","0","0","0","0","0","0","0","0","0","0","0","0","0","0","4297","0","90081","20065","0","0","0","0","0","0","0","0","110146","0","0","0","0","0","0","0","0","0","0","0","0","0","0","0","0","0","0","0","0","0","0","0","0","0","0","0","0","21484","0","0","0","21484","0","0","0","0","0","0","0","0","0","0","0"
"421","471400","2025","ONEONTA CITY SD","OTSEGO",NA,"289174","288445",NA,"9898669","4352285","1693370",NA,NA,"100083",NA,NA,NA,NA,"38745",NA,NA,"38745","4025867","136301","2337","175231","2483","75296","1198298",NA,"980755","6596568","134933",NA,NA,"7948","5791",NA,"148672","121356",NA,NA,"41402","403",NA,"163161",NA,NA,NA,NA,NA,NA,"0","124934",NA,"277880","54734",NA,"68939","312",NA,NA,NA,NA,"156601","558466",NA,NA,NA,NA,NA,NA,NA,NA,NA,NA,"0",NA,NA,NA,NA,NA,NA,NA,NA,NA,NA,"0","94454","18521",NA,NA,NA,NA,"187081",NA,NA,"23770","323826",NA,NA,NA,NA,"12566",NA,"12566","78193",NA,NA,"90759"
"422","471601","2025","OTEGO-UNADILLA CSD","OTSEGO",NA,NA,"217314",NA,"12280260",NA,"1602997",NA,NA,"57618",NA,NA,NA,NA,"10350",NA,"751","11101","696767","614081",NA,"72065","3743","85342","217399",NA,"1673762","3363159","91636",NA,NA,NA,"2351",NA,"93987","64207",NA,NA,NA,NA,NA,"64207",NA,NA,NA,NA,NA,NA,"0",NA,NA,"301538","7045",NA,NA,NA,NA,NA,NA,NA,NA,"308583",NA,NA,NA,NA,NA,NA,NA,NA,NA,NA,"0",NA,NA,NA,NA,NA,NA,NA,NA,NA,NA,"0",NA,NA,NA,NA,NA,NA,"40733",NA,"30409",NA,"71142",NA,"9996",NA,"18964",NA,"4932","33892",NA,NA,NA,"33892"
"423","471701","2025","COOPERSTOWN CSD","OTSEGO","0","18618","122588","0","4578291","883847","585012","0","0","22816","0","0","0","0","25790","0","0","25790","556592","980079","4475","51346","10338","24580","238678","127","341720","2207935","0","0","0","116218","0","0","116218","115936","0","0","1855","36","10000","127827","50646","0","0","70819","2401","0","123866","40493","0","140291","43539","73029","27780","6998","0","0","0","14323","0","305960","0","0","0","0","0","0","0","0","0","0","0","0","0","0","0","0","0","0","0","0","0","0","18194","18326","0","8001","1493","0","37009","0","0","12264","95287","0","10892","0","0","12130","5261","28283","0","0","0","28283"
"424","472001","2025","RICHFIELD SPRINGS CSD","OTSEGO",NA,"0","141545",NA,"4805312","973799","1226619","72376",NA,"41944",NA,NA,NA,NA,"26955",NA,NA,"26955","461329","188123","450","1842","2920","123973",NA,NA,"781703","1560340",NA,NA,NA,"125",NA,NA,"125",NA,NA,NA,NA,NA,NA,"0",NA,NA,NA,NA,NA,NA,"0","4944",NA,"146426",NA,NA,"2294",NA,NA,NA,NA,NA,NA,"148720",NA,NA,NA,NA,NA,NA,NA,NA,NA,NA,"0","533","2414",NA,"604",NA,NA,NA,NA,NA,NA,"3551",NA,NA,NA,NA,NA,NA,NA,NA,"17343",NA,"17343",NA,"6853",NA,NA,NA,"524","7377",NA,NA,NA,"7377"
"425","472202","2025","CHERRY VALLEY-SPRINGFIELD CSD","OTSEGO",NA,NA,"197275",NA,"5756153","1169878","482765",NA,NA,NA,NA,NA,NA,NA,"16599",NA,NA,"16599","400756","273788","834","791615","5893",NA,NA,NA,"531184","2004070",NA,NA,NA,NA,NA,NA,"0",NA,NA,NA,NA,NA,NA,"0","60873",NA,NA,NA,"500",NA,"61373",NA,NA,"146810",NA,NA,"15336",NA,NA,NA,NA,NA,NA,"162146",NA,NA,NA,NA,NA,NA,NA,NA,NA,NA,"0",NA,NA,NA,NA,NA,NA,NA,NA,NA,NA,"0",NA,NA,NA,"67318",NA,NA,NA,NA,"14116",NA,"81434",NA,"15004",NA,NA,NA,NA,"15004",NA,NA,NA,"15004"
"426","472506","2025","WORCESTER CSD","OTSEGO","0","0","133491","0","5215850","929084","483106","0","0","18581","0","0","0","0","3415","0","0","3415","390159","135386","0","75849","2346","341351","0","0","294834","1239925","13213","0","0","0","0","0","13213","0","0","0","0","0","0","0","0","0","0","0","0","0","0","10585","0","99486","0","0","0","0","0","0","0","0","0","99486","0","0","0","0","0","0","0","0","0","0","0","0","0","0","0","0","0","0","0","0","0","0","10111","0","0","2705","0","0","26881","0","0","0","39697","0","8282","0","0","1137","3808","13227","0","0","0","13227"
"427","480101","2025","MAHOPAC CSD","PUTNAM",NA,"1000498","450072",NA,"19350368","11000538","3917002",NA,NA,"205140",NA,NA,NA,NA,"206575",NA,NA,"206575","14593277","1168338",NA,"1038753","97113","470011","2410040",NA,"3857863","23635395","1014725",NA,NA,NA,NA,NA,"1014725","854684",NA,NA,NA,NA,NA,"854684",NA,NA,NA,NA,NA,NA,"0","231094",NA,"816271","41052",NA,"48045","45893",NA,NA,NA,NA,NA,"951261",NA,NA,NA,NA,NA,NA,NA,NA,NA,NA,"0","15710",NA,NA,"8397",NA,NA,NA,NA,NA,NA,"24107","243335","58156",NA,NA,"367",NA,"396890",NA,NA,"56639","755387",NA,"125532","33390",NA,"82113","36680","277715",NA,NA,NA,"277715"
"428","480102","2025","CARMEL CSD","PUTNAM",NA,"335637","442972",NA,"25070291","6102396","2819456","19969",NA,"86080",NA,NA,NA,NA,"360836",NA,NA,"360836","7902576","4450552",NA,"21549",NA,"400709","2213906",NA,"4223913","19230583","789214",NA,NA,NA,NA,NA,"789214","589596",NA,NA,NA,NA,NA,"589596","2716955","311201",NA,"122240","63222","13475","3227093","437521","17378","771106","120588",NA,"97760","475",NA,NA,NA,NA,NA,"989929",NA,NA,NA,NA,NA,NA,NA,NA,NA,NA,"0",NA,NA,NA,"19454",NA,NA,NA,NA,NA,NA,"19454","328898",NA,NA,NA,NA,"35654","603111",NA,"166912","83760","1218335",NA,"173195",NA,NA,NA,NA,"173195",NA,NA,NA,"173195"
"429","480401","2025","HALDANE CSD","PUTNAM",NA,"919134","59504",NA,"2981141","345699","462758",NA,NA,"2872",NA,NA,NA,NA,"32869",NA,NA,"32869","2470444","105684","3162","57405","15032","682873",NA,NA,"106532","3441132",NA,NA,NA,NA,NA,NA,"0","246928",NA,NA,NA,NA,NA,"246928",NA,NA,NA,NA,NA,NA,"0","29048",NA,"120544","58166",NA,"34395","6965",NA,NA,NA,NA,NA,"220070",NA,NA,NA,NA,NA,NA,NA,NA,NA,NA,"0",NA,NA,NA,NA,NA,NA,NA,NA,NA,NA,"0","14768","3052",NA,"85954",NA,NA,NA,NA,"7000",NA,"110774",NA,"15663",NA,"15614",NA,"3190","34467",NA,NA,NA,"34467"
"430","480404","2025","GARRISON UFSD","PUTNAM",NA,NA,"34100",NA,"631081","191649","237096",NA,NA,NA,NA,NA,NA,NA,"87136",NA,NA,"87136","657338","44136","3504","119281","11793","641306",NA,NA,"1640","1478998","27313",NA,NA,NA,NA,NA,"27313","20582",NA,NA,NA,NA,NA,"20582",NA,NA,NA,NA,NA,NA,"0","4373",NA,"57614",NA,NA,"2209",NA,NA,NA,NA,NA,NA,"59823",NA,NA,NA,NA,NA,NA,NA,NA,NA,NA,"0",NA,NA,NA,NA,NA,NA,NA,NA,NA,NA,"0","10623",NA,NA,NA,NA,NA,"5514",NA,NA,NA,"16137",NA,"5725",NA,NA,NA,NA,"5725",NA,NA,NA,"5725"
"431","480503","2025","PUTNAM VALLEY CSD","PUTNAM",NA,"384556","255576",NA,"10418999","2137554","1621880",NA,NA,NA,NA,NA,NA,NA,"44387",NA,NA,"44387","3036099","1421930",NA,"20671","33583","901442",NA,NA,"1451770","6865495","447478",NA,NA,NA,NA,NA,"447478",NA,NA,NA,NA,NA,NA,"0","1196960","81624",NA,"10142","15919","5000","1309645","113240",NA,"24968","108532",NA,"103782","4254",NA,NA,NA,NA,NA,"241536",NA,NA,NA,NA,NA,NA,NA,NA,NA,NA,"0",NA,NA,NA,NA,NA,NA,NA,NA,NA,NA,"0","72866","99766",NA,NA,NA,"119876",NA,NA,"52015","59432","403955",NA,"59601",NA,"102646",NA,NA,"162247",NA,NA,NA,"162247"
"432","480601","2025","BREWSTER CSD","PUTNAM",NA,"16890","277092",NA,"20459318","3901679","2823716","21410",NA,NA,NA,NA,NA,NA,"174946",NA,NA,"174946","7354783","1657218",NA,"74211","38218","180217","2439194",NA,"2511045","14254886","528521",NA,NA,NA,NA,NA,"528521","426972",NA,NA,NA,NA,NA,"426972",NA,NA,NA,NA,NA,NA,"0","564013",NA,"422434","248771",NA,"221119",NA,NA,NA,NA,"43060",NA,"935384",NA,NA,NA,NA,NA,NA,NA,NA,NA,NA,"0",NA,NA,NA,NA,NA,NA,NA,NA,NA,NA,"0","257027","32133",NA,NA,"7425",NA,"339986",NA,"85905","159204","881680",NA,"125826","26556","1646","60063","69343","283434",NA,NA,NA,"283434"
"433","490101","2025","BERLIN CSD","RENSSELAER",NA,NA,"170905",NA,"8503840","2272823","590507",NA,NA,"94382",NA,NA,NA,NA,"198342",NA,NA,"198342","1894419","53758",NA,"88474","8358","10124","249563",NA,"1089858","3394554","94911",NA,NA,NA,NA,NA,"94911",NA,NA,NA,NA,NA,NA,"0",NA,NA,NA,NA,NA,NA,"0","47964",NA,"187518","2427",NA,"40278","17703",NA,NA,NA,NA,NA,"247926",NA,NA,NA,NA,NA,NA,NA,NA,NA,NA,"0",NA,NA,NA,NA,NA,NA,NA,NA,NA,NA,"0","51810","4760",NA,"2099",NA,NA,"37906",NA,"69329","12790","178694",NA,"50000",NA,NA,NA,"11119","61119",NA,NA,NA,"61119"
"434","490202","2025","BRUNSWICK CSD (BRITTONKILL)","RENSSELAER",NA,"444966","99324",NA,"6777832","1593264","1019830",NA,NA,"91761",NA,NA,NA,NA,"52392",NA,NA,"52392","1865975","141187",NA,"78883","13055","167421","461236",NA,"458011","3185768","212647",NA,NA,NA,NA,NA,"212647","49743",NA,NA,NA,NA,NA,"49743",NA,NA,NA,NA,NA,NA,"0","45819",NA,"256964","38517",NA,"137227","5456",NA,NA,NA,NA,"75589","513753",NA,NA,NA,NA,NA,NA,NA,NA,NA,NA,"0",NA,NA,NA,NA,NA,NA,NA,NA,NA,NA,"0",NA,NA,NA,NA,NA,NA,NA,NA,NA,NA,"0",NA,"21526",NA,NA,"36531",NA,"58057",NA,NA,NA,"58057"
"435","490301","2025","EAST GREENBUSH CSD","RENSSELAER","0","298548","386276","0","20071016","6833970","2219716","0","0","424512","0","0","0","0","184975","0","0","184975","8057358","19637","20376","171936","19319","1121012","1387","1382","2029762","11442169","806453","0","0","0","441","0","806894","915256","0","0","47350","0","13965","976571","0","0","0","0","0","0","0","199619","0","843279","0","0","186487","9440","0","0","0","0","0","1039206","0","0","0","0","0","0","0","0","0","0","0","0","0","0","0","0","0","0","0","0","0","0","280801","18123","0","540","1269","0","245824","0","109328","52947","708832","0","131054","0","71720","0","86619","289393","0","0","0","289393"
"436","490501","2025","HOOSICK FALLS CSD","RENSSELAER",NA,"6378","11496",NA,"12765012","2029317","69491","281452",NA,"25895",NA,NA,NA,NA,"64324",NA,NA,"64324","1723366","397877",NA,"128334","9178",NA,"199108",NA,"378530","2836393","157637",NA,NA,NA,"55",NA,"157692","80758",NA,NA,"9421",NA,NA,"90179",NA,NA,NA,NA,NA,NA,"0","17689",NA,"264472",NA,NA,"21554","2510",NA,NA,NA,NA,"91093","379629","4800","3025",NA,"6180","61",NA,NA,NA,NA,"4852","18918",NA,NA,NA,NA,NA,NA,NA,NA,NA,NA,"0","30336","22591",NA,"6978","42",NA,"9743",NA,"14173","10529","94392",NA,"29576",NA,NA,NA,"6701","36277",NA,NA,NA,"36277"
"437","490601","2025","LANSINGBURGH CSD","RENSSELAER",NA,NA,"258564",NA,"31129806","4964215","1975131",NA,NA,"511084",NA,NA,NA,NA,"78954",NA,NA,"78954","6276929","747951",NA,"127858","17815","1798893",NA,NA,"1166319","10267244","463722",NA,NA,NA,"344",NA,"464066","359555",NA,NA,NA,"200",NA,"359755",NA,NA,NA,NA,NA,NA,"0","139846","131479","556547","53048",NA,"102321","14110",NA,NA,NA,NA,NA,"726026",NA,NA,NA,NA,NA,NA,NA,NA,NA,NA,"0",NA,NA,NA,NA,NA,NA,NA,NA,NA,NA,"0","67569","5385",NA,"0",NA,NA,"253453",NA,"58544",NA,"384951",NA,NA,NA,NA,NA,NA,"0","245024",NA,NA,"245024"
"438","490801","2025","NORTH GREENBUSH COMN SD (WILLI","RENSSELAER","19558","173284","8443","19558",NA,NA,"14108",NA,NA,NA,NA,NA,NA,NA,"17039",NA,NA,"17039","111391","18800",NA,"16102","2034","191140",NA,NA,NA,"339467","12200",NA,NA,"1207",NA,NA,"13407",NA,NA,NA,NA,NA,NA,"0",NA,NA,NA,NA,NA,NA,"0",NA,NA,"65332",NA,NA,NA,NA,NA,NA,NA,NA,"35149","100481",NA,NA,NA,NA,NA,NA,NA,NA,NA,NA,"0",NA,NA,NA,NA,NA,NA,NA,NA,NA,NA,"0",NA,NA,NA,NA,NA,NA,NA,NA,NA,NA,"0",NA,NA,NA,NA,NA,NA,"0",NA,NA,NA,"0"
"439","490804","2025","WYNANTSKILL UFSD","RENSSELAER",NA,"526419","34687",NA,"1572308","719913","285949",NA,NA,NA,NA,NA,NA,NA,"19534",NA,NA,"19534","224001","194961",NA,"49725","1956","622649",NA,NA,"81377","1174669","81561",NA,NA,NA,"1589",NA,"83150","67746",NA,NA,NA,NA,NA,"67746",NA,NA,NA,NA,NA,NA,"0","6580",NA,"33110","27865",NA,"54468","3472",NA,NA,NA,NA,"9178","128093",NA,NA,NA,NA,NA,NA,NA,NA,NA,NA,"0",NA,NA,NA,NA,NA,NA,NA,NA,NA,NA,"0",NA,NA,NA,NA,NA,"19721",NA,NA,NA,NA,"19721",NA,"3289",NA,NA,"8092","1795","13176",NA,NA,NA,"13176"
"440","491200","2025","RENSSELAER CITY SD","RENSSELAER","0","0","577631","0","10863351","3314362","899759","0","0","164887","0","0","0","0","22293","0","0","22293","1285421","524836","0","198535","970","934503","0","14366","2672977","5631608","100833","0","0","0","0","0","100833","0","0","0","0","0","0","0","223897","134359","0","4904","2806","0","365966","66559","0","181644","44464","0","74564","0","0","0","0","0","93957","394629","0","0","0","0","0","0","0","0","0","0","0","0","0","0","0","0","0","0","0","0","0","0","32311","65118","0","4350","134","116306","0","0","127028","42097","387344","0","63559","0","25944","38916","11376","139795","0","0","0","139795"
"441","491302","2025","AVERILL PARK CSD","RENSSELAER",NA,"1321575","218812",NA,"11515306","6091013","1645465","6243",NA,"144313",NA,NA,NA,NA,"94050",NA,NA,"94050","4207287","1650958",NA,"49875","7732","89021","722552",NA,"1328279","8055704","372550",NA,NA,NA,NA,NA,"372550","114009",NA,NA,NA,NA,"12869","126878",NA,NA,NA,NA,NA,NA,"0","104438",NA,"541712","128503",NA,"85342","15316",NA,NA,NA,NA,"608","771481",NA,NA,NA,NA,NA,NA,NA,NA,NA,NA,"0",NA,NA,NA,NA,NA,NA,NA,NA,NA,NA,"0","50750","63905",NA,"8245","371",NA,"154034",NA,"54664","23486","355455",NA,"65121",NA,NA,"16053","14852","96026",NA,NA,NA,"96026"
"442","491401","2025","HOOSIC VALLEY CSD","RENSSELAER",NA,"177579","108574",NA,"6867863","2212065","1094162",NA,NA,"61182",NA,NA,NA,NA,"57538",NA,NA,"57538","1689336","396951","766","198036","7144","110898","346792",NA,"716861","3513462","4620",NA,NA,NA,"3748",NA,"8368","63521",NA,NA,"9421","352",NA,"73294",NA,NA,NA,"108810",NA,NA,"108810","34358","46678","141916","46777",NA,"18462",NA,NA,NA,NA,NA,"25544","232699",NA,NA,NA,NA,NA,NA,NA,NA,NA,NA,"0",NA,NA,NA,"7952",NA,NA,NA,NA,NA,NA,"7952",NA,NA,NA,NA,NA,NA,"65336",NA,"22924",NA,"88260",NA,"41658",NA,"34614",NA,"9442","85714",NA,NA,NA,"85714"
"443","491501","2025","SCHODACK CSD","RENSSELAER",NA,"97613","128235",NA,"5956315","2015296","764446","2000",NA,"14315",NA,NA,NA,NA,"48212",NA,NA,"48212","1758664","208074",NA,"6593","5574","3648","398460",NA,"810131","3191144",NA,NA,NA,NA,NA,NA,"0","181476",NA,NA,NA,"1856",NA,"183332",NA,NA,NA,NA,NA,NA,"0","44731",NA,"183847","36492",NA,"32810","23369",NA,NA,NA,NA,NA,"276518",NA,NA,NA,NA,NA,NA,NA,NA,NA,NA,"0",NA,NA,NA,NA,NA,NA,NA,NA,NA,NA,"0","39067","6433",NA,NA,NA,"106678",NA,NA,NA,"8143","160321",NA,"35804",NA,"25368",NA,"8539","69711",NA,NA,NA,"69711"
"444","491700","2025","TROY CITY SD","RENSSELAER","133309","331630","663121","133309","51860533","15435387","4593487","0","0","157592","0","0","0","0","167022","0","0","167022","7428345","710691","0","745430","22756","128508","3295160","0","4857668","17610710","694613","0","0","0","0","0","694613","587782","0","0","0","0","0","587782","0","0","0","0","0","0","0","236144","422152","848018","19555","0","382473","31512",NA,"0","0",NA,"331225","1612783","0","0","0","0","0","0","0","0","0","0","0","0","0","0","0","0","0","0","0","0","0","0","116703","0","0","0","0","518646","0","0","257896","3000","896245","0","0","0","278558","0","0","278558","0","0","0","278558"
"445","500101","2025","CLARKSTOWN CSD","ROCKLAND","0","1527922","976674","0","38043995","6933731","3019114","0","253862","0","0","0","0","0","1278739","0","0","1278739","22098829","1311411","0","292356","51279","131481","1685975","0","11376448","36947779","3819179","1647870","0","40230","26614","0","5533893","0","0","0","0","0","0","0","711261","89280","0","0","0","0","800541","561711","0","914453","381863",NA,"556470","95875","0","801843","0","19023","0","2769527","0","0","0","0","0","0",NA,"0","0","0","0","261424","144665",NA,"48035","32604","0","0","0","0","0","486728","1174943","68225",NA,"37578","3849",NA,"501861","1094","454741","0","2242291","0","440036","0","0","0","0","440036","0","0","9288","449324"
"446","500108","2025","NANUET UFSD","ROCKLAND","0","225865","915740","0","15243099","1455844","2148001","0","0","60362","0","0","67960","0","31920","0","0","99880","4582958","420573","0","45634","26120","182422","3038","0","3863616","9124361","782858","0","0","0","0","0","782858","187545","0","0","179107","0","0","366652","0","0","0","0","0","0","0","45293","0","209929","0","0","49478","16516","0","0","0","38503","0","314426","0","0","0","0","0","0","0","0","0","0","0","10020","0","0","8722","0","0","0","0","0","0","18742","639","0","0","0","0","0","0","0","149984","0","150623","0","0","0","0","0","0","0","0","0","77298","77298"
"447","500201","2025","HAVERSTRAW-STONY POINT CSD (NO","ROCKLAND",NA,"443943","1798162",NA,"79781805","14253824","4812158",NA,NA,"223087",NA,NA,NA,NA,"356393",NA,NA,"356393","15693390","4142923","34991","472042","181511","373942","845629",NA,"13277813","35022241","2018313",NA,NA,"2415","7172",NA,"2027900","1326774","151593",NA,"2128","4304","78294","1563093",NA,NA,NA,NA,NA,NA,"0","313845",NA,"1251176","86364",NA,"497907","282369",NA,NA,NA,NA,"199364","2317180",NA,NA,NA,NA,NA,NA,NA,NA,NA,NA,"0",NA,NA,NA,NA,NA,NA,NA,NA,NA,NA,"0","303430","48850",NA,"13086","3627",NA,"120646",NA,"539204","105401","1134244",NA,NA,NA,NA,NA,NA,"0","339934",NA,"95049","434983"
"448","500301","2025","SOUTH ORANGETOWN CSD","ROCKLAND",NA,"70130","1124431",NA,"9988780","2527750","2673332",NA,NA,"78883",NA,NA,NA,NA,"165386",NA,NA,"165386","7607675","803370",NA,"111275","29957","178638","846702","9806","6231204","15818627","911896",NA,NA,NA,NA,NA,"911896","400672",NA,NA,NA,NA,NA,"400672",NA,NA,NA,NA,NA,NA,"0","108344",NA,"559462","56028",NA,"40276","1846",NA,NA,NA,"3275","137360","798247",NA,NA,NA,NA,NA,NA,NA,NA,NA,NA,"0","23972",NA,NA,"13169",NA,NA,NA,NA,NA,"1790","38931",NA,NA,NA,NA,NA,NA,"120487",NA,"230035",NA,"350522",NA,NA,NA,NA,NA,NA,"0",NA,NA,"174564","174564"
"449","500304","2025","NYACK UFSD","ROCKLAND","0","0","788281","0","13429501","2364448","2229223","0","113859","114932","0","0","0","0","260753","0","0","260753","6642170","158932","265","2109650","43650","642660","0","3189","5894761","15495277","0","0","0","0","0","0","0","586702","0","0","210","0","0","586912","0","0","0","0","0","91084","91084","161096","0","688004","9145","0","113884","0","0","0","0","0","46420","857453","0","0","0","0","0","0","0","0","0","0","0","0","0","0","0","0","0","0","0","0","0","0","43915","0","0","0","0","259597","0","0","276010","0","579522","0","0","0","0","0","0","0","0","0","225957","225957"
"450","500308","2025","PEARL RIVER UFSD","ROCKLAND","0","0","781822","0","11036045","2031308","1859376","222641","0","38706","0","0","0","0","92383","0","0","92383","4096489","332857","0","226925","5756","991565","1199073","0","6156900","13009565","612994","0","0","0","0","0","612994","366719","0","0","0","0","0","366719","0","0","0","0","0","0","0","137622","0","419382","33718","0","159294","10762","0","0","0","43800","0","666956","0","0","0","0","0","0","0","0","0","0","0","0","0","0","0","0","0","0","0","0","0","0","0","0","0","0","0","44789","220035","0","237622","0","502446","0","0","0","0","0","0","0","94652","0","91011","185663"
"451","500401","2025","SUFFERN CSD","ROCKLAND","0","191932",NA,"0","24700509","3148908","3528466",NA,"0","235552","0","0","0","0","188928","0","0","188928","7762525","2819744","8357","282233","25256","2609144","0","0","9223130","22730389","1560553","0","0","0","13638","0","1574191","481332","88270","0","0","0","0","569602","0","0","0","0","0","0","0","189105","0","640491","61622","0","167295","9372","0","0","0","32630","213634","1125044","0","0","0","0","0","0","0","0","0","0","0","0","0","0","0","0","0","0","0","0","0","0","0","0","0","0","0","696359","0","0","0","0","696359","0","0","0","249167","0","0","249167","0","0","0","249167"
"452","500402","2025","EAST RAMAPO CSD (SPRING VALLEY","ROCKLAND",NA,NA,"1242802",NA,"114401268","11465265","3586111","2337291",NA,"507102",NA,"14657",NA,NA,"916004",NA,NA,"916004","23262085","4662746",NA,"894590","70108","2152815","1632293",NA,"9499334","42173971","2681688",NA,NA,NA,NA,NA,"2681688","773835","2686",NA,NA,NA,NA,"776521","4543073",NA,NA,"24048","10199",NA,"4577320","1649015",NA,"4804026","206393",NA,"864281","75207",NA,NA,NA,"90011","1374675","7414593",NA,NA,NA,NA,NA,NA,NA,NA,NA,NA,"0",NA,NA,NA,NA,NA,NA,NA,NA,NA,NA,"0","1129185","410734",NA,"4577","394128","44529","341175",NA,"444334",NA,"2768662",NA,NA,NA,NA,NA,NA,"0","644416",NA,NA,"644416"
"453","510101","2025","BRASHER FALLS CSD","ST.LAWRENCE","0","200630","244893","0","16270680","1566778","2131126","0","0","7449","0","0","0","0","18375","0","0","18375","1127855","802193","0","3888","7065","110071","0","0","1214060","3265132","76156","0","0","125","3277","0","79558","0","0","0","0","0","0","0","0","0","0","0","0","0","0","29238","0","182748","23056","0","0","0","0","0","0","0","48185","253989","0","0","0","0","0","0","0","0","0","0","0","0","0","0","0","0","0","0","0","0","0","0","0","0","0","0","0","0","0","0","32146","0","32146","0","6529","0","2030","0","3217","11776","0","0","0","11776"
"454","510201","2025","CANTON CSD","ST.LAWRENCE","0","42383","392494","0","14281083","3467604","1824524","72376","0","23741","0","0","0","0","2712","0","0","2712","2141653","233911","0","22882","9108","0","105935","0","2002905","4516394","219749","22999","0","0","0","0","242748","0","0","0","0","0","0","0","0","0","0","0","0","0","0","17305","0","269992","0","0","5881","0","0","0","0","0","122084","397957","0","0","0","0","0","0","0","0","0","0","0","0","0","0","0","0","0","0","0","0","0","0","0",NA,"0","0",NA,"0","0","0","64292",NA,"64292","0","15864","0","0","3007","3781","22652","0","0","0","22652"
"455","510401","2025","CLIFTON-FINE CSD","ST.LAWRENCE","0","0","84126","0","4435352","526922","351919","0","0","0","0","0","0","0","19037","0","22860","41897","612071","11016","0","18966","2412","19046","0","0","243691","907202","96975","0","0","2340","952","108800","209067","0","0","0","0","0","0","0","0","0","0","0","0","0","0","8023","0","84914","0","0","0","810","0","0","0","0","0","85724","0","0","0","0","0","0","0","0","0","0","0","0","0","0","0","0","0","0","0","0","0","0","0","0","0",NA,"0","0","0","0","10715","0","10715","0","0","0","3152","0","0","3152","0","0","0","3152"
"456","510501","2025","COLTON-PIERREPONT CSD","ST.LAWRENCE","0","0","157817","0","3083865","0","519077","0","0","20708","0","0","0","0","1182","0","0","1182","718401","23252","0","9832","4373","0","0","0","773841","1529699","50452","0","0","0","810","0","51262","0","0","0","0","0","0","0","0","0","0","0","0","0","0","22775","0","70973","0","0","0","0","0","0","0","0","40517","111490","0","0","0","0","0","0","0","0","0","0","0","0","0","0","0","0","0","0","0","0","0","0","11915","4110","0","0","0","0","0","0","16787","0","32812","0","32839","0","0","0","0","32839","0","0","0","32839"
"457","511101","2025","GOUVERNEUR CSD","ST.LAWRENCE",NA,"190602","323591",NA,"20830605","4408819","3276828",NA,NA,"23840",NA,NA,NA,NA,"39239",NA,NA,"39239","1934375","1250505","189","421085","21076","128356","157824",NA,"1302533","5215943","52599",NA,NA,"2975","2105",NA,"57679","167270",NA,NA,"2534","3160",NA,"172964",NA,NA,NA,NA,NA,NA,"0",NA,NA,"490058","13534",NA,NA,NA,NA,NA,NA,NA,NA,"503592",NA,NA,NA,NA,NA,NA,NA,NA,NA,NA,"0","100727","109863",NA,"108526",NA,NA,NA,NA,NA,"111752","430868",NA,NA,NA,"6475",NA,NA,NA,NA,"50640",NA,"57115",NA,NA,NA,NA,NA,NA,"0","7145",NA,NA,"7145"
"458","511201","2025","HAMMOND CSD","ST.LAWRENCE","0","0","114225","0","2945169","501548","375541","0","0","0","0","0","0","0","4433","0","0","4433","183562","149800","0","358602","1092","0","0","0","327777","1020833","0","0","0","0","0","0","0","0","0","0","0","0","0","0","0","0","0","0","0","0","0","3580","0","0","73377","0","338","0","0","0","0","0","0","73715","0","0","0","0","0","0","0","0","0","0","0","0","0","0","0","0","0","0","0","0","0","0","0","0","0","0","0","0","0","0","17898","0","17898","0","0","0","0","0","0","0","0","0","0","0"
"459","511301","2025","HERMON-DEKALB CSD","ST.LAWRENCE",NA,NA,"196739",NA,"6901302","1082037","895493",NA,NA,"420",NA,NA,NA,NA,"10301",NA,"22860","33161","265997","60365",NA,NA,"2145","181773",NA,NA,"831235","1341515","48521",NA,NA,NA,"353",NA,"48874",NA,NA,NA,NA,NA,NA,"0",NA,NA,NA,NA,NA,NA,"0","5476",NA,"123275",NA,NA,NA,"13197",NA,NA,NA,NA,NA,"136472",NA,NA,NA,NA,NA,NA,NA,NA,NA,NA,"0",NA,NA,NA,NA,NA,NA,NA,NA,NA,NA,"0",NA,NA,NA,NA,NA,NA,NA,NA,"27381",NA,"27381",NA,NA,NA,NA,NA,NA,"0",NA,NA,NA,"0"
"460","511602","2025","LISBON CSD","ST.LAWRENCE","0","0","235837","0","8064497","1361975","1405707","150743","0","0","0","0","0","0","6850","0","0","6850","729492","0","0","269601","1941","0","0","0","1005534","2006568","29912","60325","0","480","577","0","91294","0","0","0","0","0","0","0","0","0","0","0","0","0","0","10943","0","142383","0","0","0","0","0","0","0","0","34940","177323","3646","0","0","0","0","0","0","0","0","0","3646","0","0","0","0","0","0","0","0","0","0","0","0","0","0","12810","0","0","0","0","21431","0","34241","0","11785","0","6028","0","2551","20364","0","0","0","20364"
"461","511901","2025","MADRID-WADDINGTON CSD","ST.LAWRENCE",NA,"105159","176004",NA,"8351815","1290753","1414817",NA,NA,"28524",NA,NA,NA,NA,"9731",NA,NA,"9731","783146","31546",NA,"72047","8235","240200","100936",NA,"934163","2170273","67709",NA,NA,"410","2486",NA,"70605",NA,NA,NA,NA,NA,NA,"0",NA,NA,NA,NA,NA,NA,"0","10460",NA,"137811","3266",NA,"2565",NA,NA,NA,NA,NA,"51340","194982",NA,NA,NA,NA,NA,NA,NA,NA,NA,NA,"0",NA,NA,NA,NA,NA,NA,NA,NA,NA,NA,"0",NA,NA,NA,NA,NA,NA,NA,NA,"33181",NA,"33181",NA,"6424",NA,"2586","3498","1857","14365",NA,NA,NA,"14365"
"462","512001","2025","MASSENA CSD","ST.LAWRENCE",NA,NA,"657415",NA,"30906018","4569158","4263076",NA,NA,"204499",NA,NA,NA,NA,"34399",NA,"28233","62632","3412314","2432542","1176","209534","58235","336908",NA,NA,"3253378","9704087","219903",NA,NA,NA,NA,NA,"219903",NA,NA,NA,NA,NA,NA,"0",NA,NA,NA,NA,NA,NA,"0","5845",NA,"470604","80139",NA,"8744","38999",NA,NA,NA,NA,"214756","813242",NA,NA,NA,NA,NA,NA,NA,NA,NA,NA,"0",NA,NA,NA,NA,NA,NA,NA,NA,NA,NA,"0",NA,NA,NA,NA,NA,NA,"36646",NA,NA,NA,"36646",NA,"19448",NA,NA,NA,"5623","25071",NA,NA,NA,"25071"
"463","512101","2025","MORRISTOWN CSD","ST.LAWRENCE","0","0","0","0","4317177","769127","787320","0","0","0","0","0","0","0","8310","0","22860","31170","246111","104404","0","79437","3314","76710","0","0","648678","1158654","68146","0","0","0","0","81600","149746","0","0","0","0","0","0","0","0","0","0","0","0","0","0","6429","0","59447","1891","0","0","0","0","0","0","32146","34638","128122","0","0","0","0","0","0","0","0","0","0","0","0","0","0","0","0","0","0","0","0","0","0","0","0","0","0","0","0","0","0","0","0","0","0","0","0","0","0","0","0","0","0","0","0"
"464","512201","2025","NORWOOD-NORFOLK CSD","ST.LAWRENCE","0","184163","396914","0","13666122","2756658","1960650","65138","0","14105","0","28662","0","0","2903","0","0","2903","1173440","647164","464","84838","20011","17911","0","8677","2002155","3954660","4332","0","0","130","1600","0","6062","1992","0","0","619","0","0","2611","0","0","0","0","0","0","0","25885","0","248900","46082","0","16409","0","0","0","0","0","5233","316624","0","0","0","0","0","0","0","0","0","0","0","0","0","0","0","0","0","0","0","0","0","0","0","0","0","0","0","0","0","0","64292","0","64292","0","5636","0","660","0","2694","8990","0","0","0","8990"
"465","512300","2025","OGDENSBURG CITY SD","ST.LAWRENCE","0","1198664","588860","0","20785269","4806731","3741321","0","0","8639","0","0","0","0","43303","0","0","43303","2229068","1813699","0","343405","34628","192790","0","0","3259446","7873036","376070","0","0","5318","2024","163200","546612","0","0","0","0","0","0","0","0","0","0","0","0","0","0","27636","0","337143","46218","0","78434","0","0","0","0","0","61099","522894","0","0","0","0","0","0","0","0","0","0","0","0","0","0","0","0","0","0","0","0","0","0","43986","25137","0","0","0","0","0","0","0","9819","78942","0","0","0","0","0","0","0","0","59236","0","59236"
"466","512404","2025","HEUVELTON CSD","ST.LAWRENCE","0","105667","381796","0","8075864","1741557","1417215","0","0","0","0","0","0","0","7033","0","0","7033","437137","324808","0","255644","2133","0","0","0","2723116","3742838","168228","0","0","1555","874","0","170657","0","0","0","0","0","0","0","0","0","0","0","0","0","0","22026","0","160460","2852","0","0","0","0","0","0","0","36705","200017","0","0","0","0","0","0","0","0","0","0","0","0","0","0","0","0","0","0","0","0","0","0","0","0","0","0","0","0","0","0","70016","0","70016","0","4639","0","10238","0","3213","18090","0","0","0","18090"
"467","512501","2025","PARISHVILLE-HOPKINTON CSD","ST.LAWRENCE","0","0","184442","0","4810252","829285","771631","0","0","0","0","0","0","0","7138","0","0","7138","315139","29629","0","112161","1866","51970","0","0","937287","1448052","158","71389","0","0","1643","0","73190","0","0","0","0","0","0","0","0","0","0","0","0","0","0","35951","0","84925","0","0","0","0","0","0","0","0","55683","140608","0","0","0","0","0","0","0","0","0","0","0","0","0","0","0","0","0","0","0","0","0","0","0",NA,"0",NA,"0","0","0","0","39238",NA,"39238","0","12754","0","24494","0","9365","46613","0","0","0","46613"
"468","512902","2025","POTSDAM CSD","ST.LAWRENCE",NA,NA,"516689",NA,"12825702","3540111","1969946",NA,NA,"75670",NA,NA,NA,NA,"24864",NA,NA,"24864","1639233","275026",NA,"41560","12280","148817","261957",NA,"2955247","5334120","263740",NA,NA,NA,"4718",NA,"268458","84497",NA,NA,NA,"279",NA,"84776",NA,NA,NA,NA,NA,NA,"0","72153",NA,"237936","78224",NA,"11001","450",NA,NA,NA,NA,"22935","350546",NA,NA,NA,NA,NA,NA,NA,NA,NA,NA,"0","119260","98488",NA,"180128","4108",NA,NA,NA,NA,"111692","513676","21350","3967",NA,"16952","41",NA,"54023",NA,"165484","4690","266507",NA,"23142",NA,"6078","3090","4723","37033",NA,NA,NA,"37033"
"469","513102","2025","EDWARDS-KNOX CSD","ST.LAWRENCE","0","122319","156390","0","9040471","1704037","1218328","0","0","0","0","0","0","0","20805","0","0","20805","994659","47627","0","257502","3484","14770","0","0","573233","1891275","0","0","0","27294","140","0","27434","0","0","0","0","0","0","0","23523","0","0","0","0","0","23523","14747","0","172807","0","0","885","6261","0","0","0","0","0","179953","0","0","0","0","0","0","0","0","0","0","0","0","0","0","0","0","0","0","0","0","0","0","0",NA,"0","0",NA,"0","0","0","16666",NA,"16666","0","10194","0","0","1592","2329","14115","0","0","0","14115"
"470","520101","2025","BURNT HILLS-BALLSTON LAKE CSD","SARATOGA",NA,"317550","311569",NA,"18175015","5272928","2336159",NA,NA,"133834",NA,NA,NA,NA,"30286",NA,"5780","36066","6952124","89442","7883","255303","32128","142134","1374206",NA,"837177","9690397",NA,NA,NA,NA,NA,NA,"0","604798","93308",NA,NA,NA,NA,"698106",NA,NA,NA,NA,NA,NA,"0","203024",NA,"318519","25983",NA,"10950","71437",NA,NA,NA,NA,NA,"426889",NA,NA,NA,NA,NA,NA,NA,NA,NA,NA,"0",NA,NA,NA,NA,NA,NA,NA,NA,NA,NA,"0","133075","97745",NA,"1160","411",NA,"305819",NA,"26703",NA,"564913",NA,"109133",NA,NA,NA,NA,"109133",NA,NA,NA,"109133"
"471","520302","2025","SHENENDEHOWA CSD","SARATOGA","0","135532","190500","0","37687008","8674200","3476239","0","0","993477","0","0","0","0","452165","0","0","452165","8557324","4607353","0","1150249","52222","0","2875604","0","1191818","18434570","1200579","40281","0","0","1815","0","1242675","179516","0","0","0","0","0","179516","0","0","0","507600","0","53084","560684","330695","0","1772851","247341","0","288293","80055","0","0","0","0","0","2388540","0","0","0","0","0","0","0","0","0","0","0","0","0","0","0","0","0","0","0","0","0","0","318548","286950","0","49320","964","0","554455","0","43020","110664","1363921","0","232234","0","0","13546","43776","289556","0","0","0","289556"
"472","520401","2025","CORINTH CSD","SARATOGA",NA,"29836","147945",NA,"9789482","2297295","893724",NA,NA,"10744",NA,NA,NA,NA,"32744",NA,"33920","66664","1592912","101713",NA,"422840","4350","70125","522452",NA,"71852","2786244","6324",NA,NA,NA,NA,NA,"6324","102070",NA,NA,NA,NA,NA,"102070",NA,NA,NA,NA,NA,NA,"0",NA,NA,"290795",NA,NA,"57255","9316",NA,NA,NA,NA,"76431","433797",NA,NA,NA,NA,NA,NA,NA,NA,NA,NA,"0",NA,"4547",NA,"7308","147",NA,NA,NA,NA,"4130","16132","29357","20362",NA,"1122","79",NA,"195643",NA,"6687","8898","262148",NA,"4805",NA,NA,NA,"911","5716","37490",NA,NA,"43206"
"473","520601","2025","EDINBURG COMMON SD","SARATOGA",NA,NA,"78066",NA,"646023","149648","46423",NA,NA,"11278",NA,NA,NA,NA,"17077",NA,NA,"17077","39086","16268",NA,"28929","6080","145604",NA,NA,"189614","425581",NA,NA,NA,"2600",NA,NA,"2600",NA,NA,NA,NA,NA,NA,"0",NA,NA,NA,NA,NA,NA,"0",NA,NA,NA,NA,NA,NA,NA,NA,NA,NA,NA,NA,"0",NA,NA,NA,NA,"2522",NA,NA,NA,NA,NA,"2522",NA,NA,NA,NA,NA,NA,NA,NA,NA,NA,"0",NA,NA,NA,NA,NA,NA,NA,NA,NA,NA,"0",NA,NA,NA,NA,NA,NA,"0",NA,NA,NA,"0"
"474","520701","2025","GALWAY CSD","SARATOGA",NA,NA,"199945",NA,"7912557","1342853","1018912",NA,NA,"58897",NA,NA,NA,NA,"34051",NA,NA,"34051","943187","187431",NA,"257967","9441",NA,"500000",NA,"549233","2447259","135235",NA,NA,NA,"608",NA,"135843","78464",NA,NA,NA,"158","42525","121147",NA,NA,NA,NA,NA,NA,"0","106332",NA,"208557",NA,NA,"23736","225",NA,NA,NA,NA,"6427","238945","158705","96773",NA,"7890",NA,NA,NA,NA,NA,"5880","269248",NA,NA,NA,NA,NA,NA,NA,NA,NA,NA,"0","8966","3224",NA,"6621",NA,NA,"72770",NA,"34756","3572","129909",NA,"25664",NA,NA,"8153","7330","41147",NA,NA,NA,"41147"
"475","521200","2025","MECHANICVILLE CITY SD","SARATOGA","99850",NA,"252327","99850","10691668","2656583","1316202",NA,NA,"148246",NA,NA,NA,NA,"47741",NA,NA,"47741","1856586","521444",NA,"276466","13561","259629","712332",NA,"1315217","4955235","190008",NA,NA,"39405","363",NA,"229776","156207",NA,NA,NA,"494",NA,"156701",NA,NA,NA,NA,NA,NA,"0","54693",NA,"233829","18815",NA,"57310",NA,NA,NA,NA,NA,"86902","396856",NA,NA,NA,NA,NA,NA,NA,NA,NA,NA,"0",NA,NA,NA,NA,NA,NA,NA,NA,NA,NA,"0","10288","8562",NA,NA,NA,NA,"130859",NA,"62992",NA,"212701",NA,"40252",NA,NA,"10830","9682","60764",NA,NA,NA,"60764"
"476","521301","2025","BALLSTON SPA CSD","SARATOGA","0","501647","332279","0","21566966","6321680","2338118","0","0","574397","0","0","0","0","139132","0","0","139132","6854140","1914724","13977","801848","105854","0","1562898","27744","911716","12192901","570310","0","0","0","279","0","570589","714119","0","0","0","1198","210827","926144","0","0","0","0","0","0","0","193565","0","609185","152979","0","130421","0","0","0","0","0","184978","1077563","0","0","0","0","0","0","0","0","0","0","0","0","0","0","0","0","0","0","0","0","0","0","75675","60322","0","327976","592","0","0","0","339560","27141","831266","0","83194","0","9188","25167","19010","136559","0","0","0","136559"
"477","521401","2025","SOUTH GLENS FALLS CSD","SARATOGA",NA,NA,"576450",NA,"19597413","4578554","3001993",NA,NA,"224921",NA,NA,NA,NA,"34098",NA,NA,"34098","3375940","1414392",NA,"308389","42648","1476410",NA,NA,"1838665","8456444","335958",NA,NA,NA,"9456",NA,"345414","388094",NA,NA,NA,"1440","121550","511084",NA,NA,NA,NA,NA,NA,"0","112490",NA,"1039606",NA,NA,"71589",NA,NA,NA,NA,NA,"82141","1193336",NA,NA,NA,NA,NA,NA,NA,NA,NA,NA,"0",NA,NA,NA,NA,NA,NA,NA,NA,NA,NA,"0","60251","31672",NA,"3992","3071","294531",NA,NA,"84280","20636","498433",NA,"29663",NA,"49474",NA,"6570","85707",NA,NA,NA,"85707"
"478","521701","2025","SCHUYLERVILLE CSD","SARATOGA","0","0","190386","0","10512344","3113656","1275567","0","0","74568","0","0","0","0","34498","0","0","34498","1409960","332880","0","193485","10601","82699","0","0","598740","2628365","225307","0","0","0","0","0","225307","0","0","0","2729","0","88200","90929","0","0","0","0","0","0","0","40701","0","288340","102415","0","69451","5065","0","0","0",NA,"0","465271","0","0","0","0","0","0","0","0","0","0","0","0","0","0","0","0","0","0","0","0","0","0","29641","16397","0","80","3011","0","0","0","27747","0","76876","0","13473","0","0","0","0","13473","0","0","0","13473"
"479","521800","2025","SARATOGA SPRINGS CITY SD","SARATOGA",NA,"274649","718421",NA,"20671581","6605531","2374399","111082",NA,"618519",NA,NA,NA,NA,"235528",NA,NA,"235528","7003833","1255641","3609","304002","23248","65452","3345681",NA,"1741924","13743390","942361",NA,NA,"87","12992",NA,"955440","670396",NA,NA,"102888","2634","132382","908300","798847",NA,NA,"3245","4329",NA,"806421","277470",NA,"915041","136343",NA,"331586","38088",NA,NA,NA,NA,"477094","1898152",NA,NA,NA,NA,NA,NA,NA,NA,NA,NA,"0",NA,NA,NA,NA,NA,NA,NA,NA,NA,NA,"0","250542","41843",NA,"575","804",NA,"711312",NA,"80440","54756","1140272",NA,"114180",NA,"2150","49321","55895","221546","27680",NA,NA,"249226"
"480","522001","2025","STILLWATER CSD","SARATOGA","368572","47715","168979","368572","7239657","1490926","883238","164733",NA,"98219",NA,NA,NA,NA,"12909",NA,NA,"12909","1129741","516044",NA,"192444","17489","591943",NA,NA,"703345","3151006","121656",NA,NA,NA,NA,NA,"121656",NA,NA,NA,NA,NA,"47678","47678",NA,NA,NA,NA,NA,NA,"0","29726",NA,"293805",NA,NA,"45333",NA,NA,"82028",NA,"27130",NA,"448296",NA,NA,NA,NA,NA,NA,NA,NA,NA,NA,"0",NA,NA,NA,NA,NA,NA,NA,NA,NA,NA,"0",NA,NA,NA,NA,NA,NA,NA,NA,NA,NA,"0",NA,"19712",NA,NA,"19761",NA,"39473",NA,NA,NA,"39473"
"481","522101","2025","WATERFORD-HALFMOON UFSD","SARATOGA",NA,NA,"179454",NA,"7591088",NA,"661067",NA,NA,"129878",NA,NA,NA,NA,"26818",NA,NA,"26818","1304274","312040",NA,"56207","4246","457310",NA,NA,"1447738","3581815","63808",NA,NA,NA,"60",NA,"63868","145014",NA,NA,NA,"387","87923","233324",NA,NA,NA,NA,NA,NA,"0","39873",NA,"205364",NA,NA,"53101","7959",NA,NA,NA,NA,NA,"266424",NA,NA,NA,NA,NA,NA,NA,NA,NA,NA,"0",NA,NA,NA,NA,NA,NA,NA,NA,NA,NA,"0","15872","8136",NA,NA,NA,NA,"77551",NA,"49005",NA,"150564",NA,NA,"4503",NA,NA,NA,"4503","44300",NA,NA,"48803"
"482","530101","2025","DUANESBURG CSD","SCHENECTADY",NA,NA,"128623",NA,"5188986","1727914","787566",NA,NA,"29591",NA,NA,NA,NA,"22640",NA,NA,"22640","659114","301790",NA,"135607","2933","355017","265419",NA,"385412","2105292","11379",NA,NA,NA,"742",NA,"12121","158356",NA,NA,NA,NA,NA,"158356",NA,NA,NA,NA,NA,NA,"0","12345",NA,"174598","3820",NA,"51445",NA,NA,NA,NA,NA,NA,"229863",NA,NA,NA,NA,NA,NA,NA,NA,NA,NA,"0",NA,NA,NA,NA,NA,NA,NA,NA,NA,NA,"0",NA,NA,NA,NA,NA,"33731",NA,NA,"6754",NA,"40485",NA,"18144",NA,NA,"1215","1883","21242",NA,NA,NA,"21242"
"483","530202","2025","SCOTIA-GLENVILLE CSD","SCHENECTADY",NA,"59948","422720",NA,"12528272","5344398","1607755",NA,NA,"241810",NA,NA,NA,NA,"62662",NA,NA,"62662","4158134","700516","714","444068","24042","1159284",NA,NA,"3301348","9788106","498001",NA,NA,NA,NA,NA,"498001","564204",NA,NA,"99225",NA,NA,"663429",NA,NA,NA,NA,NA,NA,"0","262074",NA,"618010","102068",NA,"102775","9961",NA,NA,NA,"4900",NA,"837714",NA,NA,NA,NA,NA,NA,NA,NA,NA,NA,"0",NA,NA,NA,NA,NA,NA,NA,NA,NA,NA,"0","63828","4335",NA,"26003","611",NA,"195222",NA,"126753","12326","429078",NA,"44750",NA,NA,"28587","3423","76760",NA,NA,NA,"76760"
"484","530301","2025","NISKAYUNA CSD","SCHENECTADY",NA,"437917","264977",NA,"21242331","4049161","2921863","72376",NA,"155418",NA,NA,NA,NA,"175141",NA,NA,"175141","8337004","521810","4434","145746","58582","65431","1616033",NA,"1035179","11784219","798220",NA,NA,"236","16152",NA,"814608","932801",NA,NA,"5938","16268","62437","1017444",NA,NA,NA,NA,NA,NA,"0","160959",NA,"754429","47541",NA,"110344","9358",NA,NA,NA,NA,NA,"921672",NA,NA,NA,NA,NA,NA,NA,NA,NA,NA,"0",NA,NA,NA,NA,NA,NA,NA,NA,NA,NA,"0","181461","15128",NA,"4440","6132",NA,"263224",NA,"52072",NA,"522457",NA,"138674",NA,"18046","16081","9715","182516",NA,NA,NA,"182516"
"485","530501","2025","SCHALMONT CSD","SCHENECTADY","658",NA,"866464","658","9143121","3425280","451989","76269",NA,"102795",NA,NA,NA,NA,"111533",NA,NA,"111533","3844430","554512","4236","313396","32345","1041016",NA,"215230","874587","6879752","380350",NA,NA,NA,NA,NA,"380350",NA,NA,NA,NA,NA,NA,"0",NA,NA,NA,NA,NA,NA,"0","32666",NA,"426192",NA,NA,"59817",NA,NA,NA,NA,NA,"42435","528444",NA,NA,NA,NA,NA,NA,NA,NA,NA,NA,"0",NA,NA,NA,NA,NA,NA,NA,NA,NA,NA,"0","64335","2683",NA,"2188","873",NA,NA,NA,NA,NA,"70079",NA,"62000",NA,NA,NA,"31251","93251",NA,NA,NA,"93251"
"486","530515","2025","ROTTERDAM-MOHONASEN CSD","SCHENECTADY",NA,"104454","331916",NA,"22929902","3018073","2352190","65138",NA,"240335",NA,NA,NA,NA,"33629","276",NA,"33905","2853079","91342","0","96729","29473",NA,"1545251",NA,"1507420","6123294","237195",NA,NA,NA,NA,NA,"237195","337829",NA,NA,NA,NA,NA,"337829",NA,NA,NA,NA,NA,NA,"0","109834",NA,"700901","30187","0","72251","0",NA,NA,NA,NA,NA,"803339",NA,NA,NA,NA,NA,NA,NA,NA,NA,NA,"0","21814","2105",NA,"14956",NA,NA,NA,NA,NA,NA,"38875","95450","2057",NA,"1080","5534",NA,"285851",NA,"75983","33478","499433",NA,"62218",NA,NA,NA,"41669","103887",NA,NA,NA,"103887"
"487","530600","2025","SCHENECTADY CITY SD","SCHENECTADY","86096","235579","1288860","86096","147014475","22452211","12433831",NA,NA,"712277",NA,"136483",NA,NA,"198440",NA,NA,"198440","13758798","8076008","82481","737533","125557","762249","6416738",NA,"5628003","36062933","2209490",NA,NA,"136","2068",NA,"2211694","4742825",NA,"273",NA,"2948",NA,"4746046","950390","370398","1489","168629","9627",NA,"1500533","559263","475566","2283660","78630",NA,"488875",NA,NA,NA,NA,NA,"602292","3453457",NA,NA,NA,NA,NA,NA,NA,NA,NA,NA,"0",NA,NA,NA,NA,NA,NA,NA,NA,NA,NA,"0","55446","68011",NA,"2320663",NA,NA,NA,NA,NA,NA,"2444120",NA,NA,NA,NA,NA,NA,"0","454506",NA,NA,"454506"
"488","540801","2025","GILBOA-CONESVILLE CSD","SCHOHARIE",NA,NA,"186667",NA,"2556208","739048","301007",NA,NA,"3824",NA,NA,NA,NA,"29664",NA,NA,"29664","411796","114839",NA,"37537","1576","149512",NA,NA,"520617","1235877",NA,NA,NA,NA,NA,"54996","54996",NA,NA,NA,NA,NA,NA,"0",NA,NA,NA,NA,NA,NA,"0","3792",NA,"70682","16743",NA,"9022",NA,NA,NA,NA,NA,NA,"96447",NA,NA,NA,NA,NA,NA,NA,NA,NA,NA,"0",NA,NA,NA,"1170","675",NA,NA,NA,NA,NA,"1845",NA,NA,NA,NA,NA,"7022",NA,NA,NA,"1134","8156",NA,"4797",NA,NA,NA,NA,"4797",NA,NA,NA,"4797"
"489","540901","2025","JEFFERSON CSD","SCHOHARIE","0","0","225251","0","2718404","505757","391714","0","0","41251","0","0","0","0","3280","0","0","3280","136305","63386","0","62574","503","352545","70869","0","216699","902881","43511","0","0","244","4957","0","48712","0","0","0","0","0","100896","100896","0","0","0","0","0","0","0","7963","0","46800","2158","0","9761","0","0","0","0","0","0","58719","0","0","0","0","0","0","0","0","0","0","0","0","0","0","0","0","0","0","0","0","0","0","0","0","0",NA,"0","12682","0","0","8781","0","21463","0","0","0","0","0","0","0","0","28304","0","28304"
"490","541001","2025","MIDDLEBURGH CSD","SCHOHARIE",NA,"62823","128434",NA,"8329173","1969672","776628",NA,NA,"99498",NA,NA,NA,NA,"19778",NA,NA,"19778","1267939","60382","1136","69153","15153","839478","398645","7011","572239","3231136","93806",NA,NA,"100","394",NA,"94300","107634",NA,NA,"870",NA,NA,"108504",NA,NA,NA,NA,NA,NA,"0","24420",NA,"260859",NA,NA,NA,NA,NA,NA,NA,NA,"202","261061",NA,NA,NA,NA,NA,NA,NA,NA,NA,NA,"0",NA,NA,NA,NA,NA,NA,NA,NA,NA,NA,"0",NA,NA,NA,NA,NA,"25393","11310",NA,"19904",NA,"56607",NA,"20876",NA,"40655",NA,"3963","65494",NA,NA,NA,"65494"
"491","541102","2025","COBLESKILL-RICHMONDVILLE CSD","SCHOHARIE","3748","3044488","161608","3748","13440325","3725042","1230111",NA,NA,"84813",NA,NA,NA,NA,"71342",NA,"464","71806","3813860","1210444",NA,"17973","29371","178855","503325",NA,"580230","6334058","201859",NA,NA,NA,"290","17250","219399","364676",NA,NA,NA,NA,NA,"364676",NA,NA,NA,NA,NA,NA,"0","65750",NA,"477192",NA,NA,"22959",NA,NA,NA,NA,NA,NA,"500151",NA,NA,NA,NA,NA,NA,NA,NA,NA,NA,"0","19933",NA,NA,"4924",NA,NA,NA,NA,NA,NA,"24857","160611","66802",NA,"100","8729",NA,"37215",NA,"39039","58562","371058",NA,"49807",NA,NA,"4759","12606","67172",NA,NA,NA,"67172"
"492","541201","2025","SCHOHARIE CSD","SCHOHARIE",NA,"259115","248582",NA,"8281873","2918312","1236728",NA,NA,"92616",NA,NA,NA,NA,"48857",NA,NA,"48857","1245593","151899","83","127822","6781","154514","762791",NA,"919124","3368607","104052",NA,NA,"800","1228",NA,"106080","60702",NA,NA,NA,"897",NA,"61599",NA,NA,NA,NA,NA,NA,"0","57402",NA,"75599","35068","6095","91104","3099",NA,NA,NA,NA,"2869","213834",NA,NA,NA,NA,NA,NA,NA,NA,NA,NA,"0",NA,NA,NA,NA,NA,NA,NA,NA,NA,NA,"0","15020","4413",NA,"3769",NA,"8009","93574",NA,"38719",NA,"163504",NA,"49308",NA,"22287",NA,"20547","92142",NA,NA,NA,"92142"
"493","541401","2025","SHARON SPRINGS CSD","SCHOHARIE",NA,NA,"66190",NA,"4036583","984783","536004",NA,NA,"90",NA,NA,NA,NA,"9200",NA,NA,"9200","368401","43112",NA,"108856","2422","341720",NA,NA,"496593","1361104",NA,NA,NA,NA,NA,NA,"0",NA,NA,NA,NA,NA,NA,"0",NA,NA,NA,NA,NA,NA,"0","6092",NA,"84071",NA,NA,"7309",NA,NA,NA,NA,NA,NA,"91380",NA,NA,NA,NA,NA,NA,NA,NA,NA,NA,"0",NA,NA,NA,NA,NA,NA,NA,NA,NA,NA,"0",NA,NA,NA,NA,NA,NA,"6754",NA,NA,NA,"6754",NA,NA,NA,"23708",NA,NA,"23708",NA,NA,NA,"23708"
"494","550101","2025","ODESSA-MONTOUR CSD","SCHUYLER",NA,NA,"244813",NA,"10192247","1212247","1368660",NA,NA,"58343",NA,NA,NA,NA,"9512",NA,"33065","42577","880771","205683","1216","4904","2305","13964","3783",NA,"907651","2020277","63678",NA,NA,NA,NA,NA,"63678","175499",NA,NA,NA,"1428",NA,"176927",NA,NA,NA,NA,NA,NA,"0","1870",NA,"220692","7307",NA,"14862","1118",NA,NA,NA,NA,"115","244094",NA,NA,NA,NA,NA,NA,NA,NA,NA,NA,"0",NA,NA,NA,NA,NA,NA,NA,NA,NA,NA,"0",NA,NA,NA,NA,NA,NA,NA,NA,"36347",NA,"36347",NA,NA,NA,"9375",NA,NA,"9375",NA,NA,NA,"9375"
"495","550301","2025","WATKINS GLEN CSD","SCHUYLER",NA,NA,"460401",NA,"10552589","2169731","1584387",NA,NA,"33880",NA,NA,NA,NA,"12671",NA,NA,"12671","1391147","478149","0","38602","9361","0",NA,"6685","936402","2860346","129941",NA,NA,"0","3642",NA,"133583",NA,NA,NA,NA,NA,NA,"0",NA,NA,NA,NA,NA,NA,"0","166987",NA,"186928","5846",NA,"2546","0",NA,NA,NA,NA,"72827","268147",NA,NA,NA,NA,NA,NA,NA,NA,NA,NA,"0",NA,NA,NA,NA,NA,NA,NA,NA,NA,NA,"0","1858","0",NA,NA,NA,NA,NA,NA,"0","330","2188",NA,"16637",NA,NA,NA,"2864","19501",NA,NA,NA,"19501"
"496","560501","2025","SOUTH SENECA CSD","SENECA","0","179376","1642048","0","8048197","2222561","1128468","0","0","78877","0","0","0","0","34134","0","30000","64134","1207675","279319","2441","81139","11955","14963","43702","0","1498911","3140105","112076","0","0","296","1092","0","113464","123016","0","0","0","657","0","123673","0","0","0","0","0","0","0","20637",NA,"175384","73881","0","11676","4327","0","0","0","0","866","266134","0","0","0","0","0","0","0","0","0","0","0","120981","23491","0","0","0","0","0","0","0","52453","196925","0",NA,"0",NA,"0","0","0","0","58320",NA,"58320","0","0","12859","5632","0","2744","21235","0","0","0","21235"
"497","560603","2025","ROMULUS CSD","SENECA",NA,NA,"69898",NA,"4481017","783561","342718",NA,NA,"25003",NA,NA,NA,NA,"17524",NA,"30204","47728","440050","78605",NA,"2856","3318",NA,"38731",NA,"1048568","1612128","85190",NA,NA,NA,"560",NA,"85750","127719",NA,NA,NA,NA,NA,"127719",NA,NA,NA,NA,NA,NA,"0","41256",NA,"173085","2920",NA,"4777",NA,NA,NA,NA,NA,NA,"180782",NA,NA,NA,NA,NA,NA,NA,NA,NA,NA,"0",NA,"3795",NA,"1703",NA,NA,NA,NA,NA,NA,"5498",NA,NA,NA,NA,NA,"9305",NA,NA,"80636",NA,"89941",NA,"16301",NA,"16091","2865","20997","56254",NA,NA,NA,"56254"
"498","560701","2025","SENECA FALLS CSD","SENECA",NA,"5087","655626",NA,"12241648","3419501","1855243",NA,NA,"27977",NA,NA,NA,NA,"25213",NA,"38622","63835","1222683","647647",NA,"12858","14612","177010",NA,"2048","3723546","5800404","510022",NA,NA,"953","3144",NA,"514119",NA,NA,NA,NA,NA,NA,"0",NA,NA,NA,NA,NA,NA,"0","118883",NA,"363563","5975",NA,"50720","34",NA,NA,NA,NA,NA,"420292",NA,NA,NA,NA,NA,NA,NA,NA,NA,NA,"0",NA,NA,NA,NA,NA,NA,NA,NA,NA,NA,"0",NA,NA,NA,NA,NA,NA,NA,NA,"280691",NA,"280691",NA,"25617",NA,"13026","8684",NA,"47327",NA,NA,NA,"47327"
"499","561006","2025","WATERLOO CSD","SENECA",NA,"34560","1271264",NA,"21334576","3361742","2218515",NA,NA,"170266",NA,NA,NA,NA,"54139",NA,"42754","96893","1951447","19034",NA,"128788","4742","484828",NA,NA,"4923045","7511884","227408",NA,NA,NA,NA,NA,"227408",NA,NA,NA,NA,NA,"3675","3675",NA,NA,NA,NA,NA,NA,"0","204498",NA,"292075","84192",NA,"77817","44010",NA,NA,NA,NA,NA,"498094",NA,NA,NA,NA,NA,NA,NA,NA,NA,NA,"0",NA,NA,NA,NA,NA,NA,NA,NA,NA,NA,"0",NA,NA,NA,NA,NA,"42133",NA,NA,"449085",NA,"491218",NA,"51977",NA,NA,NA,"26245","78222",NA,NA,NA,"78222"
"500","570101","2025","ADDISON CSD","STEUBEN",NA,"176580","608196",NA,"16940328","1722830","3381476",NA,NA,"20474",NA,"1119",NA,NA,"36805",NA,NA,"36805","988431","362571","962","3065","8136","73787","35129",NA,"1701062","3173143",NA,NA,NA,NA,"879","100216","101095","42200",NA,NA,NA,NA,NA,"42200",NA,NA,NA,NA,NA,NA,"0","21610",NA,"275222",NA,NA,NA,NA,NA,NA,NA,NA,"73679","348901",NA,NA,NA,NA,NA,NA,NA,NA,NA,NA,"0","115798","98273",NA,"45780",NA,NA,NA,NA,NA,"53481","313332",NA,NA,NA,NA,NA,"3028",NA,NA,"63325",NA,"66353",NA,NA,NA,NA,"27767",NA,"27767",NA,NA,NA,"27767"
"501","570201","2025","AVOCA CSD","STEUBEN",NA,"24596","166116",NA,"6750459","1081304","947511",NA,NA,"52107",NA,NA,NA,NA,"8100",NA,NA,"8100","531525","95660",NA,"97880","3846","96632","14227",NA,"372379","1212149","6535",NA,NA,"248","839",NA,"7622",NA,NA,NA,NA,NA,NA,"0",NA,NA,NA,NA,NA,NA,"0","21212",NA,"147230",NA,NA,"2539",NA,NA,NA,NA,NA,"115","149884",NA,NA,NA,NA,NA,NA,NA,NA,NA,NA,"0",NA,NA,NA,NA,NA,NA,NA,NA,"6575",NA,"6575",NA,NA,NA,"16427",NA,"14979","14362",NA,"5154",NA,"50922",NA,"6702",NA,NA,"1159","4915","12776",NA,NA,NA,"12776"
"502","570302","2025","BATH CSD","STEUBEN",NA,"15642","517053",NA,"21690096",NA,"2405850",NA,NA,"232263","2284618",NA,NA,NA,"20978",NA,NA,"20978","2463435","507969","4477","126262","27106","177454",NA,"272","2458811","5765786","132611",NA,NA,"129","672",NA,"133412","237532",NA,NA,"202","915",NA,"238649",NA,NA,NA,NA,NA,NA,"0","123050",NA,"434145",NA,NA,"11902",NA,NA,NA,NA,NA,NA,"446047",NA,NA,NA,NA,NA,NA,NA,NA,NA,NA,"0",NA,NA,NA,NA,NA,NA,NA,NA,NA,NA,"0","142983","51349",NA,"16862",NA,"920",NA,NA,"46829","47485","306428",NA,"21735",NA,NA,NA,NA,"21735",NA,NA,NA,"21735"
"503","570401","2025","BRADFORD CSD","STEUBEN",NA,NA,"242834",NA,"4216229","701992","831039",NA,NA,"60685",NA,NA,NA,NA,"17234",NA,"20662","37896","277473","25131","5287",NA,"3293","39080",NA,NA,"677525","1027789",NA,NA,NA,"13736","1572",NA,"15308","53395",NA,NA,NA,"50",NA,"53445",NA,NA,NA,NA,NA,NA,"0","14410",NA,"65762","1023",NA,NA,NA,NA,NA,NA,NA,"14197","80982",NA,NA,NA,NA,NA,NA,NA,NA,NA,NA,"0",NA,NA,NA,NA,NA,NA,NA,NA,NA,NA,"0",NA,NA,NA,NA,NA,NA,NA,NA,"13052",NA,"13052",NA,"6043",NA,NA,"10938","4670","21651",NA,NA,NA,"21651"
"504","570603","2025","CAMPBELL-SAVONA CSD","STEUBEN","21057","112253","392998","21057","12858915","1924625","2000704",NA,NA,"75948",NA,NA,NA,NA,"4500",NA,NA,"4500","1214407","115658","142","48618","14697","34957",NA,"6354","1083856","2518689","14730",NA,NA,NA,NA,NA,"14730","118756",NA,NA,"48728",NA,NA,"167484",NA,NA,NA,NA,NA,NA,"0","10169",NA,"151400","19859",NA,"297","3531",NA,NA,NA,NA,"93111","268198",NA,NA,NA,NA,NA,NA,NA,NA,NA,NA,"0",NA,NA,NA,NA,NA,NA,NA,NA,NA,NA,"0","5401",NA,NA,NA,NA,NA,NA,NA,"52654",NA,"58055",NA,"25951","3064","1992","3605","11897","46509",NA,NA,NA,"46509"
"505","571000","2025","CORNING CITY SD","STEUBEN","96353","171197","737051","96353","39330259","7959513","6176070","0","0","317144","0","0","0","0","136140","0","0","136140","9409047","1391812","0","152736","48236","13882","201935","1492","1969214","13188354","8431","9373","0","835","2576","0","21215","835784","0","0","4357","3672","0","843813","0","0","0","0","0","0","0","280305","0","1053896","52058","0","5281","11407","0","0","0","0","197432","1320074","0","0","0","0","0","0","0","0","0","0","0","406662","125976","0","9147","6585","0","0","0","0","258432","806802","287609","40526","0","1997","2499","0","103022","0","40081","57318","533052","0","66863","0","0","9059","13867","89789","61673","0","0","151462"
"506","571502","2025","CANISTEO-GREENWOOD CSD","STEUBEN",NA,NA,"409054",NA,"14073362","2518830","1988111",NA,NA,"156833",NA,NA,NA,NA,"9301",NA,NA,"9301","1242622","422857",NA,"66472","35663",NA,NA,"15498","951453","2734565","73585",NA,NA,"852",NA,NA,"74437",NA,NA,NA,NA,NA,NA,"0",NA,NA,NA,NA,NA,NA,"0","45958",NA,"336661","5242",NA,NA,NA,NA,NA,NA,NA,NA,"341903",NA,NA,NA,NA,NA,NA,NA,NA,NA,NA,"0",NA,NA,NA,NA,NA,NA,NA,NA,NA,NA,"0","11370","26773",NA,"35965",NA,NA,NA,NA,NA,NA,"74108",NA,"22873",NA,NA,NA,NA,"22873",NA,NA,NA,"22873"
"507","571800","2025","HORNELL CITY SD","STEUBEN",NA,NA,"641841",NA,"20874310","3616720","3406454",NA,NA,"122391",NA,NA,NA,NA,"74370",NA,NA,"74370","2087415","789887",NA,"49734","21681","158311",NA,NA,"1107428","4214456","201915","22360",NA,"1531","5539",NA,"231345",NA,NA,NA,NA,NA,NA,"0",NA,NA,NA,NA,NA,NA,"0","90150",NA,"311069","94561",NA,"3552",NA,NA,NA,NA,NA,"91294","500476",NA,NA,NA,NA,NA,NA,NA,NA,NA,NA,"0",NA,NA,NA,NA,NA,NA,NA,NA,NA,NA,"0","34213","26643",NA,"20726",NA,NA,NA,NA,"41679","12949","136210",NA,"22424",NA,NA,NA,"13242","35666",NA,NA,NA,"35666"
"508","571901","2025","ARKPORT CSD","STEUBEN",NA,NA,"157467",NA,"6015589","847181","1282188",NA,NA,"24234",NA,NA,NA,NA,"12720",NA,NA,"12720","545332","60266",NA,"106593","2876","301157",NA,NA,"273042","1289266","79500",NA,NA,NA,"1877",NA,"81377","60985",NA,NA,NA,"44","6002","67031",NA,NA,NA,NA,NA,NA,"0",NA,NA,"101328","37219",NA,"3034",NA,NA,NA,NA,NA,NA,"141581",NA,NA,NA,NA,NA,NA,NA,NA,NA,NA,"0",NA,NA,NA,NA,NA,NA,NA,NA,NA,NA,"0",NA,NA,NA,NA,NA,NA,NA,NA,NA,NA,"0",NA,NA,NA,NA,NA,NA,"0",NA,NA,NA,"0"
"509","572301","2025","PRATTSBURGH CSD","STEUBEN","0","0","1200","0","6142294","0","669231","0","0","90785","0","0","0","0","3206","0","0","3206","244055","32015","0","107358","2456","17752","0","0","255324","658960","0","0","0","0","0","97110","97110","0","0","0","0","0","0","0","0","0","0","0","0","0","0","0","0","110131","4905","0","0","0","0","0","0","0","0","115036","0","0","0","0","0","0","0","0","0","0","0","0","0","0","0","0","0","0","0","0","0","0","0","0","0","0","0","0","0","0","0","0","0","0","0","0","87013","0","0","87013","0","0","0","87013"
"510","572702","2025","JASPER-TROUPSBURG CSD","STEUBEN",NA,NA,"177089",NA,"7074569","796620","687116",NA,NA,"187794",NA,NA,NA,NA,"17100",NA,NA,"17100","604807","48649","1756","42708","2635",NA,NA,NA,"881449","1582004",NA,NA,NA,NA,"682",NA,"682",NA,NA,NA,NA,NA,NA,"0",NA,NA,NA,NA,NA,NA,"0",NA,NA,"130533","2508",NA,NA,NA,NA,"10180",NA,NA,NA,"143221",NA,NA,NA,NA,NA,NA,NA,NA,NA,NA,"0",NA,NA,NA,NA,NA,NA,NA,NA,NA,NA,"0",NA,NA,NA,NA,NA,NA,NA,NA,"41931",NA,"41931",NA,"11419",NA,NA,NA,NA,"11419",NA,NA,NA,"11419"
"511","572901","2025","HAMMONDSPORT CSD","STEUBEN",NA,"757","119551",NA,"4005611","477053","284890",NA,NA,"25331",NA,NA,NA,NA,"11331",NA,NA,"11331","594499","150261","2360","4900","6764",NA,"186135",NA,"302998","1247917","154312",NA,NA,"87045","709","28357","270423",NA,NA,NA,NA,NA,NA,"0",NA,NA,NA,NA,NA,NA,"0","5726",NA,"108218",NA,NA,"2294",NA,NA,NA,NA,NA,"115","110627",NA,NA,NA,NA,NA,NA,NA,NA,NA,NA,"0",NA,NA,NA,NA,NA,NA,NA,NA,NA,NA,"0",NA,NA,NA,NA,NA,"7726",NA,NA,"8393",NA,"16119",NA,"8950",NA,NA,"1204","4320","14474",NA,NA,NA,"14474"
"512","573002","2025","WAYLAND-COHOCTON CSD","STEUBEN",NA,"33686","315892",NA,"15624687","4197541","1791054",NA,NA,"161638",NA,NA,NA,NA,"128865",NA,"35900","164765","1818277","802515","6703","31301","22887","34654","305639","167","876798","3898941","192095",NA,NA,"1000","4115",NA,"197210","221476",NA,NA,NA,NA,"16660","238136",NA,NA,NA,NA,NA,NA,"0","42491",NA,"434961",NA,NA,"45760","3837",NA,NA,NA,NA,NA,"484558",NA,NA,NA,NA,NA,NA,NA,NA,NA,NA,"0","139652","42133",NA,NA,"5304",NA,NA,NA,NA,"97400","284489","24643",NA,NA,"3443",NA,NA,"67493",NA,"27037",NA,"122616",NA,"56120","13744",NA,"13583","6993","90440",NA,NA,NA,"90440"
"513","580101","2025","BABYLON UFSD","SUFFOLK",NA,"98281",NA,NA,"6317829","1472342","1282587","77745",NA,"13376",NA,NA,NA,NA,"165406",NA,NA,"165406","3282533","1100072","5663","894670","21470",NA,"922546",NA,"2098305","8325259","362134",NA,NA,NA,NA,NA,"362134","233327",NA,NA,NA,NA,NA,"233327",NA,NA,NA,NA,NA,NA,"0","228869",NA,NA,NA,NA,NA,NA,NA,NA,NA,NA,NA,"0","392850","630",NA,"56518","4556",NA,NA,NA,NA,NA,"454554","9134","2128",NA,"14428","3270",NA,NA,NA,NA,NA,"28960","22100","7336",NA,"54793",NA,NA,"100042",NA,"117180","7646","309097",NA,NA,NA,NA,NA,NA,"0","108256",NA,NA,"108256"
"514","580102","2025","WEST BABYLON UFSD","SUFFOLK","109172","46384","500191","109172","27447998","8112603","2133743",NA,NA,"175047",NA,NA,NA,NA,"187571",NA,NA,"187571","9416067","2371050",NA,"1836002","3980","1207911",NA,NA,"13618780","28453790","766199",NA,NA,NA,NA,NA,"766199",NA,NA,NA,NA,NA,NA,"0",NA,NA,NA,NA,NA,NA,"0","353802",NA,"778840","21794",NA,"151912","76065",NA,"169541",NA,"675",NA,"1198827",NA,NA,NA,NA,NA,NA,NA,NA,NA,NA,"0",NA,NA,NA,NA,NA,NA,NA,NA,NA,NA,"0","171926","96454",NA,"153334","3123",NA,NA,NA,"630901","116632","1172370",NA,"117350",NA,"76430",NA,"94195","287975",NA,NA,NA,"287975"
"515","580103","2025","NORTH BABYLON UFSD","SUFFOLK",NA,"131342","623170",NA,"41725183","12599488","2883151",NA,"159257","62934",NA,NA,NA,NA,"388252",NA,NA,"388252","8993127","248163","6946","2099448","40316","2665721","1232206",NA,"12549601","27835528",NA,NA,NA,NA,NA,NA,"0",NA,NA,NA,NA,NA,NA,"0",NA,NA,NA,NA,NA,NA,"0","648540",NA,"968976","77656",NA,"423592","7311",NA,NA,NA,"3680",NA,"1481215",NA,NA,NA,NA,NA,NA,NA,NA,NA,NA,"0",NA,NA,NA,NA,NA,NA,NA,NA,NA,NA,"0","135609","87131",NA,"826025",NA,NA,NA,NA,"602415",NA,"1651180",NA,"117728",NA,NA,NA,NA,"117728","378217",NA,NA,"495945"
"516","580104","2025","LINDENHURST UFSD","SUFFOLK","734100","296981","460372","734100","37122806","13261165","4280016",NA,NA,"251733",NA,NA,NA,NA,"205286",NA,NA,"205286","10788336","2995231",NA,"1659481","78664","2904447","99991",NA,"8940091","27466241","1201436",NA,NA,NA,NA,NA,"1201436","1232144",NA,NA,NA,NA,NA,"1232144",NA,NA,NA,NA,NA,NA,"0","838132",NA,"642981","59685",NA,"826082","53582",NA,NA,NA,NA,"136691","1719021",NA,"36281",NA,"52090",NA,NA,NA,NA,NA,"6876","95247",NA,NA,NA,NA,NA,NA,NA,NA,NA,NA,"0","142685","73992",NA,"133961",NA,"570316","10450",NA,"359418","42336","1333158",NA,NA,NA,NA,NA,NA,"0","398413",NA,NA,"398413"
"517","580105","2025","COPIAGUE UFSD","SUFFOLK","132709","267834","838099","132709","63979214","17043294","3182375","77745",NA,"441187",NA,NA,NA,NA,"132473",NA,NA,"132473","7676510","343223","10372","2976062","26401","170309","1858401",NA,"27759200","40820478","1448749",NA,NA,NA,"13928",NA,"1462677","986904",NA,NA,NA,NA,NA,"986904",NA,NA,NA,NA,NA,NA,"0","555976",NA,"694404",NA,NA,"169105",NA,NA,NA,NA,NA,NA,"863509",NA,NA,NA,NA,NA,NA,NA,NA,NA,NA,"0",NA,NA,NA,NA,NA,NA,NA,NA,NA,NA,"0",NA,NA,NA,NA,NA,NA,"359263",NA,"1131486",NA,"1490749",NA,NA,NA,NA,NA,NA,"0","809037",NA,NA,"809037"
"518","580106","2025","AMITYVILLE UFSD","SUFFOLK",NA,"777829","564286",NA,"27821296","7975478","3154170","77745",NA,"327390",NA,NA,NA,NA,"519488",NA,NA,"519488","6785927","1152390",NA,"1920843","34145","91330","3289555",NA,"6652278","19926468","546066",NA,NA,NA,NA,NA,"546066","426711",NA,NA,NA,NA,NA,"426711",NA,NA,NA,NA,NA,NA,"0","344400",NA,"336664","60383",NA,"291014","61011",NA,NA,NA,"67996","144494","961562",NA,NA,NA,NA,NA,NA,NA,NA,NA,NA,"0",NA,NA,NA,NA,NA,NA,NA,NA,NA,NA,"0","172980","95634",NA,"23401",NA,NA,"530673",NA,"305851",NA,"1128539",NA,NA,NA,NA,NA,NA,"0","484632",NA,NA,"484632"
"519","580107","2025","DEER PARK UFSD","SUFFOLK",NA,"416896","75803",NA,"33342118","7166842","2983419",NA,NA,"146586",NA,NA,NA,NA,"199047",NA,NA,"199047","6617313","3565470",NA,"1195181","1977","1459778",NA,"3607","10312865","23156191","538099",NA,NA,NA,NA,NA,"538099","639762",NA,NA,NA,"486",NA,"640248","2842381","222547",NA,"14454","25639",NA,"3105021","280000",NA,"996959","19904",NA,"145467","35984",NA,NA,NA,NA,NA,"1198314",NA,NA,NA,NA,NA,NA,NA,NA,NA,NA,"0",NA,"13946",NA,"32220","2173",NA,NA,NA,NA,NA,"48339","144453","123023",NA,NA,NA,"184350",NA,NA,"534738","36113","1022677",NA,"224905",NA,"62357","6115",NA,"293377",NA,NA,NA,"293377"
"520","580109","2025","WYANDANCH UFSD","SUFFOLK",NA,NA,"131340",NA,"61454154","10017155","3423149",NA,NA,"119727",NA,NA,NA,NA,"364442",NA,NA,"364442","6795495","506086","3246","1369253","28882","101049","0",NA,"8776759","18190087","509414",NA,NA,"2525","6636",NA,"518575","519597","84806",NA,NA,"3538",NA,"607941",NA,NA,NA,NA,NA,NA,"0",NA,"609317","252782","52029","127387","636669","52432",NA,NA,NA,NA,"106750","1228049",NA,NA,NA,NA,NA,NA,NA,NA,NA,NA,"0",NA,NA,NA,NA,NA,NA,NA,NA,NA,NA,"0",NA,NA,NA,"87374","764",NA,"102154",NA,"140198",NA,"330490",NA,NA,NA,NA,NA,NA,"0",NA,NA,"384682","384682"
"521","580201","2025","THREE VILLAGE CSD","SUFFOLK","0","0","819771","0","33417541","3768501","1599070","443734","0","15159","0","0","0","0","505713","0","0","505713","17927016","5279771","23025","2064043","48344","568263","0","0","4315265","30225727","1667219","0","0","0","591","0","1667810","1400530","0","0","950","6200","0","1407680","0","0","0","0","0","0","0","247935","0","1302402","56166","0","181865","0","0","0","0","0","0","1540433","0","23524","0","42777","0","0","0","0","0","0","66301","0","0","0","0","0","0","0","0","0","0","0","337785","139845","0","207080","1077","0","18263","0","147195","0","851245","0","0","0","217656","0","0","217656","0","0","97721","315377"
"522","580203","2025","BROOKHAVEN-COMSEWOGUE UFSD","SUFFOLK",NA,"15162","933262",NA,"27950246","7368257","1882084",NA,NA,"55551",NA,NA,NA,NA,"242062",NA,NA,"242062","7958159","2449726","11918","1086511","29886","64895","1014949","38584","5870856","18525484","147092",NA,NA,NA,"2741",NA,"149833","538701",NA,NA,NA,"998",NA,"539699",NA,NA,NA,NA,NA,NA,"0","239892",NA,"698885","194473",NA,"125696",NA,NA,NA,NA,NA,NA,"1019054",NA,NA,NA,NA,NA,NA,NA,NA,NA,NA,"0",NA,NA,NA,NA,NA,NA,NA,NA,NA,NA,"0",NA,NA,NA,NA,NA,NA,"230974",NA,"544390",NA,"775364",NA,NA,NA,NA,NA,NA,"0",NA,NA,"333247","333247"
"523","580205","2025","SACHEM CSD","SUFFOLK",NA,"593943","2497908",NA,"84949728","25593231","5641138","247208",NA,"396792",NA,NA,NA,NA,NA,NA,NA,"0","31327484","4185232",NA,"2633380","59060","239331","3728840",NA,"15591297","57787554","2785760",NA,NA,NA,NA,NA,"2785760","1895808",NA,NA,NA,NA,NA,"1895808",NA,NA,NA,NA,NA,NA,"0","1506983","22930","2081148","472913",NA,"403475","166402",NA,NA,NA,NA,"459490","3583428",NA,NA,NA,NA,NA,NA,NA,NA,NA,NA,"0",NA,NA,NA,NA,NA,NA,NA,NA,NA,NA,"0","917117","279361",NA,"174049","14843",NA,"717269",NA,"631313","459937","3193889",NA,NA,NA,"35578",NA,NA,"35578","1004296",NA,"22031","1061905"
"524","580206","2025","PORT JEFFERSON UFSD","SUFFOLK",NA,"324448","267889",NA,"2831717","563404","266686","88443",NA,NA,NA,NA,NA,NA,"358477",NA,NA,"358477","2954018","1349245","88","324026","26072","325061",NA,NA,"1363557","6342067","419823",NA,NA,NA,"4892",NA,"424715","138749",NA,NA,NA,NA,NA,"138749",NA,NA,NA,NA,NA,NA,"0","30822",NA,"147800","32750",NA,"35252","2045",NA,NA,NA,NA,NA,"217847",NA,NA,NA,"3880",NA,NA,NA,NA,NA,NA,"3880","2204",NA,NA,NA,NA,NA,NA,NA,NA,NA,"2204","12967","12391",NA,NA,NA,NA,"17420",NA,"13560",NA,"56338",NA,NA,NA,NA,NA,NA,"0","87772",NA,NA,"87772"
"525","580207","2025","MT SINAI UFSD","SUFFOLK",NA,"274221","280103",NA,"12276874","2111796","550491","77745",NA,"5696",NA,NA,NA,NA,"110769",NA,NA,"110769","4169952","851819","35000","609513","32232","604262","347280","589","1919230","8569877","1170775",NA,NA,NA,NA,NA,"1170775","234997",NA,NA,NA,NA,NA,"234997",NA,NA,NA,NA,NA,NA,"0","88661",NA,"467267",NA,NA,"56309",NA,NA,NA,NA,NA,NA,"523576",NA,NA,NA,NA,NA,NA,NA,NA,NA,NA,"0",NA,NA,NA,NA,NA,NA,NA,NA,NA,NA,"0",NA,NA,NA,"29241",NA,"31054",NA,NA,"141039",NA,"201334",NA,NA,NA,NA,NA,NA,"0",NA,NA,"74485","74485"
"526","580208","2025","MILLER PLACE UFSD","SUFFOLK",NA,"34102","448733",NA,"14188915","4037075","1725432","8068",NA,"66279",NA,NA,NA,NA,"136661",NA,NA,"136661","5556268","922392",NA,"1370118","13690","2133867","248341",NA,"1954315","12198991","566819",NA,NA,NA,NA,"25120","591939",NA,NA,NA,NA,NA,NA,"0",NA,NA,NA,NA,NA,NA,"0","78812",NA,"34231",NA,NA,"397089","10734",NA,NA,NA,"197337",NA,"639391",NA,NA,NA,NA,NA,NA,NA,NA,NA,NA,"0",NA,NA,NA,NA,NA,NA,NA,NA,NA,NA,"0",NA,NA,NA,NA,NA,"90178",NA,NA,"148901",NA,"239079",NA,NA,NA,NA,NA,NA,"0",NA,NA,"154981","154981"
"527","580209","2025","ROCKY POINT UFSD","SUFFOLK",NA,"237076","1440",NA,"20759353","7524908","1517126",NA,NA,"70306",NA,NA,NA,NA,"96535",NA,NA,"96535","7726155","1477508",NA,"775839","65028","507051","408898",NA,"6151594","17112073","360831",NA,NA,NA,NA,NA,"360831","361541",NA,NA,NA,NA,NA,"361541",NA,NA,NA,NA,NA,NA,"0","130859",NA,"686840","13310",NA,"99744",NA,NA,NA,NA,NA,NA,"799894",NA,NA,NA,NA,NA,NA,NA,NA,NA,NA,"0",NA,NA,NA,NA,NA,NA,NA,NA,NA,NA,"0",NA,NA,NA,NA,NA,"29860","27631",NA,"382625",NA,"440116",NA,NA,NA,"214179",NA,NA,"214179",NA,NA,NA,"214179"
"528","580211","2025","MIDDLE COUNTRY CSD","SUFFOLK","1413","626912","1425776","1413","70340008","19889438","3109487","73801",NA,"222625",NA,NA,NA,NA,"202058",NA,NA,"202058","20324031","5410895","7553","2722854","189463","2331778",NA,"1085","10787278","41774937","1348058",NA,NA,NA,"285",NA,"1348343","1243365",NA,NA,NA,"1100",NA,"1244465",NA,NA,NA,NA,NA,NA,"0","564169",NA,"1065983","163478",NA,"866467","122827",NA,NA,NA,"209249","537817","2965821",NA,NA,NA,NA,NA,NA,NA,NA,NA,NA,"0",NA,NA,NA,NA,NA,NA,NA,NA,NA,NA,"0","355960","194106",NA,"237285",NA,NA,"234233",NA,"364125","107572","1493281",NA,NA,NA,NA,NA,NA,"0","570561",NA,NA,"570561"
"529","580212","2025","LONGWOOD CSD","SUFFOLK","91722","809244","1911536","91722","79222166","24283036","2510343","186484",NA,"389046",NA,NA,NA,NA,"359339",NA,NA,"359339","27852100","3582454",NA,"2306149","129305","215161","2159187",NA,"16783339","53097601","605656",NA,NA,NA,"20140",NA,"625796","972993",NA,NA,NA,"4315",NA,"977308",NA,NA,NA,NA,NA,NA,"0","450000","69906","1856392","249095",NA,"398037","119830",NA,NA,NA,NA,"386165","3009519",NA,NA,NA,NA,NA,NA,NA,NA,NA,NA,"0","398235","89074",NA,NA,NA,NA,NA,NA,NA,"34968","522277","333553","213380",NA,"130402","1483",NA,"341747",NA,"707389","41838","1769792",NA,NA,NA,NA,NA,NA,"0","491380",NA,"25311","516691"
"530","580224","2025","PATCHOGUE-MEDFORD UFSD","SUFFOLK",NA,"309806",NA,NA,"64270963","12857734","2422007","155706",NA,"262125",NA,NA,NA,NA,"558236",NA,NA,"558236","13393824","3676968","7100","2476921","81732",NA,"885094","1000","9676456","30199095","1169114",NA,NA,"8202","11276",NA,"1188592",NA,NA,NA,NA,NA,NA,"0","1363073",NA,NA,NA,NA,"129000","1492073","306724",NA,"1836357","169688",NA,"304705","792",NA,NA,NA,NA,NA,"2311542",NA,NA,NA,NA,NA,NA,NA,NA,NA,NA,"0","51498",NA,NA,"78330",NA,NA,NA,NA,NA,NA,"129828","212448","49215",NA,"61885","440",NA,"135107",NA,"486837","48829","994761",NA,"35447","8459",NA,NA,"2179","46085","407194",NA,NA,"453279"
"531","580232","2025","WILLIAM FLOYD UFSD","SUFFOLK",NA,"95229","2282488",NA,"160289449","31321176","4054142","92239",NA,"1902967",NA,NA,NA,NA,"422732",NA,NA,"422732","24507728","262469","25542","3901305","77132","963787","2494132","359","22117281","54389654","2037338",NA,"9792",NA,"37051",NA,"2084181","2433924",NA,NA,"6469","4483",NA,"2444876",NA,NA,NA,NA,NA,NA,"0","636574","39919","1597244","470332","456801","409750","77558",NA,NA,NA,NA,"602652","3614337",NA,NA,NA,NA,NA,NA,NA,NA,NA,NA,"0",NA,NA,NA,NA,NA,NA,NA,NA,NA,NA,"0","527899","22757",NA,"268096","5446",NA,"390745",NA,"872264","98955","2186162",NA,NA,NA,NA,NA,NA,"0","973100",NA,NA,"973100"
"532","580233","2025","CENTER MORICHES UFSD","SUFFOLK",NA,"1645113","309362",NA,"13849201","3000111","790562","103055",NA,"7763",NA,NA,NA,NA,"75585",NA,NA,"75585","3432878","1646556","16814","598677","23228","188726",NA,"5634","2062620","7975133","423868",NA,NA,NA,"291",NA,"424159","160129",NA,NA,NA,"347",NA,"160476",NA,NA,NA,NA,NA,NA,"0","179932",NA,"43555","375168",NA,"43062",NA,NA,NA,NA,NA,"5084","466869",NA,NA,NA,NA,NA,NA,NA,NA,NA,NA,"0",NA,NA,NA,NA,NA,NA,NA,NA,NA,NA,"0","90909","108206",NA,"88059","74",NA,"52337",NA,"105444","73673","518702",NA,NA,NA,NA,NA,NA,"0","143914",NA,NA,"143914"
"533","580234","2025","EAST MORICHES UFSD","SUFFOLK","24998",NA,"184806","24998","4727273","1034230","407249","1111903","148084","18424",NA,NA,NA,NA,"27975",NA,NA,"27975","2364365","369977",NA,"783454","2379","1623618","222161",NA,"1183741","6549695","174695",NA,NA,NA,"0",NA,"174695",NA,NA,NA,NA,NA,NA,"0",NA,NA,NA,NA,NA,NA,"0","32159",NA,"81488","52612",NA,"37318","14726",NA,NA,NA,NA,NA,"186144",NA,NA,NA,NA,NA,NA,NA,NA,NA,NA,"0",NA,NA,NA,NA,NA,NA,NA,NA,NA,NA,"0","119046","18528",NA,"9275",NA,NA,"27472",NA,"13774","24998","213093",NA,NA,NA,NA,NA,NA,"0","52430",NA,"11861","64291"
"534","580235","2025","SOUTH COUNTRY CSD","SUFFOLK",NA,"43534",NA,NA,"37926924","8448658","2099344",NA,NA,"200808",NA,NA,NA,NA,"370633",NA,NA,"370633","8986079","990266","13007","1523132","12642","1723170","97516","3400","7706642","21070581","826907",NA,NA,NA,NA,NA,"826907","1360299",NA,NA,NA,NA,NA,"1360299",NA,NA,NA,NA,NA,NA,"0","280252","14727","465685","60387",NA,"397620","76867",NA,NA,NA,"35188","1920","1037667",NA,NA,NA,NA,NA,NA,NA,NA,NA,NA,"0",NA,NA,NA,NA,NA,NA,NA,NA,NA,NA,"0","123215","113022",NA,"96850","8892",NA,"129931",NA,"323359",NA,"795269",NA,NA,NA,NA,NA,NA,"0","548796",NA,NA,"548796"
"535","580301","2025","EAST HAMPTON UFSD","SUFFOLK",NA,"15344230","339589",NA,"1233203","1418744","418460",NA,NA,"28903",NA,NA,"0","0","224647","0","0","224647","5238595","744449","8552","444218","41504","289829",NA,NA,"1812054","8579201","515082","0","0","0","0","0","515082","637194","0","0","0","0","0","637194","0","0","0","0","0","0","0","68330",NA,"395433","3500","0","42954","31461",NA,NA,NA,NA,"6301","479649",NA,NA,NA,NA,NA,NA,NA,NA,NA,NA,"0",NA,"2000","0","5872","11877",NA,NA,NA,NA,NA,"19749","49829","34400",NA,"3428","193","0",NA,NA,"79209","15287","182346",NA,"8733",NA,NA,"1608","5278","15619",NA,NA,NA,"15619"
"536","580302","2025","WAINSCOTT COMN SD","SUFFOLK",NA,"481918","54434",NA,NA,NA,"10749",NA,NA,NA,NA,NA,NA,NA,"1851",NA,NA,"1851","355652",NA,NA,"84984","449","379862",NA,NA,"318751","1139698",NA,NA,NA,NA,NA,NA,"0",NA,NA,NA,NA,NA,"7650","7650",NA,NA,NA,"25300",NA,NA,"25300",NA,NA,NA,NA,NA,NA,NA,NA,NA,NA,NA,NA,"0",NA,NA,NA,NA,NA,NA,NA,NA,NA,NA,"0",NA,NA,NA,NA,NA,NA,NA,NA,NA,NA,"0",NA,NA,NA,NA,NA,NA,NA,NA,NA,NA,"0",NA,NA,NA,NA,NA,NA,"0",NA,NA,NA,"0"
"537","580303","2025","AMAGANSETT UFSD","SUFFOLK",NA,NA,"67439",NA,"236357","54228","90782",NA,NA,NA,NA,NA,NA,NA,"193879",NA,NA,"193879","999539",NA,"1338","236543","8767","324014",NA,"5617","160987","1736805",NA,NA,NA,NA,NA,NA,"0","68952",NA,NA,"200","48",NA,"69200",NA,NA,NA,NA,NA,NA,"0",NA,NA,NA,NA,NA,NA,NA,NA,NA,NA,NA,NA,"0",NA,NA,NA,NA,NA,NA,NA,NA,NA,NA,"0",NA,NA,NA,NA,NA,NA,NA,NA,NA,NA,"0",NA,NA,NA,NA,NA,NA,NA,NA,NA,NA,"0",NA,NA,NA,NA,NA,NA,"0",NA,NA,NA,"0"
"538","580304","2025","SPRINGS UFSD","SUFFOLK",NA,"126347","96049",NA,"745455","528705","235661",NA,NA,"34304",NA,NA,NA,NA,"56265",NA,NA,"56265","1839902","63361","2624","282757","7742","1360012",NA,"403","128529","3685330","170699",NA,NA,NA,"426",NA,"171125","140205",NA,NA,NA,"2180",NA,"142385",NA,NA,NA,NA,NA,NA,"0","26108",NA,"135239",NA,NA,"18402","132",NA,NA,NA,NA,NA,"153773",NA,NA,NA,NA,NA,NA,NA,NA,NA,NA,"0",NA,NA,NA,NA,NA,NA,NA,NA,NA,NA,"0","45683","17781",NA,"43044",NA,NA,NA,NA,NA,NA,"106508",NA,"24033",NA,NA,NA,NA,"24033",NA,NA,NA,"24033"
"539","580305","2025","SAG HARBOR UFSD","SUFFOLK",NA,"1405333","119527",NA,"634470","1011550","286024",NA,NA,NA,NA,NA,NA,NA,"94710",NA,NA,"94710","3887670","63538",NA,"347257","23098",NA,"829891",NA,"843315","5994769","296606",NA,NA,NA,"3375",NA,"299981","205005",NA,NA,NA,NA,NA,"205005",NA,"334942",NA,NA,NA,NA,"334942","115812",NA,"120262",NA,NA,"75801","1615",NA,NA,NA,NA,NA,"197678",NA,NA,NA,NA,NA,NA,NA,NA,NA,NA,"0",NA,NA,NA,NA,NA,NA,NA,NA,NA,NA,"0","50821",NA,NA,"44813",NA,NA,"150846",NA,"42238",NA,"288718",NA,"48320",NA,NA,"5018","1013","54351",NA,NA,NA,"54351"
"540","580306","2025","MONTAUK UFSD","SUFFOLK",NA,NA,"104076",NA,"490018","316973","200758",NA,NA,NA,NA,NA,NA,NA,"78615",NA,NA,"78615","824157","333153","569","265128","3691",NA,NA,NA,"345570","1772268","285747",NA,NA,"12358","1995",NA,"300100",NA,NA,NA,NA,NA,NA,"0",NA,NA,NA,NA,NA,NA,"0","6983",NA,"77526",NA,NA,"5744",NA,NA,NA,NA,NA,NA,"83270",NA,NA,NA,NA,NA,NA,NA,NA,NA,NA,"0",NA,NA,NA,NA,NA,NA,NA,NA,NA,NA,"0",NA,NA,NA,NA,NA,NA,NA,NA,"17602",NA,"17602",NA,NA,NA,NA,NA,NA,"0","10690",NA,"6625","17315"
"541","580401","2025","ELWOOD UFSD","SUFFOLK",NA,"12584","94650",NA,"10093345","1887099","1479938",NA,NA,NA,NA,NA,NA,NA,"127001",NA,NA,"127001","4388869","146342",NA,"770244","17616","1235905",NA,NA,"1442160","8001136","520510",NA,NA,NA,NA,NA,"520510","414068",NA,NA,NA,NA,NA,"414068",NA,NA,NA,NA,NA,NA,"0","189617",NA,"359072","32941",NA,"117315","13892",NA,NA,NA,NA,NA,"523220",NA,NA,NA,NA,NA,NA,NA,NA,NA,NA,"0",NA,NA,NA,NA,NA,NA,NA,NA,NA,NA,"0","94368",NA,NA,"75806",NA,NA,"120978",NA,"34920",NA,"326072",NA,NA,NA,NA,NA,NA,"0","156976",NA,NA,"156976"
"542","580402","2025","COLD SPRING HARBOR CSD","SUFFOLK",NA,NA,"103556",NA,"1943771","611962","1499894","166905",NA,"14761",NA,NA,NA,NA,"760772",NA,NA,"760772","3678490","844646","11785","380605","6860",NA,"948632",NA,"79050","5950068","1052513",NA,NA,NA,NA,NA,"1052513",NA,NA,NA,NA,NA,NA,"0",NA,"91741",NA,"408","1018",NA,"93167","40369",NA,"214629","41470",NA,"57513","54619",NA,NA,NA,"37835",NA,"406066",NA,NA,NA,NA,"212",NA,NA,NA,NA,NA,"212",NA,NA,NA,NA,NA,NA,NA,NA,NA,NA,"0","34658","4624",NA,"7476",NA,NA,"39122",NA,NA,NA,"85880",NA,NA,NA,NA,NA,NA,"0","36385",NA,NA,"36385"
"543","580403","2025","HUNTINGTON UFSD","SUFFOLK","13285","117746","193245","13285","18985588","4008871","2864612","202713",NA,NA,NA,NA,NA,NA,"564279",NA,NA,"564279","10699120","2687293",NA,"2045621","13233","376144","2190074",NA,"5603698","23615183","513691","68002",NA,NA,"2176",NA,"583869","377414",NA,NA,NA,"305",NA,"377719",NA,NA,NA,NA,NA,NA,"0","293472",NA,"778691","79810",NA,"699813","67754",NA,NA,NA,NA,NA,"1626068",NA,NA,NA,NA,NA,NA,NA,NA,NA,NA,"0",NA,NA,NA,NA,NA,NA,NA,NA,NA,NA,"0","177272","168440",NA,"99894",NA,NA,"323735",NA,"218169",NA,"987510",NA,NA,NA,NA,NA,NA,"0","534815",NA,NA,"534815"
"544","580404","2025","NORTHPORT-EAST NORTHPORT UFSD","SUFFOLK",NA,"384551","333884",NA,"12698395","4112398","2470523",NA,"178655","86800",NA,NA,NA,NA,"349036",NA,NA,"349036","9968430","3833176","54060","1238906","25483","2218300",NA,NA,"4500406","21838761","1362821",NA,NA,NA,"6480",NA,"1369301","486940",NA,NA,NA,NA,NA,"486940",NA,NA,NA,NA,NA,NA,"0","554351",NA,"1127306","41673",NA,"192648","2395",NA,NA,NA,"30717",NA,"1394739",NA,NA,NA,NA,NA,NA,NA,NA,NA,NA,"0",NA,NA,NA,NA,NA,NA,NA,NA,NA,NA,"0","124574","86322",NA,"130036","3224",NA,"343580",NA,"162047","111429","961212",NA,"30722",NA,NA,NA,NA,"30722","300135",NA,NA,"330857"
"545","580405","2025","HALF HOLLOW HILLS CSD","SUFFOLK",NA,"677216","568381",NA,"25828694","6831837","2127767","477439",NA,"263447",NA,NA,NA,NA,"740164",NA,NA,"740164","18203422","12750648","1423","2096340","39245","297957","5312306",NA,"8475413","47176754","1920347",NA,NA,NA,"72227",NA,"1992574","536954",NA,NA,NA,"821",NA,"537775",NA,NA,NA,NA,NA,NA,"0","884339",NA,"1212210","354704","16180","493935","64121",NA,NA,NA,NA,NA,"2141150",NA,NA,NA,NA,NA,NA,NA,NA,NA,NA,"0","16806","18043",NA,"36701",NA,NA,NA,NA,NA,NA,"71550","387005","540128",NA,NA,NA,NA,"920895",NA,"317780","539657","2705465",NA,"45152",NA,NA,NA,"25823","70975","543289",NA,NA,"614264"
"546","580406","2025","HARBORFIELDS CSD","SUFFOLK",NA,"764","134017",NA,"11095980","3336410","1619947","87865",NA,"47491",NA,NA,NA,NA,"258838",NA,NA,"258838","8110789","471354","13621","778329","79824","355998","1491322","168","1932603","13234008",NA,NA,NA,NA,NA,NA,"0",NA,NA,NA,NA,NA,NA,"0",NA,"31289",NA,NA,NA,NA,"31289","277513",NA,"127412","9593","14179","681680","17819",NA,NA,NA,NA,NA,"850683",NA,NA,NA,NA,NA,NA,NA,NA,NA,NA,"0","1500",NA,NA,"500",NA,NA,NA,NA,NA,NA,"2000","122389","20237",NA,"91584","2602","45948","293827",NA,"45334",NA,"621921",NA,NA,NA,NA,NA,NA,"0","303123",NA,NA,"303123"
"547","580410","2025","COMMACK UFSD","SUFFOLK","18171","1359296","250204","18171","32716312","7110855","3186200","112773","0","185216","0","0","0","0","536911","0","0","536911","18164790","2231033","11183","4110662","75901","292844","2960355","2125","5701621","33550514","2547685","0","0","0","0","0","2547685","1275136","0","0","0","0","0","1275136","0","0","0","0","0","0","0","715069","0","610105","0","0","1247939","63318","0","0","0","0","0","1921362","0","0","0","0","0","0","0","0","0","0","0","0","0","0","0","0","0","0","0","0","0","0","542431","129929","0","342641","0","0","431549","0","180380","119729","1746659","0",NA,"11474","0","0","7310","18784","244755","0","281948","545487"
"548","580413","2025","SOUTH HUNTINGTON UFSD","SUFFOLK","4941734","547820","470943","4941734","53033595","7430842","2974915","101694","0","370095","0","0","0","0","204939","0","0","204939","13612373","4229066","0","7373473","24902","0","0","3781","8843224","34086819","479562","0","0","0","1612","0","481174","844216","0","0","0","0","0","844216","0","0","0","0","0","0","0","781415","0","726751","280181","0","470901","211539","0","0","0","0","272155","1961527","0","0","0","0","0","0","0","0","0","0","0","70148","0","0","31725","0","0","0","0","0","0","101873","261221","139501","0","915025","0","0","0","0","441069","0","1756816","0","263806","57509","0","22959","82341","426615","119867","0","0","546482"
"549","580501","2025","BAY SHORE UFSD","SUFFOLK","175725","538009","1068925","175725","53466404","8315673","2188696","140395",NA,"200513",NA,NA,NA,NA,"1324262",NA,NA,"1324262","16149545","8057762","3373","1149580","41984",NA,"769987",NA,"7399274","33610908",NA,NA,NA,NA,NA,NA,"0","1114780",NA,NA,NA,"293",NA,"1115073",NA,NA,NA,NA,NA,NA,"0","318964","39403","724811","313902",NA,"367642","63026",NA,NA,NA,"39197","208300","1716878",NA,NA,NA,NA,NA,NA,NA,NA,NA,NA,"0",NA,NA,NA,NA,NA,NA,NA,NA,NA,NA,"0",NA,NA,NA,NA,NA,"226547",NA,NA,"523721",NA,"750268",NA,NA,NA,NA,NA,NA,"0","308063",NA,NA,"308063"
"550","580502","2025","ISLIP UFSD","SUFFOLK","2374","19390","611114","2374","19110184","3706264","1276384",NA,NA,"77848",NA,NA,NA,NA,"236525",NA,NA,"236525","5267653","1574229","0","50454","20819","268098","1148736",NA,"4746563","13076552","806083",NA,NA,NA,"855",NA,"806938","751569",NA,NA,NA,NA,NA,"751569",NA,NA,NA,NA,NA,NA,"0","179131",NA,NA,NA,NA,NA,NA,NA,NA,NA,NA,NA,"0",NA,NA,NA,NA,NA,NA,NA,NA,NA,NA,"0",NA,NA,NA,NA,NA,NA,NA,NA,NA,NA,"0","35818","23761",NA,"127974",NA,"14300","63988",NA,"220098",NA,"485939",NA,NA,NA,"168296",NA,NA,"168296",NA,NA,NA,"168296"
"551","580503","2025","EAST ISLIP UFSD","SUFFOLK","28005","1133963","531393","28005","25122816","6884422","2453953",NA,NA,"169395",NA,NA,NA,NA,"191974",NA,NA,"191974","7606561","2819316","23316","778892","21721","173688","766489","100","3174676","15364759","298134",NA,NA,NA,"7984",NA,"306118","132456",NA,NA,NA,NA,NA,"132456","161588",NA,NA,NA,NA,NA,"161588","190485",NA,"890908","20645",NA,"228671","26749",NA,NA,NA,NA,"120291","1287264",NA,NA,NA,NA,NA,NA,NA,NA,NA,NA,"0",NA,NA,NA,NA,NA,NA,NA,NA,NA,NA,"0","32934","50750",NA,"18506",NA,NA,"172222",NA,"143615","14387","432414",NA,NA,NA,"176630",NA,NA,"176630",NA,NA,NA,"176630"
"552","580504","2025","SAYVILLE UFSD","SUFFOLK",NA,"158758","443529",NA,"19112124","2984058","1608739","155490",NA,"155229",NA,NA,NA,NA,"256283",NA,NA,"256283","5795733","2110961","2910","1626867","25014","141820","716115","6882","2327021","12753323","815272",NA,NA,NA,"7113","35613","857998","850031",NA,NA,"100","245",NA,"850376",NA,NA,NA,NA,NA,NA,"0","137262",NA,"354011","117811",NA,"287272","25259",NA,NA,NA,NA,NA,"784353",NA,NA,NA,NA,NA,NA,NA,NA,NA,NA,"0",NA,NA,NA,NA,NA,NA,NA,NA,NA,NA,"0","69353","47291",NA,"138855","529","8629","156662",NA,"76978","57447","555744",NA,NA,NA,NA,NA,NA,"0","130564",NA,NA,"130564"
"553","580505","2025","BAYPORT-BLUE POINT UFSD","SUFFOLK",NA,"23593","434423",NA,"11419446","1884816","1417467",NA,NA,"44860",NA,NA,NA,NA,"165670",NA,NA,"165670","5539436","907285","9182","927603","51476","324615","366864",NA,"1977600","10104061","1129244",NA,NA,NA,"1045",NA,"1130289",NA,NA,NA,NA,NA,NA,"0",NA,NA,NA,NA,NA,NA,"0","97016",NA,"467035","11249",NA,"36720",NA,NA,NA,NA,NA,NA,"515004",NA,NA,NA,NA,NA,NA,NA,NA,NA,NA,"0",NA,NA,NA,NA,NA,NA,NA,NA,NA,NA,"0","36073","23097",NA,"49789","125","22834",NA,NA,"138621",NA,"270539",NA,"15940",NA,NA,NA,NA,"15940","45119",NA,NA,"61059"
"554","580506","2025","HAUPPAUGE UFSD","SUFFOLK",NA,"239920","634021",NA,"14767521","2448547","1935355","577993",NA,"66232",NA,NA,NA,NA,"265313",NA,NA,"265313","10141884","794397",NA,"2056000","19858","373723","2443818",NA,"3915799","19745479","783166",NA,NA,NA,"1217",NA,"784383","674003",NA,NA,NA,NA,NA,"674003",NA,NA,NA,NA,NA,NA,"0","336747",NA,"512935","97044","6799","267280","35285",NA,NA,NA,"23500",NA,"942843",NA,NA,NA,NA,NA,NA,NA,NA,NA,NA,"0",NA,NA,NA,NA,NA,NA,NA,NA,NA,NA,"0","268120","84730",NA,"173387",NA,"13010","453378",NA,"110051","58728","1161404",NA,"8971",NA,NA,NA,"2007","10978","336346",NA,NA,"347324"
"555","580507","2025","CONNETQUOT CSD","SUFFOLK","50768","442438","1443799","50768","33547916","11161881","3432669","77865",NA,"58023",NA,NA,NA,NA,"388503",NA,NA,"388503","14805284","1811574","9780","1591313","26518","1687268",NA,NA,"10439591","30371328","1847822",NA,NA,"18209","2599",NA,"1868630","1586550",NA,NA,"90","2406",NA,"1589046","169332","306099",NA,"7705","4229","266443","753808","437620",NA,"1066006","144243",NA,"651044","81360",NA,"191297",NA,"5100",NA,"2139050",NA,NA,NA,NA,NA,NA,NA,NA,NA,NA,"0","565297","66014",NA,"99537","4785",NA,NA,NA,NA,"187639","923272","279916",NA,NA,NA,NA,NA,"222698",NA,"390847",NA,"893461",NA,"341823",NA,"145562",NA,"188100","675485",NA,NA,NA,"675485"
"556","580509","2025","WEST ISLIP UFSD","SUFFOLK",NA,"195782","625473",NA,"24026804","5931179","1245435",NA,NA,NA,NA,NA,NA,NA,"215144",NA,NA,"215144","7941652","1620851",NA,"1023351","56203",NA,"1171043",NA,"3004819","14817919","789685",NA,NA,NA,"8",NA,"789693","423496",NA,NA,NA,"155",NA,"423651",NA,NA,NA,"195","477",NA,"672","286117",NA,"955000","23490",NA,"551914","1485",NA,NA,NA,NA,NA,"1531889",NA,NA,NA,NA,NA,NA,NA,NA,NA,NA,"0",NA,NA,NA,NA,NA,NA,NA,NA,NA,NA,"0","160286",NA,NA,"48358",NA,NA,"129910",NA,"178792","29995","547341",NA,"26156",NA,NA,NA,"5289","31445","144475",NA,NA,"175920"
"557","580512","2025","BRENTWOOD UFSD","SUFFOLK",NA,"150905","4943026",NA,"356606057","49428416","9495143","265190",NA,"567547",NA,NA,NA,NA,"1153394",NA,NA,"1153394","29456874","1236516",NA,"5019319","112122","122861","4511117",NA,"51000072","91458881","2169212","108682","10688","169","21672",NA,"2310423","1633929",NA,NA,NA,NA,NA,"1633929",NA,NA,NA,NA,NA,NA,"0","1878297",NA,"2157095","221153",NA,"2169847","460094",NA,NA,NA,"85462","890248","5983899",NA,NA,NA,NA,NA,NA,NA,NA,NA,NA,"0","2063114","653586",NA,"425995","60426",NA,NA,NA,NA,"1190869","4393990","408109","76215",NA,"230645","6235",NA,"596025",NA,"2226135","62452","3605816",NA,NA,NA,NA,NA,NA,"0","861744",NA,NA,"861744"
"558","580513","2025","CENTRAL ISLIP UFSD","SUFFOLK",NA,"125388","2419212",NA,"154683375","16603186","3942513","76784",NA,"762609",NA,NA,NA,NA,"515370",NA,NA,"515370","15174765","6891058",NA,"2885802","108971","269612",NA,"1289162","22197431","48945296","1490209",NA,NA,"324000","5870",NA,"1820079","1153269",NA,"3999",NA,"2876",NA,"1160144",NA,NA,NA,NA,NA,NA,"0","486055","128495","523752","978226",NA,"371370","113380",NA,NA,NA,NA,"514091","2500819",NA,NA,NA,NA,NA,NA,NA,NA,NA,NA,"0",NA,"58402",NA,"49719",NA,NA,NA,NA,NA,"8389","116510",NA,NA,NA,NA,NA,NA,"226595",NA,"1049725",NA,"1276320",NA,NA,NA,NA,NA,NA,"0","528504",NA,NA,"528504"
"559","580514","2025","FIRE ISLAND UFSD","SUFFOLK",NA,NA,"13418",NA,"322038",NA,"53856",NA,NA,NA,NA,NA,NA,NA,"81543",NA,NA,"81543","88166",NA,NA,"440",NA,"-66123",NA,NA,"218555","241038",NA,NA,NA,NA,NA,NA,"0",NA,NA,NA,NA,NA,NA,"0",NA,NA,NA,NA,NA,"5670","5670",NA,NA,NA,NA,NA,NA,NA,NA,NA,NA,NA,NA,"0",NA,NA,NA,NA,NA,NA,NA,NA,NA,NA,"0",NA,NA,NA,NA,NA,NA,NA,NA,NA,NA,"0",NA,NA,NA,NA,NA,NA,NA,NA,NA,NA,"0",NA,NA,NA,NA,NA,NA,"0",NA,NA,NA,"0"
"560","580601","2025","SHOREHAM-WADING RIVER CSD","SUFFOLK",NA,"552282","307869",NA,"9996433","2915790","1448944","78706",NA,NA,NA,NA,NA,NA,"228708",NA,NA,"228708","4568723","2380807","290672","742162","48839","50000","311745","3792","1193931","9590671","701268",NA,NA,"98","4268",NA,"705634","198405",NA,NA,NA,NA,NA,"198405",NA,NA,NA,NA,NA,NA,"0","152968",NA,"384628","39661",NA,"69371","33377",NA,NA,NA,NA,NA,"527037",NA,NA,NA,NA,NA,NA,NA,NA,NA,NA,"0",NA,NA,NA,NA,NA,NA,NA,NA,NA,NA,"0",NA,NA,NA,"18733",NA,NA,"29582",NA,"211071",NA,"259386",NA,NA,NA,NA,NA,NA,"0","122495",NA,NA,"122495"
"561","580602","2025","RIVERHEAD CSD","SUFFOLK",NA,"549358","1929250",NA,"57652502","7551113","2359343",NA,NA,"218131",NA,"1515",NA,NA,"186558",NA,NA,"186558","9770965","1935147","17645","4735241","43600","235024","1705589","43230","15575697","34323234","993594",NA,NA,NA,"1248",NA,"994842","1310045",NA,NA,NA,"1931",NA,"1311976",NA,"418209",NA,"57154","5234",NA,"480597","459253","261096","1222796","186939",NA,"263478",NA,NA,NA,NA,NA,NA,"1673213",NA,NA,NA,NA,NA,NA,NA,NA,NA,NA,"0",NA,NA,NA,NA,NA,NA,NA,NA,NA,NA,"0","177255","80294",NA,"176649",NA,"251743",NA,NA,"790013","43934","1519888",NA,NA,"213425",NA,"315569","39567","568561",NA,NA,NA,"568561"
"562","580603","2025","LITTLE FLOWER UFSD","SUFFOLK",NA,"8153363","5057",NA,NA,NA,"42877",NA,NA,NA,NA,NA,NA,NA,"40842",NA,NA,"40842",NA,"515268",NA,NA,NA,NA,NA,NA,"11458","526726","171823",NA,NA,NA,NA,NA,"171823","55963",NA,NA,NA,NA,NA,"55963","181351",NA,NA,"13325",NA,NA,"194676",NA,NA,"211769","38828","51357","238229","41396",NA,NA,NA,"448","88408","670435",NA,NA,NA,NA,NA,NA,NA,NA,NA,NA,"0",NA,NA,NA,NA,NA,NA,NA,NA,NA,NA,"0",NA,NA,NA,NA,NA,NA,NA,NA,NA,NA,"0",NA,NA,NA,NA,NA,NA,"0",NA,NA,NA,"0"
"563","580701","2025","SHELTER ISLAND UFSD","SUFFOLK",NA,NA,"100360",NA,"429129","146461","62145",NA,NA,NA,NA,NA,NA,NA,"55324",NA,NA,"55324","756457","71697",NA,"127344","345",NA,"172083",NA,"14473","1142399","99862",NA,NA,NA,"1451",NA,"101313","44739",NA,NA,NA,NA,NA,"44739",NA,NA,NA,NA,NA,NA,"0","704",NA,"3520",NA,NA,"51621",NA,NA,NA,NA,NA,NA,"55141",NA,NA,NA,NA,NA,NA,NA,NA,NA,NA,"0",NA,NA,NA,NA,NA,NA,NA,NA,NA,NA,"0",NA,NA,NA,NA,NA,NA,NA,NA,NA,NA,"0",NA,NA,NA,NA,NA,NA,"0",NA,NA,NA,"0"
"564","580801","2025","SMITHTOWN CSD","SUFFOLK","0","87288","440236","0","29520587","8334477","4151688","0","0","173623","0","0","0","0","577351","0","0","577351","16766815","3966799","0","5838204","86019","1239027","3683965","30","8948256","40529115","2354821","0","0","0","41492","0","2396313","1627334","0","0","0","0","0","1627334","0","0","0","0","0","0","0","918759","0","2055137","48110",NA,"291851",NA,NA,NA,NA,NA,NA,"2395098",NA,NA,NA,NA,NA,NA,NA,NA,NA,NA,"0",NA,NA,NA,NA,NA,NA,NA,NA,NA,NA,"0","469896","261720",NA,"372999","2927","8054","597368",NA,"380680","150322","2243966",NA,NA,NA,NA,NA,NA,"0",NA,NA,"1114253","1114253"
"565","580805","2025","KINGS PARK CSD","SUFFOLK","0","0","238716","0","11809244","3617841","1534538","110121","0","45991","0","1523","0","0","186788","0","0","186788","5744577","1848366","9860","1890664","54774","330315","1365661","16555","3612532","14904524","522804","0","0","0","0","0","522804","506364","0","0","0","0","0","506364","0","0","0","0","0","0","0","358645","31220","289988","0","0","179751","0","0","0","0","0","0","469739","0","0","0","0","0","0","0","0","0","0","0","0","0","0","0","0","0","0","0","0","0","0","89381","68106","0","166492","0","6313","267263","0","164655","0","762210","0","110148","0","0","32643","0","142791","0","0","0","142791"
"566","580901","2025","REMSENBURG-SPEONK UFSD","SUFFOLK",NA,"159481","146454",NA,"367722","177527","77710",NA,NA,NA,NA,NA,NA,NA,"31975",NA,NA,"31975","1090195","33351",NA,"188581","2402","2239247",NA,"944","315794","3870514","84786",NA,NA,NA,NA,NA,"84786",NA,NA,NA,NA,NA,NA,"0",NA,NA,NA,NA,NA,"7088","7088","13673",NA,"13151",NA,"17303","70670","2096",NA,NA,NA,NA,NA,"103220",NA,NA,NA,NA,NA,NA,NA,NA,NA,NA,"0",NA,NA,NA,NA,NA,NA,NA,NA,NA,NA,"0",NA,NA,NA,NA,NA,NA,NA,NA,NA,NA,"0",NA,NA,NA,NA,NA,NA,"0",NA,NA,NA,"0"
"567","580902","2025","WESTHAMPTON BEACH UFSD","SUFFOLK","0","23583963","848175","0","1632006","548358","274359","18615","0","56832","0","0","0","0","82307","0","0","82307","3737069","204628","170","376380","5766","167410","0","2500","780317","5274240","315132","0","0","0","0","0","315132","285412","0","0","0","0","0","285412","0","0","0","0","0","0","0","25191","0","227690","152317","0","35809","19043","0","0","0","9190",NA,"444049","0","0","0","0","0","0","0","0","0","0","0","0","0","0","0","0","0","0","0","0","0","0","0","0","0","6080","0","0","10327","0","67377","0","83784","0","0","0","0","0","0","0","42171","0","0","42171"
"568","580903","2025","QUOGUE UFSD","SUFFOLK",NA,"64598","53552",NA,"212915","82751","90341",NA,NA,NA,NA,NA,NA,NA,"34225",NA,NA,"34225","354382",NA,NA,"34732","5197","881836","102763",NA,"71799","1450709","77123",NA,NA,"3260","5603",NA,"85986",NA,NA,NA,NA,NA,NA,"0",NA,NA,NA,NA,NA,NA,"0","4500",NA,NA,NA,NA,NA,NA,NA,NA,NA,"20531",NA,"20531",NA,NA,NA,NA,NA,NA,NA,NA,NA,NA,"0",NA,NA,NA,NA,NA,NA,NA,NA,NA,NA,"0",NA,NA,NA,NA,NA,NA,"9972",NA,"4241",NA,"14213",NA,NA,NA,NA,NA,NA,"0","16980",NA,NA,"16980"
"569","580905","2025","HAMPTON BAYS UFSD","SUFFOLK",NA,"382","351636",NA,"11776575","1938884","269309",NA,NA,"86370",NA,NA,NA,NA,"67939",NA,NA,"67939","4343895","926218","6606","631058","16509","296163",NA,NA,"3435098","9655547","449964",NA,NA,"8302","202",NA,"458468","353457",NA,NA,"85","187",NA,"353729",NA,NA,NA,NA,NA,NA,"0","95069",NA,"361723","36019",NA,"103781",NA,NA,NA,NA,NA,NA,"501523",NA,NA,NA,NA,NA,NA,NA,NA,NA,NA,"0",NA,NA,NA,NA,NA,NA,NA,NA,NA,NA,"0","91954","34922",NA,"21679","306",NA,NA,NA,"150110","45519","344490",NA,NA,NA,NA,NA,NA,"0","104544",NA,NA,"104544"
"570","580906","2025","SOUTHAMPTON UFSD","SUFFOLK",NA,"5451612","286597",NA,"1527298","888466","415269",NA,NA,"30803",NA,NA,NA,NA,"185803",NA,NA,"185803","5724670","999889",NA,"667481","460","744882",NA,NA,"917551","9054933","775215",NA,NA,"2234",NA,NA,"777449",NA,NA,NA,NA,NA,NA,"0",NA,NA,NA,NA,NA,"129000","129000","192277",NA,"231750","8750",NA,"229121","20814",NA,NA,NA,NA,NA,"490435",NA,NA,NA,NA,NA,NA,NA,NA,NA,NA,"0",NA,NA,NA,NA,NA,NA,NA,NA,NA,NA,"0","147230","10873",NA,"184129",NA,NA,NA,NA,NA,NA,"342232",NA,"177606","24585",NA,NA,NA,"202191",NA,NA,NA,"202191"
"571","580909","2025","BRIDGEHAMPTON UFSD","SUFFOLK","5347",NA,"65452","5347","294056","238175","217131",NA,NA,NA,NA,NA,NA,NA,"67000",NA,NA,"67000","1595656","95738","3499","354016","5872","130883",NA,"1028","373535","2560227","15022",NA,NA,NA,"277",NA,"15299",NA,NA,NA,NA,NA,NA,"0",NA,NA,NA,NA,NA,NA,"0","16335",NA,"-13622",NA,NA,"88250",NA,NA,NA,NA,NA,NA,"74628",NA,NA,NA,"2475",NA,NA,NA,NA,NA,NA,"2475",NA,NA,NA,NA,NA,NA,NA,NA,NA,NA,"0",NA,"26104",NA,NA,NA,NA,NA,NA,"8801",NA,"34905",NA,NA,NA,NA,NA,NA,"0","46770",NA,NA,"46770"
"572","580910","2025","SAGAPONACK COMN SD","SUFFOLK",NA,NA,"19500",NA,NA,NA,"6486",NA,NA,NA,NA,NA,NA,NA,"9413",NA,NA,"9413","12041",NA,NA,NA,NA,"200785",NA,NA,NA,"212826","8423",NA,NA,NA,NA,NA,"8423",NA,NA,NA,NA,NA,NA,"0",NA,NA,NA,NA,NA,NA,"0",NA,NA,NA,NA,NA,NA,NA,NA,NA,NA,NA,NA,"0",NA,NA,NA,NA,NA,NA,NA,NA,NA,NA,"0",NA,NA,NA,NA,NA,NA,NA,NA,NA,NA,"0",NA,NA,NA,NA,NA,NA,NA,NA,NA,NA,"0",NA,NA,NA,NA,NA,NA,"0",NA,NA,NA,"0"
"573","580912","2025","EASTPORT-SOUTH MANOR CSD","SUFFOLK",NA,"1814539","496871",NA,"27073607","5793560","2110208","87865",NA,"86661",NA,NA,NA,NA,"133317",NA,NA,"133317","8200568","1408780","2105","944778","57986",NA,"323915",NA,"2982733","13920865","1130168",NA,NA,NA,"12142",NA,"1142310","574683",NA,NA,NA,NA,NA,"574683",NA,NA,NA,NA,NA,NA,"0","209225",NA,"582839","103828",NA,"77555","15390",NA,NA,NA,NA,NA,"779612",NA,NA,NA,NA,NA,NA,NA,NA,NA,NA,"0",NA,NA,NA,NA,NA,NA,NA,NA,NA,NA,"0","127006","91886",NA,"36106",NA,NA,"19969",NA,"140178","45291","460436",NA,NA,NA,NA,NA,NA,"0","133124",NA,NA,"133124"
"574","580913","2025","TUCKAHOE COMMON SD","SUFFOLK",NA,NA,"34798",NA,"646742","296350","100110",NA,NA,NA,NA,"56030",NA,NA,"46256",NA,NA,"46256","1402282","41096","444","133524","1273","1923384",NA,NA,"586816","4088819","91459",NA,NA,"185","755",NA,"92399","69897",NA,NA,NA,"304",NA,"70201",NA,NA,NA,NA,NA,NA,"0","12584",NA,"29723","4857",NA,"43206",NA,NA,NA,NA,NA,NA,"77786",NA,NA,NA,NA,NA,NA,NA,NA,NA,NA,"0",NA,NA,NA,NA,NA,NA,NA,NA,NA,NA,"0",NA,NA,NA,"12315",NA,"13937",NA,NA,"36668",NA,"62920",NA,NA,NA,NA,NA,NA,"0",NA,NA,NA,"0"
"575","580917","2025","EAST QUOGUE UFSD","SUFFOLK",NA,NA,"114129",NA,"919301","386648","338561",NA,NA,NA,NA,NA,NA,NA,"27464",NA,NA,"27464","1193271","300788",NA,"168854",NA,"236899","198960",NA,"622355","2721127","48635",NA,NA,NA,NA,NA,"48635",NA,NA,NA,NA,NA,NA,"0",NA,NA,NA,NA,NA,NA,"0","50000",NA,"1815",NA,NA,"92520","11455",NA,NA,NA,NA,NA,"105790",NA,"3192",NA,"3192",NA,NA,NA,NA,NA,NA,"6384",NA,NA,NA,NA,NA,NA,NA,NA,NA,NA,"0","27435","5904",NA,NA,NA,"17708","57662",NA,"8801","14253","131763",NA,NA,NA,NA,NA,NA,"0","70102",NA,NA,"70102"
"576","581002","2025","OYSTERPONDS UFSD","SUFFOLK",NA,NA,"25553",NA,"303073","81098","34641",NA,NA,NA,NA,NA,NA,NA,"21530",NA,NA,"21530","304074",NA,NA,"21283","726","484276",NA,NA,"117542","927901",NA,NA,NA,NA,NA,NA,"0",NA,NA,NA,NA,NA,NA,"0",NA,NA,NA,NA,NA,NA,"0","5109",NA,"25266",NA,NA,NA,NA,NA,NA,NA,NA,NA,"25266",NA,NA,NA,NA,NA,NA,NA,NA,NA,NA,"0",NA,NA,NA,NA,NA,NA,NA,NA,NA,NA,"0",NA,NA,NA,NA,NA,"13313",NA,NA,NA,NA,"13313",NA,NA,NA,NA,NA,NA,"0","12232",NA,NA,"12232"
"577","581004","2025","FISHERS ISLAND UFSD","SUFFOLK","0","0","0","0","238733","31625","31237","0","0","0","0","0","0","0","12962","0","0","12962","202609","0","0","-4077","1311","0","0","62","10235","210140","0","0","0","10237","0","0","10237","0","0","0","0","0","0","0","0","0","0","0","0","0","0",NA,"0","0","1474","0","0","12500","0","0","0","0","0","13974","0","0","0","0","0","0","0","0","0","0","0","0","0","0","0","0","0","0","0","0","0","0","0","0","0","0","0","0","0","0","0","0","0","0","0","0","0","0","0","0","0","0","0","0"
"578","581005","2025","SOUTHOLD UFSD","SUFFOLK",NA,"745342","122382",NA,"967186","853705","266835",NA,NA,NA,NA,NA,NA,NA,"53073",NA,NA,"53073","2733380","179050","6502","76796","12175","25000","302014","1613","306709","3643239","246283",NA,NA,NA,"526",NA,"246809","195280",NA,NA,NA,"479",NA,"195759",NA,NA,NA,NA,NA,NA,"0","31740",NA,"145206","4134",NA,"11721",NA,NA,NA,NA,"16700",NA,"177761",NA,NA,NA,NA,NA,NA,NA,NA,NA,NA,"0",NA,NA,NA,NA,NA,NA,NA,NA,NA,NA,"0","44442",NA,NA,NA,NA,"0","98464",NA,"9167",NA,"152073",NA,NA,NA,NA,NA,NA,"0",NA,NA,"6623","6623"
"579","581010","2025","GREENPORT UFSD","SUFFOLK","695","1456859","81336","695","2165375","604968","211077",NA,NA,"33526",NA,NA,NA,NA,"45963",NA,NA,"45963","1815402","384783","3401","352754","22412","9905","147638","8673","437500","3182468","40883",NA,NA,NA,NA,NA,"40883","108212",NA,NA,NA,NA,NA,"108212",NA,NA,NA,NA,NA,NA,"0","15289",NA,"189494",NA,NA,"29095",NA,NA,NA,NA,NA,NA,"218589",NA,NA,NA,NA,NA,NA,NA,NA,NA,NA,"0","6460",NA,NA,NA,NA,NA,NA,NA,NA,NA,"6460",NA,NA,NA,"14645",NA,"22403",NA,NA,"18334",NA,"55382",NA,NA,NA,NA,NA,NA,"0","21063",NA,NA,"21063"
"580","581012","2025","MATTITUCK-CUTCHOGUE UFSD","SUFFOLK",NA,"194958",NA,NA,"1443611","829511","351609","110121",NA,"25753",NA,NA,NA,NA,"58961",NA,NA,"58961","2904779","873386",NA,"480919","8952",NA,NA,NA,"629155","4897191","329775",NA,NA,"300","143",NA,"330218",NA,NA,NA,NA,NA,"129000","129000",NA,NA,NA,NA,NA,NA,"0","43427",NA,NA,NA,NA,NA,NA,NA,NA,NA,NA,NA,"0","58503","25516",NA,"17276","17658",NA,NA,NA,NA,"31916","150869",NA,"4528",NA,"4983","488",NA,NA,NA,NA,NA,"9999","54545",NA,NA,NA,NA,NA,NA,NA,"18334","19679","92558",NA,"11986",NA,"13294",NA,"5544","30824",NA,NA,NA,"30824"
"581","581015","2025","NEW SUFFOLK COMN SD","SUFFOLK",NA,NA,"6292",NA,NA,NA,"1860",NA,NA,NA,NA,NA,NA,NA,"5573",NA,NA,"5573",NA,NA,NA,"29403",NA,NA,NA,NA,NA,"29403",NA,NA,NA,NA,NA,NA,"0",NA,NA,NA,NA,NA,NA,"0",NA,NA,NA,NA,NA,NA,"0",NA,NA,NA,NA,NA,NA,NA,NA,NA,NA,NA,NA,"0",NA,NA,NA,NA,NA,NA,NA,NA,NA,NA,"0",NA,NA,NA,NA,NA,NA,NA,NA,NA,NA,"0",NA,NA,NA,NA,NA,NA,NA,NA,NA,NA,"0",NA,NA,NA,NA,NA,NA,"0",NA,NA,NA,"0"
"582","590501","2025","FALLSBURG CSD","SULLIVAN",NA,NA,"1474490",NA,"34688234",NA,"2167178","111082",NA,"49782",NA,NA,NA,NA,"79799",NA,NA,"79799","2184803","670168",NA,"487159","23335","10970","1445052","672","6363706","11185865","395073",NA,NA,NA,NA,NA,"395073","360486",NA,NA,"363440",NA,NA,"723926",NA,NA,NA,NA,NA,NA,"0","220006",NA,"397472",NA,NA,"13272","17234",NA,"79510",NA,NA,"91059","598547",NA,NA,NA,NA,NA,NA,NA,NA,NA,NA,"0",NA,NA,NA,NA,NA,NA,NA,NA,NA,NA,"0","40590","30640",NA,"18700",NA,"249061","238335",NA,NA,NA,"577326",NA,NA,NA,NA,NA,NA,"0","203453",NA,NA,"203453"
"583","590801","2025","ELDRED CSD","SULLIVAN",NA,"15614","366845",NA,"3800366","928765","481295",NA,NA,"48932",NA,NA,NA,NA,"30491",NA,NA,"30491","808572","154110",NA,"144266","2938",NA,"253157","2150","956452","2321645","170815",NA,NA,"630","5813",NA,"177258",NA,NA,NA,NA,NA,NA,"0",NA,NA,NA,NA,NA,NA,"0","6284",NA,"166389",NA,NA,"8672",NA,NA,NA,NA,NA,NA,"175061",NA,NA,NA,NA,NA,NA,NA,NA,NA,NA,"0",NA,NA,NA,NA,NA,NA,NA,NA,NA,NA,"0",NA,NA,NA,NA,NA,NA,"30665",NA,"13528",NA,"44193",NA,"17622",NA,NA,"14574","2319","34515",NA,NA,NA,"34515"
"584","590901","2025","LIBERTY CSD","SULLIVAN","0","177624","1684019","0","34836804","5785231","2853070","72376","0","165263","0","0","0","0","308198","0","0","308198","2576591","697003","0","439347","53575","127011","1679740","1129","3248257","8822653","327891","0","0","0","7990","0","335881","197036","0","0","0","135","0","197171","0","0","0","0","0","0","0","261247","0","389898","105604","0","124687","0","0","0","0","0","52802","672991","0","0","0","0","0","0","0","0","0","0","0","0","0","0","0","0","0","0","0","0","0","0","35035","23231","0","9667","2281","0","239542","0","51178","33949","394883","0","0","0","0","0","0","0","190272","0","0","190272"
"585","591201","2025","TRI-VALLEY CSD","SULLIVAN",NA,NA,"577330",NA,"7848447","2233435","861084",NA,NA,"56704",NA,"238",NA,NA,"77428",NA,NA,"77428","1275384","371756",NA,"1268282","2582","6140",NA,"16","1762202","4686362","314183",NA,NA,NA,NA,NA,"314183",NA,NA,NA,NA,NA,NA,"0",NA,NA,NA,NA,NA,NA,"0","144352",NA,"289037","61225",NA,"26966","12726",NA,NA,NA,NA,NA,"389954",NA,NA,NA,NA,NA,NA,NA,NA,NA,NA,"0",NA,NA,NA,NA,NA,NA,NA,NA,NA,NA,"0",NA,NA,NA,"0",NA,"259780",NA,NA,"16578",NA,"276358",NA,NA,NA,NA,NA,NA,"0","61533",NA,NA,"61533"
"586","591301","2025","ROSCOE CSD","SULLIVAN",NA,"108842","245871",NA,"2436293","456336","286079",NA,NA,"12617",NA,NA,NA,NA,"9398",NA,NA,"9398","424415","31884",NA,"55492","1014",NA,"146568",NA,"1185802","1845175",NA,NA,NA,NA,NA,NA,"0","77256",NA,NA,NA,NA,NA,"77256",NA,NA,NA,NA,NA,NA,"0","79840",NA,"64572",NA,NA,NA,NA,NA,NA,NA,NA,NA,"64572",NA,NA,NA,NA,NA,NA,NA,NA,NA,NA,"0",NA,NA,NA,NA,NA,NA,NA,NA,NA,NA,"0",NA,NA,NA,"17032",NA,NA,NA,NA,NA,NA,"17032",NA,NA,NA,NA,NA,NA,"0","31826",NA,NA,"31826"
"587","591302","2025","LIVINGSTON MANOR CSD","SULLIVAN",NA,NA,"373358",NA,"5270289","1285032","541853","25243",NA,"28109",NA,"1",NA,NA,"34966",NA,NA,"34966","618051","147961","210","224634","17826","924800",NA,"363","1137554","3071399","70483",NA,NA,NA,"74",NA,"70557","5589",NA,NA,NA,NA,NA,"5589",NA,NA,NA,NA,NA,NA,"0","35118",NA,"290823",NA,NA,NA,NA,NA,NA,NA,NA,NA,"290823",NA,NA,NA,NA,NA,NA,NA,NA,NA,NA,"0",NA,NA,NA,NA,NA,NA,NA,NA,NA,NA,"0",NA,NA,NA,NA,NA,NA,"125199",NA,NA,NA,"125199",NA,NA,NA,"51355",NA,NA,"51355",NA,NA,NA,"51355"
"588","591303","2025","ROCKLAND CSD","SULLIVAN",NA,"0","0",NA,"0","0","0","0",NA,"0",NA,"0",NA,NA,"0",NA,NA,"0","0","0","0","0","0","0","0","0","0","0","0",NA,NA,NA,"0",NA,"0","0",NA,NA,NA,NA,NA,"0",NA,NA,NA,NA,NA,NA,"0","0",NA,"0",NA,NA,NA,NA,NA,NA,NA,NA,NA,"0",NA,NA,NA,NA,NA,NA,NA,NA,NA,NA,"0",NA,NA,NA,NA,NA,NA,NA,NA,NA,NA,"0",NA,NA,NA,"0",NA,NA,"0",NA,NA,NA,"0",NA,NA,NA,"0",NA,NA,"0","0",NA,NA,"0"
"589","591401","2025","MONTICELLO CSD","SULLIVAN","0","131802","2357624","0","34254875","8950221","2334318","223118","0","231320","0","0","0","0","204145","0","0","204145","5224388","526504","0","380548","18323","4714051","0","0","11356906","22220720","243470","89375","0","10146","239","0","343230","696024","0","0","3225","799","0","700048","197019","29097","0","22018","20801","0","268935","307507","0","699872","116785","53039","109262","95064","0","0","0","0","351332","1425354","0","0","0","0","0","0","0","0","0","0","0","1115664","440076","0","142151","6413","0","0","0","0","422343","2126647","0","0","0","0","0","820202","84896","0","399644","0","1304742","0","80644","0","0","0","11304","91948","13995","0","0","105943"
"590","591502","2025","SULLIVAN WEST CSD","SULLIVAN","0","0","962189","0","12804685","2585490","836656","0","0","42781","0","0","0","0","103509","0","0","103509","1015375","449172","0","85751","121725","-10952","868942","0","1863129","4393142","45219","0","0","93","0","0","45312","209501","0","0","0","0","0","209501","0","0","0","0","0","0","0","80331","0","326833","5917","0","25686","0","0","0","0","0","0","358436","0","0","0","0","0","0","0","0","0","0","0","0","0","0","0","0","0","0","0","0","0","0","41585","22651","0","484","0","0","135170","0","39403","12403","251696","0","0","0","0","0","0","0","115011","0","0","115011"
"591","600101","2025","WAVERLY CSD","TIOGA","0",NA,"392132","0","21428487","2148762","2750621","111082",NA,"48146",NA,NA,NA,NA,"77855",NA,NA,"77855","1171134","538644","1217","1949","8805","331159","15322",NA,"2209433","4277663","104755","22563",NA,NA,NA,"100216","227534",NA,"191227",NA,"25000","1196","69770","287193",NA,NA,NA,NA,NA,NA,"0","24148",NA,"275736",NA,NA,"9977",NA,NA,NA,NA,NA,"134834","420547",NA,NA,NA,NA,NA,NA,NA,NA,NA,NA,"0",NA,NA,NA,NA,NA,NA,NA,NA,NA,NA,"0",NA,NA,NA,NA,NA,"19310",NA,NA,"84493",NA,"103803",NA,"10842",NA,NA,NA,"1692","12534",NA,NA,NA,"12534"
"592","600301","2025","CANDOR CSD","TIOGA",NA,NA,"1005643",NA,"10145043","1513121","929565",NA,NA,"69230",NA,NA,NA,NA,"2372",NA,NA,"2372","906231","203563","1815","16373","7242","62662","210861","3812","759384","2171943",NA,NA,NA,NA,NA,NA,"0",NA,NA,NA,NA,NA,NA,"0",NA,NA,NA,NA,NA,NA,"0","17308",NA,"197789","5689",NA,"16089","1704",NA,NA,NA,NA,"10305","231576",NA,NA,NA,NA,NA,NA,NA,NA,NA,NA,"0",NA,NA,NA,NA,NA,NA,NA,NA,NA,NA,"0",NA,NA,NA,NA,NA,NA,"18718",NA,"33050",NA,"51768",NA,"12941",NA,"21830",NA,NA,"34771",NA,NA,NA,"34771"
"593","600402","2025","NEWARK VALLEY CSD","TIOGA",NA,"11674","111255",NA,"12204787","2182441","2148690",NA,NA,"25106",NA,NA,NA,NA,"21235",NA,NA,"21235","1119326","304400",NA,"350","1716",NA,"161701",NA,"542421","2129914",NA,NA,NA,NA,NA,NA,"0","207841",NA,NA,"15000","146",NA,"222987",NA,NA,NA,NA,NA,NA,"0","4948",NA,"175497","118615",NA,"15813","7245",NA,NA,NA,NA,NA,"317170","53707","6481",NA,NA,NA,NA,NA,NA,NA,NA,"60188",NA,NA,NA,NA,NA,NA,NA,NA,NA,NA,"0","7344",NA,NA,NA,NA,NA,"770",NA,"3506",NA,"11620",NA,"4779",NA,NA,"3718","4622","13119",NA,NA,NA,"13119"
"594","600601","2025","OWEGO-APALACHIN CSD","TIOGA",NA,"45627","213652",NA,"19015075","3414891","4116191",NA,NA,"56744",NA,NA,NA,NA,"54390",NA,NA,"54390","1867860","1168044",NA,"52506","9058","33449","447520",NA,"1606288","5184725","158954",NA,NA,"45064",NA,NA,"204018","178676",NA,NA,"59093",NA,NA,"237769",NA,NA,NA,NA,NA,NA,"0","32720",NA,"592924",NA,NA,"7922",NA,NA,NA,NA,NA,NA,"600846",NA,NA,NA,NA,NA,NA,NA,NA,NA,NA,"0",NA,NA,NA,NA,NA,NA,NA,NA,NA,NA,"0",NA,NA,NA,NA,NA,NA,"100325",NA,"54705",NA,"155030",NA,"8568",NA,NA,NA,NA,"8568",NA,NA,NA,"8568"
"595","600801","2025","SPENCER-VAN ETTEN CSD","TIOGA","0","139138","285478","0","11793570","1198618","1878856","0","0","44967",NA,"0","0","0","25029","0","0","25029","1328052","18996","0","125503","8951","71359","0","0","1180473","2741055","94425","0","0","0","0","0","94425","146586","0","0","0","671","0","147257","0","0","0","0","0","0","0","13732","7721","143968","0","0","9544","29768","0","0","0","0","94830","278110","0","0","0","0","0","0","0","0","0","0","0","0","0","0","0","0","0","0","0","0","0","0","0","0","0","0","0","0","0","0","52191","0","52191","0","7776","0","0","7020","1674","16470","0","0","0","16470"
"596","600903","2025","TIOGA CSD","TIOGA",NA,"1310","51156",NA,"14534038","1094919","904908",NA,NA,"33724",NA,NA,NA,NA,"12775",NA,NA,"12775","522703","312980",NA,"8209","11731",NA,"200245",NA,"744111","1799979","116944",NA,NA,NA,"2309",NA,"119253",NA,NA,NA,NA,NA,NA,"0",NA,NA,NA,NA,NA,NA,"0","26844",NA,"173576","10733",NA,"26440","26918",NA,NA,NA,NA,NA,"237667",NA,NA,NA,NA,NA,NA,NA,NA,NA,NA,"0",NA,NA,NA,NA,NA,NA,NA,NA,NA,NA,"0",NA,NA,NA,NA,NA,NA,"10570",NA,"20456",NA,"31026",NA,"11467",NA,NA,"1780",NA,"13247",NA,NA,NA,"13247"
"597","610301","2025","DRYDEN CSD","TOMPKINS","0","0","1581821","0","13393419","3331902","1977405","229436","0","213871","0","0","0","0","187120","0","0","187120","2313852","1375902","0","486251","3753","263375","39336","0","2945015","7427484","132988","0","0","95","331","0","133414","0","0","0","0","0","0","0","0","0","0","0","0","0","0","183518","0","344559","144178","0","31841","9481","0","0","0","0","51879","581938","0","0","0","0","0","0","0","0","0","0","0","0","0","0","0","0","0","0","0","0","0","0","0","0","0","9147","0","0","0","0","162355","0","171502","0","68634","0","0","11175","31030","110839","0","0","0","110839"
"598","610327","2025","GEORGE JUNIOR REPUBLIC UFSD","TOMPKINS",NA,NA,"105510",NA,NA,NA,"99323",NA,NA,NA,NA,NA,NA,NA,"20674",NA,NA,"20674",NA,NA,NA,NA,NA,NA,NA,NA,NA,"0",NA,NA,NA,NA,NA,NA,"0",NA,NA,NA,"30365",NA,NA,"30365",NA,NA,NA,NA,NA,NA,"0",NA,NA,"75888",NA,NA,NA,NA,NA,NA,NA,NA,"20201","96089",NA,NA,NA,NA,NA,NA,NA,NA,NA,NA,"0",NA,NA,NA,NA,NA,NA,NA,NA,NA,NA,"0",NA,NA,NA,NA,NA,NA,NA,NA,NA,NA,"0",NA,NA,NA,NA,NA,NA,"0",NA,NA,NA,"0"
"599","610501","2025","GROTON CSD","TOMPKINS",NA,NA,"1771097",NA,"9016797","2168363","1149593",NA,NA,"36787",NA,NA,NA,NA,"6688",NA,NA,"6688","552641","120881","870","206523","3121","3706",NA,NA,"2042541","2930283","143388",NA,NA,NA,"274",NA,"143662","96278",NA,NA,NA,"66",NA,"96344",NA,NA,NA,NA,NA,NA,"0","18215",NA,"240489","4567",NA,"29054",NA,NA,NA,NA,NA,NA,"274110",NA,NA,NA,NA,NA,NA,NA,NA,NA,NA,"0",NA,NA,NA,NA,NA,NA,NA,NA,NA,NA,"0",NA,NA,NA,NA,NA,NA,NA,NA,"72729","4828","77557",NA,"13519",NA,NA,NA,NA,"13519",NA,NA,NA,"13519"
"600","610600","2025","ITHACA CITY SD","TOMPKINS","0","0","4204275","0","19450056","6484467","5099039","0","0","290831","0","0","0","0","207449","0","0","207449","7647041","3018347","14094","4073455","32859","49319",NA,"0","8153546","23151126","649351","0","0","0","0","0","649351","990415","0","0","0","0","0","990415","0","0","0","223574","0","0","223574","1006420","162465","1474251",NA,NA,"54420",NA,NA,NA,NA,NA,NA,"1528671",NA,NA,NA,NA,NA,NA,NA,NA,NA,NA,"0","1680766","453937",NA,"180679","10657",NA,NA,NA,NA,"961086","3287125","173943","151107",NA,"397947",NA,NA,NA,NA,NA,"29012","752009",NA,"68210",NA,"57663",NA,NA,"125873",NA,NA,NA,"125873"
"601","610801","2025","LANSING CSD","TOMPKINS",NA,NA,"1021561",NA,"6292028","1344265","1760266",NA,NA,"45948",NA,NA,NA,NA,"79122",NA,NA,"79122","1823480","687302","2238","322004","4230","183735","2480","13","937222","3981164","345753",NA,NA,NA,NA,NA,"345753","182150",NA,NA,NA,NA,NA,"182150",NA,NA,NA,NA,NA,NA,"0","21469","18460",NA,NA,NA,NA,NA,NA,NA,NA,NA,NA,"0",NA,NA,NA,NA,NA,NA,NA,NA,NA,NA,"0",NA,NA,NA,NA,NA,NA,NA,NA,NA,NA,"0",NA,NA,NA,NA,NA,NA,"8000",NA,"71473",NA,"79473",NA,"16355",NA,"8898",NA,"2619","27872",NA,NA,NA,"27872"
"602","610901","2025","NEWFIELD CSD","TOMPKINS",NA,NA,"1249136",NA,"10413670","2169673","1480364",NA,NA,"64823",NA,NA,"0","0","30605","0","0","30605","905754","425899","0","158095","1062","0","0","0","2442307","3936879","128088","0","0","0","0","0","128088","190642","0","0","0","0","0","190642","0","0","0","0","0","0","0","0","3762","193007","38128","0","0","5214","0","0","0","0","0","236349","0","0","0","0","0","0","0","0","0","0","0","11384","0","0","0","0","0","0","0","0","0","11384","0","0","0","76252","0","0","0","0","0","0","76252","0","0","0","0","0","0","0","0","0","0","0"
"603","611001","2025","TRUMANSBURG CSD","TOMPKINS","0","61841","989475","0","9677663","2006177","1607457","310795","0","63446","0","0","0","0","18881","0","0","18881","1107348","389945","0","283043","10221","0","115933","0","1875756","3783698","317445","0","0","0","0","0","317445","138731","0","0","0","0","0","138731","116887","31628","0","0","0","0","148515","0","1452","297917","5057","0","15788","0","0","0","0","0","0","318762","0","0","0","0","0","0","0","0","0","0","0","0","0","0","0","0","0","0","0","0","0","0","0","0","0","0","0","0","0","0","89091","0","89091","0","32534","0","4996","0","15584","53114","0","0","0","53114"
"604","620202","2025","WEST PARK UFSD","ULSTER",NA,NA,NA,NA,NA,NA,NA,NA,NA,NA,NA,NA,NA,NA,NA,NA,NA,"0",NA,NA,NA,NA,NA,NA,NA,NA,NA,"0",NA,NA,NA,NA,NA,NA,"0",NA,NA,NA,NA,NA,NA,"0",NA,NA,NA,NA,NA,NA,"0",NA,NA,NA,NA,NA,NA,NA,NA,NA,NA,NA,NA,"0",NA,NA,NA,NA,NA,NA,NA,NA,NA,NA,"0",NA,NA,NA,NA,NA,NA,NA,NA,NA,NA,"0",NA,NA,NA,NA,NA,NA,NA,NA,NA,NA,"0",NA,NA,NA,NA,NA,NA,"0",NA,NA,NA,"0"
"605","620600","2025","KINGSTON CITY SD","ULSTER",NA,"285058","2146338",NA,"56954133","21697952","6786579","405622",NA,"195148",NA,NA,NA,NA,"136166",NA,NA,"136166","22840182","737812","11878","241493","46220","436890","7377417",NA,"13945053","45636945",NA,NA,NA,NA,NA,NA,"0","1457973",NA,NA,"300",NA,NA,"1458273",NA,NA,NA,NA,NA,NA,"0","627536",NA,"1333042","50000",NA,"454084",NA,NA,NA,NA,NA,"521480","2358606",NA,NA,NA,NA,NA,NA,NA,NA,NA,NA,"0","43273",NA,NA,"43040",NA,NA,NA,NA,NA,NA,"86313","352581","48206",NA,"34141",NA,NA,"1911103",NA,NA,"75073","2421104",NA,NA,NA,NA,NA,NA,"0","716576",NA,NA,"716576"
"606","620803","2025","HIGHLAND CSD","ULSTER","0","0","0","0","10156591","3822822","2140198","0","0","223163","0","0","0","0","103992","0","0","103992","3253136","88904","0","43255","11833","0","1136096","0","2736123","7269347","383340","0","0","0","0","0","383340","340691","0","0","0","0","0","340691","0","0","0","0","0","0","0","114908","0","408228","0","0","61851","13826","0","0","0","0","944","484849","0","0","0","0","0","0","0","0","0","0","0","0","0","0","0","0","0","0","0","0","0","0","0","0","0","0","0","0","147497","0","105600","0","253097","0","59707","0","51315","0","53422","164444","0","0","0","164444"
"607","620901","2025","RONDOUT VALLEY CSD","ULSTER","0","395881","776207","0","19760600","3952042","1968016","0","0","95910","0","0","0","0","205967","0","0","205967","3605957","2522869","0","114078","20459","0","1301715","0","1214344","8779422","605850","0","0","2602","14259","0","622711","234816","0","0","0","0","0","234816","723035","0","0","7859","39483","0","770377","212984","0","592865","0","0","49198","0","0","0","0","0","115","642178","0","0","0","0","0","0","0","0","0","0","0","0","0","0","0","0","0","0","0","0","0","0","0","0","0","1923","0","310421","0","0","0","0","312344","0","0","0","0","0","0","0","30206","0","0","30206"
"608","621001","2025","MARLBORO CSD","ULSTER","0","0","276713","0","19849909","0","1947249","0","0","106104","0","0","0","0","137469","0","0","137469","4841436","1163477","0","133417","23302","1018399","0","19","2615860","9795910","393057","125572","0","408","2456","0","521493","0","0","0","0","0","0","0","0","0","0","0","0","0","0","131515","0","495864","0","70516","43763","40081","0","0","0","0","0","650224","0","0","0","0","0","0","0","0","0","0","0","0","0","0","0","0","0","0","0","0","0","0","0","0","0","0","0","177419","0","0","165276","0","342695","0","0","0","0","0","0","0","176327","0","0","176327"
"609","621101","2025","NEW PALTZ CSD","ULSTER","0","33681","523579","0","11399833","3350578","1930502","223487","0",NA,"0","0","0","0","94440","0","0","94440","4317017","1419354","5571","413285","28594","106987","1601486","0","1522316","9414610","448196","0","0","0","0","0","448196","552703","0","0","0","0","0","552703","0","0","0","0","0","0","0","97419","0","480387","8092",NA,"63758",NA,NA,NA,NA,NA,NA,"552237",NA,NA,NA,NA,NA,NA,NA,NA,NA,NA,"0",NA,NA,NA,NA,NA,NA,NA,NA,NA,NA,"0",NA,NA,NA,NA,NA,NA,"327459",NA,"114723",NA,"442182",NA,"69110",NA,"117214",NA,"53716","240040",NA,NA,NA,"240040"
"610","621201","2025","ONTEORA CSD","ULSTER",NA,"180780","371550",NA,"6602584","2519096","638198",NA,NA,NA,NA,NA,NA,NA,"89138",NA,NA,"89138","3860461","83067",NA,NA,"28819","49130","840555",NA,"1338556","6200588","466363",NA,NA,NA,"8000",NA,"474363","490428",NA,NA,"38000","38",NA,"528466","164610",NA,NA,"1695","2000",NA,"168305","68922",NA,"228772","1235",NA,"44554","32151",NA,NA,NA,NA,NA,"306712",NA,NA,NA,NA,NA,NA,NA,NA,NA,NA,"0",NA,NA,NA,NA,NA,NA,NA,NA,NA,NA,"0",NA,NA,NA,NA,NA,NA,"194643",NA,"51550",NA,"246193",NA,"33789",NA,"32585",NA,"22508","88882","9534",NA,NA,"98416"
"611","621601","2025","SAUGERTIES CSD","ULSTER","29514","325131","585320","29514","14204435","5302219","2278135",NA,NA,"322085",NA,NA,NA,NA,"141732",NA,NA,"141732","5353693","1071059","11708","693741","39490","10155","2393309",NA,"2967865","12541020","433612",NA,NA,NA,"77",NA,"433689","406333",NA,NA,NA,NA,NA,"406333",NA,NA,NA,NA,NA,NA,"0","322305",NA,"397721","35547",NA,"98595",NA,NA,NA,NA,"43140","151344","726347",NA,NA,NA,NA,NA,NA,NA,NA,NA,NA,"0",NA,"7179",NA,"16452",NA,NA,NA,NA,NA,"5631","29262","1022","4424",NA,"10776",NA,NA,"489379",NA,"186150",NA,"691751",NA,NA,NA,NA,NA,NA,"0","204489",NA,NA,"204489"
"612","621801","2025","WALLKILL CSD","ULSTER",NA,NA,"807830",NA,"20349442","7467300","2627732","72376",NA,"44389",NA,NA,NA,NA,"131841",NA,NA,"131841","4481689","1469571",NA,"124596","28208","17862","1262713","7981","3002243","10394863","526351",NA,NA,NA,"356",NA,"526707","692235",NA,NA,NA,"602",NA,"692837",NA,NA,NA,NA,NA,NA,"0","195016",NA,"774525","17682",NA,"57760","14721",NA,NA,NA,NA,NA,"864688",NA,NA,NA,NA,NA,NA,NA,NA,NA,NA,"0",NA,NA,NA,NA,NA,NA,NA,NA,NA,NA,"0",NA,NA,NA,NA,NA,NA,"126906",NA,"276820",NA,"403726",NA,NA,NA,NA,NA,NA,"0","213071",NA,NA,"213071"
"613","622002","2025","ELLENVILLE CSD","ULSTER",NA,"6491","906394",NA,"20099928","3981635","2181128",NA,NA,"2552",NA,NA,"33150",NA,"234522",NA,NA,"267672","3425917","874181",NA,"80446","10260","276958","2567731",NA,"4417039","11652532","196890",NA,NA,"89","1095",NA,"198074","317199",NA,NA,NA,"689",NA,"317888",NA,NA,NA,NA,NA,NA,"0","221520",NA,"332880","33953",NA,"57118","10947",NA,NA,NA,"13565",NA,"448463",NA,NA,NA,NA,NA,NA,NA,NA,NA,NA,"0",NA,NA,NA,NA,NA,NA,NA,NA,NA,NA,"0",NA,NA,NA,NA,NA,NA,"638333",NA,NA,NA,"638333",NA,NA,NA,NA,NA,NA,"0","492197",NA,NA,"492197"
"614","630101","2025","BOLTON CSD","WARREN","0","0","34429","0","637310","107923","129611","0",NA,"0",NA,NA,"0","0","17064","0","0","17064","205381","0","0","29555","804","9389","0","1420","100211","346760","59878","0","0","181","2885","0","62944","0","0","0","0","0","0","0","0","0","0","0","0","0","0","0","0","43990","0","0","5057","0","0","0","0","0","0","49047","0","0","0","0","0","0","0","0","0","0","0","0","0","0","0","0","0","0","0","0","0","0","0","0","0","0","0","0","0","0","0","0","0","0","0",NA,"0","0","0","0","0",NA,"0","0"
"615","630202","2025","NORTH WARREN CSD","WARREN",NA,"54043","55202",NA,"3959389",NA,"169756",NA,NA,"83460",NA,NA,NA,NA,"26155",NA,NA,"26155","641469","49431","85","225011","5748",NA,"128340",NA,"211357","1261441","108682",NA,NA,NA,"957",NA,"109639",NA,NA,NA,NA,NA,NA,"0",NA,NA,NA,NA,NA,NA,"0",NA,NA,"109878","39566",NA,"16056",NA,NA,NA,NA,NA,NA,"165500",NA,NA,NA,NA,NA,NA,NA,NA,NA,NA,"0",NA,NA,NA,NA,NA,NA,NA,NA,NA,NA,"0",NA,"3527",NA,NA,NA,NA,"7374",NA,"19802",NA,"30703",NA,"21192",NA,"20129",NA,NA,"41321",NA,NA,NA,"41321"
"616","630300","2025","GLENS FALLS CITY SD","WARREN","15257","1550570","326782","15257","13912011","4827345","1913076","144752",NA,"267662",NA,NA,NA,NA,"90419",NA,"19716","110135","2877925","1502754",NA,"154850","3251",NA,"1414218",NA,"1767970","7720968","604573",NA,NA,NA,NA,NA,"604573","553210",NA,NA,"32083",NA,"36656","621949",NA,NA,NA,NA,NA,NA,"0","147450",NA,"626204","56081",NA,"100561","47214",NA,NA,NA,NA,"129522","959582",NA,NA,NA,NA,NA,NA,NA,NA,NA,NA,"0",NA,NA,NA,NA,NA,NA,NA,NA,NA,NA,"0","60593","43851",NA,NA,"858",NA,"409190",NA,"142773","21834","679099",NA,"12874",NA,NA,NA,NA,"12874","45276",NA,NA,"58150"
"617","630601","2025","JOHNSBURG CSD","WARREN","0","0","16483","0","2912812","601975","184826","0",NA,"74421",NA,NA,"0","0","13694","0","0","13694","170239","72629","0","132275","4016","377051","0","0","390422","1146632","89958","0","0","140","34","0","90132","0","0","0","0","0","0","0","0","0","0","0","0","0","0","4064","0","69305","0","0","0","0","0","0","0","0","5105","74410","0","0","0","0","0","0","0","0","0","0","0","0","0","0","0","0","0","0","0","0","0","0","0","0","0","0","0","0","56604","0","0","0","56604","0","0",NA,"0","0","0","0","0",NA,"0","0"
"618","630701","2025","LAKE GEORGE CSD","WARREN","0","0","116988","0","1083884","839894","520599","0","0","49446","0","0","0","0","24300","0","0","24300","1054035","29725","0","203035","16582","54172","68256","0","441577","1867382","57205","0","0","0","71","0","57276","170396","0","0","0","522","0","170918","0","0","0","80000","0","0","80000","20296","0","189834","0","0","16681","0","0","0","0","0","0","206515","0","0","0","0","0","0","0","0","0","0","0","4263","0","0","2326","0","0","0","0","0","0","6589","0","0","0","0","0","0","50795","0","22705","0","73500","0","17702","0","6254","0","4023","27979","0","0","0","27979"
"619","630801","2025","HADLEY-LUZERNE CSD","WARREN","0","77688","118719","0","6715544","1303731","397743",NA,NA,"177699",NA,"0","0","0","17893","0","0","17893","1207210","389773","0","126064","6157","2609","192036","0","276924","2200773","115718","0","0","0","0","0","115718","176814","0","0","0","0","0","176814","0","0","0","0","0","0","0","0","0","144798","17555",NA,"17568","7345",NA,NA,NA,NA,"0","187266",NA,NA,NA,NA,NA,NA,NA,NA,NA,NA,"0",NA,NA,NA,NA,NA,NA,NA,NA,NA,NA,"0",NA,NA,NA,"50194",NA,NA,NA,NA,"27471",NA,"77665",NA,NA,NA,NA,NA,NA,"0",NA,NA,NA,"0"
"620","630902","2025","QUEENSBURY UFSD","WARREN","0","190242","300863","0","20754296","4177690","1780214","0","0","151207","0","0","0","0","107060","0","0","107060","2993200","1129876","0","725214","27139","0","1992673","0","1010353","7878455","441128","0","0","0","286","0","441414","212323","0","0","0","0","0","212323","0","0","0","0","0","0","0","122655","0","737776","51130","0","76570","0","0","0","0","0","0","865476","0","0","0","0","0","0","0","0","0","0","0","0","0","0","0","0","0","0","0","0","0","0","52973","42534","0","25544",NA,"0","434577","0","25849",NA,"581477","0","99682","25764","0","58754","36943","221143","0","0","0","221143"
"621","630918","2025","GLENS FALLS COMN SD","WARREN",NA,NA,"99900",NA,"1591334","280796","219806",NA,NA,"79843",NA,NA,NA,NA,"3244",NA,NA,"3244","184312","85163",NA,"821","1555","367413",NA,"14","94709","733987",NA,"61143",NA,NA,"745",NA,"61888","20474",NA,NA,NA,"37",NA,"20511",NA,"69525",NA,NA,"700",NA,"70225","4179",NA,"81234","79252",NA,NA,NA,NA,NA,NA,NA,NA,"160486",NA,NA,NA,NA,NA,NA,NA,NA,NA,NA,"0",NA,NA,NA,"11408",NA,NA,NA,NA,NA,NA,"11408",NA,NA,NA,"20898",NA,NA,NA,NA,NA,NA,"20898",NA,NA,NA,NA,NA,NA,"0",NA,NA,NA,"0"
"622","631201","2025","WARRENSBURG CSD","WARREN","0","0","150910","0","8238935","2580898","687200","0","0","54394","0","0","0","0","30889","0","0","30889","1367501","31588","3019","178793","8897","39042","0","650","752208","2381698","6811","0","0","0","0","0","6811","178740","0","0","0","0","0","178740","0","0","0","0","0","0","0","14465","0","238032","0","0","7042","0","0","0","0","0","0","245074","0","0","0","0","0","0","0","0","0","0","0","0","9524","0","2627","0","0","0","0","0","0","12151","0","0","0","0","0","0","11030","0","29433","0","40463","0","7668",NA,"3096",NA,"8568","19332","0","0","0","19332"
"623","640101","2025","ARGYLE CSD","WASHINGTON",NA,NA,"81954",NA,"4948067","1120927","607366",NA,NA,"55299",NA,NA,NA,NA,"1794",NA,"19080","20874","647304","212653",NA,"135598","6154","36271","165266","142","554336","1757724","16583",NA,NA,NA,NA,NA,"16583",NA,NA,NA,NA,NA,NA,"0",NA,NA,NA,NA,NA,NA,"0","29586",NA,"135599",NA,NA,"13853",NA,NA,NA,NA,NA,"12160","161612",NA,NA,NA,NA,NA,NA,NA,NA,NA,NA,"0","2689",NA,NA,"1872",NA,NA,NA,NA,NA,NA,"4561",NA,NA,NA,NA,NA,NA,"67001",NA,"20376",NA,"87377",NA,"10826",NA,NA,"5449","3646","19921",NA,NA,NA,"19921"
"624","640502","2025","FORT ANN CSD","WASHINGTON",NA,NA,"104609",NA,"4172849","1248501","621979",NA,NA,"34783",NA,NA,NA,NA,"31515",NA,NA,"31515","804109","352352",NA,"111956","3938","108233","71036",NA,"850201","2301825","102947",NA,NA,NA,"158",NA,"103105",NA,NA,NA,NA,NA,NA,"0",NA,NA,NA,NA,NA,NA,"0",NA,NA,"69347","1920",NA,"58453","9437",NA,NA,NA,NA,NA,"139157",NA,NA,NA,NA,NA,NA,NA,NA,NA,NA,"0",NA,NA,NA,NA,NA,NA,NA,NA,NA,NA,"0","9416","5007",NA,"2988",NA,"49060","10159",NA,NA,NA,"76630",NA,"14254","5693","7783",NA,"5845","33575",NA,NA,NA,"33575"
"625","640601","2025","FORT EDWARD UFSD","WASHINGTON",NA,"241441","152968",NA,"4207800","1671383","919647",NA,NA,"54317",NA,NA,NA,NA,"2907",NA,"25537","28444","602100","218894",NA,"89367","7313","24596","589545",NA,"613244","2145059","51103",NA,NA,NA,"659",NA,"51762","44336",NA,NA,"5500",NA,"57301","107137",NA,NA,NA,NA,NA,NA,"0","20178",NA,"101219","38328",NA,"23672","1299",NA,NA,NA,NA,"15685","180203",NA,NA,NA,NA,NA,NA,NA,NA,NA,NA,"0","2414",NA,NA,"6018",NA,NA,NA,NA,NA,NA,"8432",NA,NA,NA,NA,NA,NA,"59480",NA,"21134",NA,"80614",NA,"8912",NA,NA,"7848","682","17442",NA,NA,NA,"17442"
"626","640701","2025","GRANVILLE CSD","WASHINGTON","0","0","197406","0","13474982","3440308","1323825","0","0","115423","0","0","0","0","105004","0","0","105004","1238284","402338","2125","146217","13772","685332","0","0","1230156","3718224","463496","126777","0","23250","4409","0","617932","227327","0","0","0","0","0","227327","0","0","0","0","0","0","0","50792","0","174395","16970","0","78424","0","0","0","0","0","84789","354578","0","0","0","0","0","0","0","0","0","0","0","0","0","0","0","0","0","0","0","0","0","0","0","0","0","0","0","144391","0","0","75414","0","219805","0","34227","0","0","0","0","34227","0","0","0","34227"
"627","640801","2025","GREENWICH CSD","WASHINGTON","0","110132","165368","0","7018251","1944440","662043","0","0","175354","0","627","0","0","23105","0","0","23105","791481","345952","0","118749","11955","492391","0","0","847590","2608118","146661","0","0","0","693","0","147354","126322","0","0","0","0","0","126322","109675","38309","0","0","324","0","148308","30952","0","200428","5317","0","23182","0","0","0","0","0","30464","259391","0","0","0","0","0","0","0","0","0","0","0","0","0","0","0","0","0","0","0","0","0","0","1419","0","0","1311","0","0","71275","0","29142","0","103147","0","26195","0","3320","17254","4843","51612","0","0","0","51612"
"628","641001","2025","HARTFORD CSD","WASHINGTON",NA,NA,"96350",NA,"4708671","1128775","808401",NA,NA,"30064",NA,NA,NA,NA,"52376",NA,NA,"52376","198834","72952","3525","115454","4144","270826",NA,NA,"284855","950590","94796",NA,NA,NA,NA,NA,"94796",NA,NA,NA,NA,NA,NA,"0",NA,NA,NA,NA,NA,NA,"0","3509",NA,"128950","2951",NA,NA,NA,NA,NA,NA,NA,NA,"131901",NA,NA,NA,NA,NA,NA,NA,NA,NA,NA,"0",NA,NA,NA,NA,NA,NA,NA,NA,NA,NA,"0",NA,NA,NA,NA,NA,NA,NA,NA,NA,NA,"0",NA,NA,NA,NA,NA,NA,"0",NA,NA,NA,"0"
"629","641301","2025","HUDSON FALLS CSD","WASHINGTON",NA,NA,"284616",NA,"25829770","4804736","1846442",NA,NA,"363638",NA,NA,NA,NA,"35654",NA,NA,"35654","3670193","1054335",NA,"245310","24105",NA,"1419425",NA,"1679028","8092396","416756",NA,NA,NA,"878",NA,"417634","162377","194270",NA,NA,"567",NA,"357214",NA,NA,NA,NA,NA,NA,"0","89887",NA,"529077","8245",NA,"97490","19023",NA,NA,NA,NA,"15535","669370",NA,NA,NA,NA,NA,NA,NA,NA,NA,NA,"0",NA,NA,NA,NA,NA,NA,NA,NA,NA,NA,"0","71510","17747",NA,"270221",NA,NA,NA,NA,"43381","9633","412492",NA,NA,NA,NA,NA,NA,"0",NA,NA,NA,"0"
"630","641401","2025","PUTNAM CSD","WASHINGTON","0","0","8612","0","748282","0","57357","0","0","0","0","0","0","0","1260","0","0","1260","38170","0","0","810","2","84328","0","0","7513","130823","0","0","0","0","0","0","0","0","0","0","0","0","0","0","0","0","0","0","0","0","0","0","0","0","15361","0","0","0","0","0","0","412","0","15773","0","0","0","0","0","0","0","0","0","0","0","0","0","0","0","0","0","0","0","0","0","0","0","0","0","0","0","0","0","0","0","0","0","0","0","0","0","0","0","0","0","0","0","0"
"631","641501","2025","SALEM CSD","WASHINGTON",NA,"26302","90696",NA,"7332519","1135306","737371",NA,NA,"149916",NA,NA,NA,NA,"33981",NA,NA,"33981","1329605","393905",NA,"164466","20835","223112",NA,NA,"603797","2735720","66196",NA,NA,"1150","6516",NA,"73862","39485",NA,NA,NA,"73",NA,"39558",NA,NA,NA,"350","44",NA,"394","43450",NA,"187858","64434",NA,"17485","5828",NA,NA,NA,NA,"101546","377151",NA,NA,NA,NA,NA,NA,NA,NA,NA,NA,"0",NA,NA,NA,NA,NA,NA,NA,NA,NA,NA,"0",NA,NA,NA,NA,NA,NA,NA,NA,NA,NA,"0",NA,NA,NA,NA,NA,NA,"0",NA,NA,NA,"0"
"632","641610","2025","CAMBRIDGE CSD","WASHINGTON","0","32738","144146","0","9231834","2079310","753052","0","0","56128","0","0","0","0","65703","0","0","65703","1024782","457936","2658","141563","7615","0","245492","2772","626368","2509186","65155","0","0","8350","2334","0","75839","63194","0","0","0","213","38598","102005","0","0","0","0","0","0","0","0","0","170295","0","0","38372","0","0","0","0","0","66513","275180","0","0","0","0","0","0","0","0","0","0","0","0","0","0","0","0","0","0","0","0","0","0","26671","13172","0","9390","542","0","75844","0","0","11219","136838","0","28712","0","0","3538","0","32250","13140","0","0","45390"
"633","641701","2025","WHITEHALL CSD","WASHINGTON",NA,NA,"187304",NA,"8215730","2044604","606564",NA,NA,"95710",NA,NA,"0","0","53142","0","0","53142","1191240","109693","0","505950","8798","0","0","0","1079011","2894692","130855","0","0","0","440","0","131295","63537","0","0","0","292","0","63829","0","0","0","0","0","0","0","22399","0","4498","153223","0","46196","0","0","0","0","0","23674","227591","0","0","0","0","0","0","0","0","0","0","0","0","0","0","0","0","0","0","0","0","0","0","0","11910","0","40846","0","0","0","0","48939","2521","104216","0","18061","0","0","0","2380","20441","0","0","0","20441"
"634","650101","2025","NEWARK CSD","WAYNE",NA,"145290","655999",NA,"26965263","5820783","3320525",NA,NA,"205037",NA,NA,NA,NA,"59234",NA,"41867","101101","2304199","441181",NA,"34922","19866","434821",NA,NA,"5630632","8865621","594913","21057",NA,NA,NA,NA,"615970",NA,NA,NA,NA,NA,NA,"0",NA,NA,NA,NA,NA,NA,"0","220108",NA,"583298",NA,NA,"124299","2236",NA,NA,NA,NA,NA,"709833",NA,NA,NA,NA,NA,NA,NA,NA,NA,NA,"0",NA,"15181",NA,"16536","1000",NA,NA,NA,NA,NA,"32717","61497","16601",NA,NA,NA,NA,"73306",NA,"463314","14640","629358",NA,"59719",NA,NA,"95209","25592","180520",NA,NA,NA,"180520"
"635","650301","2025","CLYDE-SAVANNAH CSD","WAYNE",NA,NA,"353959",NA,"14995305","2604910","1562963",NA,NA,"135336",NA,NA,NA,NA,"30413",NA,"31746","62159","651057","333635",NA,"230702","14939","70528",NA,NA,"2059571","3360432","63161",NA,NA,NA,"2860",NA,"66021","96393",NA,NA,NA,"145",NA,"96538",NA,NA,NA,NA,NA,NA,"0",NA,NA,"198164",NA,NA,"12072",NA,NA,NA,NA,NA,"91176","301412",NA,NA,NA,NA,NA,NA,NA,NA,NA,NA,"0","6189","3905",NA,"5375",NA,NA,NA,NA,NA,"4233","19702",NA,NA,NA,NA,NA,"1965",NA,NA,"162232",NA,"164197",NA,"36551",NA,"13509","33002","7590","90652",NA,NA,NA,"90652"
"636","650501","2025","LYONS CSD","WAYNE",NA,NA,NA,NA,"13394260","2206714","2109297",NA,"42825","196689",NA,NA,NA,NA,"75674",NA,"32378","108052","1128084","249734",NA,"31045","7229","308330",NA,NA,"2606206","4330628","59708",NA,NA,NA,"5814",NA,"65522",NA,NA,NA,NA,NA,NA,"0",NA,NA,NA,NA,NA,NA,"0","63470",NA,NA,"48411",NA,NA,NA,NA,NA,NA,NA,"3691","52102",NA,NA,NA,NA,NA,NA,NA,NA,NA,NA,"0",NA,NA,NA,NA,NA,NA,NA,NA,NA,NA,"0",NA,NA,NA,NA,NA,NA,NA,NA,NA,NA,"0",NA,NA,NA,NA,NA,NA,"0",NA,NA,NA,"0"
"637","650701","2025","MARION CSD","WAYNE",NA,"75805","311515",NA,"8709670","2183576","1238151",NA,NA,"91850",NA,NA,NA,NA,"24457",NA,"24752","49209","1335271","234082",NA,"37947","5922","817772",NA,NA,"1114635","3545629","117010",NA,NA,"34920","1049",NA,"152979","4981",NA,NA,NA,"32",NA,"5013",NA,NA,NA,NA,NA,NA,"0","121208",NA,"67011","79331",NA,"51871",NA,NA,NA,NA,NA,"31739","229952",NA,NA,NA,NA,NA,NA,NA,NA,NA,NA,"0","77635",NA,NA,NA,NA,NA,NA,NA,NA,"5939","83574","2126",NA,NA,NA,NA,"11770","58777",NA,"82612",NA,"155285",NA,"31105",NA,NA,"19638","17214","67957",NA,NA,NA,"67957"
"638","650801","2025","WAYNE CSD","WAYNE",NA,"426061","310316",NA,"13494182","3249950","1792745","1613",NA,"46183",NA,NA,NA,NA,"67144",NA,"36648","103792","2953398","1522443",NA,"20594","14506","44880","589955",NA,"781159","5926935","382792",NA,NA,"803","673",NA,"384268","67024",NA,NA,"444","593",NA,"68061",NA,NA,NA,"67148",NA,NA,"67148","73606",NA,"468197","119603",NA,"76670","51541",NA,NA,NA,"7650",NA,"723661",NA,NA,NA,NA,NA,NA,NA,NA,NA,NA,"0",NA,NA,NA,NA,NA,NA,NA,NA,NA,NA,"0","80002","47001",NA,"86943",NA,NA,NA,NA,"54680","23644","292270",NA,"38467","14700","11188",NA,"11404","75759",NA,NA,NA,"75759"
"639","650901","2025","PALMYRA-MACEDON CSD","WAYNE",NA,"229034",NA,NA,"17556734","2812689","2952547","82389",NA,"237124",NA,NA,NA,NA,"135224",NA,"32102","167326","2718804","547733",NA,"41701",NA,"26157","655289",NA,"2030911","6020595","266169",NA,NA,NA,NA,NA,"266169",NA,NA,NA,NA,NA,NA,"0",NA,NA,NA,NA,NA,NA,"0","145427",NA,"345177","19944",NA,"67149","63028",NA,NA,NA,NA,"24637","519935",NA,NA,NA,NA,NA,NA,NA,NA,NA,NA,"0",NA,"13933",NA,"8862",NA,NA,NA,NA,NA,NA,"22795","40351","25929",NA,"159305",NA,NA,NA,NA,"153227","12138","390950",NA,"60856",NA,NA,"63052","12387","136295",NA,NA,NA,"136295"
"640","650902","2025","GANANDA CSD","WAYNE",NA,NA,"300228",NA,"8702984","1006244","1120248",NA,NA,"75916",NA,NA,NA,NA,"12572",NA,"31706","44278","973109","253475",NA,"26735","3827","628096",NA,NA,"1625050","3510292","202677",NA,NA,NA,"1344",NA,"204021",NA,NA,NA,NA,NA,NA,"0",NA,NA,NA,NA,NA,NA,"0","55004",NA,"220471",NA,NA,"35424",NA,NA,NA,NA,NA,NA,"255895",NA,NA,NA,NA,NA,NA,NA,NA,NA,NA,"0",NA,"2575",NA,"7776",NA,NA,NA,NA,NA,"18","10369",NA,NA,NA,NA,NA,"11843",NA,NA,"110640",NA,"122483",NA,"24326",NA,"1276","10324","5485","41411",NA,NA,NA,"41411"
"641","651201","2025","SODUS CSD","WAYNE","166763","11171","349025","166763","15366932","2500834","1538893",NA,NA,"30965",NA,NA,NA,NA,"74737",NA,"31034","105771","1272453","212294","3065","21362","4525","415917",NA,NA,"1354950","3284566","76775",NA,NA,NA,"1719",NA,"78494",NA,"22355",NA,NA,NA,NA,"22355",NA,NA,NA,NA,NA,NA,"0",NA,NA,"352143","4997",NA,"46879",NA,NA,NA,NA,NA,"26473","430492",NA,NA,NA,NA,NA,NA,NA,NA,NA,NA,"0",NA,NA,NA,NA,NA,NA,NA,NA,NA,NA,"0",NA,NA,NA,NA,NA,NA,NA,NA,"109064",NA,"109064",NA,NA,NA,NA,NA,NA,"0",NA,NA,NA,"0"
"642","651402","2025","WILLIAMSON CSD","WAYNE",NA,"354808","357727",NA,"8762830","2180151","1538685",NA,NA,"63385",NA,NA,NA,NA,"34271",NA,"32655","66926","1453340","444933",NA,"16928","9051","57347","339907",NA,"690767","3012273","81895","8112",NA,NA,NA,NA,"90007","147733",NA,NA,NA,NA,NA,"147733",NA,NA,NA,NA,NA,NA,"0","60379",NA,"250455","39275",NA,"45298",NA,NA,NA,NA,NA,NA,"335028",NA,NA,NA,NA,NA,NA,NA,NA,NA,NA,"0","24441","18723",NA,NA,NA,NA,NA,NA,NA,"7904","51068","38577","17481",NA,NA,NA,NA,"17340",NA,"63199","21897","158494",NA,"27534",NA,"15238",NA,NA,"42772",NA,NA,NA,"42772"
"643","651501","2025","NORTH ROSE-WOLCOTT CSD","WAYNE","0","8435","558882","0","14373539","2761836","1865930","0","0","86131","0","0","0","0","41456","0","9505","50961","1491966","542787","3419","401883","15910","491379","0","0","1980981","4928325","226732","0","0","12131","0","0","238863","110252","0","0","0","0","0","110252","0","0","0","0","0","0","0","106416","0","110609","289675","0","21731","152","0","0","0","0","476","422643","0","0","0","0","0","0","0","0","0","0","0","0","0","0","0","0","0","0","0","0","0","0","29012","13344","0","9541",NA,"0","0","0","189993","3240","245130","0","68837","0","20773","52577","5261","147448","0","0","0","147448"
"644","651503","2025","RED CREEK CSD","WAYNE",NA,"15991","335467",NA,"12690374","2155937","1351367",NA,NA,"90802",NA,NA,NA,NA,"85377",NA,"35001","120378","1000326","707365",NA,"21186","5798","73561","222548",NA,"968070","2998854","78339",NA,NA,NA,"1613",NA,"79952",NA,NA,NA,NA,NA,NA,"0",NA,NA,NA,"90000",NA,NA,"90000","11630",NA,"338467","9870",NA,NA,NA,NA,NA,NA,NA,NA,"348337",NA,NA,NA,NA,NA,NA,NA,NA,NA,NA,"0",NA,NA,NA,NA,NA,NA,NA,NA,NA,NA,"0",NA,NA,NA,NA,NA,"1553",NA,NA,"56599",NA,"58152",NA,NA,NA,"11289",NA,NA,"11289",NA,NA,NA,"11289"
"645","660101","2025","KATONAH-LEWISBORO UFSD","WESTCHESTER",NA,"85190","277410",NA,"4598477","2559105","2787032",NA,NA,NA,NA,NA,NA,NA,"520017",NA,NA,"520017","8714000","1067069","4054","582420","64280","118796","1587635","2090","936659","13077003","1192301",NA,NA,NA,NA,NA,"1192301","777530",NA,NA,NA,NA,NA,"777530",NA,NA,NA,NA,NA,NA,"0","173642",NA,"487437","49330","7330","139560","64886",NA,NA,NA,"37314","13156","799013",NA,NA,NA,NA,NA,NA,NA,NA,NA,NA,"0","11617",NA,NA,"19826",NA,"7395","263987",NA,"12700",NA,"315525","148215","39540",NA,"31994",NA,NA,NA,NA,NA,"35762","255511",NA,"66989","9884",NA,"20728","18772","116373",NA,NA,NA,"116373"
"646","660102","2025","BEDFORD CSD","WESTCHESTER",NA,"707350","193837",NA,"3963420","2311397","1658393","111082",NA,NA,NA,NA,NA,NA,"286618",NA,NA,"286618","8426989","6723529",NA,"627265","31270","715521","1875927",NA,"1700310","20100811","1519018",NA,NA,NA,NA,NA,"1519018","693298",NA,NA,"167114",NA,NA,"860412",NA,NA,NA,NA,NA,NA,"0","220000",NA,"732153","133901",NA,"170879","29491",NA,NA,NA,"1000",NA,"1067424",NA,NA,NA,NA,NA,NA,NA,NA,NA,NA,"0","102922",NA,NA,NA,NA,NA,NA,NA,NA,NA,"102922","110840","94693",NA,"352086",NA,NA,NA,NA,"41470","85781","684870",NA,NA,NA,NA,NA,NA,"0","252428",NA,NA,"252428"
"647","660202","2025","CROTON-HARMON UFSD","WESTCHESTER",NA,NA,"2670",NA,"6016227","1002987","841318",NA,NA,"14242",NA,NA,NA,NA,"166097",NA,NA,"166097","2853388","998535",NA,"87391","77225","125193","774499",NA,"606193","5522424","533436",NA,NA,NA,"680",NA,"534116","112440",NA,NA,"44390",NA,NA,"156830",NA,NA,NA,NA,NA,NA,"0","43761",NA,"206723","3429",NA,"123332",NA,NA,NA,NA,NA,NA,"333484",NA,NA,NA,NA,NA,NA,NA,NA,NA,NA,"0",NA,NA,NA,NA,NA,NA,NA,NA,NA,NA,"0","27983","18151",NA,NA,NA,NA,"79591",NA,NA,NA,"125725",NA,"93082",NA,NA,NA,NA,"93082",NA,NA,NA,"93082"
"648","660203","2025","HENDRICK HUDSON CSD","WESTCHESTER",NA,"2073423","226063",NA,"9885050","1808601","1543028",NA,NA,NA,NA,NA,NA,NA,"109825",NA,NA,"109825","7429602","751111",NA,"105745","75461","85221","1704362",NA,"1738132","11889634","527799",NA,NA,NA,NA,NA,"527799","527117",NA,NA,NA,NA,NA,"527117","1148487",NA,NA,NA,NA,NA,"1148487","117485",NA,"201078","41544","15690","178558","18516",NA,NA,NA,"169815",NA,"625201",NA,NA,NA,NA,NA,NA,NA,NA,NA,NA,"0",NA,NA,NA,NA,NA,NA,NA,NA,NA,NA,"0","190438","39700",NA,"25819",NA,NA,"151328",NA,"56764","36464","500513",NA,"86818",NA,NA,NA,NA,"86818",NA,NA,NA,"86818"
"649","660301","2025","EASTCHESTER UFSD","WESTCHESTER",NA,"1737419","276306",NA,"10538031","1087791","1852075",NA,NA,NA,NA,NA,NA,NA,"263382",NA,NA,"263382","10170205","1266239","12757","1990372","34858",NA,NA,"13947","845394","14333772","1414670",NA,NA,"350","6429",NA,"1421449",NA,NA,NA,NA,NA,NA,"0",NA,NA,NA,NA,NA,NA,"0","116528",NA,"499390","80431",NA,"115813",NA,NA,NA,NA,NA,NA,"695634",NA,NA,NA,NA,NA,NA,NA,NA,NA,NA,"0",NA,NA,NA,NA,NA,NA,NA,NA,NA,NA,"0","345066","65207",NA,NA,NA,NA,NA,NA,"22734","75000","508007",NA,NA,NA,NA,NA,NA,"0","74633",NA,NA,"74633"
"650","660302","2025","TUCKAHOE UFSD","WESTCHESTER",NA,"1581903","121329",NA,"3488978","689867","863722",NA,NA,"86250",NA,NA,NA,NA,"181304",NA,"20091","201395","3392467","1047512",NA,"581374","31796","10242","329750","4031","258593","5655765","403339",NA,NA,NA,"3591",NA,"406930",NA,NA,NA,NA,NA,NA,"0",NA,NA,NA,NA,NA,NA,"0","60210",NA,"231514","3441",NA,"35921","5836",NA,NA,NA,NA,"77","276789",NA,NA,NA,NA,NA,NA,NA,NA,NA,NA,"0",NA,NA,NA,NA,NA,NA,NA,NA,NA,NA,"0","95239","68046",NA,"36991",NA,NA,"30768",NA,"13245","31448","275737",NA,NA,NA,NA,NA,NA,"0","96544",NA,NA,"96544"
"651","660303","2025","BRONXVILLE UFSD","WESTCHESTER",NA,"1504490",NA,NA,"1235777","453201","869440","111082",NA,NA,NA,NA,NA,NA,"68255",NA,NA,"68255","4921621","64162","11150","79657","11872","601691",NA,"21073","31252","5742478",NA,NA,"555",NA,"13354",NA,"13909",NA,NA,NA,NA,NA,NA,"0",NA,NA,NA,NA,NA,NA,"0","19190",NA,"196618","171965",NA,"65799","41984",NA,NA,NA,NA,NA,"476366",NA,NA,NA,NA,NA,NA,NA,NA,NA,NA,"0",NA,NA,NA,NA,NA,NA,NA,NA,NA,NA,"0","101193","29996",NA,"8046",NA,"27710",NA,NA,NA,"22527","189472",NA,NA,NA,NA,NA,NA,"0",NA,NA,NA,"0"
"652","660401","2025","UFSD-TARRYTOWNS","WESTCHESTER","0","1420111","312074","0","10875439","2408770","2149593","0","0","0","0","0","0","0","240459","0","0","240459","5126959","425623","0","622412","21112","220804","1488402","5172","1689363","9599847","662149","0","0","0","2134","0","664283","578959","0","0","60701","6890","5774","652324","248315","170968","0","12679","0","0","431962","215720","0","252498","149122","0","329597","37091","0","0","0","0","0","768308","0","0","0","0","0","0","0","0","0","0","0","0","0","0","19614","0","0","0","0","0","0","19614","57468","41821","0","12038","154","0","296332","0","115540","16791","540144","0","107180","0","0","0","21167","128347","0","0","0","128347"
"653","660402","2025","IRVINGTON UFSD","WESTCHESTER",NA,NA,"120003",NA,"4486084","998085","898731",NA,NA,NA,NA,NA,NA,NA,"187368",NA,"625","187993","4364465","1977894",NA,"721945","20441","695360","746754","4379","1143018","9674256","682259",NA,NA,NA,"2781",NA,"685040","218459",NA,NA,NA,"203",NA,"218662","354413",NA,NA,NA,NA,NA,"354413","84808",NA,"135656",NA,NA,"198504","20978",NA,NA,NA,"30614","10170","395922",NA,NA,NA,NA,NA,NA,NA,NA,NA,NA,"0",NA,NA,NA,NA,NA,NA,NA,NA,NA,NA,"0","2058",NA,NA,NA,NA,"43736","134349",NA,"79778",NA,"259921",NA,NA,NA,NA,NA,NA,"0","110185",NA,NA,"110185"
"654","660403","2025","DOBBS FERRY UFSD","WESTCHESTER","0","980621","139914","0","4812134","922607","965750","0","0","108304","0","0","0","0","916393","0","0","916393","6352414","287434","11385","308353","15486","640721","646420","0","1135319","9397532","268451","0","0","50135","0","0","318586","325849","0","0","0","0","0","325849","0","0","0","0","0","0","0","65981","0","269916","5122","0","99565","37158","0","0","0","20194","38","431993","0","0","0","0","0","0","0","0","0","0","0","0","0","0","0","0","0","0","0","0","0","0","106984","0","0","20714","157","0","134120","0","15416","0","277391","0","0","0","0","0","0","0","52514","0","0","52514"
"655","660404","2025","HASTINGS-ON-HUDSON UFSD","WESTCHESTER",NA,"347770","248396",NA,"4604276","731815","1299468",NA,NA,NA,NA,NA,NA,NA,"119188",NA,NA,"119188","5387818","969873",NA,"515989","34363","965609","2808",NA,"615789","8492249","749516",NA,NA,"155","7433",NA,"757104",NA,NA,NA,NA,NA,NA,"0",NA,NA,NA,NA,NA,NA,"0","35239",NA,"135648","41041",NA,"42615","1260",NA,"91789",NA,NA,"125349","437702",NA,NA,NA,NA,NA,NA,NA,NA,NA,NA,"0",NA,NA,NA,NA,NA,NA,NA,NA,NA,NA,"0",NA,NA,NA,"94472",NA,NA,NA,NA,NA,NA,"94472",NA,NA,NA,NA,NA,NA,"0","81723",NA,NA,"81723"
"656","660405","2025","ARDSLEY UFSD","WESTCHESTER","6778","921304","188084","6778","8334644","1400776","923731","222164","0","33469","0","0","0","0","95209","0","0","95209","6307548","3095211","0","544293","16859",NA,"1168972","0","946904","12079787","945961","0","0","4788","0","0","950749","0","0","0","0","0","0","0","355518","0","0","600","4987","0","361105","207264","0","147263","32278","15615","184979","65656","0","0","0","25598","55626","527015","0","0","0","0","0","0","0","0","0","0","0","2158","728","0","9868","105","0","0","0","0","451","13310","164780","176287","0","52297","864","0","138498","0","25652","61749","620127","0","40014","0","0","0","6473","46487","0","0","0","46487"
"657","660406","2025","EDGEMONT UFSD","WESTCHESTER",NA,"508506","141992",NA,"3475265","1278312","1036335",NA,NA,NA,NA,NA,NA,NA,"208565",NA,"3500","212065","5670519","1330147","2244","872429","23629","660202","685927",NA,"285613","9530710","949703",NA,NA,"375","4521",NA,"954599",NA,NA,NA,NA,NA,NA,"0",NA,NA,NA,NA,NA,NA,"0","86536",NA,"89276","244720",NA,"35768","7877",NA,NA,NA,"29987",NA,"407628",NA,NA,NA,NA,NA,NA,NA,NA,NA,NA,"0",NA,NA,NA,NA,NA,NA,NA,NA,NA,NA,"0","86842","50160",NA,"49887",NA,NA,"50978",NA,"11367",NA,"249234",NA,NA,NA,NA,NA,NA,"0","43376",NA,NA,"43376"
"658","660407","2025","GREENBURGH CSD","WESTCHESTER",NA,"199654","210385",NA,"3500154","1104653","1159049",NA,NA,"71833",NA,NA,NA,NA,"235835",NA,NA,"235835","5497225","1615000",NA,"607780","15622",NA,"1706118",NA,"1209349","10667731","631757",NA,NA,NA,NA,NA,"631757","562040",NA,NA,"47409",NA,NA,"609449","585482","86836",NA,"144724",NA,NA,"817042","118657","16637","172705","222413",NA,"187627","9554",NA,NA,NA,NA,"78091","670390",NA,NA,NA,NA,NA,NA,NA,NA,NA,NA,"0","900347","276575",NA,"259713","12853",NA,NA,NA,NA,"223035","1672523","320362","34922",NA,"95444",NA,NA,"120585",NA,"21971",NA,"593284",NA,NA,NA,NA,NA,NA,"0","356712",NA,NA,"356712"
"659","660409","2025","ELMSFORD UFSD","WESTCHESTER","-4","0","141900","-4","5724335","1002270","617349","0","0","48280","0","0","0","0","122397","0","0","122397","2273296","128272","0","46304","6603","2431023","0","0","1576396","6461894","235821","0","0","0","3432","0","239253","148319","0","0","0","0","0","148319","0","0","0","0","0","0","0","244602","0","169014","0","0","127048","10650","0","0","0","0","8007","314719","0","0","0","0","0","0","0","0","0","0","0",NA,"0","0",NA,"0","0","0","0","0","0","0","0","0","0","11067","0","0","233758","0","72327","0","317152","0","0","0","0","0","0","0","257664","0","0","257664"
"660","660410","2025","GREENBURGH-GRAHAM UFSD","WESTCHESTER",NA,"25123980",NA,NA,NA,NA,"148280",NA,NA,NA,NA,NA,NA,NA,"48095",NA,NA,"48095",NA,NA,NA,NA,NA,NA,NA,NA,"16725","16725","702062",NA,NA,NA,NA,NA,"702062",NA,NA,NA,NA,NA,NA,"0","783160",NA,NA,"34988",NA,NA,"818148",NA,NA,NA,NA,NA,NA,NA,NA,NA,NA,NA,NA,"0",NA,NA,NA,NA,NA,NA,NA,NA,NA,NA,"0",NA,NA,NA,NA,NA,NA,NA,NA,NA,NA,"0",NA,NA,NA,NA,NA,NA,NA,NA,NA,NA,"0",NA,NA,NA,NA,NA,NA,"0",NA,NA,NA,"0"
"661","660411","2025","GREENBURGH ELEVEN UFSD","WESTCHESTER",NA,NA,"0",NA,NA,NA,"143614",NA,NA,NA,NA,NA,NA,NA,"130818",NA,NA,"130818",NA,NA,NA,NA,NA,NA,NA,NA,NA,"0","109936","168899",NA,NA,NA,NA,"278835",NA,NA,NA,NA,NA,NA,"0",NA,NA,NA,NA,NA,NA,"0",NA,NA,NA,NA,NA,NA,NA,NA,NA,NA,NA,NA,"0",NA,NA,NA,NA,NA,NA,NA,NA,NA,NA,"0",NA,NA,NA,NA,NA,NA,NA,NA,NA,NA,"0",NA,NA,NA,NA,NA,NA,NA,NA,NA,NA,"0",NA,NA,NA,NA,NA,NA,"0",NA,NA,NA,"0"
"662","660412","2025","GREENBURGH-NORTH CASTLE UFSD","WESTCHESTER",NA,"32171730","64935",NA,NA,NA,"311131",NA,NA,NA,NA,NA,NA,NA,"107869",NA,NA,"107869","7347289","6026524",NA,"144447","179745",NA,NA,NA,"15552","13713557","775620",NA,NA,NA,NA,NA,"775620","749313",NA,NA,NA,NA,NA,"749313","129252",NA,NA,NA,"7405",NA,"136657",NA,NA,"244492",NA,NA,"12670",NA,NA,NA,NA,NA,NA,"257162",NA,NA,NA,NA,NA,NA,NA,NA,NA,NA,"0",NA,NA,NA,NA,NA,NA,NA,NA,NA,NA,"0",NA,NA,NA,NA,NA,NA,NA,NA,NA,NA,"0",NA,NA,NA,NA,NA,NA,"0",NA,NA,NA,"0"
"663","660501","2025","HARRISON CSD","WESTCHESTER",NA,"93915","256125",NA,"2475247","2105863","1268624","367237",NA,NA,NA,NA,NA,NA,"331660",NA,NA,"331660","11319893","1807413",NA,"1030835","17875","13670","1810125",NA,"716464","16716275","1376435",NA,NA,NA,"6552",NA,"1382987",NA,NA,NA,"118514",NA,NA,"118514",NA,NA,NA,NA,NA,NA,"0","228659",NA,"834584",NA,NA,"120876",NA,NA,NA,NA,NA,"38","955498",NA,NA,NA,NA,NA,NA,NA,NA,NA,NA,"0",NA,NA,NA,"11832","17392",NA,NA,NA,NA,NA,"29224","49582","85051",NA,"14594",NA,NA,"272578",NA,"22116","24938","468859",NA,NA,NA,NA,NA,NA,"0","177060",NA,NA,"177060"
"664","660701","2025","MAMARONECK UFSD","WESTCHESTER","0","389277","72641","0","5074051","3352889","0","202169","886680","148822","0","0","0","0","309438","0","0","309438","10309196","3402933","20584","1220800","155463","0","1986641","180","1516822","18612619","2049501","0","0","0","0","0","2049501","920331","0","0","0","0","0","920331","0","0","0","0","0","0","0","173177","0","1021922","28351","0","96514","32665","0","0","0","0","194891","1374343","0","0","0","0","0","0","0","0","0","0","0","585075","261846","0","63694","300","0","0","0","0","121513","1032428","128297","66128","0","42723","825","0","281851","0","67303","33783","620910","0","0","0","0","0","0","0","244976","0","0","244976"
"665","660801","2025","MT PLEASANT CSD","WESTCHESTER",NA,"37926","6552",NA,"8838584","1576936","1364161",NA,NA,NA,NA,NA,NA,NA,"166040",NA,"3890","169930","6940193","928456","1472","343062","27739","353033","907238",NA,"695839","10197032","654322",NA,NA,NA,NA,NA,"654322","150032",NA,NA,NA,NA,NA,"150032",NA,NA,NA,NA,NA,NA,"0","122885",NA,"277934","71023",NA,"142224","25046",NA,NA,NA,"11295","59926","587448",NA,NA,NA,NA,NA,NA,NA,NA,NA,NA,"0",NA,NA,NA,NA,NA,NA,NA,NA,NA,NA,"0","61937","25548",NA,"4489",NA,NA,"194861",NA,"28339","16339","331513",NA,NA,NA,NA,NA,NA,"0","67184",NA,NA,"67184"
"666","660802","2025","POCANTICO HILLS CSD","WESTCHESTER",NA,"94496","-38785",NA,"640484","440307","542567",NA,NA,NA,NA,NA,NA,NA,"153545",NA,NA,"153545","1384835","24360",NA,"140298","11397","3614554",NA,NA,"302078","5477522","86751",NA,NA,"0","1155","3000","90906",NA,NA,NA,NA,NA,NA,"0",NA,NA,NA,NA,NA,NA,"0","6686",NA,"99402",NA,NA,"51925",NA,NA,NA,NA,NA,"0","151327",NA,NA,NA,NA,NA,NA,NA,NA,NA,NA,"0",NA,NA,NA,NA,NA,NA,NA,NA,NA,NA,"0",NA,NA,NA,"39213",NA,NA,NA,NA,NA,NA,"39213",NA,"26742",NA,NA,NA,NA,"26742",NA,NA,NA,"26742"
"667","660803","2025","HAWTHORNE-CEDAR KNOLLS UFSD","WESTCHESTER",NA,"15777037",NA,NA,NA,NA,"116794",NA,NA,NA,NA,"26515",NA,NA,"16830",NA,NA,"16830","298550",NA,NA,NA,NA,NA,NA,NA,NA,"298550","18265",NA,NA,NA,NA,NA,"18265","322374",NA,NA,NA,NA,NA,"322374",NA,"100492",NA,NA,"-100",NA,"100392",NA,NA,NA,NA,NA,NA,NA,NA,NA,NA,NA,NA,"0",NA,NA,NA,NA,NA,NA,NA,NA,NA,NA,"0",NA,NA,NA,NA,NA,NA,NA,NA,NA,NA,"0",NA,NA,NA,NA,NA,NA,NA,NA,NA,NA,"0",NA,NA,NA,NA,NA,NA,"0",NA,NA,NA,"0"
"668","660804","2025","MT PLEASANT-COTTAGE UFSD","WESTCHESTER",NA,"22390169","49991",NA,"41434",NA,"294420",NA,NA,NA,NA,NA,NA,NA,NA,NA,NA,"0",NA,NA,NA,NA,NA,NA,NA,NA,NA,"0","711563",NA,NA,"295352",NA,NA,"1006915","116262",NA,NA,NA,NA,NA,"116262",NA,NA,NA,NA,NA,NA,"0",NA,NA,NA,NA,NA,NA,NA,NA,NA,NA,NA,NA,"0",NA,NA,NA,NA,NA,NA,NA,NA,NA,NA,"0",NA,NA,NA,NA,NA,NA,NA,NA,NA,NA,"0",NA,NA,NA,NA,NA,NA,NA,NA,NA,NA,"0",NA,NA,NA,NA,NA,NA,"0",NA,NA,NA,"0"
"669","660805","2025","VALHALLA UFSD","WESTCHESTER",NA,"108611","222717",NA,"6079567","1087857","1439453",NA,NA,NA,NA,NA,NA,NA,"73314",NA,NA,"73314","3332933","632430","10980","462469","67550","118424","1220580",NA,"2093021","7938387","670001",NA,NA,"5055","4304","5000","684360","129653",NA,NA,NA,NA,NA,"129653",NA,NA,NA,NA,NA,NA,"0","104950",NA,NA,"35277",NA,"334435",NA,NA,NA,NA,NA,NA,"369712",NA,NA,NA,NA,NA,NA,NA,NA,NA,NA,"0","7134",NA,NA,"8218",NA,NA,NA,NA,NA,NA,"15352",NA,NA,NA,"47867",NA,"21914","142764",NA,"173377",NA,"385922",NA,NA,NA,NA,NA,NA,"0","138827",NA,NA,"138827"
"670","660806","2025","MT PLEASANT-BLYTHEDALE UFSD","WESTCHESTER",NA,"11154132","65278",NA,NA,NA,"179114",NA,NA,NA,NA,NA,NA,NA,"3762",NA,NA,"3762","2383263","608897","175304","350469","139518",NA,NA,"1027","241936","3900414",NA,NA,NA,NA,NA,NA,"0",NA,NA,NA,NA,NA,NA,"0",NA,NA,NA,"579819",NA,NA,"579819",NA,NA,"35000",NA,NA,NA,NA,NA,NA,NA,NA,NA,"35000",NA,"5628",NA,NA,NA,NA,NA,NA,NA,NA,"5628",NA,NA,NA,NA,NA,NA,NA,NA,NA,NA,"0",NA,NA,NA,NA,NA,NA,NA,NA,NA,NA,"0",NA,NA,NA,NA,NA,NA,"0",NA,NA,NA,"0"
"671","660809","2025","PLEASANTVILLE UFSD","WESTCHESTER",NA,"4324118","139301",NA,"8597559","1533138","1184232","111082",NA,"262",NA,NA,NA,NA,"57796",NA,NA,"57796","4508542","1622938","313","460662","23622","248674","980205",NA,"873913","8718869","1130293",NA,NA,NA,"54","24577","1154924",NA,NA,NA,NA,NA,NA,"0",NA,NA,NA,NA,NA,NA,"0","177256",NA,"472393",NA,NA,"36782",NA,NA,NA,NA,NA,"120546","629721",NA,NA,NA,NA,NA,NA,NA,NA,NA,NA,"0",NA,NA,NA,NA,NA,NA,NA,NA,NA,NA,"0","246817","140133",NA,"49345","318",NA,"196824",NA,"13245","67309","713991",NA,NA,NA,"60749",NA,NA,"60749",NA,NA,NA,"60749"
"672","660900","2025","MT VERNON SCHOOL DISTRICT","WESTCHESTER","184015",NA,"2260705","184015","78984035","15979807","6233866",NA,NA,"15842",NA,NA,"195000",NA,"1892607",NA,NA,"2087607","20533944","347487",NA,"2731545","5599","197415","6453507",NA,"8650952","39234007","1747133",NA,NA,NA,NA,NA,"1747133","1822133",NA,NA,NA,NA,NA,"1822133","25459","-5548",NA,NA,NA,NA,"19911","694275","313558","937346","189700",NA,"520009","124954",NA,NA,NA,NA,"641545","2413554",NA,NA,NA,NA,NA,NA,NA,NA,NA,NA,"0","528642",NA,NA,"70188","1940",NA,NA,NA,NA,"210995","811765","646073","38405",NA,NA,NA,"981031",NA,NA,"160257","123796","1949562",NA,NA,NA,NA,NA,NA,"0","1028763",NA,NA,"1028763"
"673","661004","2025","CHAPPAQUA CSD","WESTCHESTER",NA,NA,"205474",NA,"5558686","2170464","1984985",NA,NA,"28189",NA,NA,NA,NA,"464502",NA,NA,"464502","8316008","758237","8612","1031936","51154","924591","883822",NA,"1799673","13774033","1249210",NA,NA,NA,NA,NA,"1249210","263395",NA,NA,"43407",NA,NA,"306802",NA,NA,NA,NA,NA,NA,"0","139248",NA,"766002",NA,NA,"20767",NA,NA,NA,NA,NA,NA,"786769",NA,NA,NA,NA,NA,NA,NA,NA,NA,NA,"0",NA,NA,NA,NA,NA,NA,NA,NA,NA,NA,"0","95700","46224",NA,"81870",NA,"79502","108978",NA,"74712",NA,"486986",NA,NA,NA,NA,NA,NA,"0","209252",NA,NA,"209252"
"674","661100","2025","NEW ROCHELLE CITY SD","WESTCHESTER",NA,"614702","1253808",NA,"57097870","8889196","7127067","111082",NA,"971803",NA,NA,NA,NA,"1015012",NA,NA,"1015012","24516691","3781613","95981","1668982","68131","2509343","2478443","15114","5799941","40934239","3334989","169728",NA,"8668","22800","4863","3541048","2905048",NA,NA,"6200","3086","175","2914509","325819","74550",NA,NA,NA,NA,"400369","1042191",NA,"2615255","21029","34982","1315290","126150",NA,NA,NA,"450000","-70311","4492395",NA,NA,NA,NA,NA,NA,NA,NA,NA,NA,"0","374859",NA,NA,"96131",NA,NA,NA,NA,NA,"163801","634791","541875","204023",NA,"224503","166","54767","663770",NA,"240122","145989","2075215",NA,NA,NA,NA,NA,NA,"0","937399",NA,NA,"937399"
"675","661201","2025","BYRAM HILLS CSD","WESTCHESTER",NA,"141371","208415",NA,"1632832","1126009","1715891",NA,NA,NA,NA,NA,NA,NA,"121976",NA,NA,"121976","5718760","1763261","11945","1806486","30341","486334","1511975",NA,"724387","12053489","721179",NA,NA,NA,"1675",NA,"722854","112254",NA,NA,NA,NA,NA,"112254",NA,NA,NA,NA,NA,NA,"0","75000",NA,"3000","0",NA,"479099",NA,NA,NA,NA,NA,NA,"482099",NA,NA,NA,NA,NA,NA,NA,NA,NA,NA,"0",NA,NA,NA,"6269","1005",NA,NA,NA,NA,NA,"7274","24840","20419",NA,"86686",NA,NA,"266564",NA,"7175","15865","421549",NA,"56601",NA,NA,"28674","20270","105545",NA,NA,NA,"105545"
"676","661301","2025","NORTH SALEM CSD","WESTCHESTER",NA,"1632899","75571",NA,"2176622","590744","697020","14280",NA,NA,NA,NA,NA,NA,"170472",NA,NA,"170472","4358326","944204",NA,"913191","27360","276927","608218","344","694557","7823127","556616",NA,NA,"95","14078",NA,"570789",NA,NA,NA,NA,NA,NA,"0",NA,NA,NA,NA,NA,NA,"0","141772",NA,"250645","96057",NA,"32134",NA,NA,NA,NA,NA,NA,"378836",NA,NA,NA,NA,NA,NA,NA,NA,NA,NA,"0",NA,NA,NA,NA,NA,NA,NA,NA,NA,NA,"0","50746","92000",NA,"38259","1325",NA,"132224",NA,"33490","4639","352683",NA,"60344",NA,"49988",NA,"13248","123580",NA,NA,NA,"123580"
"677","661401","2025","OSSINING UFSD","WESTCHESTER","0","120487","408535","0","36907552","3979646","3266829","333246","0","125051","0","0","0","0","159874","0","0","159874","15392324","814706","11529","283787","77102","435618","2596479","13139","2908807","22533491","923497","0","0","200","42609","0","966306","254930","0","0","25000","62","0","279992","0","0","0","0","0","0","0","1173284","0","786091","60381","0","198138","3597","0","0","0","20026","370346","1438579","0","0","0","0","0","0","0","0","0","0","0","13622","0","0","23219","0","0","0","0","0","4489","41330","292243","60742","0","6220","0","14082","375089","0","77112","63163","888651","0","30397","0","0","0","1311","31708","178761","0","0","210469"
"678","661402","2025","BRIARCLIFF MANOR UFSD","WESTCHESTER",NA,"4816589","100071",NA,"2570445","781176","1136639",NA,NA,NA,NA,NA,NA,NA,"127649",NA,NA,"127649","3408113","527867","7782","34780","7362","146858","432806",NA,"206684","4772252","491942",NA,NA,NA,"650",NA,"492592","87764",NA,NA,"100268",NA,NA,"188032",NA,NA,NA,NA,NA,NA,"0","16629",NA,"200532","20000",NA,"69277","11860",NA,NA,NA,NA,NA,"301669",NA,NA,NA,NA,NA,NA,NA,NA,NA,NA,"0",NA,NA,NA,NA,NA,NA,NA,NA,NA,NA,"0","36524","3169",NA,"875",NA,NA,"10891",NA,"11079",NA,"62538",NA,NA,NA,NA,NA,NA,"0","20609",NA,NA,"20609"
"679","661500","2025","PEEKSKILL CITY SD","WESTCHESTER","68068",NA,"316086","68068","48405257","7996939","2813154",NA,NA,"87191",NA,NA,NA,NA,"267886",NA,NA,"267886","7854609","1123129","1875","280902","44317","3878580","1246",NA,"4896372","18081030","926720",NA,NA,NA,"428",NA,"927148","443442",NA,NA,NA,"1289",NA,"444731",NA,NA,NA,NA,NA,NA,"0","251367",NA,"884236","71656",NA,"155924","43215",NA,NA,NA,"113276","84862","1353169",NA,NA,NA,NA,NA,NA,NA,NA,NA,NA,"0",NA,NA,NA,NA,NA,NA,NA,NA,NA,NA,"0","53559","30459",NA,NA,"689",NA,"742359",NA,NA,NA,"827066",NA,NA,NA,NA,NA,NA,"0","4682",NA,NA,"4682"
"680","661601","2025","PELHAM UFSD","WESTCHESTER",NA,"902606","431863",NA,"7379907","1264823","2267432",NA,NA,NA,NA,NA,NA,NA,"133120",NA,NA,"133120","6586586","659883","22457","209275","40586","68228","570041",NA,"907471","9064527","1015614",NA,NA,NA,NA,NA,"1015614","193093",NA,NA,"35290",NA,NA,"228383",NA,NA,NA,NA,NA,NA,"0","36440",NA,"527951","10967",NA,"65982",NA,NA,NA,NA,NA,NA,"604900",NA,NA,NA,NA,NA,NA,NA,NA,NA,NA,"0",NA,NA,NA,NA,NA,NA,NA,NA,NA,NA,"0","65085",NA,NA,NA,NA,NA,"662",NA,"41679",NA,"107426",NA,NA,NA,NA,NA,NA,"0","74772",NA,NA,"74772"
"681","661800","2025","RYE CITY SD","WESTCHESTER","0","233384","225043","0","1671988","569686","422191","292964","0","0","0","0","0","0","442576","0","0","442576","7700331","1131189","18505","221176","20478","15639","1980074","0","572475","11659867","1026787","0","0","0","0","0","1026787","0","0","0","0","0","0","0","0","0","0","0","0","0","0","69176","0","0","22419","0","658562","95205","0","0","0","18769","0","794955","0","0","0","0","0","0","0","0","0","0","0","0","0","0","0","0","0","0","0","0","0","0","113738","7428","0","0","0","0","137954","0","4664","0","263784","0","0","0","0","0","0","0","82095","0","0","82095"
"682","661901","2025","RYE NECK UFSD","WESTCHESTER",NA,NA,"104392",NA,"3150757","696088","440136",NA,NA,NA,NA,NA,NA,NA,"95776",NA,NA,"95776","3363693","108869",NA,"241670","10223","114211","920145","1225","450868","5210904","252032",NA,NA,"100325","1294",NA,"353651","76198",NA,NA,NA,NA,NA,"76198",NA,NA,NA,NA,NA,NA,"0","35701",NA,"105439","6764",NA,"72095","35346",NA,NA,NA,"47618",NA,"267262",NA,NA,NA,NA,NA,NA,NA,NA,NA,NA,"0",NA,NA,NA,NA,NA,NA,NA,NA,NA,NA,"0","9810",NA,NA,"11260",NA,NA,"129683",NA,"8345",NA,"159098",NA,NA,NA,NA,NA,NA,"0","30533",NA,NA,"30533"
"683","661904","2025","PORT CHESTER-RYE UFSD","WESTCHESTER",NA,NA,"477919",NA,"51041695","5838518","1998296",NA,NA,"210879",NA,NA,NA,NA,"354687",NA,NA,"354687","10780640","4182874","8729","638600","51153","856234","1664239",NA,"6498150","24680619","1767736",NA,NA,NA,"8861",NA,"1776597","380201",NA,NA,NA,NA,NA,"380201",NA,NA,NA,NA,NA,NA,"0","211806",NA,"630883","70326","2697","332547","64567",NA,NA,NA,"53770",NA,"1154790",NA,NA,NA,NA,NA,NA,NA,NA,NA,NA,"0",NA,"2324",NA,"27482","10363",NA,NA,NA,"4000",NA,"44169","110958","75970",NA,NA,"3512","65639","231346",NA,"235356",NA,"722781",NA,NA,NA,NA,NA,NA,"0","339763",NA,NA,"339763"
"684","661905","2025","BLIND BROOK-RYE UFSD","WESTCHESTER",NA,NA,"225998",NA,"2597835","634238","1357403","76869",NA,NA,NA,NA,NA,NA,"987536",NA,NA,"987536","4132213","1153618","3416","256335","12406","759821","503314",NA,"433661","7254784","296406",NA,NA,NA,NA,NA,"296406","235123",NA,NA,NA,NA,NA,"235123",NA,NA,NA,NA,NA,NA,"0","53865",NA,"239503",NA,NA,"42903",NA,NA,NA,NA,NA,NA,"282406",NA,"1315",NA,"4950",NA,NA,NA,NA,NA,NA,"6265",NA,NA,NA,NA,NA,NA,NA,NA,NA,NA,"0","32031",NA,NA,NA,NA,"79086",NA,NA,"6245","5689","123051",NA,"268",NA,NA,NA,"72","340","23332",NA,NA,"23672"
"685","662001","2025","SCARSDALE UFSD","WESTCHESTER",NA,"167565","220435",NA,"4173177","1607295","953014","111082",NA,NA,NA,NA,NA,NA,"361447",NA,NA,"361447","11621014","2681239",NA,"2203197","61692","899123","1549446",NA,"1475384","20491095","2120335","109441",NA,"1608","17155",NA,"2248539","311509",NA,NA,"480564",NA,NA,"792073",NA,NA,NA,NA,NA,NA,"0","149546",NA,"793094",NA,NA,"172193","40316",NA,NA,NA,NA,NA,"1005603",NA,NA,NA,NA,NA,NA,NA,NA,NA,NA,"0",NA,"2306",NA,"19086",NA,NA,NA,NA,NA,NA,"21392","60346","48521",NA,"50767",NA,"45117","73907",NA,"36443","19596","334697",NA,"28468",NA,NA,"40907","15927","85302",NA,NA,NA,"85302"
"686","662101","2025","SOMERS CSD","WESTCHESTER","197","164755","236229","197","8597746","2397430","1593131",NA,NA,"99243",NA,NA,NA,NA,"54107",NA,NA,"54107","9479076","747988","8233","765671","32621","401722","2618063","276","2640290","16693940","812476",NA,NA,"1595","23",NA,"814094","271940",NA,NA,"75","108",NA,"272123",NA,NA,NA,NA,NA,NA,"0","292237",NA,NA,NA,NA,NA,NA,NA,NA,NA,NA,NA,"0",NA,NA,NA,NA,NA,NA,NA,NA,NA,NA,"0",NA,NA,NA,NA,NA,NA,NA,NA,NA,NA,"0","182032","19464",NA,NA,NA,"0","595475",NA,"123081","37006","957058",NA,"43642",NA,NA,NA,"9972","53614","202896",NA,NA,"256510"
"687","662200","2025","WHITE PLAINS CITY SD","WESTCHESTER","1461","76079","703063","1461","28037650","4247834","5531513",NA,NA,"200104",NA,NA,NA,NA,"679901",NA,NA,"679901","18067399","133923",NA,"1650310","159762","285822","2666130","6997","5549964","28520307","2500302",NA,NA,NA,"6940",NA,"2507242","1594483",NA,NA,NA,"99",NA,"1594582","2899933","586964",NA,"392106","47563",NA,"3926566","352675",NA,NA,NA,NA,"275021",NA,NA,NA,NA,NA,NA,"275021",NA,NA,NA,NA,NA,NA,NA,NA,NA,NA,"0",NA,NA,NA,NA,NA,NA,NA,NA,NA,NA,"0","372044","16424",NA,"176657","5236",NA,"298986",NA,"130007","79124","1078478",NA,NA,NA,NA,NA,NA,"0","388579",NA,NA,"388579"
"688","662300","2025","YONKERS CITY SD","WESTCHESTER","256110","542925",NA,"256110","309555587","62053217",NA,NA,NA,"1151340",NA,NA,NA,NA,NA,NA,NA,"0","61803598","14658721",NA,"7547994","254550","5224755","36945811",NA,"17802392","144440668","5537167",NA,NA,"408622","28530",NA,"5974319","2557471",NA,NA,NA,NA,NA,"2557471",NA,NA,NA,NA,NA,NA,"0","2462324","202847","2900352","729385",NA,"1664030","285086",NA,NA,NA,NA,"1985545","7564398",NA,NA,NA,NA,NA,NA,NA,NA,NA,NA,"0",NA,NA,NA,NA,NA,NA,NA,NA,NA,NA,"0","916367","950788",NA,"346068","5987","195570","4819829",NA,"545761","941316","8721686",NA,NA,NA,NA,NA,NA,"0","2374267",NA,NA,"2374267"
"689","662401","2025","LAKELAND CSD","WESTCHESTER","21293","92898","495838","21293","32106075","8691849","4066995","111082",NA,"131355",NA,NA,NA,NA,"184894",NA,NA,"184894","14764794","3342566",NA,"792747","98788","415262","2066752","29073","3501453","25011435","1734612",NA,NA,NA,"238",NA,"1734850","1127021",NA,NA,NA,"41",NA,"1127062",NA,NA,NA,NA,NA,NA,"0","264564",NA,"820419","10825",NA,"248972","19099",NA,NA,NA,"88370","286531","1474216",NA,NA,NA,NA,NA,NA,NA,NA,NA,NA,"0",NA,NA,NA,NA,NA,NA,NA,NA,NA,NA,"0","205247","350045",NA,"10622","5233",NA,"330453",NA,"128043",NA,"1029643",NA,"196561",NA,NA,NA,"94353","290914",NA,NA,NA,"290914"
"690","662402","2025","YORKTOWN CSD","WESTCHESTER",NA,"459235","187841",NA,"15347946","3771439","1768885","222164",NA,"112014",NA,NA,NA,NA,"129686",NA,NA,"129686","12538030","884814","8372","523627","81844","858377","1597657",NA,"2451410","18944131","1124790",NA,NA,NA,"1206",NA,"1125996","877284",NA,NA,NA,NA,NA,"877284","338547","183285",NA,"2177","3849",NA,"527858","212414",NA,"346121","121315",NA,"123685","15025",NA,NA,NA,"228259",NA,"834405",NA,NA,NA,NA,NA,NA,NA,NA,NA,NA,"0",NA,"3248",NA,"11053",NA,NA,NA,NA,NA,NA,"14301","361180","82546",NA,"16338",NA,"15864","218655",NA,"81834","33839","810256",NA,NA,NA,NA,NA,NA,"0","227848",NA,NA,"227848"
"691","670201","2025","ATTICA CSD","WYOMING",NA,"236057","264441",NA,"11630228","2230501","1778215",NA,NA,"164456",NA,NA,NA,NA,"67099",NA,"36588","103687","1942826","421348",NA,"66413","16260","16392","57461",NA,"527614","3048314","150501",NA,NA,"256","1766",NA,"152523","47723",NA,NA,NA,"917","6162","54802",NA,NA,NA,NA,NA,NA,"0","10666",NA,"365919",NA,NA,"21708",NA,NA,NA,NA,NA,NA,"387627",NA,NA,NA,NA,NA,NA,NA,NA,NA,NA,"0",NA,NA,NA,NA,NA,NA,NA,NA,NA,NA,"0",NA,"7675",NA,"612",NA,NA,"9458",NA,"27015","587","45347",NA,NA,NA,NA,NA,NA,"0","11258",NA,NA,"11258"
"692","670401","2025","LETCHWORTH CSD","WYOMING",NA,"127647","148782",NA,"12546646","2628894","1346064",NA,NA,"79385",NA,NA,NA,NA,"39076",NA,"38420","77496","1170225","476897",NA,"42705","13823","169939","241872",NA,"781422","2896883","165064",NA,NA,NA,NA,NA,"165064",NA,NA,NA,NA,NA,"14280","14280",NA,NA,NA,NA,NA,NA,"0","71233",NA,"185108","8500",NA,"69060","3158",NA,NA,NA,NA,"81418","347244",NA,NA,NA,NA,NA,NA,NA,NA,NA,NA,"0","36035","17780",NA,"368","4309",NA,NA,NA,NA,"7394","65886","49623","29555",NA,"292",NA,NA,"9878",NA,"41625","16219","147192",NA,"26306",NA,NA,"4785","6072","37163",NA,NA,"487","37650"
"693","671002","2025","WYOMING CSD","WYOMING",NA,NA,"85871",NA,"1907613","430631","362985",NA,NA,"9705",NA,NA,NA,NA,"837",NA,"33152","33989","157389","23210",NA,"10604","522","289252",NA,NA,"120815","601792","81800",NA,NA,"1395","444",NA,"83639",NA,NA,NA,NA,NA,NA,"0",NA,NA,NA,NA,NA,NA,"0","1643",NA,"83105",NA,NA,"4437",NA,NA,NA,NA,NA,NA,"87542",NA,NA,NA,NA,NA,NA,NA,NA,NA,NA,"0",NA,NA,NA,NA,NA,NA,NA,NA,NA,NA,"0",NA,NA,NA,NA,NA,NA,NA,NA,"3218",NA,"3218",NA,"1834",NA,NA,"1038","437","3309",NA,NA,NA,"3309"
"694","671201","2025","PERRY CSD","WYOMING",NA,"35912","153009",NA,"8546678","1663547","1014971",NA,NA,"108710",NA,NA,NA,NA,"17298",NA,"35900","53198","1235454","584849","5000","42000","10368","613318",NA,NA,"311289","2802278","46369",NA,NA,NA,"1397",NA,"47766","54575",NA,NA,NA,"379","9520","64474",NA,NA,NA,NA,NA,NA,"0","71305",NA,"161495",NA,NA,"25364","13086",NA,NA,NA,NA,"47070","247015",NA,NA,NA,NA,NA,NA,NA,NA,NA,NA,"0","74326","44216",NA,NA,NA,NA,NA,NA,NA,"33498","152040",NA,NA,NA,NA,NA,"68950",NA,NA,NA,NA,"68950",NA,NA,NA,"31557",NA,NA,"31557",NA,NA,NA,"31557"
"695","671501","2025","WARSAW CSD","WYOMING",NA,"53491","199447",NA,"8331443","2783342","1334638",NA,NA,"115425",NA,NA,NA,NA,"21953",NA,"48284","70237","1199367","347241","1594","71743","58802","1120096",NA,NA,"754943","3553786","112114",NA,NA,"220","5589",NA,"117923","115295",NA,NA,"1110","743","4760","121908",NA,NA,NA,NA,NA,NA,"0","59083",NA,"213954","9431",NA,"24654",NA,NA,NA,NA,NA,"842","248881",NA,NA,NA,NA,NA,NA,NA,NA,NA,NA,"0",NA,NA,NA,NA,NA,NA,NA,NA,NA,NA,"0",NA,NA,NA,"156145",NA,NA,NA,NA,"27436",NA,"183581",NA,NA,NA,NA,NA,NA,"0","65473",NA,NA,"65473"
"696","680601","2025","PENN YAN CSD","YATES",NA,NA,"302282",NA,"12124256","2849990","501171",NA,NA,"98679",NA,NA,NA,NA,"24366",NA,"29729","54095","1838370","70555",NA,"125720","16745","334380",NA,NA,"2238249","4624019","210766",NA,NA,"1601",NA,NA,"212367","197951",NA,NA,NA,NA,NA,"197951",NA,NA,NA,NA,NA,NA,"0","85045",NA,"362965","102769",NA,"33561","1650",NA,NA,NA,NA,"38619","539564",NA,NA,NA,NA,NA,NA,NA,NA,NA,NA,"0",NA,NA,NA,NA,NA,NA,NA,NA,NA,NA,"0","91169","6756",NA,NA,NA,NA,NA,NA,"182610",NA,"280535",NA,"70096",NA,"60217",NA,"15302","145615",NA,NA,NA,"145615"
"697","680801","2025","DUNDEE CSD","YATES",NA,NA,"228333",NA,"8779722","1415843","514238",NA,NA,"46244",NA,NA,NA,NA,"33589",NA,"37727","71316","1207215","571801","1308","254058","7147","10683","272776",NA,"1164750","3489738","109504",NA,NA,NA,"3166",NA,"112670",NA,"64429",NA,"21015","419",NA,"85863",NA,NA,NA,NA,NA,NA,"0","26087",NA,"195499",NA,NA,"19248",NA,NA,NA,NA,NA,"34745","249492",NA,NA,NA,NA,NA,NA,NA,NA,NA,NA,"0",NA,NA,NA,NA,NA,NA,NA,NA,NA,NA,"0","19025","17814",NA,"490",NA,NA,NA,NA,NA,"5240","42569",NA,"9816",NA,NA,NA,"1452","11268",NA,NA,NA,"11268"
