"ENTITY_CD","ENTITY_NAME","YEAR","PK12 Enrollment","SWD Enrollment","Special Education Expenditures","Special Education Expenditures/Pupil","Total Expenditures","General Education Expenditures","General Education Expenditures/Pupil"
"010100010000","ALBANY CITY SCHOOL DISTRICT","2018-19",9807,1299,28633361,22042.6181678214,203504282,174870921,17831.2349342307
"010100010000","ALBANY CITY SCHOOL DISTRICT","2019-20",8666,1330,31889730,23977.2406015038,193968075,162078345,18702.7861758597
"010100010000","ALBANY CITY SCHOOL DISTRICT","2020-21",8266,1269,29813497,23493.6934594169,180421080,150607583,18220.1285990806
"010100010000","ALBANY CITY SCHOOL DISTRICT","2021-22",8043,1265,26693249,21101.3826086957,212853645,186160396,23145.6416759915
"010100010000","ALBANY CITY SD","2022-23",7948,1245,27074056,21746.2297188755,226413247,199339191,25080.4216155008
"010100010000","ALBANY CITY SCHOOL DISTRICT","2023-24",8722,1282,38246296,29833.3042121685,296987516,258741220,29665.3542765421
"010100010000","ALBANY CITY SD","2024-25",8493,1346,34678007.7,25763.7501485884,266222681.31,231544673.61,27263.0017202402
"010201040000","BERNE-KNOX-WESTERLO CENTRAL SCHOOL DISTRICT","2018-19",755,105,2050462,19528.2095238095,15564119,13513657,17898.8834437086
"010201040000","BERNE-KNOX-WESTERLO CENTRAL SCHOOL DISTRICT","2019-20",752,102,1868765.38,18321.2292156863,18213767.78,16345002.4,21735.3755319149
"010201040000","BERNE-KNOX-WESTERLO CENTRAL SCHOOL DISTRICT","2020-21",700,103,1603798,15570.854368932,17699138,16095340,22993.3428571429
"010201040000","BERNE-KNOX-WESTERLO CENTRAL SCHOOL DISTRICT","2021-22",705,110,1728046,15709.5090909091,19801485,18073439,25636.0836879433
"010201040000","BERNE-KNOX-WESTERLO CSD","2022-23",691,108,1957132,18121.5925925926,20076038,18118906,26221.2821997106
"010201040000","BERNE-KNOX-WESTERLO CENTRAL SCHOOL DISTRICT","2023-24",712,115,3006973.65,26147.5969565217,22568484,19561510.35,27474.0313904494
"010201040000","BERNE-KNOX-WESTERLO CSD","2024-25",675,112,2959208.25,26421.5022321429,21699264.73,18740056.48,27763.046637037
"010306060000","BETHLEHEM CENTRAL SCHOOL DISTRICT","2018-19",4440,596,9942436,16681.9395973154,73986519,64044083,14424.343018018
"010306060000","BETHLEHEM CENTRAL SCHOOL DISTRICT","2019-20",4336,580,10343503,17833.625862069,74516606,64173103,14800.0698800738
"010306060000","BETHLEHEM CENTRAL SCHOOL DISTRICT","2020-21",4203,523,10743509,20542.0822179732,76148364,65404855,15561.4691886748
"010306060000","BETHLEHEM CENTRAL SCHOOL DISTRICT","2021-22",4151,480,10631472,22148.9,78749443,68117971,16410.0146952542
"010306060000","BETHLEHEM CSD","2022-23",4070,442,15820460,35792.8959276018,85942751,70122291,17229.0641277641
"010306060000","BETHLEHEM CENTRAL SCHOOL DISTRICT","2023-24",4092,427,36406348,85260.7681498829,97023974,60617626,14813.6915933529
"010306060000","BETHLEHEM CSD","2024-25",4075,436,15871170.47,36401.7671330275,100831922.45,84960751.98,20849.2642895706
"010402060000","RAVENA-COEYMANS-SELKIRK CENTRAL SCHOOL DISTRICT","2018-19",1875,319,3683391.88,11546.6830094044,35540727.27,31857335.39,16990.5788746667
"010402060000","RAVENA-COEYMANS-SELKIRK CENTRAL SCHOOL DISTRICT","2019-20",1839,330,5381555.85,16307.745,34662630.56,29281074.71,15922.2809733551
"010402060000","RAVENA-COEYMANS-SELKIRK CENTRAL SCHOOL DISTRICT","2020-21",1783,297,5601899.54,18861.6146127946,36266736.28,30664836.74,17198.4502187325
"010402060000","RAVENA-COEYMANS-SELKIRK CENTRAL SCHOOL DISTRICT","2021-22",1796,311,5637721,18127.7202572347,38005321,32367600,18022.0489977728
"010402060000","RAVENA-COEYMANS-SELKIRK CSD","2022-23",1795,310,5438530.41,17543.646483871,41687941.97,36249411.56,20194.6582506964
"010402060000","RAVENA-COEYMANS-SELKIRK CENTRAL SCHOOL DISTRICT","2023-24",1773,337,6427339.25,19072.2232937685,48504116.43,42076777.18,23731.9668245911
"010402060000","RAVENA-COEYMANS-SELKIRK CSD","2024-25",1724,347,6739728.64,19422.8491066282,50047582.69,43307854.05,25120.5649941995
"010500010000","COHOES CITY SCHOOL DISTRICT","2018-19",2019,338,3995864,11822.0828402367,33242287,29246423,14485.598315998
"010500010000","COHOES CITY SCHOOL DISTRICT","2019-20",1873,334,4524424,13546.1796407186,33283550,28759126,15354.5787506674
"010500010000","COHOES CITY SCHOOL DISTRICT","2020-21",1823,347,3954652,11396.6916426513,31631419,27676767,15181.9895776193
"010500010000","COHOES CITY SCHOOL DISTRICT","2021-22",1816,363,4539210,12504.7107438017,32880949,28341739,15606.6844713656
"010500010000","COHOES CITY SD","2022-23",1837,364,4763609,13086.8379120879,35382043,30618434,16667.628742515
"010500010000","COHOES CITY SCHOOL DISTRICT","2023-24",2036,383,9680133,25274.498694517,47638168,37958035,18643.4356581532
"010500010000","COHOES CITY SD","2024-25",1842,368,9735533,26455.2527173913,50101656,40366123,21914.2904451683
"010601060000","SOUTH COLONIE CENTRAL SCHOOL DISTRICT","2018-19",4780,683,13663031,20004.4377745242,87270864,73607833,15399.1282426778
"010601060000","SOUTH COLONIE CENTRAL SCHOOL DISTRICT","2019-20",4813,736,14272395,19391.8410326087,89625184,75352789,15656.0957822564
"010601060000","SOUTH COLONIE CENTRAL SCHOOL DISTRICT","2020-21",4754,714,14838607,20782.362745098,89563577,74724970,15718.3361379891
"010601060000","SOUTH COLONIE CENTRAL SCHOOL DISTRICT","2021-22",4796,715,14531298,20323.4937062937,93833219,79301921,16535.0127189324
"010601060000","SOUTH COLONIE CSD","2022-23",4888,738,15159391,20541.1802168022,101572577.39,86413186.39,17678.6387868249
"010601060000","SOUTH COLONIE CENTRAL SCHOOL DISTRICT","2023-24",4963,741,20652638.68,27871.3072604588,117732589.18,97079950.5,19560.739572839
"010601060000","SOUTH COLONIE CSD","2024-25",5038,737,22486276.63,30510.5517367707,125108216.34,102621939.71,20369.579140532
"010615020000","MENANDS UNION FREE SCHOOL DISTRICT","2018-19",296,46,610846,13279.2608695652,5205964,4595118,15524.0472972973
"010615020000","MENANDS UNION FREE SCHOOL DISTRICT","2019-20",305,47,731628,15566.5531914894,5231426.83,4499798.83,14753.4387868852
"010615020000","MENANDS UNION FREE SCHOOL DISTRICT","2020-21",307,40,619135,15478.375,5563541.14,4944406.14,16105.5574592834
"010615020000","MENANDS UNION FREE SCHOOL DISTRICT","2021-22",305,44,714946,16248.7727272727,6487021,5772075,18924.8360655738
"010615020000","MENANDS UFSD","2022-23",277,42,741059,17644.2619047619,7347943,6606884,23851.5667870036
"010615020000","MENANDS UNION FREE SCHOOL DISTRICT","2023-24",275,36,1206876.94,33524.3594444444,8337592.42,7130715.48,25929.8744727273
"010615020000","MENANDS UFSD","2024-25",282,49,1735210.76,35412.4644897959,9326590.86,7591380.1,26919.7875886525
"010623060000","NORTH COLONIE CSD","2018-19",5831,802,12642008,15763.102244389,96253399,83611391,14339.1169610701
"010623060000","NORTH COLONIE CSD","2019-20",5887,817,12756901,15614.3219094247,96418926,83662025,14211.3173093256
"010623060000","NORTH COLONIE CSD","2020-21",5905,848,12929171,15246.6639150943,97163709.76,84234538.76,14264.9515258256
"010623060000","NORTH COLONIE CSD","2021-22",6006,871,13575456,15586.0574052813,107194202,93618746,15587.5367965368
"010623060000","NORTH COLONIE CSD","2022-23",6022,882,15024594,17034.6870748299,112189043,97164449,16134.9134838924
"010623060000","NORTH COLONIE CSD","2023-24",6212,873,18044089,20669.0595647194,132854197,114810108,18481.9877656149
"010623060000","NORTH COLONIE CSD","2024-25",6144,888,19162343,21579.2150900901,139658681,120496338,19612.0341796875
"010701030000","GREEN ISLAND UNION FREE SCHOOL DISTRICT","2018-19",284,56,691519,12348.5535714286,5754894.82,5063375.82,17828.7880985916
"010701030000","GREEN ISLAND UNION FREE SCHOOL DISTRICT","2019-20",263,57,838443,14709.5263157895,6177101.5,5338658.5,20299.0817490494
"010701030000","GREEN ISLAND UNION FREE SCHOOL DISTRICT","2020-21",241,50,767997.2,15359.944,5858347.46,5090350.26,21121.7853112033
"010701030000","GREEN ISLAND UNION FREE SCHOOL DISTRICT","2021-22",282,58,805989,13896.3620689655,7074233,6268244,22227.8156028369
"010701030000","GREEN ISLAND UFSD","2022-23",271,52,839998,16153.8076923077,7767377,6927379,25562.2841328413
"010701030000","GREEN ISLAND UNION FREE SCHOOL DISTRICT","2023-24",249,49,1293085,26389.4897959184,8903938,7610853,30565.6746987952
"010701030000","GREEN ISLAND UFSD","2024-25",223,43,1145256.36,26633.8688372093,8079910,6934653.64,31097.1015246637
"010802060000","GUILDERLAND CENTRAL SCHOOL DISTRICT","2018-19",4807,631,8164448,12938.9033280507,85475423,77310975,16082.9987518203
"010802060000","GUILDERLAND CENTRAL SCHOOL DISTRICT","2019-20",4841,605,13120971,21687.5553719008,85656470,72535499,14983.5775666185
"010802060000","GUILDERLAND CENTRAL SCHOOL DISTRICT","2020-21",4811,609,13094701,21501.9720853859,86345634,73250933,15225.7187694866
"010802060000","GUILDERLAND CENTRAL SCHOOL DISTRICT","2021-22",4828,598,13544305,22649.3394648829,91138355,77594050,16071.6756420878
"010802060000","GUILDERLAND CSD","2022-23",4853,615,9610805,15627.325203252,96129903,86519098,17827.9616731918
"010802060000","GUILDERLAND CENTRAL SCHOOL DISTRICT","2023-24",4929,600,14328581,23880.9683333333,114640403,100311822,20351.3536214242
"010802060000","GUILDERLAND CSD","2024-25",4821,621,15443172,24868.231884058,113657474,98214302,20372.1846090023
"011003060000","VOORHEESVILLE CENTRAL SCHOOL DISTRICT","2018-19",1160,131,1515111.05,11565.7332061069,23048210.97,21533099.92,18563.0171724138
"011003060000","VOORHEESVILLE CENTRAL SCHOOL DISTRICT","2019-20",1180,132,2292245,17365.4924242424,20711954.01,18419709.01,15609.9228898305
"011003060000","VOORHEESVILLE CENTRAL SCHOOL DISTRICT","2020-21",1179,128,3109654,24294.171875,21970454,18860800,15997.2858354538
"011003060000","VOORHEESVILLE CENTRAL SCHOOL DISTRICT","2021-22",1204,129,2898848,22471.6899224806,26627876,23729028,19708.4950166113
"011003060000","VOORHEESVILLE CSD","2022-23",1232,138,2658951,19267.7608695652,25234477,22575526,18324.2905844156
"011003060000","VOORHEESVILLE CENTRAL SCHOOL DISTRICT","2023-24",1223,136,3639314,26759.6617647059,28526641,24887327,20349.4088307441
"011003060000","VOORHEESVILLE CSD","2024-25",1215,139,4079877.07,29351.6335971223,29952968.71,25873091.64,21294.7256296296
"011200010000","WATERVLIET CITY SCHOOL DISTRICT","2018-19",1342,174,275386,1582.67816091954,17267531,16992145,12661.8070044709
"011200010000","WATERVLIET CITY SCHOOL DISTRICT","2019-20",1296,193,5035641,26091.4041450777,17771901,12736260,9827.36111111111
"011200010000","WATERVLIET CITY SCHOOL DISTRICT","2020-21",1334,207,5392474,26050.5990338164,17800466,12407992,9301.34332833583
"011200010000","WATERVLIET CITY SCHOOL DISTRICT","2021-22",1303,221,6000856,27153.1945701357,20289505,14288649,10965.9623944743
"011200010000","WATERVLIET CITY SD","2022-23",1344,213,6023653,28280.0610328639,22541067,16517414,12289.7425595238
"011200010000","WATERVLIET CITY SCHOOL DISTRICT","2023-24",1477,248,5548316,22372.2419354839,36025758,30477442,20634.6932972241
"011200010000","WATERVLIET CITY SD","2024-25",1447,238,6134712,25776.1008403361,36072305,29937593,20689.4215618521
"020101040000","ALFRED-ALMOND CENTRAL SCHOOL DISTRICT","2018-19",622,86,1579090,18361.511627907,11450273.88,9871183.88,15870.0705466238
"020101040000","ALFRED-ALMOND CENTRAL SCHOOL DISTRICT","2019-20",619,76,1095353,14412.5394736842,11427456,10332103,16691.6042003231
"020101040000","ALFRED-ALMOND CENTRAL SCHOOL DISTRICT","2020-21",575,69,1090204,15800.0579710145,11180248,10090044,17547.9026086957
"020101040000","ALFRED-ALMOND CENTRAL SCHOOL DISTRICT","2021-22",576,77,768332,9978.33766233766,11694286,10925954,18968.6701388889
"020101040000","ALFRED-ALMOND CSD","2022-23",551,85,838440.74,9864.00870588235,13255508.1,12417067.36,22535.5124500907
"020101040000","ALFRED-ALMOND CENTRAL SCHOOL DISTRICT","2023-24",510,80,2018626.14,25232.82675,14291229.78,12272603.64,24063.9287058824
"020101040000","ALFRED-ALMOND CSD","2024-25",489,70,2151704.87,30738.641,15340992.96,13189288.09,26971.9592842536
"020601040000","ANDOVER CENTRAL SCHOOL DISTRICT","2018-19",302,55,577460,10499.2727272727,7580320,7002860,23188.2781456954
"020601040000","ANDOVER CENTRAL SCHOOL DISTRICT","2019-20",294,47,862110,18342.7659574468,7137611,6275501,21345.2414965986
"020601040000","ANDOVER CENTRAL SCHOOL DISTRICT","2020-21",258,44,1453222,33027.7727272727,7119291,5666069,21961.507751938
"020601040000","ANDOVER CENTRAL SCHOOL DISTRICT","2021-22",268,45,875133,19447.4,7769252,6894119,25724.3246268657
"020601040000","ANDOVER CSD","2022-23",249,39,661392,16958.7692307692,8815409,8154017,32747.0562248996
"020601040000","ANDOVER CENTRAL SCHOOL DISTRICT","2023-24",255,41,1509142,36808.3414634146,9168531,7659389,30036.8196078431
"020601040000","ANDOVER CSD","2024-25",240,39,1518471,38935.1538461538,9267195,7748724,32286.35
"020702040000","GENESEE VALLEY CENTRAL SCHOOL DISTRICT","2018-19",506,78,1345156,17245.5897435897,12690344,11345188,22421.3201581028
"020702040000","GENESEE VALLEY CENTRAL SCHOOL DISTRICT","2019-20",536,96,1587247.64,16533.8295833333,12862393.07,11275145.43,21035.7190858209
"020702040000","GENESEE VALLEY CENTRAL SCHOOL DISTRICT","2020-21",525,85,1608497,18923.4941176471,13115818,11507321,21918.7066666667
"020702040000","GENESEE VALLEY CENTRAL SCHOOL DISTRICT","2021-22",528,87,2035783,23399.8045977011,14588630,12552847,23774.3314393939
"020702040000","GENESEE VALLEY CSD","2022-23",547,93,2021100,21732.2580645161,15475445,13454345,24596.6087751371
"020702040000","GENESEE VALLEY CENTRAL SCHOOL DISTRICT","2023-24",544,114,2267426.67,19889.7076315789,16958033.37,14690606.7,27004.7917279412
"020702040000","GENESEE VALLEY CSD","2024-25",591,140,2939162.89,20994.0206428571,17424802.5,14485639.61,24510.3885109983
"020801040000","BELFAST CENTRAL SCHOOL DISTRICT","2018-19",336,62,1062427,17135.9193548387,7846173,6783746,20189.7202380952
"020801040000","BELFAST CENTRAL SCHOOL DISTRICT","2019-20",343,68,1378752,20275.7647058824,7804459,6425707,18733.8396501458
"020801040000","BELFAST CENTRAL SCHOOL DISTRICT","2020-21",338,60,1237225,20620.4166666667,7591003,6353778,18798.1597633136
"020801040000","BELFAST CENTRAL SCHOOL DISTRICT","2021-22",332,60,1074656,17910.9333333333,8607973,7533317,22690.7138554217
"020801040000","BELFAST CSD","2022-23",320,62,798093.34,12872.4732258065,9272706.96,8474613.62,26483.1675625
"020801040000","BELFAST CENTRAL SCHOOL DISTRICT","2023-24",315,78,574781.31,7368.99115384615,11237799.77,10663018.46,33850.8522539683
"020801040000","BELFAST CSD","2024-25",316,73,0,0,11293964.01,11293964.01,35740.3924367089
"021102040000","CANASERAGA CENTRAL SCHOOL DISTRICT","2018-19",238,31,926592,29890.064516129,5410396,4483804,18839.512605042
"021102040000","CANASERAGA CENTRAL SCHOOL DISTRICT","2019-20",215,32,379818.66,11869.333125,5202319.02,4822500.36,22430.2342325581
"021102040000","CANASERAGA CENTRAL SCHOOL DISTRICT","2020-21",197,20,894601.41,44730.0705,5475055.25,4580453.84,23251.0347208122
"021102040000","CANASERAGA CENTRAL SCHOOL DISTRICT","2021-22",208,29,293334,10114.9655172414,5674699,5381365,25871.9471153846
"021102040000","CANASERAGA CSD","2022-23",200,30,572269.72,19075.6573333333,6241437.18,5669167.46,28345.8373
"021102040000","CANASERAGA CENTRAL SCHOOL DISTRICT","2023-24",210,38,536214.45,14110.9065789474,7299274.57,6763060.12,32205.0481904762
"021102040000","CANASERAGA CSD","2024-25",203,46,421827.1,9170.15434782609,7288168,6866340.9,33824.339408867
"021601040000","FRIENDSHIP CENTRAL SCHOOL DISTRICT","2018-19",314,58,3604482,62146.2413793103,2615142,-989340,-3150.76433121019
"021601040000","FRIENDSHIP CENTRAL SCHOOL DISTRICT","2019-20",319,63,3675488,58341.0793650794,9298994,5623506,17628.5454545455
"021601040000","FRIENDSHIP CENTRAL SCHOOL DISTRICT","2020-21",282,42,3859489,91892.5952380952,9308263,5448774,19321.8936170213
"021601040000","FRIENDSHIP CENTRAL SCHOOL DISTRICT","2021-22",276,36,4476323,124342.305555556,10952140,6475817,23463.1050724638
"021601040000","FRIENDSHIP CSD","2022-23",275,45,1747023,38822.7333333333,7402953,5655930,20567.0181818182
"021601040000","FRIENDSHIP CENTRAL SCHOOL DISTRICT","2023-24",265,52,1819822,34996.5769230769,10877746,9057924,34180.8452830189
"021601040000","FRIENDSHIP CSD","2024-25",259,50,2213458,44269.16,8795722,6582264,25414.1467181467
"022001040000","FILLMORE CENTRAL SCHOOL DISTRICT","2018-19",682,79,2119257.03,26826.0383544304,11334864.02,9215606.99,13512.6202199413
"022001040000","FILLMORE CENTRAL SCHOOL DISTRICT","2019-20",703,103,2229378.27,21644.449223301,11430214.07,9200835.8,13087.959886202
"022001040000","FILLMORE CENTRAL SCHOOL DISTRICT","2020-21",652,90,2127574.95,23639.7216666667,11543981.91,9416406.96,14442.3419631902
"022001040000","FILLMORE CENTRAL SCHOOL DISTRICT","2021-22",658,85,2304731,27114.4823529412,12222267,9917536,15072.2431610942
"022001040000","FILLMORE CSD","2022-23",650,89,2259706.29,25389.9583146067,13175204.07,10915497.78,16793.0735076923
"022001040000","FILLMORE CENTRAL SCHOOL DISTRICT","2023-24",607,106,2003105.46,18897.2213207547,16276055.87,14272950.41,23513.9215980231
"022001040000","FILLMORE CSD","2024-25",597,107,2283726.51,21343.238411215,16756235.13,14472508.62,24242.0579899497
"022101040000","WHITESVILLE CENTRAL SCHOOL DISTRICT","2018-19",196,20,444508.17,22225.4085,4806931.23,4362423.06,22257.2605102041
"022101040000","WHITESVILLE CENTRAL SCHOOL DISTRICT","2019-20",187,24,323326.81,13471.9504166667,4812519.1,4489192.29,24006.3758823529
"022101040000","WHITESVILLE CENTRAL SCHOOL DISTRICT","2020-21",167,20,431315,21565.75,4217134,3785819,22669.5748502994
"022101040000","WHITESVILLE CENTRAL SCHOOL DISTRICT","2021-22",160,16,366834,22927.125,5076971,4710137,29438.35625
"022101040000","WHITESVILLE CSD","2022-23",145,12,111343,9278.58333333333,5422687,5311344,36629.9586206897
"022101040000","WHITESVILLE CENTRAL SCHOOL DISTRICT","2023-24",129,19,411480,21656.8421052632,5272229,4860749,37680.2248062015
"022101040000","WHITESVILLE CSD","2024-25",112,15,626290.74,41752.716,5196444.81,4570154.07,40804.9470535714
"022302040000","CUBA-RUSHFORD CENTRAL SCHOOL DISTRICT","2018-19",817,149,2363775.93,15864.2679865772,17113371.4,14749595.47,18053.3604283966
"022302040000","CUBA-RUSHFORD CENTRAL SCHOOL DISTRICT","2019-20",819,164,2358738.61,14382.5525,16294033.37,13935294.76,17015.0119169719
"022302040000","CUBA-RUSHFORD CENTRAL SCHOOL DISTRICT","2020-21",775,153,2342053.23,15307.5374509804,16405486.19,14063432.96,18146.3651096774
"022302040000","CUBA-RUSHFORD CENTRAL SCHOOL DISTRICT","2021-22",781,143,1482751,10368.8881118881,18880085,17397334,22275.7157490397
"022302040000","CUBA-RUSHFORD CSD","2022-23",739,143,1581041.97,11056.2375524476,19532255.13,17951213.16,24291.2221380244
"022302040000","CUBA-RUSHFORD CENTRAL SCHOOL DISTRICT","2023-24",720,151,1862517.13,12334.5505298013,23456365.49,21593848.36,29991.4560555556
"022302040000","CUBA-RUSHFORD CSD","2024-25",719,151,2223735.33,14726.7240397351,24814587.58,22590852.25,31419.8223226704
"022401040000","SCIO CENTRAL SCHOOL DISTRICT","2018-19",334,44,1146851,26064.7954545455,8280781,7133930,21359.0718562874
"022401040000","SCIO CENTRAL SCHOOL DISTRICT","2019-20",321,55,297824,5414.98181818182,8215877,7918053,24666.8317757009
"022401040000","SCIO CENTRAL SCHOOL DISTRICT","2020-21",300,64,346100,5407.8125,8228724,7882624,26275.4133333333
"022401040000","SCIO CENTRAL SCHOOL DISTRICT","2021-22",259,49,226992,4632.48979591837,8945447,8718455,33661.9884169884
"022401040000","SCIO CSD","2022-23",265,48,388039,8084.14583333333,9628271,9240232,34868.8
"022401040000","SCIO CENTRAL SCHOOL DISTRICT","2023-24",281,41,471097.66,11490.1868292683,10396110.11,9925012.45,35320.3290035587
"022401040000","SCIO CSD","2024-25",268,42,1936326.57,46103.0135714286,11169899.12,9233572.55,34453.6289179104
"022601060000","WELLSVILLE CENTRAL SCHOOL DISTRICT","2018-19",1183,157,7636684.84,48641.3047133758,22235046.51,14598361.67,12340.1197548605
"022601060000","WELLSVILLE CENTRAL SCHOOL DISTRICT","2019-20",1125,181,2193950.96,12121.2760220994,21744044.2,19550093.24,17377.8606577778
"022601060000","WELLSVILLE CENTRAL SCHOOL DISTRICT","2020-21",1109,178,2590375.69,14552.6724157303,22338168.14,19747792.45,17806.8462128043
"022601060000","WELLSVILLE CENTRAL SCHOOL DISTRICT","2021-22",1121,197,2346278,11910.0406091371,23184235,20837957,18588.721677074
"022601060000","WELLSVILLE CSD","2022-23",1129,208,2191036,10533.8269230769,24615038,22424002,19861.8263950399
"022601060000","WELLSVILLE CENTRAL SCHOOL DISTRICT","2023-24",1167,227,14218649.33,62637.2217180617,33212376.06,18993726.73,16275.6870008569
"022601060000","WELLSVILLE CSD","2024-25",1141,235,13779565.01,58636.4468510638,33883951.84,20104386.83,17619.9709290096
"022902040000","BOLIVAR-RICHBURG CENTRAL SCHOOL DISTRICT","2018-19",752,105,3146574,29967.3714285714,16587973,13441399,17874.2007978723
"022902040000","BOLIVAR-RICHBURG CENTRAL SCHOOL DISTRICT","2019-20",741,104,2892193,27809.5480769231,16050263,13158070,17757.1794871795
"022902040000","BOLIVAR-RICHBURG CENTRAL SCHOOL DISTRICT","2020-21",686,84,2164275,25765.1785714286,15939212,13774937,20080.083090379
"022902040000","BOLIVAR-RICHBURG CENTRAL SCHOOL DISTRICT","2021-22",699,93,1885524,20274.4516129032,15630070,13744546,19663.1559370529
"022902040000","BOLIVAR-RICHBURG CSD","2022-23",704,110,2301747.91,20924.981,16629764.55,14328016.64,20352.2963636364
"022902040000","BOLIVAR-RICHBURG CENTRAL SCHOOL DISTRICT","2023-24",670,108,1291833.24,11961.4188888889,21061059.33,19769226.09,29506.3075970149
"022902040000","BOLIVAR-RICHBURG CSD","2024-25",651,102,1351334,13248.3725490196,21715820.82,20364486.82,31281.8537941628
"030101060000","CHENANGO FORKS CENTRAL SCHOOL DISTRICT","2018-19",1453,173,2991918,17294.323699422,25778167,22786249,15682.2085340674
"030101060000","CHENANGO FORKS CENTRAL SCHOOL DISTRICT","2019-20",1403,162,2977466,18379.4197530864,25637639.27,22660173.27,16151.2282751247
"030101060000","CHENANGO FORKS CENTRAL SCHOOL DISTRICT","2020-21",1359,165,2864608,17361.2606060606,25348029.77,22483421.77,16544.0925459897
"030101060000","CHENANGO FORKS CENTRAL SCHOOL DISTRICT","2021-22",1317,174,2856228,16415.1034482759,27270244,24414016,18537.5975702354
"030101060000","CHENANGO FORKS CSD","2022-23",1343,180,2996888,16649.3777777778,27026296.03,24029408.03,17892.3365822785
"030101060000","CHENANGO FORKS CENTRAL SCHOOL DISTRICT","2023-24",1314,190,2942681.37,15487.7966842105,31726500.1,28783818.73,21905.4937062405
"030101060000","CHENANGO FORKS CSD","2024-25",1247,180,3302166.82,18345.3712222222,32009286.81,28707119.99,23020.9462630313
"030200010000","BINGHAMTON CITY SCHOOL DISTRICT","2018-19",5366,932,13926644,14942.7510729614,104825151,90898507,16939.7143123369
"030200010000","BINGHAMTON CITY SCHOOL DISTRICT","2019-20",5092,964,13704893,14216.6939834025,102438560.64,88733667.64,17426.0934092694
"030200010000","BINGHAMTON CITY SCHOOL DISTRICT","2020-21",4818,860,13565224,15773.5162790698,99532675.89,85967451.89,17842.9746554587
"030200010000","BINGHAMTON CITY SCHOOL DISTRICT","2021-22",4758,846,14535900,17181.914893617,112492772,97956872,20587.825136612
"030200010000","BINGHAMTON CITY SD","2022-23",4618,835,15975899,19132.8131736527,118835973.93,102860074.93,22273.7277890862
"030200010000","BINGHAMTON CITY SCHOOL DISTRICT","2023-24",4687,851,17493373.89,20556.256039953,133018210.68,115524836.79,24647.9276274803
"030200010000","BINGHAMTON CITY SD","2024-25",4523,860,17980525.89,20907.588244186,134886478.12,116905952.23,25846.9936391775
"030201080000","SOUTH MOUNTAIN-HICKORY COMN SD AT BI","2019-20",0,0,0,,3609,3609,
"030201080000","SOUTH MOUNTAIN-HICKORY COMN SD AT BI","2020-21",0,0,0,,1,1,
"030201080000","SOUTH MOUNTAIN-HICKORY COMN SD AT BI","2024-25",0,0,0,,328261,328261,
"030501040000","HARPURSVILLE CENTRAL SCHOOL DISTRICT","2018-19",711,118,1585661,13437.8050847458,13838069,12252408,17232.641350211
"030501040000","HARPURSVILLE CENTRAL SCHOOL DISTRICT","2019-20",676,112,1575185,14064.1517857143,14334661.4,12759476.4,18874.9650887574
"030501040000","HARPURSVILLE CENTRAL SCHOOL DISTRICT","2020-21",629,103,2149082,20864.8737864078,14595360.85,12446278.85,19787.4067567568
"030501040000","HARPURSVILLE CENTRAL SCHOOL DISTRICT","2021-22",623,106,1623024,15311.5471698113,15457483,13834459,22206.1942215088
"030501040000","HARPURSVILLE CSD","2022-23",595,92,1708830,18574.2391304348,15988905.28,14280075.28,24000.1265210084
"030501040000","HARPURSVILLE CENTRAL SCHOOL DISTRICT","2023-24",571,85,1965969.6,23129.0541176471,18077890.65,16111921.05,28217.0246059545
"030501040000","HARPURSVILLE CSD","2024-25",576,102,2136289.18,20944.0115686275,18097307.66,15961018.48,27710.1015277778
"030601060000","SUSQUEHANNA VALLEY CENTRAL SCHOOL DISTRICT","2018-19",1414,169,2700923,15981.7928994083,30680354,27979431,19787.4335219236
"030601060000","SUSQUEHANNA VALLEY CENTRAL SCHOOL DISTRICT","2019-20",1464,189,2781778,14718.4021164021,30688541.74,27906763.74,19061.9970901639
"030601060000","SUSQUEHANNA VALLEY CENTRAL SCHOOL DISTRICT","2020-21",1361,152,2967383,19522.2565789474,30537426.7,27570043.7,20257.1959588538
"030601060000","SUSQUEHANNA VALLEY CENTRAL SCHOOL DISTRICT","2021-22",1387,143,3034713,21221.7692307692,32741555,29706842,21418.0547945205
"030601060000","SUSQUEHANNA VALLEY CSD","2022-23",1423,164,3165889,19304.2012195122,34551300.9,31385411.9,22055.8059732959
"030601060000","SUSQUEHANNA VALLEY CENTRAL SCHOOL DISTRICT","2023-24",1441,174,3395196.25,19512.6221264368,37082509.8,33687313.55,23377.7332061069
"030601060000","SUSQUEHANNA VALLEY CSD","2024-25",1442,184,3597367.03,19550.9077717391,38298894.18,34701527.15,24064.8593273232
"030701060000","CHENANGO VALLEY CENTRAL SCHOOL DISTRICT","2018-19",1765,257,3453177,13436.486381323,30656890,27203713,15412.8685552408
"030701060000","CHENANGO VALLEY CENTRAL SCHOOL DISTRICT","2019-20",1720,261,3420213,13104.2643678161,31135137.14,27714924.14,16113.3279883721
"030701060000","CHENANGO VALLEY CENTRAL SCHOOL DISTRICT","2020-21",1614,251,3103107,12362.9760956175,30426441.03,27323334.03,16928.9554089219
"030701060000","CHENANGO VALLEY CENTRAL SCHOOL DISTRICT","2021-22",1650,249,3208680,12886.265060241,32099006,28890326,17509.2884848485
"030701060000","CHENANGO VALLEY CSD","2022-23",1654,230,3769637,16389.7260869565,34014776.19,30245139.19,18286.0575513906
"030701060000","CHENANGO VALLEY CENTRAL SCHOOL DISTRICT","2023-24",1658,239,3604106.85,15079.9449790795,38010495.66,34406388.81,20751.7423462002
"030701060000","CHENANGO VALLEY CSD","2024-25",1653,235,4068523.93,17312.867787234,42242308.72,38173784.79,23093.6387114338
"031101060000","MAINE-ENDWELL CENTRAL SCHOOL DISTRICT","2018-19",2507,354,5060729,14295.8446327684,39284380,34223651,13651.2369365776
"031101060000","MAINE-ENDWELL CENTRAL SCHOOL DISTRICT","2019-20",2491,342,5534270,16182.0760233918,39700941.2,34166671.2,13716.0462464874
"031101060000","MAINE-ENDWELL CENTRAL SCHOOL DISTRICT","2020-21",2455,358,5426727,15158.4553072626,39376692.68,33949965.68,13828.9065906314
"031101060000","MAINE-ENDWELL CENTRAL SCHOOL DISTRICT","2021-22",2504,382,5297468,13867.7172774869,41844031,36546563,14595.2727635783
"031101060000","MAINE-ENDWELL CSD","2022-23",2494,395,5504318,13934.982278481,45205820.7,39701502.7,15918.8062149158
"031101060000","MAINE-ENDWELL CENTRAL SCHOOL DISTRICT","2023-24",2570,382,7051313.85,18458.9367801047,54888336.89,47837023.04,18613.6276420233
"031101060000","MAINE-ENDWELL CSD","2024-25",2506,398,7367285.63,18510.7679145729,60710666.21,53343380.58,21286.2651955307
"031301040000","DEPOSIT CENTRAL SCHOOL DISTRICT","2018-19",491,90,1426152,15846.1333333333,12633148,11206996,22824.8391038697
"031301040000","DEPOSIT CENTRAL SCHOOL DISTRICT","2019-20",483,98,1492293,15227.4795918367,12774781.44,11282488.44,23359.1893167702
"031301040000","DEPOSIT CENTRAL SCHOOL DISTRICT","2020-21",469,82,1656452,20200.6341463415,13618097.22,11961645.22,25504.5740298507
"031301040000","DEPOSIT CENTRAL SCHOOL DISTRICT","2021-22",476,71,1374420,19358.0281690141,13558128,12183708,25596.025210084
"031301040000","DEPOSIT CSD","2022-23",471,74,1521404,20559.5135135135,14722458.13,13201054.13,28027.7157749469
"031301040000","DEPOSIT CENTRAL SCHOOL DISTRICT","2023-24",475,81,1557988.37,19234.4243209877,16458605.96,14900617.59,31369.7212421053
"031301040000","DEPOSIT CSD","2024-25",486,80,1491606.59,18645.082375,16822423.34,15330816.75,31544.8904320988
"031401060000","WHITNEY POINT CENTRAL SCHOOL DISTRICT","2018-19",1490,219,2608007,11908.7077625571,26858831,24250824,16275.7208053691
"031401060000","WHITNEY POINT CENTRAL SCHOOL DISTRICT","2019-20",1359,228,2745968,12043.7192982456,27514443,24768475,18225.515084621
"031401060000","WHITNEY POINT CENTRAL SCHOOL DISTRICT","2020-21",1408,228,3011322,13207.5526315789,27658699.7,24647377.7,17505.23984375
"031401060000","WHITNEY POINT CENTRAL SCHOOL DISTRICT","2021-22",1378,215,3287506,15290.7255813953,28414445,25126939,18234.3534107402
"031401060000","WHITNEY POINT CSD","2022-23",1378,230,3563199,15492.1695652174,30738193.6,27174994.6,19720.6056603774
"031401060000","WHITNEY POINT CENTRAL SCHOOL DISTRICT","2023-24",1442,240,3908580.11,16285.7504583333,37508805.97,33600225.86,23301.1275034674
"031401060000","WHITNEY POINT CSD","2024-25",1374,267,4857465.4,18192.7543071161,39456773.99,34599308.59,25181.4472998544
"031501060000","UNION-ENDICOTT CENTRAL SCHOOL DISTRICT","2018-19",3799,488,7787454,15957.8975409836,65825393,58037939,15277.1621479337
"031501060000","UNION-ENDICOTT CENTRAL SCHOOL DISTRICT","2019-20",3569,466,7607769,16325.6845493562,67317197.81,59709428.81,16730.016478005
"031501060000","UNION-ENDICOTT CENTRAL SCHOOL DISTRICT","2020-21",3464,458,7723227,16862.9410480349,68230872.68,60507645.68,17467.5651501155
"031501060000","UNION-ENDICOTT CENTRAL SCHOOL DISTRICT","2021-22",3313,468,8329756,17798.6239316239,70178103,61848347,18668.3812254754
"031501060000","UNION-ENDICOTT CSD","2022-23",3469,474,8415075,17753.3227848101,73127099.11,64712024.11,18654.3742029403
"031501060000","UNION-ENDICOTT CENTRAL SCHOOL DISTRICT","2023-24",3529,471,10301159.57,21870.8271125265,86825533.07,76524373.5,21684.4356758288
"031501060000","UNION-ENDICOTT CSD","2024-25",3461,459,9428646.53,20541.7135729847,90276311.63,80847665.1,23359.6258595782
"031502060000","JOHNSON CITY CENTRAL SCHOOL DISTRICT","2018-19",2469,302,5844251,19351.8245033113,42597994,36753743,14886.0846496557
"031502060000","JOHNSON CITY CENTRAL SCHOOL DISTRICT","2019-20",2347,301,6075876,20185.634551495,43153232.06,37077356.06,15797.7656838517
"031502060000","JOHNSON CITY CENTRAL SCHOOL DISTRICT","2020-21",2196,308,6146306,19955.538961039,42073203.3,35926897.3,16360.1535974499
"031502060000","JOHNSON CITY CENTRAL SCHOOL DISTRICT","2021-22",2193,322,6280690,19505.248447205,50023791,43743101,19946.6944824441
"031502060000","JOHNSON CITY CSD","2022-23",2214,336,6290113,18720.5744047619,49510775.27,43220662.27,19521.5276738934
"031502060000","JOHNSON CITY CENTRAL SCHOOL DISTRICT","2023-24",2284,375,7148546.24,19062.7899733333,62225048.6,55076502.36,24114.055323993
"031502060000","JOHNSON CITY CSD","2024-25",2272,394,7569089.59,19210.887284264,63716613.54,56147523.95,24712.8186399648
"031601060000","VESTAL CENTRAL SCHOOL DISTRICT","2018-19",3380,382,8022387,21001.0130890052,59608369,51585982,15262.124852071
"031601060000","VESTAL CENTRAL SCHOOL DISTRICT","2019-20",3291,363,8628511,23770.0027548209,60629232.36,52000721.36,15800.8876815558
"031601060000","VESTAL CENTRAL SCHOOL DISTRICT","2020-21",3195,329,7801849,23713.8267477204,60886686.7,53084837.7,16614.9726760563
"031601060000","VESTAL CENTRAL SCHOOL DISTRICT","2021-22",3226,357,8084113,22644.5742296919,63732549,55648436,17249.9801611903
"031601060000","VESTAL CSD","2022-23",3315,390,8706886,22325.3487179487,65778108.85,57071222.85,17216.055158371
"031601060000","VESTAL CENTRAL SCHOOL DISTRICT","2023-24",3477,421,9461692.32,22474.3285510689,76651911.94,67190219.62,19324.1931607708
"031601060000","VESTAL CSD","2024-25",3403,437,9091932.88,20805.3383981693,76432247.85,67340314.97,19788.5145371731
"031701060000","WINDSOR CENTRAL SCHOOL DISTRICT","2018-19",1667,206,3588941,17422.0436893204,32736557,29147616,17485.0725854829
"031701060000","WINDSOR CENTRAL SCHOOL DISTRICT","2019-20",1617,233,3588955,15403.2403433476,32987238.73,29398283.73,18180.7567903525
"031701060000","WINDSOR CENTRAL SCHOOL DISTRICT","2020-21",1589,200,3632231,18161.155,31848468.82,28216237.82,17757.2295909377
"031701060000","WINDSOR CENTRAL SCHOOL DISTRICT","2021-22",1643,196,4074251,20786.9948979592,35640649,31566398,19212.6585514303
"031701060000","WINDSOR CSD","2022-23",1627,223,4573468,20508.8251121076,37985304.46,33411836.46,20535.8552304856
"031701060000","WINDSOR CENTRAL SCHOOL DISTRICT","2023-24",1588,259,4607543.68,17789.7439382239,43147424.78,38539881.1,24269.4465365239
"031701060000","WINDSOR CSD","2024-25",1536,267,5194721.38,19455.8853183521,44326283.33,39131561.95,25476.2773111979
"040204040000","WEST VALLEY CENTRAL SCHOOL DISTRICT","2018-19",229,42,420144,10003.4285714286,7158394,6738250,29424.672489083
"040204040000","WEST VALLEY CENTRAL SCHOOL DISTRICT","2019-20",200,43,665974,15487.7674418605,7277261,6611287,33056.435
"040204040000","WEST VALLEY CENTRAL SCHOOL DISTRICT","2020-21",198,51,589909,11566.8431372549,7326693,6736784,34024.1616161616
"040204040000","WEST VALLEY CENTRAL SCHOOL DISTRICT","2021-22",199,40,372655,9316.375,7274477,6901822,34682.5226130653
"040204040000","WEST VALLEY CSD","2022-23",213,39,330212.07,8466.97615384615,7201106.75,6870894.68,32257.7215023474
"040204040000","WEST VALLEY CENTRAL SCHOOL DISTRICT","2023-24",204,50,409072.37,8181.4474,8755015.83,8345943.46,40911.4875490196
"040204040000","WEST VALLEY CSD","2024-25",186,43,951128.36,22119.2641860465,8853842.69,7902714.33,42487.7114516129
"040302060000","ALLEGANY-LIMESTONE CENTRAL SCHOOL DISTRICT","2018-19",1180,139,1494131.1,10749.1446043165,16868516.4,15374385.3,13029.1400847458
"040302060000","ALLEGANY-LIMESTONE CENTRAL SCHOOL DISTRICT","2019-20",1156,137,3270644,23873.3138686131,18920654.4,15650010.4,13538.0712802768
"040302060000","ALLEGANY-LIMESTONE CENTRAL SCHOOL DISTRICT","2020-21",1066,115,3052123,26540.2,18779640,15727517,14753.7682926829
"040302060000","ALLEGANY-LIMESTONE CENTRAL SCHOOL DISTRICT","2021-22",1095,115,3372945,29329.9565217391,20293976,16921031,15452.996347032
"040302060000","ALLEGANY-LIMESTONE CSD","2022-23",1063,105,3352548,31929.0285714286,21169189.92,17816641.92,16760.7167638758
"040302060000","ALLEGANY-LIMESTONE CENTRAL SCHOOL DISTRICT","2023-24",1037,115,3746327.91,32576.7644347826,27014367.98,23268040.07,22437.8399903568
"040302060000","ALLEGANY-LIMESTONE CSD","2024-25",1028,116,3909927.16,33706.2686206897,26443801.99,22533874.83,21920.1117023346
"040901040000","ELLICOTTVILLE CENTRAL SCHOOL DISTRICT","2018-19",631,81,0,0,2552470,2552470,4045.11885895404
"040901040000","ELLICOTTVILLE CENTRAL SCHOOL DISTRICT","2019-20",600,70,375289,5361.27142857143,10200126,9824837,16374.7283333333
"040901040000","ELLICOTTVILLE CENTRAL SCHOOL DISTRICT","2020-21",608,68,675001,9926.48529411765,10694717,10019716,16479.7960526316
"040901040000","ELLICOTTVILLE CENTRAL SCHOOL DISTRICT","2021-22",589,76,586199,7713.1447368421,11504538,10918339,18537.078098472
"040901040000","ELLICOTTVILLE CSD","2022-23",554,80,819369,10242.1125,12434970,11615601,20966.7888086643
"040901040000","ELLICOTTVILLE CENTRAL SCHOOL DISTRICT","2023-24",539,87,1629156.06,18725.9317241379,14287763.71,12658607.65,23485.3574211503
"040901040000","ELLICOTTVILLE CSD","2024-25",512,82,1567950.47,19121.347195122,14642957.36,13075006.89,25537.1228320312
"041101040000","FRANKLINVILLE CENTRAL SCHOOL DISTRICT","2018-19",642,73,2977372,40785.9178082192,16451216,13473844,20987.2959501558
"041101040000","FRANKLINVILLE CENTRAL SCHOOL DISTRICT","2019-20",635,83,3087511,37198.9277108434,15953229,12865718,20260.9732283465
"041101040000","FRANKLINVILLE CENTRAL SCHOOL DISTRICT","2020-21",605,84,2974666,35412.6904761905,16150545,13175879,21778.3123966942
"041101040000","FRANKLINVILLE CENTRAL SCHOOL DISTRICT","2021-22",581,70,2657322,37961.7428571429,16515900,13858578,23852.9741824441
"041101040000","FRANKLINVILLE CSD","2022-23",586,79,2852174,36103.4683544304,17146044,14293870,24392.2696245734
"041101040000","FRANKLINVILLE CENTRAL SCHOOL DISTRICT","2023-24",589,88,3514922,39942.2954545455,20214499,16699577,28352.4227504244
"041101040000","FRANKLINVILLE CSD","2024-25",601,97,4152910,42813.5051546392,23749806,19596896,32607.1480865225
"041401040000","HINSDALE CENTRAL SCHOOL DISTRICT","2018-19",421,55,0,0,8673745,8673745,20602.7197149644
"041401040000","HINSDALE CENTRAL SCHOOL DISTRICT","2019-20",404,51,0,0,8329031,8329031,20616.4133663366
"041401040000","HINSDALE CENTRAL SCHOOL DISTRICT","2020-21",380,51,1390023,27255.3529411765,8408155,7018132,18468.7684210526
"041401040000","HINSDALE CSD","2022-23",376,53,1726621,32577.7547169811,10486199.22,8759578.22,23296.7505851064
"041401040000","HINSDALE CENTRAL SCHOOL DISTRICT","2023-24",369,63,2044096.46,32445.9755555556,11870550.34,9826453.88,26629.9563143631
"041401040000","HINSDALE CSD","2024-25",350,65,2035965.23,31322.542,11874141.61,9838176.38,28109.0753714286
"042302040000","CATTARAUGUS-LITTLE VALLEY CENTRAL SCHOOL DISTRICT","2018-19",919,143,2275843.26,15914.9878321678,17203701.14,14927857.88,16243.5885527748
"042302040000","CATTARAUGUS-LITTLE VALLEY CENTRAL SCHOOL DISTRICT","2019-20",918,146,1676959.85,11486.026369863,17774809.68,16097849.83,17535.7841285403
"042302040000","CATTARAUGUS-LITTLE VALLEY CENTRAL SCHOOL DISTRICT","2020-21",868,142,1484009.23,10450.7692253521,17801761.21,16317751.98,18799.2534331797
"042302040000","CATTARAUGUS-LITTLE VALLEY CENTRAL SCHOOL DISTRICT","2021-22",824,137,1842610,13449.7080291971,19435840,17593230,21351.0072815534
"042302040000","CATTARAUGUS-LITTLE VALLEY CSD","2022-23",840,142,1900595.59,13384.4759859155,19580147.47,17679551.88,21047.0855714286
"042302040000","CATTARAUGUS-LITTLE VALLEY CENTRAL SCHOOL DISTRICT","2023-24",829,152,2016038.22,13263.4093421053,23912794.92,21896756.7,26413.4580217129
"042302040000","CATTARAUGUS-LITTLE VALLEY CSD","2024-25",809,147,2336526.47,15894.7378911565,26472739.75,24136213.28,29834.6270457355
"042400010000","OLEAN CITY SCHOOL DISTRICT","2018-19",2033,322,7198259,22354.8416149068,37172243,29973984,14743.7206099361
"042400010000","OLEAN CITY SCHOOL DISTRICT","2019-20",2003,347,5214086,15026.1844380403,37453653,32239567,16095.6400399401
"042400010000","OLEAN CITY SCHOOL DISTRICT","2020-21",1929,336,5371786,15987.4583333333,37692524,32320738,16755.177812338
"042400010000","OLEAN CITY SCHOOL DISTRICT","2021-22",1897,328,5505641,16785.4908536585,40862950,35357309,18638.5392725356
"042400010000","OLEAN CITY SD","2022-23",1867,354,4215346.03,11907.7571468927,40161730.79,35946384.76,19253.5537011248
"042400010000","OLEAN CITY SCHOOL DISTRICT","2023-24",1891,366,0,0,46031012.83,46031012.83,24342.1537969328
"042400010000","OLEAN CITY SD","2024-25",1831,400,0,0,48622122.19,48622122.19,26554.9547733479
"042801060000","GOWANDA CENTRAL SCHOOL DISTRICT","2018-19",1151,199,3811071.47,19151.1129145729,25646108.55,21835037.08,18970.4926846221
"042801060000","GOWANDA CENTRAL SCHOOL DISTRICT","2019-20",1063,200,4043703,20218.515,25590259,21546556,20269.5729068674
"042801060000","GOWANDA CENTRAL SCHOOL DISTRICT","2020-21",1004,196,4415954,22530.3775510204,24788754,20372800,20291.6334661355
"042801060000","GOWANDA CENTRAL SCHOOL DISTRICT","2021-22",1006,219,4368254,19946.3652968037,27355059,22986805,22849.7067594433
"042801060000","GOWANDA CSD","2022-23",1069,242,4632321,19141.8223140496,28096039,23463718,21949.2217025257
"042801060000","GOWANDA CENTRAL SCHOOL DISTRICT","2023-24",1052,259,5820038.3,22471.1903474903,33402177.34,27582139.04,26218.7633460076
"042801060000","GOWANDA CSD","2024-25",1053,242,5704954.57,23574.1924380165,34606779,28901824.43,27447.12671415
"042901040000","PORTVILLE CENTRAL SCHOOL DISTRICT","2018-19",1027,103,1491695.46,14482.4801941748,14581922.46,13090227,12746.0827653359
"042901040000","PORTVILLE CENTRAL SCHOOL DISTRICT","2019-20",1030,117,1378612.42,11783.0121367521,14736508,13357895.58,12968.8306601942
"042901040000","PORTVILLE CENTRAL SCHOOL DISTRICT","2020-21",968,98,1299418.47,13259.3721428571,14927064.28,13627645.81,14078.1464979339
"042901040000","PORTVILLE CENTRAL SCHOOL DISTRICT","2021-22",988,103,1283795,12464.0291262136,16680799,15397004,15584.012145749
"042901040000","PORTVILLE CSD","2022-23",969,104,1237893,11902.8173076923,17124628.38,15886735.38,16394.979752322
"042901040000","PORTVILLE CENTRAL SCHOOL DISTRICT","2023-24",1002,83,1210554.74,14584.9968674699,21774714.08,20564159.34,20523.1131137725
"042901040000","PORTVILLE CSD","2024-25",979,76,1120974.58,14749.6655263158,21719272.34,20598297.76,21040.1407150153
"043001040000","RANDOLPH CENTRAL SCHOOL DISTRICT","2018-19",902,130,1663810.34,12798.5410769231,16197020.3,14533209.96,16112.2061640798
"043001040000","RANDOLPH CENTRAL SCHOOL DISTRICT","2019-20",903,139,4052984,29158.1582733813,16612597,12559613,13908.7630121816
"043001040000","RANDOLPH CENTRAL SCHOOL DISTRICT","2020-21",874,123,1933150,15716.6666666667,16052693,14119543,16155.0835240275
"043001040000","RANDOLPH CENTRAL SCHOOL DISTRICT","2021-22",839,120,1895832,15798.6,16393053,14497221,17279.1668653159
"043001040000","RANDOLPH CSD","2022-23",853,118,2271285,19248.1779661017,18831280,16559995,19413.8276670574
"043001040000","RANDOLPH CENTRAL SCHOOL DISTRICT","2023-24",813,117,0,0,22454689,22454689,27619.5436654367
"043001040000","RANDOLPH CSD","2024-25",815,130,3295707,25351.5923076923,24116719,20821012,25547.2539877301
"043011020000","RANDOLPH ACADEMY UNION FREE SCHOOL DISTRICT","2020-21",155,139,4970892,35761.8129496403,8679026,3708134,23923.4451612903
"043011020000","RANDOLPH ACADEMY UNION FREE SCHOOL DISTRICT","2021-22",150,138,4657485,33749.8913043478,8232404,3574919,23832.7933333333
"043011020000","RANDOLPH ACAD UFSD","2022-23",152,139,5024790,36149.5683453237,8828697,3803907,25025.7039473684
"043011020000","RANDOLPH ACADEMY UNION FREE SCHOOL DISTRICT","2023-24",165,154,4902600,31835.0649350649,9572484,4669884,28302.3272727273
"043011020000","RANDOLPH ACAD UFSD","2024-25",162,144,5080322,35280.0138888889,10005872,4925550,30404.6296296296
"043200050000","SALAMANCA CITY SCHOOL DISTRICT","2018-19",1271,152,3930817,25860.6381578947,31098189.52,27167372.52,21374.8013532651
"043200050000","SALAMANCA CITY SCHOOL DISTRICT","2019-20",1263,157,2759319.2,17575.2815286624,31091797.17,28332477.97,22432.6824782264
"043200050000","SALAMANCA CITY SCHOOL DISTRICT","2020-21",1282,154,3216345,20885.3571428571,32004037,28787692,22455.2979719189
"043200050000","SALAMANCA CITY SCHOOL DISTRICT","2021-22",1281,160,3467362,21671.0125,38827364,35360002,27603.4363778298
"043200050000","SALAMANCA CITY SD","2022-23",1293,171,3879477,22687,43474120,39594643,30622.3070378964
"043200050000","SALAMANCA CITY SCHOOL DISTRICT","2023-24",1317,185,7111973,38443.0972972973,53754825,46642852,35415.9848139711
"043200050000","SALAMANCA CITY SD","2024-25",1323,220,9134778.02,41521.7182727273,56633822.27,47499044.25,35902.5277777778
"043501060000","YORKSHIRE-PIONEER CENTRAL SCHOOL DISTRICT","2018-19",2479,495,9314192,18816.5494949495,42813097,33498905,13513.0718031464
"043501060000","YORKSHIRE-PIONEER CENTRAL SCHOOL DISTRICT","2019-20",2407,536,8978824.16,16751.5376119403,41991860.62,33013036.46,13715.428525135
"043501060000","YORKSHIRE-PIONEER CENTRAL SCHOOL DISTRICT","2020-21",2238,519,2946070.26,5676.43595375723,41814188.93,38868118.67,17367.3452502234
"043501060000","YORKSHIRE-PIONEER CENTRAL SCHOOL DISTRICT","2021-22",2249,533,3648856,6845.88367729831,44299249,40650393,18074.8746109382
"043501060000","YORKSHIRE-PIONEER CSD","2022-23",2192,533,10354005.82,19425.9021013133,51451711.47,41097705.65,18748.9533074818
"043501060000","YORKSHIRE-PIONEER CENTRAL SCHOOL DISTRICT","2023-24",2210,536,6928611.2,12926.5134328358,51741216.24,44812605.04,20277.1968506787
"043501060000","YORKSHIRE-PIONEER CSD","2024-25",2137,504,6702965.63,13299.5349801587,56637051.31,49934085.68,23366.4415910154
"050100010000","AUBURN CITY SCHOOL DISTRICT","2018-19",4478,578,6929063.66,11987.9994117647,66283661.81,59354598.15,13254.7115118356
"050100010000","AUBURN CITY SCHOOL DISTRICT","2019-20",4106,637,15118689.45,23734.2063579278,65325322.79,50206633.34,12227.6262396493
"050100010000","AUBURN CITY SCHOOL DISTRICT","2020-21",3956,643,5676578.98,8828.27213063764,65826442.3,60149863.32,15204.7177249747
"050100010000","AUBURN CITY SCHOOL DISTRICT","2021-22",3843,637,10615414,16664.7001569859,73386763,62771349,16333.9445745511
"050100010000","AUBURN CITY SD","2022-23",3788,667,11591072.69,17377.9200749625,80544943.42,68953870.73,18203.2393690602
"050100010000","AUBURN CITY SCHOOL DISTRICT","2023-24",4169,713,7582776.94,10635.0307713885,92538453.44,84955676.5,20377.9507076037
"050100010000","AUBURN CITY SD","2024-25",3732,725,12407595.78,17113.9252137931,98855416.67,86447820.89,23163.9391452304
"050301040000","WEEDSPORT CENTRAL SCHOOL DISTRICT","2018-19",787,125,1804115.11,14432.92088,15817772.33,14013657.22,17806.4259466328
"050301040000","WEEDSPORT CENTRAL SCHOOL DISTRICT","2019-20",753,127,1749470,13775.3543307087,16097916,14348446,19055.0411686587
"050301040000","WEEDSPORT CENTRAL SCHOOL DISTRICT","2020-21",747,123,1705773,13868.0731707317,15437853,13732080,18382.9718875502
"050301040000","WEEDSPORT CENTRAL SCHOOL DISTRICT","2021-22",715,117,1736481,14841.7179487179,16682304,14945823,20903.248951049
"050301040000","WEEDSPORT CSD","2022-23",703,129,1470280,11397.519379845,17053758,15583478,22167.1095305832
"050301040000","WEEDSPORT CENTRAL SCHOOL DISTRICT","2023-24",714,148,2830390,19124.2567567568,18783624,15953234,22343.4649859944
"050301040000","WEEDSPORT CSD","2024-25",698,139,3054840,21977.2661870504,19374890,16320050,23381.1604584527
"050401040000","CATO-MERIDIAN CENTRAL SCHOOL DISTRICT","2018-19",920,95,1971903,20756.8736842105,16905862,14933959,16232.5641304348
"050401040000","CATO-MERIDIAN CENTRAL SCHOOL DISTRICT","2019-20",921,110,1774780.3,16134.3663636364,16659130.13,14884349.83,16161.0747339848
"050401040000","CATO-MERIDIAN CENTRAL SCHOOL DISTRICT","2020-21",887,100,1005727.36,10057.2736,15406405.15,14400677.79,16235.2624464487
"050401040000","CATO-MERIDIAN CENTRAL SCHOOL DISTRICT","2021-22",866,98,959879,9794.68367346939,16781314,15821435,18269.5554272517
"050401040000","CATO-MERIDIAN CSD","2022-23",867,113,2120486.54,18765.3676106195,17316879.01,15196392.47,17527.5576355248
"050401040000","CATO-MERIDIAN CENTRAL SCHOOL DISTRICT","2023-24",863,141,1144924.4,8120.03120567376,19730721.07,18585796.67,21536.2649710313
"050401040000","CATO-MERIDIAN CSD","2024-25",846,151,1446442.7,9579.09072847682,20514076.75,19067634.05,22538.5745271868
"050701040000","SOUTHERN CAYUGA CENTRAL SCHOOL DISTRICT","2018-19",662,83,2642627,31838.8795180723,12315655.68,9673028.68,14611.8258006042
"050701040000","SOUTHERN CAYUGA CENTRAL SCHOOL DISTRICT","2019-20",683,90,2053102.59,22812.251,13971791.5,11918688.91,17450.4962079063
"050701040000","SOUTHERN CAYUGA CENTRAL SCHOOL DISTRICT","2020-21",659,90,1970571.2,21895.2355555556,13689113.92,11718542.72,17782.3106525038
"050701040000","SOUTHERN CAYUGA CENTRAL SCHOOL DISTRICT","2021-22",640,93,1758164,18904.9892473118,13209494,11451330,17892.703125
"050701040000","SOUTHERN CAYUGA CSD","2022-23",658,94,1015184.38,10799.8338297872,16015417.67,15000233.29,22796.7071276596
"050701040000","SOUTHERN CAYUGA CENTRAL SCHOOL DISTRICT","2023-24",642,105,0,0,17297260.58,17297260.58,26942.7734890966
"050701040000","SOUTHERN CAYUGA CSD","2024-25",637,113,1301488.39,11517.5963716814,16835335.21,15533846.82,24385.9447723705
"051101040000","PORT BYRON CENTRAL SCHOOL DISTRICT","2018-19",835,115,4724832,41085.4956521739,20754177,16029345,19196.8203592814
"051101040000","PORT BYRON CENTRAL SCHOOL DISTRICT","2019-20",761,98,288726,2946.18367346939,17866959,17578233,23098.8607095926
"051101040000","PORT BYRON CENTRAL SCHOOL DISTRICT","2020-21",748,110,1134799,10316.3545454545,14997762.4,13862963.4,18533.3735294118
"051101040000","PORT BYRON CENTRAL SCHOOL DISTRICT","2021-22",750,102,1235849,12116.1666666667,16456669,15220820,20294.4266666667
"051101040000","PORT BYRON CSD","2022-23",765,116,1190928,10266.6206896552,16587463,15396535,20126.1895424837
"051101040000","PORT BYRON CENTRAL SCHOOL DISTRICT","2023-24",785,134,999103.87,7455.99902985075,22112292.44,21113188.57,26895.7816178344
"051101040000","PORT BYRON CSD","2024-25",792,120,3211021.28,26758.5106666667,23009002.03,19797980.75,24997.4504419192
"051301040000","MORAVIA CENTRAL SCHOOL DISTRICT","2018-19",948,142,1552462.81,10932.8366901408,12826811.24,11274348.43,11892.7726054852
"051301040000","MORAVIA CENTRAL SCHOOL DISTRICT","2019-20",907,138,3459244.18,25066.9868115942,16371458.11,12912213.93,14236.1785336273
"051301040000","MORAVIA CENTRAL SCHOOL DISTRICT","2020-21",871,135,2035658,15078.9481481481,17357503,15321845,17591.0964408726
"051301040000","MORAVIA CENTRAL SCHOOL DISTRICT","2021-22",870,129,1427555,11066.3178294574,17604783,16177228,18594.5149425287
"051301040000","MORAVIA CSD","2022-23",863,137,1656175.96,12088.875620438,20305918.92,18649742.96,21610.3626419467
"051301040000","MORAVIA CENTRAL SCHOOL DISTRICT","2023-24",860,125,5001185,40009.48,26066867,21065682,24494.9790697674
"051301040000","MORAVIA CSD","2024-25",850,123,4911506,39930.9430894309,25899172,20987666,24691.3717647059
"051901040000","UNION SPRINGS CENTRAL SCHOOL DISTRICT","2018-19",823,95,697471.03,7341.80031578947,15583019.64,14885548.61,18086.9363426488
"051901040000","UNION SPRINGS CENTRAL SCHOOL DISTRICT","2019-20",823,101,262823.07,2602.20861386139,15498698.82,15235875.75,18512.6072296476
"051901040000","UNION SPRINGS CENTRAL SCHOOL DISTRICT","2020-21",775,76,711949.91,9367.76197368421,14593233.77,13881283.86,17911.3340129032
"051901040000","UNION SPRINGS CENTRAL SCHOOL DISTRICT","2021-22",757,70,683844,9769.2,15360845,14677001,19388.3764861295
"051901040000","UNION SPRINGS CSD","2022-23",744,72,224319,3115.54166666667,18376087,18151768,24397.5376344086
"051901040000","UNION SPRINGS CENTRAL SCHOOL DISTRICT","2023-24",714,85,2315696,27243.4823529412,19691786.92,17376090.92,24336.2617927171
"051901040000","UNION SPRINGS CSD","2024-25",709,101,2322668.73,22996.7200990099,19814328.98,17491660.25,24670.8889280677
"060201060000","SOUTHWESTERN CENTRAL SCHOOL DISTRICT AT JAMESTOWN","2018-19",1348,184,1407519.12,7649.56043478261,22538816.99,21131297.87,15676.036995549
"060201060000","SOUTHWESTERN CENTRAL SCHOOL DISTRICT AT JAMESTOWN","2019-20",1333,190,2053700.95,10808.9523684211,21687294.18,19633593.23,14728.8771417854
"060201060000","SOUTHWESTERN CENTRAL SCHOOL DISTRICT AT JAMESTOWN","2020-21",1316,181,2119450.63,11709.6719889503,21644972.2,19525521.57,14837.0224696049
"060201060000","SOUTHWESTERN CENTRAL SCHOOL DISTRICT AT JAMESTOWN","2021-22",1334,191,1339855,7014.94764397906,23326794,21986939,16481.9632683658
"060201060000","SOUTHWESTERN CSD AT JAMESTOWN","2022-23",1319,180,1486883.6,8260.46444444445,23682606.79,22195723.19,16827.690060652
"060201060000","SOUTHWESTERN CENTRAL SCHOOL DISTRICT AT JAMESTOWN","2023-24",1293,188,0,0,29226756.03,29226756.03,22603.8329698376
"060201060000","SOUTHWESTERN CSD AT JAMESTOWN","2024-25",1231,201,2022580.79,10062.5909950249,29787973.03,27765392.24,22555.1521039805
"060301040000","FREWSBURG CENTRAL SCHOOL DISTRICT","2018-19",804,119,1815904,15259.6974789916,13471859,11655955,14497.4564676617
"060301040000","FREWSBURG CENTRAL SCHOOL DISTRICT","2019-20",808,126,1277501.58,10138.9014285714,14109515.06,12832013.48,15881.2048019802
"060301040000","FREWSBURG CENTRAL SCHOOL DISTRICT","2020-21",761,123,1029706.33,8371.59617886179,13422033.93,12392327.6,16284.267542707
"060301040000","FREWSBURG CENTRAL SCHOOL DISTRICT","2021-22",772,123,1259402,10239.0406504065,15256226,13996824,18130.6010362694
"060301040000","FREWSBURG CSD","2022-23",750,124,1395891.28,11257.1877419355,16131725.45,14735834.17,19647.7788933333
"060301040000","FREWSBURG CENTRAL SCHOOL DISTRICT","2023-24",715,112,1627792.86,14533.8648214286,18388687.79,16760894.93,23441.8110909091
"060301040000","FREWSBURG CSD","2024-25",729,109,1800163.68,16515.2631192661,19053193.06,17253029.38,23666.7069684499
"060401040000","CASSADAGA VALLEY CENTRAL SCHOOL DISTRICT","2018-19",859,126,3180619.26,25243.01,17929702.85,14749083.59,17170.0623864959
"060401040000","CASSADAGA VALLEY CENTRAL SCHOOL DISTRICT","2019-20",852,131,1528337.99,11666.7022137405,17774880.61,16246542.62,19068.7119953052
"060401040000","CASSADAGA VALLEY CENTRAL SCHOOL DISTRICT","2020-21",808,119,1380215.29,11598.4478151261,16361506.96,14981291.67,18541.2025618812
"060401040000","CASSADAGA VALLEY CENTRAL SCHOOL DISTRICT","2021-22",820,122,1629730,13358.4426229508,17723769,16094039,19626.8768292683
"060401040000","CASSADAGA VALLEY CSD","2022-23",803,126,1748215,13874.7222222222,19430965.86,17682750.86,22020.8603486924
"060401040000","CASSADAGA VALLEY CENTRAL SCHOOL DISTRICT","2023-24",804,142,3182627.17,22412.8673943662,22349554.33,19166927.16,23839.461641791
"060401040000","CASSADAGA VALLEY CSD","2024-25",795,141,1673286.87,11867.2827659574,23323205.23,21649918.36,27232.6017106918
"060503040000","CHAUTAUQUA LAKE CENTRAL SCHOOL DISTRICT","2018-19",743,86,1878544,21843.5348837209,17693471,15814927,21285.2314939435
"060503040000","CHAUTAUQUA LAKE CENTRAL SCHOOL DISTRICT","2019-20",737,93,1725664,18555.5268817204,17258288,15532624,21075.473541384
"060503040000","CHAUTAUQUA LAKE CENTRAL SCHOOL DISTRICT","2020-21",716,104,1789051,17202.4134615385,17136542,15347491,21435.0432960894
"060503040000","CHAUTAUQUA LAKE CENTRAL SCHOOL DISTRICT","2021-22",699,114,2006513,17600.9912280702,17848562,15842049,22663.8755364807
"060503040000","CHAUTAUQUA LAKE CSD","2022-23",717,127,1896722,14934.8188976378,19086913,17190191,23975.1617852162
"060503040000","CHAUTAUQUA LAKE CENTRAL SCHOOL DISTRICT","2023-24",697,105,3717366,35403.4857142857,21262506,17545140,25172.3672883788
"060503040000","CHAUTAUQUA LAKE CSD","2024-25",673,107,3767612,35211.3271028037,22191041,18423429,27375.0802377415
"060601040000","PINE VALLEY CENTRAL SCHOOL DISTRICT (SOUTH DAYTON)","2018-19",531,74,862614.34,11656.9505405405,10481705.25,9619090.91,18115.0487947269
"060601040000","PINE VALLEY CENTRAL SCHOOL DISTRICT (SOUTH DAYTON)","2019-20",515,86,1322443,15377.2441860465,12573905,11251462,21847.4990291262
"060601040000","PINE VALLEY CENTRAL SCHOOL DISTRICT (SOUTH DAYTON)","2020-21",466,80,3532755,44159.4375,11543683.8,8010928.8,17190.8343347639
"060601040000","PINE VALLEY CENTRAL SCHOOL DISTRICT (SOUTH DAYTON)","2021-22",539,83,1668695,20104.7590361446,11546770,9878075,18326.6697588126
"060601040000","PINE VALLEY CSD (SOUTH DAYTON)","2022-23",523,93,1470669,15813.6451612903,14167505,12696836,24276.9330783939
"060601040000","PINE VALLEY CENTRAL SCHOOL DISTRICT (SOUTH DAYTON)","2023-24",526,102,2362602.47,23162.7693137255,15847164.11,13484561.64,25636.0487452471
"060601040000","PINE VALLEY CSD (SOUTH DAYTON)","2024-25",518,95,2709604.88,28522.1566315789,17076475.15,14366870.27,27735.2707915058
"060701040000","CLYMER CENTRAL SCHOOL DISTRICT","2018-19",464,66,1664057,25212.9848484848,9114943.78,7450886.78,16057.9456465517
"060701040000","CLYMER CENTRAL SCHOOL DISTRICT","2019-20",427,56,852103.61,15216.1358928571,9003741.36,8151637.75,19090.4865339578
"060701040000","CLYMER CENTRAL SCHOOL DISTRICT","2020-21",382,46,178257,3875.15217391304,9192242,9013985,23596.8193717277
"060701040000","CLYMER CENTRAL SCHOOL DISTRICT","2021-22",367,44,867596,19718.0909090909,9696302,8828706,24056.4196185286
"060701040000","CLYMER CSD","2022-23",360,51,799468,15675.8431372549,9991646,9192178,25533.8277777778
"060701040000","CLYMER CENTRAL SCHOOL DISTRICT","2023-24",357,55,1026737.43,18667.9532727273,10787083,9760345.57,27339.903557423
"060701040000","CLYMER CSD","2024-25",330,54,990852.34,18349.1174074074,10177920,9187067.66,27839.598969697
"060800010000","DUNKIRK CITY SCHOOL DISTRICT","2018-19",2190,229,5064982,22117.8253275109,39901761.82,34836779.82,15907.2053972603
"060800010000","DUNKIRK CITY SCHOOL DISTRICT","2019-20",1999,247,5158575,20884.9190283401,42126860,36968285,18493.3891945973
"060800010000","DUNKIRK CITY SCHOOL DISTRICT","2021-22",1988,271,3168445,11691.6789667897,43585445,40417000,20330.4828973843
"060800010000","DUNKIRK CITY SD","2022-23",1930,282,9404928,33350.8085106383,46486820,37081892,19213.4155440415
"060800010000","DUNKIRK CITY SCHOOL DISTRICT","2023-24",2050,314,0,0,51978407.22,51978407.22,25355.3205951219
"060800010000","DUNKIRK CITY SD","2024-25",1900,304,2766736,9101.1052631579,52764499,49997763,26314.6121052632
"061001040000","BEMUS POINT CENTRAL SCHOOL DISTRICT","2018-19",669,77,1011663.78,13138.4906493506,12058334.88,11046671.1,16512.2139013453
"061001040000","BEMUS POINT CENTRAL SCHOOL DISTRICT","2019-20",652,78,1122789.01,14394.7308974359,11595247.39,10472458.38,16062.0527300614
"061001040000","BEMUS POINT CENTRAL SCHOOL DISTRICT","2020-21",646,81,966795.04,11935.7412345679,11378311.17,10411516.13,16116.8980340557
"061001040000","BEMUS POINT CENTRAL SCHOOL DISTRICT","2021-22",623,76,1188214,15634.3947368421,12590146,11401932,18301.6565008026
"061001040000","BEMUS POINT CSD","2022-23",602,87,1226743,14100.4942528736,13175720,11948977,19848.7990033223
"061001040000","BEMUS POINT CENTRAL SCHOOL DISTRICT","2023-24",588,103,1225529.04,11898.3401941748,14849583.49,13624054.45,23170.1606292517
"061001040000","BEMUS POINT CSD","2024-25",575,99,1253718.84,12663.8266666667,15394667.09,14140948.25,24592.9534782609
"061101040000","FALCONER CENTRAL SCHOOL DISTRICT","2018-19",1215,125,1713045.7,13704.3656,18947768.69,17234722.99,14184.9571934156
"061101040000","FALCONER CENTRAL SCHOOL DISTRICT","2019-20",1179,134,1625262.83,12128.8270895522,18574694.27,16949431.44,14376.1080916031
"061101040000","FALCONER CENTRAL SCHOOL DISTRICT","2020-21",1148,145,1507194.66,10394.4459310345,19062797.06,17555602.4,15292.3365853659
"061101040000","FALCONER CENTRAL SCHOOL DISTRICT","2021-22",1133,153,1219650,7971.56862745098,19935830,18716180,16519.1350397176
"061101040000","FALCONER CSD","2022-23",1131,142,1437396.22,10122.5085915493,21341352.51,19903956.29,17598.5466755084
"061101040000","FALCONER CENTRAL SCHOOL DISTRICT","2023-24",1138,160,2565814.63,16036.3414375,25045104.09,22479289.46,19753.3299297012
"061101040000","FALCONER CSD","2024-25",1069,157,2212597.7,14092.9789808917,27110791.57,24898193.87,23291.107455566
"061501040000","SILVER CREEK CENTRAL SCHOOL DISTRICT","2018-19",1070,181,3646901.69,20148.628121547,21050562.97,17403661.28,16265.104
"061501040000","SILVER CREEK CENTRAL SCHOOL DISTRICT","2019-20",1064,203,2160129.83,10641.0336453202,20798025.33,18637895.5,17516.8190789474
"061501040000","SILVER CREEK CENTRAL SCHOOL DISTRICT","2020-21",1010,182,2341699.03,12866.4781868132,20770048.1,18428349.07,18245.8901683168
"061501040000","SILVER CREEK CENTRAL SCHOOL DISTRICT","2021-22",997,175,2301840,13153.3714285714,22237256,19935416,19995.4022066199
"061501040000","SILVER CREEK CSD","2022-23",979,171,2696513,15769.081871345,25163656.95,22467143.95,22949.074514811
"061501040000","SILVER CREEK CENTRAL SCHOOL DISTRICT","2023-24",944,174,3070544.69,17646.8085632184,25407253.3,22336708.61,23661.767595339
"061501040000","SILVER CREEK CSD","2024-25",913,163,5163243.27,31676.3390797546,30265458.73,25102215.46,27494.2118948521
"061503040000","FORESTVILLE CENTRAL SCHOOL DISTRICT","2018-19",455,62,3941061.09,63565.5014516129,9377669.79,5436608.7,11948.5905494505
"061503040000","FORESTVILLE CENTRAL SCHOOL DISTRICT","2019-20",447,64,4332952.57,67702.38390625,8534276.15,4201323.58,9398.93418344519
"061503040000","FORESTVILLE CENTRAL SCHOOL DISTRICT","2020-21",418,73,644860,8833.69863013699,8064223,7419363,17749.6722488038
"061503040000","FORESTVILLE CENTRAL SCHOOL DISTRICT","2021-22",427,80,688395,8604.9375,8500794,7812399,18296.0163934426
"061503040000","FORESTVILLE CSD","2022-23",437,76,653645.56,8600.59947368421,9788949.32,9135303.76,20904.5852631579
"061503040000","FORESTVILLE CENTRAL SCHOOL DISTRICT","2023-24",413,72,1476427.02,20505.9308333333,12215597.88,10739170.86,26002.8350121065
"061503040000","FORESTVILLE CSD","2024-25",397,72,932615.26,12952.9897222222,11712107.23,10779491.97,27152.372720403
"061601040000","PANAMA CENTRAL SCHOOL DISTRICT","2018-19",484,65,936894.6,14413.7630769231,10408646.6,9471752,19569.7355371901
"061601040000","PANAMA CENTRAL SCHOOL DISTRICT","2019-20",467,63,950050.73,15080.1703174603,10124107.2,9174056.47,19644.6605353319
"061601040000","PANAMA CENTRAL SCHOOL DISTRICT","2020-21",436,56,1220246.98,21790.1246428571,10294125.73,9073878.75,20811.6485091743
"061601040000","PANAMA CENTRAL SCHOOL DISTRICT","2021-22",447,63,758918,12046.3174603175,10473342,9714424,21732.4921700224
"061601040000","PANAMA CSD","2022-23",439,65,799317.43,12297.1912307692,11071082.42,10271764.99,23398.0979271071
"061601040000","PANAMA CENTRAL SCHOOL DISTRICT","2023-24",414,70,620401.65,8862.88071428571,13262426.94,12642025.29,30536.2929710145
"061601040000","PANAMA CSD","2024-25",402,77,633488.98,8227.12961038961,13450390.33,12816901.35,31882.8391791045
"061700010000","JAMESTOWN CITY SCHOOL DISTRICT","2018-19",4929,667,24009720.9,35996.5830584708,49846181.29,25836460.39,5241.72456684926
"061700010000","JAMESTOWN CITY SCHOOL DISTRICT","2019-20",4691,713,7330198.61,10280.7834642356,73374281.56,66044082.95,14078.8921232147
"061700010000","JAMESTOWN CITY SCHOOL DISTRICT","2020-21",4574,696,6781102,9742.96264367816,68350738,61569636,13460.7861827722
"061700010000","JAMESTOWN CITY SCHOOL DISTRICT","2021-22",4471,691,6046387,8750.1982633864,76248848,70202461,15701.7358532767
"061700010000","JAMESTOWN CITY SD","2022-23",4470,731,6801366,9304.19425444597,82327453,75526087,16896.2163310962
"061700010000","JAMESTOWN CITY SCHOOL DISTRICT","2023-24",4626,789,8596721,10895.7173637516,97489049,88892328,19215.8080415045
"061700010000","JAMESTOWN CITY SD","2024-25",4370,775,7522535.67,9706.49763870968,87822044.51,80299508.84,18375.1736475973
"062201060000","FREDONIA CENTRAL SCHOOL DISTRICT","2018-19",1507,173,3249056,18780.6705202312,24282053,21032997,13956.8659588587
"062201060000","FREDONIA CENTRAL SCHOOL DISTRICT","2019-20",1509,177,4631690,26167.7401129944,26038105,21406415,14185.8283631544
"062201060000","FREDONIA CENTRAL SCHOOL DISTRICT","2020-21",1424,175,4230738,24175.6457142857,25457806,21227068,14906.6488764045
"062201060000","FREDONIA CENTRAL SCHOOL DISTRICT","2021-22",1460,200,3246126,16230.63,29714221,26468095,18128.8321917808
"062201060000","FREDONIA CENTRAL SCHOOL DISTRICT","2023-24",1475,257,5459352,21242.6147859922,36019616,30560264,20718.8230508475
"062201060000","FREDONIA CSD","2024-25",1484,276,6171377,22360.0615942029,37969780,31798403,21427.4952830189
"062301040000","BROCTON CENTRAL SCHOOL DISTRICT","2018-19",540,101,889601,8807.93069306931,12184169,11294568,20915.8666666667
"062301040000","BROCTON CENTRAL SCHOOL DISTRICT","2019-20",538,91,1494378,16421.7362637363,11885750,10391372,19314.8178438662
"062301040000","BROCTON CENTRAL SCHOOL DISTRICT","2020-21",523,87,1572598,18075.8390804598,11818852,10246254,19591.3078393881
"062301040000","BROCTON CENTRAL SCHOOL DISTRICT","2021-22",517,75,1570722,20942.96,12737069,11166347,21598.3500967118
"062301040000","BROCTON CSD","2022-23",494,74,1596470,21573.9189189189,13173560,11577090,23435.4048582996
"062301040000","BROCTON CENTRAL SCHOOL DISTRICT","2023-24",520,85,4413512.3,51923.6741176471,18288677.76,13875165.46,26683.0105
"062301040000","BROCTON CSD","2024-25",486,68,4524728.23,66540.1210294118,18090489.76,13565761.53,27913.0895679012
"062401040000","RIPLEY CENTRAL SCHOOL DISTRICT","2018-19",158,30,636995,21233.1666666667,5393654,4756659,30105.4367088608
"062401040000","RIPLEY CENTRAL SCHOOL DISTRICT","2019-20",165,41,783747,19115.7804878049,5499070.4,4715323.4,28577.7175757576
"062401040000","RIPLEY CENTRAL SCHOOL DISTRICT","2020-21",142,28,732885,26174.4642857143,5884426,5151541,36278.4577464789
"062401040000","RIPLEY CENTRAL SCHOOL DISTRICT","2021-22",152,30,844125,28137.5,6109515,5265390,34640.7236842105
"062401040000","RIPLEY CSD","2022-23",150,26,1006321,38704.6538461538,6758794,5752473,38349.82
"062401040000","RIPLEY CENTRAL SCHOOL DISTRICT","2023-24",136,36,598824,16634,6963841,6365017,46801.5955882353
"062401040000","RIPLEY CSD","2024-25",146,41,730774,17823.756097561,7123877,6393103,43788.3767123288
"062601040000","SHERMAN CENTRAL SCHOOL DISTRICT","2018-19",406,72,492085.15,6834.51597222222,8968244.79,8476159.64,20877.2404926108
"062601040000","SHERMAN CENTRAL SCHOOL DISTRICT","2019-20",433,81,574324.78,7090.42938271605,8896036.02,8321711.24,19218.7326558891
"062601040000","SHERMAN CENTRAL SCHOOL DISTRICT","2020-21",432,80,596015.41,7450.192625,8729355.18,8133339.77,18827.1753935185
"062601040000","SHERMAN CENTRAL SCHOOL DISTRICT","2021-22",416,75,572047,7627.29333333333,9786443,9214396,22149.9903846154
"062601040000","SHERMAN CSD","2022-23",436,86,666296.95,7747.63895348837,10108009.01,9441712.06,21655.3028899083
"062601040000","SHERMAN CENTRAL SCHOOL DISTRICT","2023-24",420,97,896749.22,9244.83731958763,11684126.08,10787376.86,25684.2306190476
"062601040000","SHERMAN CSD","2024-25",414,99,1007718.67,10178.9764646465,11865171.52,10857452.85,26225.7315217391
"062901040000","WESTFIELD CENTRAL SCHOOL DISTRICT","2018-19",700,126,2163626,17171.6349206349,14827323,12663697,18090.9957142857
"062901040000","WESTFIELD CENTRAL SCHOOL DISTRICT","2019-20",673,141,1671202,11852.4964539007,14871172,13199970,19613.6255572065
"062901040000","WESTFIELD CENTRAL SCHOOL DISTRICT","2020-21",634,129,4034025,31271.511627907,18895435,14861410,23440.7097791798
"062901040000","WESTFIELD CENTRAL SCHOOL DISTRICT","2021-22",638,144,1091685,7581.14583333333,17896419,16804734,26339.7084639498
"062901040000","WESTFIELD CSD","2022-23",637,136,2153981,15838.0955882353,16842136.07,14688155.07,23058.3282103611
"062901040000","WESTFIELD CENTRAL SCHOOL DISTRICT","2023-24",639,153,2763850,18064.3790849673,20470418,17706568,27709.8090766823
"062901040000","WESTFIELD CSD","2024-25",624,139,3013140,21677.2661870504,20837121,17823981,28564.0721153846
"070600010000","ELMIRA CITY SCHOOL DISTRICT","2018-19",5902,821,15213942,18530.9890377588,104553191,89339249,15137.1143680108
"070600010000","ELMIRA CITY SCHOOL DISTRICT","2019-20",5832,821,10440589.12,12716.917320341,107108013.56,96667424.44,16575.3471262003
"070600010000","ELMIRA CITY SCHOOL DISTRICT","2020-21",5599,746,10242848,13730.3592493298,104914246.53,94671398.53,16908.6262779068
"070600010000","ELMIRA CITY SCHOOL DISTRICT","2021-22",5568,724,16431411,22695.3190607735,111787559,95356148,17125.7449712644
"070600010000","ELMIRA CITY SD","2022-23",5397,687,15532887,22609.7336244541,110863801.52,95330914.52,17663.6862182694
"070600010000","ELMIRA CITY SCHOOL DISTRICT","2023-24",5344,774,9477866.08,12245.3050129199,125784474.28,116306608.2,21763.9611152695
"070600010000","ELMIRA CITY SD","2024-25",5321,835,13073939.89,15657.4130419162,140205350.81,127131410.92,23892.3907009961
"070901060000","HORSEHEADS CENTRAL SCHOOL DISTRICT","2018-19",4097,482,4426727.82,9184.08261410789,68350992.71,63924264.89,15602.7007298023
"070901060000","HORSEHEADS CENTRAL SCHOOL DISTRICT","2019-20",4004,496,4853998.5,9786.2872983871,66215668.5,61361670,15325.0924075924
"070901060000","HORSEHEADS CENTRAL SCHOOL DISTRICT","2020-21",3805,438,7547294.1,17231.2650684932,66617711.84,59070417.74,15524.4199053876
"070901060000","HORSEHEADS CENTRAL SCHOOL DISTRICT","2021-22",3736,464,6314267,13608.3340517241,69409800,63095533,16888.5259635974
"070901060000","HORSEHEADS CSD","2022-23",3804,483,7098637,14696.9710144928,75242439,68143802,17913.7229232387
"070901060000","HORSEHEADS CENTRAL SCHOOL DISTRICT","2023-24",3731,528,8158437,15451.5852272727,87704863,79546426,21320.4036451354
"070901060000","HORSEHEADS CSD","2024-25",3703,566,8517362.92,15048.3443816254,85218876.91,76701513.99,20713.3443127194
"070902060000","ELMIRA HEIGHTS CENTRAL SCHOOL DISTRICT","2018-19",1103,140,3268453,23346.0928571429,18378188,15109735,13698.7624660018
"070902060000","ELMIRA HEIGHTS CENTRAL SCHOOL DISTRICT","2019-20",1058,133,3739544,28116.8721804511,18796509,15056965,14231.5359168242
"070902060000","ELMIRA HEIGHTS CENTRAL SCHOOL DISTRICT","2020-21",1001,136,3558160,26162.9411764706,18502379.3,14944219.3,14929.29000999
"070902060000","ELMIRA HEIGHTS CENTRAL SCHOOL DISTRICT","2021-22",991,135,3870003,28666.6888888889,20518929,16648926,16800.1271442987
"070902060000","ELMIRA HEIGHTS CSD","2022-23",1043,157,3955068,25191.5159235669,21344013,17388945,16672.0469798658
"070902060000","ELMIRA HEIGHTS CENTRAL SCHOOL DISTRICT","2023-24",1051,164,4547255.9,27727.1701219512,24252606.97,19705351.07,18749.1446907707
"070902060000","ELMIRA HEIGHTS CSD","2024-25",1015,162,4373084.91,26994.3512962963,25231205.99,20858121.08,20549.8729852217
"080101040000","AFTON CENTRAL SCHOOL DISTRICT","2018-19",529,73,2209348,30265.0410958904,12675319.68,10465971.68,19784.4455198488
"080101040000","AFTON CENTRAL SCHOOL DISTRICT","2019-20",522,75,1618553,21580.7066666667,12594826,10976273,21027.3429118774
"080101040000","AFTON CENTRAL SCHOOL DISTRICT","2020-21",481,68,1408581,20714.4264705882,12739803.59,11331222.59,23557.6353222453
"080101040000","AFTON CENTRAL SCHOOL DISTRICT","2021-22",459,65,1535702,23626.1846153846,13809668,12273966,26740.6666666667
"080101040000","AFTON CSD","2022-23",477,72,2122826,29483.6944444444,15392109,13269283,27818.2033542977
"080101040000","AFTON CENTRAL SCHOOL DISTRICT","2023-24",460,77,3149515,40902.7922077922,18123403.09,14973888.09,32551.9306304348
"080101040000","AFTON CSD","2024-25",429,74,3530970.63,47715.8193243243,18170575.8,14639605.17,34124.9537762238
"080201040000","BAINBRIDGE-GUILFORD CENTRAL SCHOOL DISTRICT","2018-19",805,120,1500868,12507.2333333333,15045008,13544140,16825.0186335404
"080201040000","BAINBRIDGE-GUILFORD CENTRAL SCHOOL DISTRICT","2019-20",803,121,1260669.27,10418.7542975207,14939769.13,13679099.86,17034.9935990037
"080201040000","BAINBRIDGE-GUILFORD CENTRAL SCHOOL DISTRICT","2020-21",782,117,1432031.71,12239.5872649573,14825277.64,13393245.93,17126.9129539642
"080201040000","BAINBRIDGE-GUILFORD CENTRAL SCHOOL DISTRICT","2021-22",780,112,1427688,12747.2142857143,16175099,14747411,18906.9371794872
"080201040000","BAINBRIDGE-GUILFORD CSD","2022-23",784,120,2203457,18362.1416666667,17440244.11,15236787.11,19434.6774362245
"080201040000","BAINBRIDGE-GUILFORD CENTRAL SCHOOL DISTRICT","2023-24",758,138,2106265.14,15262.7908695652,19744438.39,17638173.25,23269.3578496042
"080201040000","BAINBRIDGE-GUILFORD CSD","2024-25",790,138,2493105.01,18065.9783333333,21305297.36,18812192.35,23812.9017088608
"080601040000","GREENE CENTRAL SCHOOL DISTRICT","2018-19",955,113,5233112.28,46310.7281415929,21340308.22,16107195.94,16866.1737591623
"080601040000","GREENE CENTRAL SCHOOL DISTRICT","2019-20",954,121,2836098.53,23438.8308264463,19600922.17,16764823.64,17573.1903983229
"080601040000","GREENE CENTRAL SCHOOL DISTRICT","2020-21",912,114,5277814.69,46296.6200877193,19766193.12,14488378.43,15886.3798574561
"080601040000","GREENE CENTRAL SCHOOL DISTRICT","2021-22",898,97,1226502,12644.3505154639,21584507,20358005,22670.3841870824
"080601040000","GREENE CSD","2022-23",908,114,1786569.7,15671.6640350877,23094585.75,21308016.05,23466.9780286344
"080601040000","GREENE CENTRAL SCHOOL DISTRICT","2023-24",906,118,2766831.27,23447.7226271186,26946196.58,24179365.31,26688.0411810155
"080601040000","GREENE CSD","2024-25",904,129,3852946.03,29867.7986821705,27923601.45,24070655.42,26626.8312168142
"081003040000","UNADILLA VALLEY CENTRAL SCHOOL DISTRICT","2018-19",806,171,2320147,13568.1111111111,9063640,6743493,8366.61662531017
"081003040000","UNADILLA VALLEY CENTRAL SCHOOL DISTRICT","2019-20",794,161,2481284,15411.701863354,17702129,15220845,19169.8299748111
"081003040000","UNADILLA VALLEY CENTRAL SCHOOL DISTRICT","2020-21",795,149,2607509,17500.0604026846,16431325,13823816,17388.4477987421
"081003040000","UNADILLA VALLEY CENTRAL SCHOOL DISTRICT","2021-22",792,152,2466208,16225.0526315789,18408010,15941802,20128.5378787879
"081003040000","UNADILLA VALLEY CSD","2022-23",797,141,2160323,15321.4397163121,18592113.14,16431790.14,20617.0516185696
"081003040000","UNADILLA VALLEY CENTRAL SCHOOL DISTRICT","2023-24",798,174,2779876.39,15976.301091954,23181370.94,20401494.55,25565.7826441103
"081003040000","UNADILLA VALLEY CSD","2024-25",774,158,2886847.82,18271.1887341772,22509924,19623076.18,25352.8116020672
"081200050000","NORWICH CITY SCHOOL DISTRICT","2018-19",1770,268,0,0,34390371,34390371,19429.5881355932
"081200050000","NORWICH CITY SCHOOL DISTRICT","2019-20",1754,277,7197136,25982.440433213,33325304,26128168,14896.3329532497
"081200050000","NORWICH CITY SCHOOL DISTRICT","2020-21",1674,286,4321442,15109.9370629371,29774365.04,25452923.04,15204.8524731183
"081200050000","NORWICH CITY SCHOOL DISTRICT","2021-22",1712,293,5701318,19458.4232081911,35365172,29663854,17327.0175233645
"081200050000","NORWICH CITY SD","2022-23",1691,302,3157166.08,10454.1923178808,35337216.37,32180050.29,19030.1894086339
"081200050000","NORWICH CITY SCHOOL DISTRICT","2023-24",1665,300,3431226.45,11437.4215,41860195.96,38428969.51,23080.4621681682
"081200050000","NORWICH CITY SD","2024-25",1626,297,0,0,43062651.77,43062651.77,26483.7956765068
"081401040000","GEORGETOWN-SOUTH OTSELIC CENTRAL SCHOOL DISTRICT","2018-19",313,51,2576723.7,50523.9941176471,8734198.7,6157475,19672.4440894569
"081401040000","GEORGETOWN-SOUTH OTSELIC CENTRAL SCHOOL DISTRICT","2019-20",309,50,522798.53,10455.9706,8351285.13,7828486.6,25334.9080906149
"081401040000","GEORGETOWN-SOUTH OTSELIC CENTRAL SCHOOL DISTRICT","2020-21",304,51,548938.46,10763.4992156863,8888127.2,8339188.74,27431.5419078947
"081401040000","GEORGETOWN-SOUTH OTSELIC CENTRAL SCHOOL DISTRICT","2021-22",295,59,1032682,17503.0847457627,11654290,10621608,36005.4508474576
"081401040000","OTSELIC VALLEY CSD","2022-23",300,55,978391,17788.9272727273,9795310,8816919,29389.73
"081401040000","GEORGETOWN-SOUTH OTSELIC CENTRAL SCHOOL DISTRICT","2023-24",290,54,1283750.07,23773.1494444444,12310383.85,11026633.78,38022.8751034483
"081401040000","OTSELIC VALLEY CSD","2024-25",261,51,1310261.47,25691.401372549,12069350.07,10759088.6,41222.5616858238
"081501040000","OXFORD ACADEMY AND CENTRAL SCHOOL DISTRICT","2018-19",752,91,2793295,30695.5494505494,16375122,13581827,18060.9401595745
"081501040000","OXFORD ACADEMY AND CENTRAL SCHOOL DISTRICT","2019-20",741,96,1332283,13877.9479166667,16571551,15239268,20565.8137651822
"081501040000","OXFORD ACADEMY AND CENTRAL SCHOOL DISTRICT","2021-22",686,91,992067,10901.8351648352,16994125,16002058,23326.6151603499
"081501040000","OXFORD ACADEMY & CSD","2022-23",720,96,1333348,13889.0416666667,19010615,17677267,24551.7597222222
"081501040000","OXFORD ACADEMY AND CENTRAL SCHOOL DISTRICT","2023-24",699,96,1526723.03,15903.3648958333,19702514.49,18175791.46,26002.5628898426
"081501040000","OXFORD ACADEMY & CSD","2024-25",696,99,3166190.33,31981.7205050505,21256592.11,18090401.78,25991.9565804598
"082001040000","SHERBURNE-EARLVILLE CENTRAL SCHOOL DISTRICT","2018-19",1364,294,3923851,13346.4319727891,28097617,24173766,17722.7023460411
"082001040000","SHERBURNE-EARLVILLE CENTRAL SCHOOL DISTRICT","2019-20",1346,286,4151944,14517.2867132867,28000599,23848655,17718.1686478455
"082001040000","SHERBURNE-EARLVILLE CENTRAL SCHOOL DISTRICT","2020-21",1295,249,3771758,15147.6224899598,27888867,24117109,18623.2501930502
"082001040000","SHERBURNE-EARLVILLE CENTRAL SCHOOL DISTRICT","2021-22",1279,247,3095700,12533.1983805668,28397840,25302140,19782.7521501173
"082001040000","SHERBURNE-EARLVILLE CSD","2022-23",1265,246,3268806.07,13287.8295528455,30678069.96,27409263.89,21667.402284585
"082001040000","SHERBURNE-EARLVILLE CENTRAL SCHOOL DISTRICT","2023-24",1279,248,1888549.02,7615.11701612903,35288345.18,33399796.16,26113.9923064894
"082001040000","SHERBURNE-EARLVILLE CSD","2024-25",1273,264,3154096.17,11947.3339772727,38109903.72,34955807.55,27459.3932050275
"090201040000","AUSABLE VALLEY CENTRAL SCHOOL DISTRICT","2018-19",1163,170,1849188,10877.5764705882,22364253,20515065,17639.7807394669
"090201040000","AUSABLE VALLEY CENTRAL SCHOOL DISTRICT","2019-20",1151,165,2219328,13450.4727272727,27066395,24847067,21587.3735881842
"090201040000","AUSABLE VALLEY CENTRAL SCHOOL DISTRICT","2020-21",1139,167,2252941,13490.6646706587,27330162,25077221,22016.8753292362
"090201040000","AUSABLE VALLEY CENTRAL SCHOOL DISTRICT","2021-22",1121,159,1888291,11876.0440251572,30106165,28217874,25172.0553077609
"090201040000","AUSABLE VALLEY CSD","2022-23",1182,185,2047563,11067.9081081081,32963742,30916179,26155.8197969543
"090201040000","AUSABLE VALLEY CENTRAL SCHOOL DISTRICT","2023-24",1155,200,4807509,24037.545,36234629,31427120,27209.6277056277
"090201040000","AUSABLE VALLEY CSD","2024-25",1086,192,5404654.38,28149.2415625,36923549.83,31518895.45,29022.9239871087
"090301060000","BEEKMANTOWN CENTRAL SCHOOL DISTRICT","2018-19",1993,335,4190827,12509.9313432836,26249779,22058952,11068.2147516307
"090301060000","BEEKMANTOWN CENTRAL SCHOOL DISTRICT","2019-20",2021,376,4698932,12497.1595744681,30770888,26071956,12900.5225136071
"090301060000","BEEKMANTOWN CENTRAL SCHOOL DISTRICT","2020-21",2017,342,4509674,13186.1812865497,33378131,28868457,14312.5716410511
"090301060000","BEEKMANTOWN CENTRAL SCHOOL DISTRICT","2021-22",2004,338,5733854,16964.0650887574,40094082,34360228,17145.8223552894
"090301060000","BEEKMANTOWN CSD","2022-23",2025,339,4549382,13420.005899705,47037812,42488430,20981.9407407407
"090301060000","BEEKMANTOWN CENTRAL SCHOOL DISTRICT","2023-24",2050,388,6814628,17563.4742268041,41084157,34269529,16716.8434146341
"090301060000","BEEKMANTOWN CSD","2024-25",2010,386,2000867,5183.59326424871,51853565,49852698,24802.3373134328
"090501040000","NORTHEASTERN CLINTON CENTRAL SCHOOL DISTRICT","2018-19",1354,267,5275211,19757.3445692884,25840268,20565057,15188.3729689808
"090501040000","NORTHEASTERN CLINTON CENTRAL SCHOOL DISTRICT","2019-20",1287,240,3748487,15618.6958333333,28504773.01,24756286.01,19235.6534654235
"090501040000","NORTHEASTERN CLINTON CENTRAL SCHOOL DISTRICT","2020-21",1210,200,4866938.16,24334.6908,26717847.08,21850908.92,18058.6024132231
"090501040000","NORTHEASTERN CLINTON CENTRAL SCHOOL DISTRICT","2021-22",1265,214,5861228,27388.9158878505,28007435,22146207,17506.8830039526
"090501040000","NORTHEASTERN CLINTON CSD","2022-23",1219,201,3804862,18929.6616915423,29173770,25368908,20811.2452830189
"090501040000","NORTHEASTERN CLINTON CENTRAL SCHOOL DISTRICT","2023-24",1231,235,4065507.26,17300.030893617,30708796.79,26643289.53,21643.614565394
"090501040000","NORTHEASTERN CLINTON CSD","2024-25",1219,233,7386782.24,31702.9280686695,34629137.19,27242354.95,22348.1172682527
"090601020000","CHAZY UNION FREE SCHOOL DISTRICT","2018-19",454,73,1083804,14846.6301369863,8679789.54,7595985.54,16731.2456828194
"090601020000","CHAZY UNION FREE SCHOOL DISTRICT","2019-20",455,71,1279095.15,18015.4246478873,8740518.31,7461423.16,16398.7322197802
"090601020000","CHAZY UNION FREE SCHOOL DISTRICT","2020-21",420,57,1003355,17602.7192982456,8938876.43,7935521.43,18894.0986428571
"090601020000","CHAZY UNION FREE SCHOOL DISTRICT","2021-22",449,54,1103953,20443.5740740741,9224266,8120313,18085.3296213808
"090601020000","CHAZY UFSD","2022-23",462,65,1002103,15416.9692307692,9868500.19,8866397.19,19191.3359090909
"090601020000","CHAZY UNION FREE SCHOOL DISTRICT","2023-24",467,67,1838238.5,27436.3955223881,13018826.7,11180588.2,23941.3023554604
"090601020000","CHAZY UFSD","2024-25",454,64,1914438.59,29913.10296875,13355351.11,11440912.52,25200.2478414097
"090901040000","NORTHERN ADIRONDACK CENTRAL SCHOOL DISTRICT","2018-19",829,128,3391046,26492.546875,19990748,16599702,20023.7659831122
"090901040000","NORTHERN ADIRONDACK CENTRAL SCHOOL DISTRICT","2019-20",805,160,2819614,17622.5875,20506046,17686432,21970.7229813665
"090901040000","NORTHERN ADIRONDACK CENTRAL SCHOOL DISTRICT","2020-21",764,142,2831814.39,19942.3548591549,20927677.61,18095863.22,23685.6848429319
"090901040000","NORTHERN ADIRONDACK CENTRAL SCHOOL DISTRICT","2021-22",794,165,3266694,19798.1454545455,22548980,19282286,24284.9949622166
"090901040000","NORTHERN ADIRONDACK CSD","2022-23",802,140,3885588.34,27754.2024285714,21045275.57,17159687.23,21396.1187406484
"090901040000","NORTHERN ADIRONDACK CENTRAL SCHOOL DISTRICT","2023-24",818,144,4015837.68,27887.7616666667,25799593.08,21783755.4,26630.5078239609
"090901040000","NORTHERN ADIRONDACK CSD","2024-25",799,148,4556110.9,30784.5331081081,27046960.37,22490849.47,28148.7477722153
"091101060000","PERU CENTRAL SCHOOL DISTRICT","2018-19",1897,359,7015402.15,19541.5101671309,39586432.12,32571029.97,17169.7574960464
"091101060000","PERU CENTRAL SCHOOL DISTRICT","2019-20",1858,376,7200196.23,19149.4580585106,39623108.88,32422912.65,17450.437378902
"091101060000","PERU CENTRAL SCHOOL DISTRICT","2020-21",1841,355,7496156.6,21115.934084507,39311807.22,31815650.62,17281.7222270505
"091101060000","PERU CENTRAL SCHOOL DISTRICT","2021-22",1838,366,6985706,19086.6284153005,42904694,35918988,19542.4309031556
"091101060000","PERU CSD","2022-23",1860,379,7986891.63,21073.5926912929,45052045.29,37065153.66,19927.5019677419
"091101060000","PERU CENTRAL SCHOOL DISTRICT","2023-24",1802,404,7627784.41,18880.654480198,50467318.85,42839534.44,23773.3265482797
"091101060000","PERU CSD","2024-25",1792,416,7528936.99,18098.4062259615,50242097.88,42713160.89,23835.4692466518
"091200010000","PLATTSBURGH CITY SCHOOL DISTRICT","2018-19",1829,363,7461910,20556.2258953168,38833408,31371498,17152.2679059595
"091200010000","PLATTSBURGH CITY SCHOOL DISTRICT","2019-20",1852,394,6267230,15906.6751269036,39431964,33164734,17907.5237580994
"091200010000","PLATTSBURGH CITY SCHOOL DISTRICT","2020-21",1778,361,5988934,16589.8448753463,40070479,34081545,19168.4730033746
"091200010000","PLATTSBURGH CITY SCHOOL DISTRICT","2021-22",1755,348,6757899,19419.25,42059780,35301881,20115.0319088319
"091200010000","PLATTSBURGH CITY SD","2022-23",1710,353,6964212,19728.6458923513,44108456.97,37144244.97,21721.7806842105
"091200010000","PLATTSBURGH CITY SCHOOL DISTRICT","2023-24",1789,366,9942073.53,27164.1353278689,50399127.31,40457053.78,22614.3397316937
"091200010000","PLATTSBURGH CITY SD","2024-25",1810,388,12708795,32754.6262886598,53260619.04,40551824.04,22404.3226740331
"091402060000","SARANAC CENTRAL SCHOOL DISTRICT","2018-19",1488,205,5912991,28843.8585365854,29379644,23466653,15770.6001344086
"091402060000","SARANAC CENTRAL SCHOOL DISTRICT","2019-20",1455,216,5887099,27255.087962963,32063293.12,26176194.12,17990.5114226804
"091402060000","SARANAC CENTRAL SCHOOL DISTRICT","2020-21",1482,208,5446521,26185.1971153846,29228728.33,23782207.33,16047.3733670715
"091402060000","SARANAC CENTRAL SCHOOL DISTRICT","2021-22",1509,224,5610167,25045.3883928571,32140379,26530212,17581.3200795229
"091402060000","SARANAC CSD","2022-23",1494,218,6726108,30853.7064220183,34216644,27490536,18400.6265060241
"091402060000","SARANAC CENTRAL SCHOOL DISTRICT","2023-24",1556,242,7878206.13,32554.570785124,39845670,31967463.87,20544.6425899743
"091402060000","SARANAC CSD","2024-25",1546,267,8043657.38,30126.0576029963,43177264.13,35133606.75,22725.4894890039
"100501040000","TACONIC HILLS CENTRAL SCHOOL DISTRICT","2018-19",1284,155,4399483,28383.7612903226,28990955.09,24591472.09,19152.2368302181
"100501040000","TACONIC HILLS CENTRAL SCHOOL DISTRICT","2019-20",1243,152,5771935,37973.2565789474,30249850,24477915,19692.610619469
"100501040000","TACONIC HILLS CENTRAL SCHOOL DISTRICT","2020-21",1190,131,4384400,33468.7022900763,29447548,25063148,21061.468907563
"100501040000","TACONIC HILLS CENTRAL SCHOOL DISTRICT","2021-22",1137,123,3920225,31871.7479674797,32721231,28801006,25330.7000879507
"100501040000","TACONIC HILLS CSD","2022-23",1064,118,3201953,27135.1949152542,30616004,27414051,25765.0855263158
"100501040000","TACONIC HILLS CENTRAL SCHOOL DISTRICT","2023-24",1031,131,3013771.19,23005.8869465649,31968484.79,28954713.6,28084.1063045587
"100501040000","TACONIC HILLS CSD","2024-25",973,135,2635744.77,19524.0353333333,17609998.07,14974253.3,15389.777286742
"100902040000","GERMANTOWN CENTRAL SCHOOL DISTRICT","2018-19",525,90,2133920,23710.2222222222,12796608,10662688,20309.8819047619
"100902040000","GERMANTOWN CENTRAL SCHOOL DISTRICT","2019-20",520,85,2661206,31308.3058823529,2810016,148810,286.173076923077
"100902040000","GERMANTOWN CENTRAL SCHOOL DISTRICT","2020-21",519,83,2000558,24103.1084337349,11794640,9794082,18871.063583815
"100902040000","GERMANTOWN CSD","2022-23",488,93,1294241,13916.5698924731,14342147,13047906,26737.512295082
"100902040000","GERMANTOWN CENTRAL SCHOOL DISTRICT","2023-24",475,81,2064099.46,25482.709382716,16329493.81,14265394.35,30032.4091578947
"100902040000","GERMANTOWN CSD","2024-25",452,81,2010455,24820.4320987654,17655652,15645197,34613.267699115
"101001040000","CHATHAM CENTRAL SCHOOL DISTRICT","2018-19",1020,178,2559500.51,14379.2163483146,23956944.93,21397444.42,20977.8866862745
"101001040000","CHATHAM CENTRAL SCHOOL DISTRICT","2019-20",983,165,2723625,16506.8181818182,24599036.59,21875411.59,22253.72491353
"101001040000","CHATHAM CENTRAL SCHOOL DISTRICT","2020-21",919,150,2722637,18150.9133333333,24631150.21,21908513.21,23839.5138302503
"101001040000","CHATHAM CENTRAL SCHOOL DISTRICT","2021-22",890,159,2651770,16677.7987421384,25306876,22655106,25455.1752808989
"101001040000","CHATHAM CSD","2022-23",870,164,2750066,16768.6951219512,27107921,24357855,27997.5344827586
"101001040000","CHATHAM CENTRAL SCHOOL DISTRICT","2023-24",895,177,3563998,20135.581920904,30961565.81,27397567.81,30611.8076089385
"101001040000","CHATHAM CSD","2024-25",907,201,4432091,22050.2039800995,33965485,29533394,32561.625137817
"101300010000","HUDSON CITY SCHOOL DISTRICT","2018-19",1723,292,5703293.44,19531.8268493151,42203679.77,36500386.33,21184.2056471271
"101300010000","HUDSON CITY SCHOOL DISTRICT","2019-20",1652,266,6443666.06,24224.3084962406,40079708.96,33636042.9,20360.8007869249
"101300010000","HUDSON CITY SCHOOL DISTRICT","2020-21",1619,255,6609505.4,25919.6290196078,40871499.76,34261994.36,21162.4424706609
"101300010000","HUDSON CITY SCHOOL DISTRICT","2021-22",1588,253,6952282,27479.3754940711,43762385,36810103,23180.1656171285
"101300010000","HUDSON CITY SD","2022-23",1561,280,1424853,5088.76071428571,48035560.93,46610707.93,29859.5182126842
"101300010000","HUDSON CITY SCHOOL DISTRICT","2023-24",1562,290,7246957.95,24989.5101724138,50089022,42842064.05,27427.6978553137
"101300010000","HUDSON CITY SD","2024-25",1523,290,8079063.01,27858.8379655172,53504730.14,45425667.13,29826.4393499672
"101401040000","KINDERHOOK CENTRAL SCHOOL DISTRICT","2018-19",1750,243,6994542,28784.1234567901,35011819,28017277,16009.8725714286
"101401040000","KINDERHOOK CENTRAL SCHOOL DISTRICT","2019-20",1683,232,4189707,18059.0818965517,33783511,29593804,17583.9595959596
"101401040000","KINDERHOOK CENTRAL SCHOOL DISTRICT","2020-21",1620,223,7518479,33715.1524663677,37286809,29768330,18375.512345679
"101401040000","KINDERHOOK CENTRAL SCHOOL DISTRICT","2021-22",1661,234,6741180,28808.4615384615,39283892,32542712,19592.2408187839
"101401040000","KINDERHOOK CSD","2022-23",1692,252,7882020,31277.8571428571,40382372,32500352,19208.2458628842
"101401040000","KINDERHOOK CENTRAL SCHOOL DISTRICT","2023-24",1694,271,6431557,23732.6826568266,46226735,39795178,23491.8406139315
"101401040000","KINDERHOOK CSD","2024-25",1679,290,7886511.07,27194.8657586207,48559375.18,40672864.11,24224.4574806432
"101601040000","NEW LEBANON CENTRAL SCHOOL DISTRICT","2018-19",432,58,731275.88,12608.2048275862,9901419.31,9170143.43,21227.1838657407
"101601040000","NEW LEBANON CENTRAL SCHOOL DISTRICT","2019-20",427,63,959092.11,15223.6842857143,4170205.27,3211113.16,7520.17133489461
"101601040000","NEW LEBANON CENTRAL SCHOOL DISTRICT","2020-21",393,62,0,0,10538816.28,10538816.28,26816.3264122137
"101601040000","NEW LEBANON CENTRAL SCHOOL DISTRICT","2021-22",406,65,1149881,17690.4769230769,11163211,10013330,24663.3743842365
"101601040000","NEW LEBANON CSD","2022-23",413,71,1267670,17854.5070422535,11378824.05,10111154.05,24482.2131961259
"101601040000","NEW LEBANON CENTRAL SCHOOL DISTRICT","2023-24",411,71,1241886.78,17491.3630985915,13339126.01,12097239.23,29433.6720924574
"101601040000","NEW LEBANON CSD","2024-25",411,85,1286083.97,15130.3996470588,13513562.07,12227478.1,29750.5549878345
"110101040000","CINCINNATUS CENTRAL SCHOOL DISTRICT","2018-19",530,98,2215954.58,22611.7814285714,11731041.53,9515086.95,17952.994245283
"110101040000","CINCINNATUS CENTRAL SCHOOL DISTRICT","2019-20",538,98,1057262.53,10788.3931632653,11700654.41,10643391.88,19783.2562825279
"110101040000","CINCINNATUS CENTRAL SCHOOL DISTRICT","2020-21",533,93,2191447.63,23563.9530107527,13157969.06,10966521.43,20575.0871106942
"110101040000","CINCINNATUS CENTRAL SCHOOL DISTRICT","2021-22",499,79,1025832,12985.2151898734,13146646,12120814,24290.2084168337
"110101040000","CINCINNATUS CSD","2022-23",529,93,1133468.97,12187.8383870968,13558699.44,12425230.47,23488.1483364839
"110101040000","CINCINNATUS CENTRAL SCHOOL DISTRICT","2023-24",493,90,1341784.52,14908.7168888889,15818557.97,14476773.45,29364.6520283976
"110101040000","CINCINNATUS CSD","2024-25",462,75,1313143.82,17508.5842666667,15107889.7,13794745.88,29858.7573160173
"110200010000","CORTLAND CITY SCHOOL DISTRICT","2018-19",2355,294,6697185,22779.5408163265,40266225,33569040,14254.3694267516
"110200010000","CORTLAND CITY SCHOOL DISTRICT","2019-20",2132,307,3583149,11671.4951140065,39627572,36044423,16906.3897748593
"110200010000","CORTLAND CITY SCHOOL DISTRICT","2020-21",1999,294,2532616.78,8614.34278911565,38982203.42,36449586.64,18233.9102751376
"110200010000","CORTLAND CITY SCHOOL DISTRICT","2021-22",1925,308,3592181,11662.9253246753,39956402,36364221,18890.5044155844
"110200010000","CORTLAND CITY SD","2022-23",1858,312,4191023.82,13432.7686538462,43561062.84,39370039.02,21189.4720236814
"110200010000","CORTLAND CITY SCHOOL DISTRICT","2023-24",1944,328,4594026.45,14006.1782012195,46259582.22,41665555.77,21432.899058642
"110200010000","CORTLAND CITY SD","2024-25",1835,360,4890128.96,13583.6915555556,48050452.22,43160323.26,23520.6121307902
"110304040000","MCGRAW CENTRAL SCHOOL DISTRICT","2018-19",564,107,1636391.61,15293.3795327103,9796072.77,8159681.16,14467.519787234
"110304040000","MCGRAW CENTRAL SCHOOL DISTRICT","2019-20",545,103,1025742.39,9958.66398058253,10037553.01,9011810.62,16535.4323302752
"110304040000","MCGRAW CENTRAL SCHOOL DISTRICT","2020-21",534,109,1566608.17,14372.5520183486,10114473.43,8547865.26,16007.2383146067
"110304040000","MCGRAW CENTRAL SCHOOL DISTRICT","2021-22",537,112,1133570,10121.1607142857,11536131,10402561,19371.6219739292
"110304040000","MCGRAW CSD","2022-23",514,108,1087584.59,10070.2276851852,12043440.49,10955855.9,21314.8947470817
"110304040000","MCGRAW CENTRAL SCHOOL DISTRICT","2023-24",492,106,1127687.16,10638.5581132075,13683589.4,12555902.24,25520.126504065
"110304040000","MCGRAW CSD","2024-25",497,111,1075484.21,9689.04693693694,12831833.78,11756349.57,23654.6269014085
"110701060000","HOMER CENTRAL SCHOOL DISTRICT","2018-19",1926,214,3079649.55,14390.8857476636,33871155.25,30791505.7,15987.2822949117
"110701060000","HOMER CENTRAL SCHOOL DISTRICT","2019-20",1897,207,3975980.55,19207.6355072464,35699422.79,31723442.24,16722.9532103321
"110701060000","HOMER CENTRAL SCHOOL DISTRICT","2020-21",1853,187,3922138.43,20974.0022994652,35475704.79,31553566.36,17028.3682460874
"110701060000","HOMER CENTRAL SCHOOL DISTRICT","2021-22",1877,193,7739222,40099.5958549223,37325711,29586489,15762.6473095365
"110701060000","HOMER CSD","2022-23",1859,181,3477687,19213.7403314917,37923031,34445344,18528.9639591178
"110701060000","HOMER CENTRAL SCHOOL DISTRICT","2023-24",1820,213,4474893.21,21008.8883098592,45274368.91,40799475.7,22417.2943406593
"110701060000","HOMER CSD","2024-25",1828,235,4728416.87,20120.9228510638,44083330.48,39354913.61,21528.9461761488
"110901040000","MARATHON CENTRAL SCHOOL DISTRICT","2018-19",711,126,2788829,22133.5634920635,14763233,11974404,16841.6371308017
"110901040000","MARATHON CENTRAL SCHOOL DISTRICT","2019-20",689,114,1309393,11485.9035087719,14481346,13171953,19117.4934687954
"110901040000","MARATHON CENTRAL SCHOOL DISTRICT","2020-21",637,91,1754274.82,19277.7452747253,15902496.65,14148221.83,22210.7093092622
"110901040000","MARATHON CENTRAL SCHOOL DISTRICT","2021-22",718,99,1369715,13835.5050505051,16252540,14882825,20728.1685236769
"110901040000","MARATHON CSD","2022-23",721,93,1220759.97,13126.4512903226,15154615.82,13933855.85,19325.7362690707
"110901040000","MARATHON CENTRAL SCHOOL DISTRICT","2023-24",723,100,1475355.49,14753.5549,18275116.03,16799760.54,23236.1833195021
"110901040000","MARATHON CSD","2024-25",673,96,1246977,12989.34375,19479378.43,18232401.43,27091.2354086181
"120102040000","ANDES CENTRAL SCHOOL DISTRICT","2018-19",75,22,239124,10869.2727272727,1253792,1014668,13528.9066666667
"120102040000","ANDES CENTRAL SCHOOL DISTRICT","2019-20",75,20,230574,11528.7,2914325,2683751,35783.3466666667
"120102040000","ANDES CENTRAL SCHOOL DISTRICT","2020-21",61,17,356727,20983.9411764706,3111903,2755176,45166.8196721311
"120102040000","ANDES CSD","2022-23",69,18,1392685,77371.3888888889,3995214.98,2602529.98,37717.8257971014
"120102040000","ANDES CSD","2024-25",68,11,284470,25860.9090909091,4754440,4469970,65734.8529411765
"120301040000","DOWNSVILLE CENTRAL SCHOOL DISTRICT","2018-19",232,36,678709,18853.0277777778,8078320,7399611,31894.875
"120301040000","DOWNSVILLE CENTRAL SCHOOL DISTRICT","2019-20",219,37,313266,8466.64864864865,7970801,7657535,34965.9132420091
"120301040000","DOWNSVILLE CENTRAL SCHOOL DISTRICT","2020-21",237,44,376590,8558.86363636364,7806261,7429671,31348.8227848101
"120301040000","DOWNSVILLE CENTRAL SCHOOL DISTRICT","2021-22",226,41,401797,9799.92682926829,8810338,8408541,37205.9336283186
"120301040000","DOWNSVILLE CSD","2022-23",215,34,701130,20621.4705882353,8786534,8085404,37606.5302325581
"120301040000","DOWNSVILLE CENTRAL SCHOOL DISTRICT","2023-24",218,38,1197942.82,31524.8110526316,11000561,9802618.18,44966.138440367
"120301040000","DOWNSVILLE CSD","2024-25",219,34,1266996.33,37264.5979411765,10645025.01,9378028.68,42822.0487671233
"120401040000","CHARLOTTE VALLEY CENTRAL SCHOOL DISTRICT","2018-19",393,67,437291,6526.73134328358,4957881,4520590,11502.7735368957
"120401040000","CHARLOTTE VALLEY CENTRAL SCHOOL DISTRICT","2019-20",412,78,1199425,15377.2435897436,8165571.24,6966146.24,16908.1219417476
"120401040000","CHARLOTTE VALLEY CENTRAL SCHOOL DISTRICT","2020-21",387,71,1044379,14709.5633802817,8941779,7897400,20406.7183462532
"120401040000","CHARLOTTE VALLEY CENTRAL SCHOOL DISTRICT","2021-22",389,66,1182667,17919.196969697,9486463,8303796,21346.5192802057
"120401040000","CHARLOTTE VALLEY CSD","2022-23",347,58,1126697,19425.8103448276,10480228,9353531,26955.4207492795
"120401040000","CHARLOTTE VALLEY CENTRAL SCHOOL DISTRICT","2023-24",342,65,1940921.47,29860.3303076923,11925711.73,9984790.26,29195.2931578947
"120401040000","CHARLOTTE VALLEY CSD","2024-25",322,57,1834425,32182.8947368421,11925543,10091118,31338.8757763975
"120501040000","DELAWARE ACADEMY CENTRAL SCHOOL DISTRICT AT DELHI","2018-19",759,128,946877,7397.4765625,8871336,7924459,10440.6574440053
"120501040000","DELAWARE ACADEMY CENTRAL SCHOOL DISTRICT AT DELHI","2019-20",1494,216,1775245,8218.72685185185,15141447,13366202,8946.58768406961
"120501040000","DELAWARE ACADEMY CENTRAL SCHOOL DISTRICT AT DELHI","2020-21",715,102,1859545.67,18230.8399019608,16041121.25,14181575.58,19834.3714405594
"120501040000","DELAWARE ACADEMY CENTRAL SCHOOL DISTRICT AT DELHI","2021-22",709,99,1644310,16609.1919191919,15819176,14174866,19992.7588152327
"120501040000","DELAWARE ACADEMY CSD AT DELHI","2022-23",738,101,1240678,12283.9405940594,16816504,15575826,21105.4552845528
"120501040000","DELAWARE ACADEMY CENTRAL SCHOOL DISTRICT AT DELHI","2023-24",746,130,0,0,20324112,20324112,27244.1179624665
"120501040000","DELAWARE ACADEMY CSD AT DELHI","2024-25",724,140,1822085,13014.8928571429,21630624,19808539,27359.8604972376
"120701040000","FRANKLIN CENTRAL SCHOOL DISTRICT","2018-19",261,41,1219717,29749.1951219512,5805150,4585433,17568.7088122605
"120701040000","FRANKLIN CENTRAL SCHOOL DISTRICT","2019-20",255,40,1127699.8,28192.495,6224679.96,5096980.16,19988.1574901961
"120701040000","FRANKLIN CENTRAL SCHOOL DISTRICT","2020-21",234,38,1176719,30966.2894736842,6114622,4937903,21102.1495726496
"120701040000","FRANKLIN CENTRAL SCHOOL DISTRICT","2021-22",223,37,1214291,32818.6756756757,6785845,5571554,24984.5470852018
"120701040000","FRANKLIN CSD","2022-23",193,27,1200039,44445.8888888889,6908767,5708728,29578.9015544041
"120701040000","FRANKLIN CENTRAL SCHOOL DISTRICT","2023-24",195,31,1069104.42,34487.2393548387,8093366.51,7024262.09,36021.8568717949
"120701040000","FRANKLIN CSD","2024-25",209,36,1169294.46,32480.4016666667,7873494.64,6704200.18,32077.5128229665
"120906040000","HANCOCK CENTRAL SCHOOL DISTRICT","2018-19",323,36,814520,22625.5555555556,9351558.8,8537038.8,26430.4606811146
"120906040000","HANCOCK CENTRAL SCHOOL DISTRICT","2019-20",316,40,900107,22502.675,9165541.28,8265434.28,26156.4375949367
"120906040000","HANCOCK CENTRAL SCHOOL DISTRICT","2020-21",309,37,886544,23960.6486486487,9172559,8286015,26815.5825242718
"120906040000","HANCOCK CENTRAL SCHOOL DISTRICT","2021-22",311,33,891134,27004.0606060606,9631485,8740351,28104.0225080386
"120906040000","HANCOCK CSD","2022-23",310,39,876047,22462.7435897436,10137545,9261498,29875.8
"120906040000","HANCOCK CENTRAL SCHOOL DISTRICT","2023-24",295,38,989399.75,26036.8355263158,11185368.64,10195968.89,34562.6064067797
"120906040000","HANCOCK CSD","2024-25",292,45,1270037.84,28223.0631111111,10685074,9415036.16,32243.2745205479
"121401040000","MARGARETVILLE CENTRAL SCHOOL DISTRICT","2018-19",344,62,0,0,3132711,3132711,9106.71802325581
"121401040000","MARGARETVILLE CENTRAL SCHOOL DISTRICT","2019-20",343,63,0,0,8675708,8675708,25293.6093294461
"121401040000","MARGARETVILLE CENTRAL SCHOOL DISTRICT","2020-21",331,68,1430188,21032.1764705882,8404117,6973929,21069.2719033233
"121401040000","MARGARETVILLE CENTRAL SCHOOL DISTRICT","2021-22",325,73,1541456,21115.8356164384,9934725,8393269,25825.4430769231
"121401040000","MARGARETVILLE CSD","2022-23",320,80,1608996,20112.45,11037365.32,9428369.32,29463.654125
"121401040000","MARGARETVILLE CENTRAL SCHOOL DISTRICT","2023-24",304,71,1376430,19386.338028169,11212172,9835742,32354.4144736842
"121401040000","MARGARETVILLE CSD","2024-25",301,75,2487182,33162.4266666667,13235421,10748239,35708.4352159468
"121502040000","ROXBURY CENTRAL SCHOOL DISTRICT","2018-19",266,58,1567541,27026.5689655172,5580564,4013023,15086.5526315789
"121502040000","ROXBURY CENTRAL SCHOOL DISTRICT","2019-20",251,47,1736694,36950.9361702128,8719582.04,6982888.04,27820.2710756972
"121502040000","ROXBURY CENTRAL SCHOOL DISTRICT","2020-21",250,39,937946,24049.8974358974,7981317,7043371,28173.484
"121502040000","ROXBURY CENTRAL SCHOOL DISTRICT","2021-22",234,37,1079523,29176.2972972973,8670452,7590929,32439.8675213675
"121502040000","ROXBURY CSD","2022-23",228,38,1644136,43266.7368421053,9487173,7843037,34399.2850877193
"121502040000","ROXBURY CENTRAL SCHOOL DISTRICT","2023-24",227,38,1766964.15,46499.0565789474,10835230.66,9068266.51,39948.3106167401
"121502040000","ROXBURY CSD","2024-25",224,35,1950916,55740.4571428571,11258540,9307624,41551.8928571429
"121601060000","SIDNEY CENTRAL SCHOOL DISTRICT","2018-19",1119,135,3695148.61,27371.4711851852,22350298.82,18655150.21,16671.2691778374
"121601060000","SIDNEY CENTRAL SCHOOL DISTRICT","2019-20",1088,141,3658374,25945.914893617,21291628.2,17633254.2,16207.0351102941
"121601060000","SIDNEY CENTRAL SCHOOL DISTRICT","2020-21",1037,134,3770392,28137.2537313433,21000858,17230466,16615.6856316297
"121601060000","SIDNEY CENTRAL SCHOOL DISTRICT","2021-22",1069,145,4087204,28187.6137931035,22212853,18125649,16955.7053320861
"121601060000","SIDNEY CSD","2022-23",1032,134,4459409.63,33279.1763432836,23698631.8,19239222.17,18642.6571414729
"121601060000","SIDNEY CENTRAL SCHOOL DISTRICT","2023-24",1037,131,2179135.47,16634.6219083969,25458318.64,23279183.17,22448.5855062681
"121601060000","SIDNEY CSD","2024-25",988,138,4794824.14,34745.1024637681,28384003.29,23589179.15,23875.6873987854
"121701040000","STAMFORD CENTRAL SCHOOL DISTRICT","2018-19",281,29,1515838,52270.275862069,7614762,6098924,21704.3558718861
"121701040000","STAMFORD CENTRAL SCHOOL DISTRICT","2019-20",272,35,572859.63,16367.418,7066111.16,6493251.53,23872.2482720588
"121701040000","STAMFORD CENTRAL SCHOOL DISTRICT","2020-21",250,35,920133,26289.5142857143,7422454,6502321,26009.284
"121701040000","STAMFORD CENTRAL SCHOOL DISTRICT","2021-22",234,33,989172,29974.9090909091,7836800,6847628,29263.3675213675
"121701040000","STAMFORD CSD","2022-23",252,37,627960.26,16971.8989189189,8066380.17,7438419.91,29517.5393253968
"121701040000","STAMFORD CENTRAL SCHOOL DISTRICT","2023-24",248,37,0,0,9663982.83,9663982.83,38967.6727016129
"121701040000","STAMFORD CSD","2024-25",246,30,1243446.47,41448.2156666667,9240686.73,7997240.26,32509.1067479675
"121702040000","SOUTH KORTRIGHT CENTRAL SCHOOL DISTRICT","2018-19",363,46,1234550,26838.0434782609,7688386,6453836,17779.1625344353
"121702040000","SOUTH KORTRIGHT CENTRAL SCHOOL DISTRICT","2019-20",341,35,1037834,29652.4,7053673,6015839,17641.7565982405
"121702040000","SOUTH KORTRIGHT CENTRAL SCHOOL DISTRICT","2020-21",307,27,904289,33492.1851851852,6983105,6078816,19800.7035830619
"121702040000","SOUTH KORTRIGHT CENTRAL SCHOOL DISTRICT","2021-22",319,37,1937840,52374.0540540541,7357939,5420099,16990.9059561129
"121702040000","SOUTH KORTRIGHT CSD","2022-23",317,37,1681793,45453.8648648649,7026161,5344368,16859.2050473186
"121702040000","SOUTH KORTRIGHT CENTRAL SCHOOL DISTRICT","2023-24",313,43,1136605,26432.6744186047,9527847,8391242,26809.0798722045
"121702040000","SOUTH KORTRIGHT CSD","2024-25",288,42,1313942,31284.3333333333,9690056,8376114,29083.7291666667
"121901040000","WALTON CENTRAL SCHOOL DISTRICT","2018-19",933,144,2182382,15155.4305555556,18186445,16004063,17153.3365487674
"121901040000","WALTON CENTRAL SCHOOL DISTRICT","2019-20",896,148,2137047.46,14439.5098648649,18310840,16173792.54,18051.1077455357
"121901040000","WALTON CENTRAL SCHOOL DISTRICT","2020-21",841,152,2113049,13901.6381578947,17918164,15805115,18793.2401902497
"121901040000","WALTON CENTRAL SCHOOL DISTRICT","2021-22",847,157,2181306,13893.6687898089,20073822,17892516,21124.5761511216
"121901040000","WALTON CSD","2022-23",839,163,2361791,14489.5153374233,21438419,19076628,22737.3396901073
"121901040000","WALTON CENTRAL SCHOOL DISTRICT","2023-24",833,183,0,0,22695206.66,22695206.66,27245.1460504202
"121901040000","WALTON CSD","2024-25",805,177,2501532,14132.9491525424,23677984.78,21176452.78,26306.1525217391
"130200010000","BEACON CITY SCHOOL DISTRICT","2018-19",2947,536,9718425,18131.3899253731,56913567,47195142,16014.6392941975
"130200010000","BEACON CITY SCHOOL DISTRICT","2019-20",2816,515,9666519,18769.9398058252,58243986,48577467,17250.5209517045
"130200010000","BEACON CITY SCHOOL DISTRICT","2020-21",2666,486,9720814,20001.6748971193,60110652,50389838,18900.9144786197
"130200010000","BEACON CITY SCHOOL DISTRICT","2021-22",2591,500,6629700,13259.4,63022671,56392971,21764.9444230027
"130200010000","BEACON CITY SD","2022-23",2560,469,7055559,15043.8358208955,66196949,59141390,23102.10546875
"130200010000","BEACON CITY SCHOOL DISTRICT","2023-24",2601,497,0,0,75226988,75226988,28922.3329488658
"130200010000","BEACON CITY SD","2024-25",2576,489,0,0,76732005,76732005,29787.2690217391
"130502020000","DOVER UNION FREE SCHOOL DISTRICT","2018-19",1367,192,4199798.17,21873.9488020833,27293373.7,23093575.53,16893.617798098
"130502020000","DOVER UNION FREE SCHOOL DISTRICT","2019-20",1351,186,3669881.92,19730.5479569892,27512643.9,23842761.98,17648.2324056255
"130502020000","DOVER UNION FREE SCHOOL DISTRICT","2020-21",1323,187,3540967.96,18935.657540107,29477518.49,25936550.53,19604.3465835223
"130502020000","DOVER UNION FREE SCHOOL DISTRICT","2021-22",1328,191,2811024,14717.4031413613,31481117,28670093,21588.9254518072
"130502020000","DOVER UFSD","2022-23",1310,188,3654821.23,19440.5384574468,33531459.48,29876638.25,22806.5940839695
"130502020000","DOVER UNION FREE SCHOOL DISTRICT","2023-24",1350,207,4383772,21177.6425120773,40057906.2,35674134.2,26425.2845925926
"130502020000","DOVER UFSD","2024-25",1317,213,3321805.32,15595.3301408451,40499999.82,37178194.5,28229.4567198178
"130801060000","HYDE PARK CENTRAL SCHOOL DISTRICT","2018-19",3605,577,12235327.09,21205.0729462738,80234022.33,67998695.24,18862.328776699
"130801060000","HYDE PARK CENTRAL SCHOOL DISTRICT","2019-20",3396,575,11830397,20574.6034782609,79587269,67756872,19951.964664311
"130801060000","HYDE PARK CENTRAL SCHOOL DISTRICT","2020-21",3302,564,11205423.34,19867.7718794326,80065129.32,68859705.98,20853.9388188976
"130801060000","HYDE PARK CENTRAL SCHOOL DISTRICT","2021-22",3308,604,10042464,16626.5960264901,84233701,74191237,22427.8225513906
"130801060000","HYDE PARK CSD","2022-23",3313,587,11311465,19269.9574105622,91704224.76,80392759.76,24265.8496106248
"130801060000","HYDE PARK CENTRAL SCHOOL DISTRICT","2023-24",3454,620,18529668.48,29886.5620645161,110816034.04,92286365.56,26718.6929820498
"130801060000","HYDE PARK CSD","2024-25",3285,588,19280379.09,32789.7603571429,116765007.02,97484627.93,29675.6858234399
"131101040000","NORTHEAST CENTRAL SCHOOL DISTRICT","2018-19",675,132,28430,215.378787878788,17651982,17623552,26108.9659259259
"131101040000","NORTHEAST CENTRAL SCHOOL DISTRICT","2019-20",649,125,0,0,17021453,17021453,26227.2003081664
"131101040000","NORTHEAST CENTRAL SCHOOL DISTRICT","2020-21",612,130,1672232,12863.3230769231,17443399,15771167,25769.8807189542
"131101040000","NORTHEAST CENTRAL SCHOOL DISTRICT","2021-22",631,133,378520,2846.01503759398,18371864,17993344,28515.6006339144
"131101040000","NORTHEAST CSD","2022-23",642,129,467850,3626.74418604651,19078293,18610443,28988.2289719626
"131101040000","NORTHEAST CENTRAL SCHOOL DISTRICT","2023-24",660,144,3861948.45,26819.0864583333,24397748.92,20535800.47,31114.8491969697
"131101040000","NORTHEAST CSD","2024-25",643,125,4306714,34453.712,25342412,21035698,32714.9269051322
"131201040000","PAWLING CENTRAL SCHOOL DISTRICT","2018-19",1116,127,6005088.98,47284.1651968504,31125756.56,25120667.58,22509.5587634409
"131201040000","PAWLING CENTRAL SCHOOL DISTRICT","2019-20",1114,137,4609322.67,33644.6910218978,31529404.26,26920081.59,24165.2437971275
"131201040000","PAWLING CENTRAL SCHOOL DISTRICT","2020-21",1093,133,3623099,27241.3458646617,30456661,26833562,24550.3769441903
"131201040000","PAWLING CENTRAL SCHOOL DISTRICT","2021-22",1103,152,3662393,24094.6907894737,32084895,28422502,25768.3608340888
"131201040000","PAWLING CSD","2022-23",1087,156,3923917,25153.3141025641,33906177.66,29982260.66,27582.5765041398
"131201040000","PAWLING CENTRAL SCHOOL DISTRICT","2023-24",1070,169,4952080.48,29302.2513609467,39138829.34,34186748.86,31950.2325794393
"131201040000","PAWLING CSD","2024-25",1080,183,5779867.16,31583.9735519126,41539392.89,35759525.73,33110.6719722222
"131301040000","PINE PLAINS CENTRAL SCHOOL DISTRICT","2018-19",898,149,2133184,14316.6711409396,24918923,22785739,25373.8741648107
"131301040000","PINE PLAINS CENTRAL SCHOOL DISTRICT","2019-20",904,139,2526622,18177.1366906475,25726605.16,23199983.16,25663.6981858407
"131301040000","PINE PLAINS CENTRAL SCHOOL DISTRICT","2020-21",869,130,2701466,20780.5076923077,25585529,22884063,26333.7894131185
"131301040000","PINE PLAINS CENTRAL SCHOOL DISTRICT","2021-22",866,124,3006215,24243.6693548387,26834198,23827983,27514.9919168591
"131301040000","PINE PLAINS CSD","2022-23",826,122,3019528,24750.2295081967,26940843,23921315,28960.4297820823
"131301040000","PINE PLAINS CENTRAL SCHOOL DISTRICT","2023-24",802,132,3834605.65,29050.0428030303,33671041.29,29836435.64,37202.5382044888
"131301040000","PINE PLAINS CSD","2024-25",781,144,5234208.22,36348.6681944444,36616602.88,31382394.66,40182.3235083227
"131500010000","POUGHKEEPSIE CITY SCHOOL DISTRICT","2018-19",4326,769,20294854.8,26391.2286085826,95673281.31,75378426.51,17424.5091331484
"131500010000","POUGHKEEPSIE CITY SCHOOL DISTRICT","2019-20",4272,807,11133480.85,13796.13488228,91537716.22,80404235.37,18821.2161446629
"131500010000","POUGHKEEPSIE CITY SCHOOL DISTRICT","2020-21",4150,810,10672264.49,13175.6351728395,83028930.75,72356666.26,17435.3412674699
"131500010000","POUGHKEEPSIE CITY SCHOOL DISTRICT","2021-22",4066,780,10973691,14068.8346153846,96030074,85056383,20918.9333497295
"131500010000","POUGHKEEPSIE CITY SD","2022-23",3824,770,12461300.42,16183.507038961,106719497.74,94258197.32,24649.1101778243
"131500010000","POUGHKEEPSIE CITY SCHOOL DISTRICT","2023-24",3841,768,14272423.16,18583.8843229167,120682559.02,106410135.86,27703.7583598021
"131500010000","POUGHKEEPSIE CITY SD","2024-25",3721,847,24261243.39,28643.7348170012,135102294.67,110841051.28,29787.9740069874
"131601060000","ARLINGTON CENTRAL SCHOOL DISTRICT","2018-19",7990,1263,20734229.98,16416.6508155186,164182705.45,143448475.47,17953.501310388
"131601060000","ARLINGTON CENTRAL SCHOOL DISTRICT","2019-20",7963,1267,24485303.43,19325.4170718232,167507828.31,143022524.88,17960.8847017456
"131601060000","ARLINGTON CENTRAL SCHOOL DISTRICT","2020-21",7724,1270,25143424,19797.9716535433,176737358,151593934,19626.3508544795
"131601060000","ARLINGTON CENTRAL SCHOOL DISTRICT","2021-22",7745,1348,28305336,20998.0237388724,183513150,155207814,20039.743576501
"131601060000","ARLINGTON CSD","2022-23",7696,1337,29121478,21781.2101720269,188879747,159758269,20758.6108367983
"131601060000","ARLINGTON CENTRAL SCHOOL DISTRICT","2023-24",7785,1315,39557931.26,30082.0770038023,230019509.28,190461578.02,24465.1994887604
"131601060000","ARLINGTON CSD","2024-25",7644,1326,41734611.1,31474.0656862745,240710822.19,198976211.09,26030.3782169021
"131602020000","SPACKENKILL UNION FREE SCHOOL DISTRICT","2018-19",1501,218,3314914.18,15206.0283486239,37905851.63,34590937.45,23045.2614590273
"131602020000","SPACKENKILL UNION FREE SCHOOL DISTRICT","2019-20",1448,192,4141048.31,21567.9599479167,40681284.56,36540236.25,25234.9697859116
"131602020000","SPACKENKILL UNION FREE SCHOOL DISTRICT","2020-21",1474,191,6464380,33844.9214659686,42474225.37,36009845.37,24430.0172116689
"131602020000","SPACKENKILL UNION FREE SCHOOL DISTRICT","2021-22",1495,181,5976260,33018.0110497238,43239470,37263210,24925.2240802676
"131602020000","SPACKENKILL UFSD","2022-23",1537,183,5833661,31877.9289617486,43246288,37412627,24341.3318152245
"131602020000","SPACKENKILL UNION FREE SCHOOL DISTRICT","2023-24",1603,199,6911158.64,34729.44040201,52108432.73,45197274.09,28195.4298752339
"131602020000","SPACKENKILL UFSD","2024-25",1556,218,7327694.73,33613.2785779817,53393681.34,46065986.61,29605.3898521851
"131701060000","RED HOOK CENTRAL SCHOOL DISTRICT","2018-19",1861,257,8276725,32205.1556420233,43122811,34846086,18724.3879634605
"131701060000","RED HOOK CENTRAL SCHOOL DISTRICT","2019-20",1784,236,8386619,35536.5211864407,43221166,34834547,19526.091367713
"131701060000","RED HOOK CENTRAL SCHOOL DISTRICT","2020-21",1654,213,8428552,39570.6666666667,43491663,35063111,21198.9788391778
"131701060000","RED HOOK CENTRAL SCHOOL DISTRICT","2021-22",1645,219,8551034,39045.8173515982,46353987,37802953,22980.5185410334
"131701060000","RED HOOK CSD","2022-23",1586,207,4781306,23098.0966183575,50811545,46030239,29022.8493064313
"131701060000","RED HOOK CENTRAL SCHOOL DISTRICT","2023-24",1585,190,10506018,55294.8315789474,56227582,45721564,28846.4126182965
"131701060000","RED HOOK CSD","2024-25",1576,180,8938436,49657.9777777778,57490055,48551619,30806.8648477157
"131801040000","RHINEBECK CENTRAL SCHOOL DISTRICT","2018-19",995,114,2553749,22401.3070175439,27983586,25429837,25557.6251256281
"131801040000","RHINEBECK CENTRAL SCHOOL DISTRICT","2019-20",944,109,3663627,33611.2568807339,28345173,24681546,26145.7055084746
"131801040000","RHINEBECK CENTRAL SCHOOL DISTRICT","2020-21",951,108,2974550,27542.1296296296,28984843,26010293,27350.4658254469
"131801040000","RHINEBECK CENTRAL SCHOOL DISTRICT","2021-22",937,111,3254857,29323.036036036,29430915,26176058,27936.0277481323
"131801040000","RHINEBECK CSD","2022-23",937,127,3380214,26615.8582677165,31389402.27,28009188.27,29892.4101067236
"131801040000","RHINEBECK CENTRAL SCHOOL DISTRICT","2023-24",911,128,3661557.51,28605.918046875,35793590.42,32132032.91,35271.1667508233
"131801040000","RHINEBECK CSD","2024-25",918,142,3957212.53,27867.6938732394,36717934,32760721.47,35687.0604248366
"132101060000","WAPPINGERS CENTRAL SCHOOL DISTRICT","2018-19",10671,1568,52353756,33388.875,205064103,152710347,14310.7812763565
"132101060000","WAPPINGERS CENTRAL SCHOOL DISTRICT","2019-20",10645,1575,31236211,19832.5149206349,206084563,174848352,16425.3970878347
"132101060000","WAPPINGERS CENTRAL SCHOOL DISTRICT","2020-21",10240,1589,29235814,18398.8760226558,206347724,177111910,17296.0849609375
"132101060000","WAPPINGERS CENTRAL SCHOOL DISTRICT","2021-22",10247,1660,27763920,16725.2530120482,217498681,189734761,18516.1277447058
"132101060000","WAPPINGERS CSD","2022-23",10288,1778,30182168,16975.3475815523,236407456,206225288,20045.2262830482
"132101060000","WAPPINGERS CENTRAL SCHOOL DISTRICT","2023-24",10556,1917,49887763,26023.8721961398,273256354,223368591,21160.3439749905
"132101060000","WAPPINGERS CSD","2024-25",10198,1979,54304912,27440.5821121779,290194465,235889553,23130.9622474995
"132201040000","MILLBROOK CENTRAL SCHOOL DISTRICT","2018-19",891,148,3061999,20689.1824324324,23562942.03,20500943.03,23008.9147362514
"132201040000","MILLBROOK CENTRAL SCHOOL DISTRICT","2019-20",880,148,2869689.68,19389.7951351351,23044462.36,20174772.68,22925.8780454545
"132201040000","MILLBROOK CENTRAL SCHOOL DISTRICT","2020-21",834,140,2370311,16930.7928571429,23616713.81,21246402.81,25475.3031294964
"132201040000","MILLBROOK CENTRAL SCHOOL DISTRICT","2021-22",842,136,2481044,18242.9705882353,24597798,22116754,26266.9287410926
"132201040000","MILLBROOK CSD","2022-23",834,133,2374962,17856.8571428571,24945250.84,22570288.84,27062.6964508393
"132201040000","MILLBROOK CENTRAL SCHOOL DISTRICT","2023-24",779,142,4101875.11,28886.4444366197,31879799.97,27777924.86,35658.4401283697
"132201040000","MILLBROOK CSD","2024-25",744,154,4235278.18,27501.8063636364,32755284.24,28520006.06,38333.3414784946
"140101060000","ALDEN CENTRAL SCHOOL DISTRICT","2018-19",1616,189,2101064.52,11116.7434920635,26212256,24111191.48,14920.2917574257
"140101060000","ALDEN CENTRAL SCHOOL DISTRICT","2019-20",1581,188,2025341.7,10773.0941489362,26204690.93,24179349.23,15293.7060278305
"140101060000","ALDEN CENTRAL SCHOOL DISTRICT","2020-21",1476,173,2087190.55,12064.6852601156,26682021.47,24594830.92,16663.1645799458
"140101060000","ALDEN CENTRAL SCHOOL DISTRICT","2021-22",1498,184,2337783,12705.3423913043,27368840,25031057,16709.6508678238
"140101060000","ALDEN CSD","2022-23",1499,190,2847504.1,14986.8636842105,28795688.47,25948184.37,17310.3297998666
"140101060000","ALDEN CENTRAL SCHOOL DISTRICT","2023-24",1550,191,876877.25,4590.98036649215,32372580.72,31495703.47,20319.8086903226
"140101060000","ALDEN CSD","2024-25",1472,197,2836592.51,14398.946751269,32799010.76,29962418.25,20354.9037024457
"140201060000","AMHERST CENTRAL SCHOOL DISTRICT","2018-19",3016,362,4326595.44,11951.9211049724,48310560.73,43983965.29,14583.5428680371
"140201060000","AMHERST CENTRAL SCHOOL DISTRICT","2019-20",2993,375,5255417.64,14014.44704,47155294.83,41899877.19,13999.2907417307
"140201060000","AMHERST CENTRAL SCHOOL DISTRICT","2020-21",2931,362,4789953.65,13231.916160221,50982837.67,46192884.02,15760.1105493006
"140201060000","AMHERST CENTRAL SCHOOL DISTRICT","2021-22",2928,357,4974306,13933.6302521008,55263671,50289365,17175.3295765027
"140201060000","AMHERST CSD","2022-23",2894,358,5304459.84,14816.9269273743,56691042.22,51386582.38,17756.2482308224
"140201060000","AMHERST CENTRAL SCHOOL DISTRICT","2023-24",3028,387,4808723.97,12425.6433333333,66680650.03,61871926.06,20433.2648811096
"140201060000","AMHERST CSD","2024-25",2957,384,5164952.44,13450.3969791667,68057021.79,62892069.35,21268.877020629
"140203060000","WILLIAMSVILLE CENTRAL SCHOOL DISTRICT","2018-19",10081,1146,16980634.92,14817.3079581152,162437353.02,145456718.1,14428.7985418113
"140203060000","WILLIAMSVILLE CENTRAL SCHOOL DISTRICT","2019-20",9913,1170,16960369.03,14496.0419059829,159880190.59,142919821.56,14417.4136547967
"140203060000","WILLIAMSVILLE CENTRAL SCHOOL DISTRICT","2020-21",9584,1193,17707806.99,14843.0905196982,169083687.02,151375880.03,15794.6452452003
"140203060000","WILLIAMSVILLE CENTRAL SCHOOL DISTRICT","2021-22",9586,1202,22890957,19044.0574043261,178510876,155619919,16234.0829334446
"140203060000","WILLIAMSVILLE CSD","2022-23",9624,1265,23856140,18858.6086956522,184445053.01,160588913.01,16686.2960317955
"140203060000","WILLIAMSVILLE CENTRAL SCHOOL DISTRICT","2023-24",9849,1285,26262314.01,20437.5984513619,201138722.73,174876408.72,17755.7527383491
"140203060000","WILLIAMSVILLE CSD","2024-25",9598,1320,28689740.9,21734.6521969697,208694232.85,180004491.95,18754.3750729319
"140207060000","SWEET HOME CENTRAL SCHOOL DISTRICT","2018-19",3360,324,5850036.75,18055.6689814815,64215302.54,58365265.79,17370.6148184524
"140207060000","SWEET HOME CENTRAL SCHOOL DISTRICT","2019-20",3261,335,5837599.3,17425.6695522388,64562929.97,58725330.67,18008.3810702239
"140207060000","SWEET HOME CENTRAL SCHOOL DISTRICT","2020-21",3275,350,6080334.55,17372.3844285714,67552863.52,61472528.97,18770.2378534351
"140207060000","SWEET HOME CENTRAL SCHOOL DISTRICT","2021-22",3334,372,6346445,17060.3360215054,71662952,65316507,19591.0338932214
"140207060000","SWEET HOME CSD","2022-23",3517,402,7395740.61,18397.3647014925,79327238.18,71931497.57,20452.5156582314
"140207060000","SWEET HOME CENTRAL SCHOOL DISTRICT","2023-24",3679,412,10289288.19,24974.000461165,96363054.33,86073766.14,23395.9679641207
"140207060000","SWEET HOME CSD","2024-25",3774,442,10530372.62,23824.3724434389,94398234.53,83867861.91,22222.538926868
"140301030000","EAST AURORA UNION FREE SCHOOL DISTRICT","2018-19",1769,225,5025719.56,22336.5313777778,29356254.25,24330534.69,13753.8353250424
"140301030000","EAST AURORA UNION FREE SCHOOL DISTRICT","2019-20",1758,225,4058791.21,18039.0720444444,26322125.84,22263334.63,12664.0128725825
"140301030000","EAST AURORA UNION FREE SCHOOL DISTRICT","2020-21",1700,227,5948958.71,26206.8665638767,28143152.59,22194193.88,13055.4081647059
"140301030000","EAST AURORA UNION FREE SCHOOL DISTRICT","2021-22",1661,222,3435032,15473.1171171171,31674346,28239314,17001.3931366647
"140301030000","EAST AURORA UFSD","2022-23",1701,225,4218335.42,18748.1574222222,34685623.85,30467288.43,17911.3982539683
"140301030000","EAST AURORA UNION FREE SCHOOL DISTRICT","2023-24",1728,243,3278638.17,13492.3381481481,38809582.03,35530943.86,20561.8888078704
"140301030000","EAST AURORA UFSD","2024-25",1750,244,2599005.34,10651.6612295082,42418034.59,39819029.25,22753.731
"140600010000","BUFFALO CITY SCHOOL DISTRICT","2018-19",33290,7161,122168457,17060.2509426058,632963601,510795144,15343.8012616401
"140600010000","BUFFALO CITY SCHOOL DISTRICT","2019-20",32504,7331,117083688,15971.0391488201,616268462,499184774,15357.6413364509
"140600010000","BUFFALO CITY SCHOOL DISTRICT","2020-21",30642,6667,121235870,18184.4712764362,625622669,504386799,16460.6356961034
"140600010000","BUFFALO CITY SCHOOL DISTRICT","2021-22",30126,6451,155370299,24084.6843900171,716009252,560638953,18609.8039235212
"140600010000","BUFFALO CITY SD","2022-23",29471,6481,150113740,23162.1262150903,1003972955.99,853859215.99,28972.8619995928
"140600010000","BUFFALO CITY SCHOOL DISTRICT","2023-24",29501,6955,232939232,33492.3410496046,425960327.89,193021095.89,6542.86620419647
"140600010000","BUFFALO CITY SD","2024-25",29479,7166,211594669.53,29527.5843608708,958622345.31,747027675.78,25341.0114244038
"140701060000","CHEEKTOWAGA CENTRAL SCHOOL DISTRICT","2018-19",2209,332,4276382.19,12880.669246988,37386764.09,33110381.9,14988.8555454957
"140701060000","CHEEKTOWAGA CENTRAL SCHOOL DISTRICT","2019-20",2246,385,4218614.16,10957.4393766234,37158071.89,32939457.73,14665.8315805877
"140701060000","CHEEKTOWAGA CENTRAL SCHOOL DISTRICT","2020-21",2202,354,4002263.72,11305.8297175141,37462568.01,33460304.29,15195.415208901
"140701060000","CHEEKTOWAGA CENTRAL SCHOOL DISTRICT","2021-22",2150,356,3761593,10566.2724719101,39619083,35857490,16677.9023255814
"140701060000","CHEEKTOWAGA CSD","2022-23",2220,341,4402951.05,12911.8799120235,41765178.62,37362227.57,16829.8322387387
"140701060000","CHEEKTOWAGA CENTRAL SCHOOL DISTRICT","2023-24",2347,397,6886870.58,17347.2810579345,54675308.56,47788437.98,20361.4989262889
"140701060000","CHEEKTOWAGA CSD","2024-25",2319,395,5175870.4,13103.4693670886,56209570.35,51033699.95,22006.7701379905
"140702030000","CHEEKTOWAGA-MARYVALE UNION FREE SCHOOL DISTRICT","2018-19",2249,286,3495720.94,12222.8004895105,33511734.59,30016013.65,13346.3822365496
"140702030000","CHEEKTOWAGA-MARYVALE UNION FREE SCHOOL DISTRICT","2019-20",2182,313,2330041.41,7444.2217571885,33677854.2,31347812.79,14366.5503162236
"140702030000","CHEEKTOWAGA-MARYVALE UNION FREE SCHOOL DISTRICT","2020-21",2111,319,2608487.18,8177.07579937304,35325365.72,32716878.54,15498.2844812885
"140702030000","CHEEKTOWAGA-MARYVALE UNION FREE SCHOOL DISTRICT","2021-22",2139,326,2725562,8360.61963190184,36882219,34156657,15968.5165965404
"140702030000","CHEEKTOWAGA-MARYVALE UFSD","2022-23",2187,335,3591885.05,10722.0449253731,39672731.73,36080846.68,16497.8722816644
"140702030000","CHEEKTOWAGA-MARYVALE UNION FREE SCHOOL DISTRICT","2023-24",2238,356,3898269.6,10950.195505618,50369600.78,46471331.18,20764.6698748883
"140702030000","CHEEKTOWAGA-MARYVALE UFSD","2024-25",2236,361,3992767.97,11060.2990858726,49783306.46,45790538.49,20478.7739221825
"140703020000","CLEVELAND HILL UNION FREE SCHOOL DISTRICT","2018-19",1289,194,3679197.79,18964.9370618557,24135729.49,20456531.7,15870.0788983708
"140703020000","CLEVELAND HILL UNION FREE SCHOOL DISTRICT","2019-20",1285,182,2241949.43,12318.4034615385,23228612.38,20986662.95,16332.0334241245
"140703020000","CLEVELAND HILL UNION FREE SCHOOL DISTRICT","2020-21",1291,164,2119591.98,12924.3413414634,23538687.15,21419095.17,16591.0884353215
"140703020000","CLEVELAND HILL UNION FREE SCHOOL DISTRICT","2021-22",1305,164,2342943,14286.237804878,26171012,23828069,18259.0567049808
"140703020000","CLEVELAND HILL UFSD","2022-23",1328,169,2558687.21,15140.1610059172,26474937.98,23916250.77,18009.2249774096
"140703020000","CLEVELAND HILL UNION FREE SCHOOL DISTRICT","2023-24",1347,197,1872286.17,9503.9907106599,32574880.96,30702594.79,22793.3146176689
"140703020000","CLEVELAND HILL UFSD","2024-25",1364,191,2975213.64,15577.0347643979,34014230.19,31039016.55,22755.8772360704
"140707030000","DEPEW UNION FREE SCHOOL DISTRICT","2018-19",1852,259,2998166,11575.9305019305,30479736,27481570,14838.8606911447
"140707030000","DEPEW UNION FREE SCHOOL DISTRICT","2019-20",1784,286,4443956,15538.3076923077,29881244,25437288,14258.5695067265
"140707030000","DEPEW UNION FREE SCHOOL DISTRICT","2020-21",1759,283,4607594,16281.2508833922,31088278,26480684,15054.3968163729
"140707030000","DEPEW UNION FREE SCHOOL DISTRICT","2021-22",1755,286,5090098,17797.5454545455,33685116,28595018,16293.4575498576
"140707030000","DEPEW UFSD","2022-23",1837,282,25646893,90946.4290780142,40834754,15187861,8267.75231355471
"140707030000","DEPEW UNION FREE SCHOOL DISTRICT","2023-24",1863,292,8483547.89,29053.2461986301,46547709,38064161.11,20431.648475577
"140707030000","DEPEW UFSD","2024-25",1847,301,6629700.29,22025.582358804,45852752.19,39223051.9,21236.0865728208
"140709030000","CHEEKTOWAGA-SLOAN UNION FREE SCHOOL DISTRICT","2018-19",1330,171,3422569,20015.0233918129,25834205,22411636,16850.8541353383
"140709030000","CHEEKTOWAGA-SLOAN UNION FREE SCHOOL DISTRICT","2019-20",1279,176,3362171,19103.2443181818,25266891,21904720,17126.4425332291
"140709030000","CHEEKTOWAGA-SLOAN UNION FREE SCHOOL DISTRICT","2020-21",1234,178,3320578,18654.9325842697,24614301,21293723,17255.8533225284
"140709030000","CHEEKTOWAGA-SLOAN UNION FREE SCHOOL DISTRICT","2021-22",1273,214,3364768,15723.214953271,26086999,22722231,17849.3566378633
"140709030000","CHEEKTOWAGA-SLOAN UFSD","2022-23",1261,220,3350153,15227.9681818182,26998086,23647933,18753.3172085646
"140709030000","CHEEKTOWAGA-SLOAN UNION FREE SCHOOL DISTRICT","2023-24",1260,209,5180055,24784.95215311,33472825,28292770,22454.5793650794
"140709030000","CHEEKTOWAGA-SLOAN UFSD","2024-25",1248,216,5051389.39,23386.0619907407,33601177.53,28549788.14,22876.4328044872
"140801060000","CLARENCE CENTRAL SCHOOL DISTRICT","2018-19",4399,554,5836594.8,10535.3696750903,64669399.76,58832804.96,13374.1316117299
"140801060000","CLARENCE CENTRAL SCHOOL DISTRICT","2019-20",4228,567,5683522.59,10023.8493650794,66013767.55,60330244.96,14269.2159318827
"140801060000","CLARENCE CENTRAL SCHOOL DISTRICT","2020-21",4062,531,5962043.62,11227.954086629,67979955.92,62017912.3,15267.8267602166
"140801060000","CLARENCE CENTRAL SCHOOL DISTRICT","2021-22",4073,542,6456645,11912.6291512915,75472027,69015382,16944.606432605
"140801060000","CLARENCE CSD","2022-23",4084,574,5917809,10309.7717770035,78170308,72252499,17691.6011263467
"140801060000","CLARENCE CENTRAL SCHOOL DISTRICT","2023-24",4239,572,10527843.53,18405.3208566434,83023419.53,72495576,17102.0467091295
"140801060000","CLARENCE CSD","2024-25",4081,587,9627975.06,16402.0018057922,86743861.5,77115886.44,18896.3211075717
"141101060000","SPRINGVILLE-GRIFFITH INSTITUTE CENTRAL SCHOOL DISTRICT","2018-19",1738,199,3439950.75,17286.1846733668,31996903.94,28556953.19,16430.9281875719
"141101060000","SPRINGVILLE-GRIFFITH INSTITUTE CENTRAL SCHOOL DISTRICT","2019-20",1647,216,4919433,22775.1527777778,31900095,26980662,16381.7012750455
"141101060000","SPRINGVILLE-GRIFFITH INSTITUTE CENTRAL SCHOOL DISTRICT","2020-21",1523,233,2437633,10461.9442060086,30454387,28016754,18395.7675640184
"141101060000","SPRINGVILLE-GRIFFITH INSTITUTE CENTRAL SCHOOL DISTRICT","2021-22",1552,236,2855947,12101.4703389831,31037120,28181173,18157.9722938144
"141101060000","SPRINGVILLE-GRIFFITH INST CSD","2022-23",1583,252,3440605,13653.1944444444,35695571,32254966,20375.8471257107
"141101060000","SPRINGVILLE-GRIFFITH INSTITUTE CENTRAL SCHOOL DISTRICT","2023-24",1629,243,4047573.28,16656.6801646091,40855088.26,36807514.98,22595.1595948435
"141101060000","SPRINGVILLE-GRIFFITH INST CSD","2024-25",1559,242,3266927.46,13499.7002479339,41449320.28,38182392.82,24491.5925721616
"141201060000","EDEN CENTRAL SCHOOL DISTRICT","2018-19",1368,232,2588596,11157.7413793103,6749712,4161116,3041.7514619883
"141201060000","EDEN CENTRAL SCHOOL DISTRICT","2019-20",1359,251,3056628,12177.8007968127,24093762,21037134,15479.8631346578
"141201060000","EDEN CENTRAL SCHOOL DISTRICT","2020-21",1310,228,3047167,13364.7675438596,23787330,20740163,15832.1854961832
"141201060000","EDEN CENTRAL SCHOOL DISTRICT","2021-22",1306,224,2379431,10622.4598214286,25662565,23283134,17827.8208269525
"141201060000","EDEN CSD","2022-23",1300,218,4876835,22370.8027522936,28034988,23158153,17813.9638461538
"141201060000","EDEN CENTRAL SCHOOL DISTRICT","2023-24",1309,251,4778295.06,19037.0321115538,31431138.45,26652843.39,20361.2248968678
"141201060000","EDEN CSD","2024-25",1284,233,5102716.94,21900.0727038627,32729047.46,27626330.52,21515.8337383178
"141301060000","IROQUOIS CENTRAL SCHOOL DISTRICT","2018-19",2198,378,7142144,18894.5608465608,42884695,35742551,16261.3971792539
"141301060000","IROQUOIS CENTRAL SCHOOL DISTRICT","2019-20",2127,383,6632063,17316.091383812,43622879.03,36990816.03,17391.0747672779
"141301060000","IROQUOIS CENTRAL SCHOOL DISTRICT","2020-21",2053,366,7636833,20865.6639344262,44310959.01,36674126.01,17863.6756015587
"141301060000","IROQUOIS CENTRAL SCHOOL DISTRICT","2021-22",2039,369,7760882,21032.2005420054,45406372,37645490,18462.721922511
"141301060000","IROQUOIS CSD","2022-23",2055,354,8515428,24054.8813559322,49398802,40883374,19894.5858880779
"141301060000","IROQUOIS CENTRAL SCHOOL DISTRICT","2023-24",2055,322,9040998.71,28077.6357453416,52878118,43837119.29,21331.9315279805
"141301060000","IROQUOIS CSD","2024-25",2073,299,9206900,30792.3076923077,54737737.56,45530837.56,21963.7421900627
"141401060000","EVANS-BRANT CENTRAL SCHOOL DISTRICT (LAKE SHORE)","2018-19",2268,458,5506643,12023.2379912664,46777148,41270505,18196.8716931217
"141401060000","EVANS-BRANT CENTRAL SCHOOL DISTRICT (LAKE SHORE)","2019-20",2179,439,5601712,12760.1640091116,46727540,41125828,18873.7163836622
"141401060000","EVANS-BRANT CENTRAL SCHOOL DISTRICT (LAKE SHORE)","2020-21",2091,426,5322597,12494.3591549296,45902685,40580088,19407.0243902439
"141401060000","EVANS-BRANT CENTRAL SCHOOL DISTRICT (LAKE SHORE)","2021-22",2084,441,5719810,12970.0907029478,48492647,42772837,20524.3939539347
"141401060000","EVANS-BRANT CSD (LAKE SHORE)","2022-23",2089,457,6004450,13138.8402625821,49818909,43814459,20973.8913355673
"141401060000","EVANS-BRANT CENTRAL SCHOOL DISTRICT (LAKE SHORE)","2023-24",2133,456,7073406.62,15511.856622807,55680368.69,48606962.07,22788.0741068917
"141401060000","EVANS-BRANT CSD (LAKE SHORE)","2024-25",2010,439,6446641.97,14684.8336446469,65300002.88,58853360.91,29280.2790597015
"141501060000","GRAND ISLAND CENTRAL SCHOOL DISTRICT","2018-19",2869,345,4984558.84,14447.9966376812,50631672.7,45647113.86,15910.4614360404
"141501060000","GRAND ISLAND CENTRAL SCHOOL DISTRICT","2019-20",2905,374,4937209.73,13201.0955347594,50538020.84,45600811.11,15697.353222031
"141501060000","GRAND ISLAND CENTRAL SCHOOL DISTRICT","2020-21",2799,367,4963753.27,13525.2132697548,50198068.11,45234314.84,16160.8841872097
"141501060000","GRAND ISLAND CENTRAL SCHOOL DISTRICT","2021-22",2835,370,6424924,17364.6594594595,53855609,47430685,16730.4003527337
"141501060000","GRAND ISLAND CSD","2022-23",2839,362,5854219.77,16171.8778176796,55208086.14,49353866.37,17384.2431736527
"141501060000","GRAND ISLAND CENTRAL SCHOOL DISTRICT","2023-24",2895,361,8043102.48,22280.0622714681,60282508.86,52239406.38,18044.6999585492
"141501060000","GRAND ISLAND CSD","2024-25",2829,372,10630874.35,28577.6192204301,64596243.3,53965368.95,19075.7755213856
"141601060000","HAMBURG CENTRAL SCHOOL DISTRICT","2018-19",3490,511,8708144.47,17041.3786105675,58553410.99,49845266.52,14282.3113237822
"141601060000","HAMBURG CENTRAL SCHOOL DISTRICT","2019-20",3470,574,7468845.92,13011.9266898955,59255306.51,51786460.59,14924.0520432277
"141601060000","HAMBURG CENTRAL SCHOOL DISTRICT","2020-21",3350,549,9514016,17329.7194899818,60311481,50797465,15163.4223880597
"141601060000","HAMBURG CENTRAL SCHOOL DISTRICT","2021-22",3329,542,8312110,15335.9963099631,64037609,55725499,16739.4109342145
"141601060000","HAMBURG CSD","2022-23",3333,585,8471230.07,14480.7351623932,67457314.32,58986084.25,17697.5950345034
"141601060000","HAMBURG CENTRAL SCHOOL DISTRICT","2023-24",3341,644,896486.18,1392.05928571429,59228675.42,58332189.24,17459.499922179
"141601060000","HAMBURG CSD","2024-25",3295,625,0,0,74401901.43,74401901.43,22580.2432261002
"141604060000","FRONTIER CENTRAL SCHOOL DISTRICT","2018-19",4802,815,7558460.34,9274.18446625767,68565236.66,61006776.32,12704.4515451895
"141604060000","FRONTIER CENTRAL SCHOOL DISTRICT","2019-20",4683,799,11351964.45,14207.7152065081,69750968.59,58399004.14,12470.4258253256
"141604060000","FRONTIER CENTRAL SCHOOL DISTRICT","2020-21",4588,766,11356133.85,14825.2400130548,70497286.85,59141153,12890.3995204882
"141604060000","FRONTIER CENTRAL SCHOOL DISTRICT","2021-22",4578,785,11979597,15260.6331210191,79788767,67809170,14811.9637396243
"141604060000","FRONTIER CSD","2022-23",4580,786,4681908.09,5956.62606870229,81256452.68,76574544.59,16719.3328799127
"141604060000","FRONTIER CENTRAL SCHOOL DISTRICT","2023-24",4594,824,7641863,9274.10558252427,97384879.63,89743016.63,19534.8316565085
"141604060000","FRONTIER CSD","2024-25",4474,840,12524978.22,14910.6883571429,106586837.88,94061859.66,21024.1081046044
"141701040000","HOLLAND CENTRAL SCHOOL DISTRICT","2018-19",900,150,1140069.26,7600.46173333333,15856663.88,14716594.62,16351.7718
"141701040000","HOLLAND CENTRAL SCHOOL DISTRICT","2019-20",865,143,2198337.67,15372.9906993007,15740048.23,13541710.56,15655.156716763
"141701040000","HOLLAND CENTRAL SCHOOL DISTRICT","2020-21",790,128,2425919.94,18952.49953125,16269359.22,13843439.28,17523.3408607595
"141701040000","HOLLAND CENTRAL SCHOOL DISTRICT","2021-22",763,123,1834452,14914.243902439,17768934,15934482,20883.9868938401
"141701040000","HOLLAND CENTRAL SCHOOL DISTRICT","2023-24",732,125,2244712.41,17957.69928,17748650.03,15503937.62,21180.2426502732
"141701040000","HOLLAND CSD","2024-25",737,129,3089413.24,23948.9398449612,21181887.89,18092474.65,24548.8122795115
"141800010000","LACKAWANNA CITY SCHOOL DISTRICT","2018-19",1996,330,6720914.63,20366.407969697,39460637.4,32739722.77,16402.6667184369
"141800010000","LACKAWANNA CITY SCHOOL DISTRICT","2019-20",1883,351,5314311.14,15140.4875783476,32724343.09,27410031.95,14556.5756505576
"141800010000","LACKAWANNA CITY SCHOOL DISTRICT","2020-21",1865,303,5839136.99,19271.0791749175,36976663.66,31137526.67,16695.7247560322
"141800010000","LACKAWANNA CITY SCHOOL DISTRICT","2021-22",1862,286,5797089,20269.541958042,39835304,34038215,18280.4591836735
"141800010000","LACKAWANNA CITY SD","2022-23",1884,319,6295043.67,19733.6792163009,44853440.35,38558396.68,20466.2402760085
"141800010000","LACKAWANNA CITY SCHOOL DISTRICT","2023-24",2150,375,6921183,18456.488,57067709.53,50146526.53,23323.965827907
"141800010000","LACKAWANNA CITY SD","2024-25",2094,386,6298310,16316.8652849741,63655056.97,57356746.97,27390.9966427889
"141901060000","LANCASTER CENTRAL SCHOOL DISTRICT","2018-19",5773,951,11048036.79,11617.2836908517,85764473.55,74716436.76,12942.3933414169
"141901060000","LANCASTER CENTRAL SCHOOL DISTRICT","2019-20",5631,952,7139356.83,7499.3244012605,79622892.28,72483535.45,12872.2314775351
"141901060000","LANCASTER CENTRAL SCHOOL DISTRICT","2020-21",5427,932,7761643.04,8327.94317596567,83376481.84,75614838.8,13933.0825133591
"141901060000","LANCASTER CENTRAL SCHOOL DISTRICT","2021-22",5341,963,8552124,8880.71028037383,88067437,79515313,14887.7200898708
"141901060000","LANCASTER CSD","2022-23",5347,1012,10760192.63,10632.6014130435,94362893.75,83602701.12,15635.4406433514
"141901060000","LANCASTER CENTRAL SCHOOL DISTRICT","2023-24",5493,971,14057150.46,14476.9829660144,113009055.4,98951904.94,18014.1825851083
"141901060000","LANCASTER CSD","2024-25",5321,954,10293114.2,10789.4278825996,110635585.39,100342471.19,18857.8220616425
"142101040000","AKRON CENTRAL SCHOOL DISTRICT","2018-19",1388,165,11621855,70435.4848484848,24962146,13340291,9611.16066282421
"142101040000","AKRON CENTRAL SCHOOL DISTRICT","2019-20",1361,167,2711391.92,16235.879760479,23889032.51,21177640.59,15560.3531153564
"142101040000","AKRON CENTRAL SCHOOL DISTRICT","2020-21",1262,157,2355366.67,15002.335477707,24157890.77,21802524.1,17276.168066561
"142101040000","AKRON CENTRAL SCHOOL DISTRICT","2021-22",1287,170,2307398,13572.9294117647,25419033,23111635,17957.7583527584
"142101040000","AKRON CSD","2022-23",1257,180,2177128.26,12095.157,27493195.66,25316067.4,20140.0695306285
"142101040000","AKRON CENTRAL SCHOOL DISTRICT","2023-24",1230,167,3536317.11,21175.5515568862,31048874,27512556.89,22367.9324308943
"142101040000","AKRON CSD","2024-25",1210,177,3380495.65,19098.845480226,31676070.6,28295574.95,23384.7726859504
"142201040000","NORTH COLLINS CENTRAL SCHOOL DISTRICT","2018-19",597,95,2003332.47,21087.7102105263,12293015.07,10289682.6,17235.6492462312
"142201040000","NORTH COLLINS CENTRAL SCHOOL DISTRICT","2019-20",580,95,1422957,14978.4947368421,12301423.58,10878466.58,18755.976862069
"142201040000","NORTH COLLINS CENTRAL SCHOOL DISTRICT","2020-21",538,81,1351681,16687.4197530864,11238631.58,9886950.58,18377.2315613383
"142201040000","NORTH COLLINS CENTRAL SCHOOL DISTRICT","2021-22",547,87,1905078,21897.4482758621,13691895,11786817,21548.1115173675
"142201040000","NORTH COLLINS CSD","2022-23",556,82,1840215,22441.6463414634,14079169,12238954,22012.5071942446
"142201040000","NORTH COLLINS CENTRAL SCHOOL DISTRICT","2023-24",561,98,2879673.48,29384.4232653061,15743425.38,12863751.9,22930.0390374332
"142201040000","NORTH COLLINS CSD","2024-25",553,97,3432224.4,35383.7567010309,17087001.56,13654777.16,24692.1829294756
"142301060000","ORCHARD PARK CENTRAL SCHOOL DISTRICT","2018-19",4759,699,12814433.26,18332.522546495,87264967.05,74450533.79,15644.1550304686
"142301060000","ORCHARD PARK CENTRAL SCHOOL DISTRICT","2019-20",4685,718,10868482,15137.1615598886,85696510,74828028,15971.8309498399
"142301060000","ORCHARD PARK CENTRAL SCHOOL DISTRICT","2020-21",4605,735,10965599,14919.1823129252,88860275,77894676,16915.2390879479
"142301060000","ORCHARD PARK CENTRAL SCHOOL DISTRICT","2021-22",4707,716,10979813,15334.9343575419,93213834,82234021,17470.5801997026
"142301060000","ORCHARD PARK CSD","2022-23",4748,686,12993916,18941.5685131195,100550960,87557044,18440.8264532435
"142301060000","ORCHARD PARK CENTRAL SCHOOL DISTRICT","2023-24",4847,728,17895272.35,24581.4180631868,115354582.36,97459310.01,20107.140501341
"142301060000","ORCHARD PARK CSD","2024-25",4769,760,18492192.76,24331.8325789474,120209056.58,101716863.82,21328.7615474942
"142500010000","TONAWANDA CITY SCHOOL DISTRICT","2018-19",1791,245,2098037.5,8563.41836734694,28143710.62,26045673.12,14542.5310552764
"142500010000","TONAWANDA CITY SCHOOL DISTRICT","2019-20",1769,260,2344217.74,9016.22207692308,28549538.21,26205320.47,14813.6350876201
"142500010000","TONAWANDA CITY SCHOOL DISTRICT","2020-21",1712,260,2186620.21,8410.07773076923,28116530.16,25929909.95,15145.9754380841
"142500010000","TONAWANDA CITY SCHOOL DISTRICT","2021-22",1683,256,2518450,9837.6953125,29398405,26879955,15971.4527629234
"142500010000","TONAWANDA CITY SD","2022-23",1681,245,2287493.68,9336.70889795918,31254724.99,28967231.31,17232.1423616895
"142500010000","TONAWANDA CITY SCHOOL DISTRICT","2023-24",1738,249,3119466.99,12527.9798795181,35634037.1,32514570.11,18708.0380379747
"142500010000","TONAWANDA CITY SD","2024-25",1676,251,2937472.93,11703.0794023904,38001895.87,35064422.94,20921.4934009547
"142601030000","KENMORE-TONAWANDA UNION FREE SCHOOL DISTRICT","2018-19",6852,1269,12474628.87,9830.28279747833,133525997.05,121051368.18,17666.5744570928
"142601030000","KENMORE-TONAWANDA UNION FREE SCHOOL DISTRICT","2019-20",6648,1274,13501257,10597.532967033,132615224,119113967,17917.263387485
"142601030000","KENMORE-TONAWANDA UNION FREE SCHOOL DISTRICT","2021-22",6161,1117,14665406,13129.2802148612,152309181,137643775,22341.1418600876
"142601030000","KENMORE-TONAWANDA UFSD","2022-23",6270,1129,20290049,17971.6997342781,159329268,139039219,22175.3140350877
"142601030000","KENMORE-TONAWANDA UNION FREE SCHOOL DISTRICT","2023-24",6593,1150,24900770,21652.8434782609,164822319,139921549,21222.7436675262
"142601030000","KENMORE-TONAWANDA UFSD","2024-25",6301,1214,26339189,21696.2018121911,167947094,141607905,22473.87795588
"142801060000","WEST SENECA CENTRAL SCHOOL DISTRICT","2018-19",6550,966,11845460,12262.380952381,100762832,88917372,13575.1712977099
"142801060000","WEST SENECA CENTRAL SCHOOL DISTRICT","2019-20",6322,1007,10642604.21,10568.6238430983,103641573.01,92998968.8,14710.3715279975
"142801060000","WEST SENECA CENTRAL SCHOOL DISTRICT","2020-21",6055,1031,10850409.84,10524.1608535403,107226174.37,96375764.53,15916.7241172585
"142801060000","WEST SENECA CENTRAL SCHOOL DISTRICT","2021-22",6062,1116,13469999,12069.8915770609,114217456,100747457,16619.5079181788
"142801060000","WEST SENECA CSD","2022-23",6021,1124,18104470,16107.1797153025,120395817,102291347,16989.0959973426
"142801060000","WEST SENECA CENTRAL SCHOOL DISTRICT","2023-24",6114,1139,20135802.28,17678.49190518,141692553.28,121556751,19881.7060843965
"142801060000","WEST SENECA CSD","2024-25",5871,1098,15752853.44,14346.8610564663,143356724.65,127603871.21,21734.6058950775
"150203040000","CROWN POINT CENTRAL SCHOOL DISTRICT","2018-19",291,48,907914,18914.875,8296701,7388787,25391.0206185567
"150203040000","CROWN POINT CENTRAL SCHOOL DISTRICT","2019-20",306,52,916246,17620.1153846154,6315495,5399249,17644.6045751634
"150203040000","CROWN POINT CENTRAL SCHOOL DISTRICT","2021-22",319,58,407346,7023.20689655172,6743568,6336222,19862.7648902821
"150203040000","CROWN POINT CSD","2022-23",321,61,464396,7613.04918032787,8372363,7907967,24635.4112149533
"150203040000","CROWN POINT CENTRAL SCHOOL DISTRICT","2023-24",318,58,1427337.09,24609.2601724138,8427611,7000273.91,22013.4399685535
"150203040000","CROWN POINT CSD","2024-25",310,62,1871172,30180.1935483871,9471011.29,7599839.29,24515.6106129032
"150301040000","ELIZABETHTOWN-LEWIS CENTRAL SCHOOL DISTRICT","2018-19",0,0,1485709,,6876761,5391052,
"150601040000","KEENE CENTRAL SCHOOL DISTRICT","2018-19",163,19,452653,23823.8421052632,5132808,4680155,28712.6073619632
"150601040000","KEENE CENTRAL SCHOOL DISTRICT","2019-20",157,18,411172,22842.8888888889,5414174,5003002,31866.2547770701
"150601040000","KEENE CENTRAL SCHOOL DISTRICT","2020-21",156,20,422006,21100.3,5404330,4982324,31937.9743589744
"150601040000","KEENE CENTRAL SCHOOL DISTRICT","2021-22",163,27,531577,19688.037037037,5733937,5202360,31916.3190184049
"150601040000","KEENE CSD","2022-23",167,25,486201,19448.04,5621153.5,5134952.5,30748.2185628743
"150601040000","KEENE CENTRAL SCHOOL DISTRICT","2023-24",172,27,742565,27502.4074074074,6441831,5699266,33135.2674418605
"150601040000","KEENE CSD","2024-25",170,28,964169,34434.6071428571,7318436,6354267,37378.0411764706
"150801040000","MINERVA CENTRAL SCHOOL DISTRICT","2018-19",99,21,592791,28228.1428571429,4168532,3575741,36118.595959596
"150801040000","MINERVA CENTRAL SCHOOL DISTRICT","2019-20",104,23,606771,26381.347826087,4350764.74,3743993.74,35999.9398076923
"150801040000","MINERVA CENTRAL SCHOOL DISTRICT","2020-21",112,23,676911,29430.9130434783,4755046,4078135,36411.9196428571
"150801040000","MINERVA CENTRAL SCHOOL DISTRICT","2021-22",121,24,704873,29369.7083333333,4641814,3936941,32536.7024793388
"150801040000","MINERVA CSD","2022-23",119,24,801640,33401.6666666667,5194529.61,4392889.61,36915.0387394958
"150801040000","MINERVA CENTRAL SCHOOL DISTRICT","2023-24",101,21,1134680.33,54032.3966666667,5732795.65,4598115.32,45525.8942574257
"150801040000","MINERVA CSD","2024-25",104,21,1234357.34,58778.920952381,6146067.9,4911710.56,47227.9861538462
"150901040000","MORIAH CENTRAL SCHOOL DISTRICT","2018-19",703,175,2872779,16415.88,14212519,11339740,16130.4978662873
"150901040000","MORIAH CENTRAL SCHOOL DISTRICT","2019-20",706,203,2663288,13119.645320197,14329700,11666412,16524.6628895184
"150901040000","MORIAH CENTRAL SCHOOL DISTRICT","2020-21",707,199,2715811,13647.2914572864,14746539,12030728,17016.5884016973
"150901040000","MORIAH CENTRAL SCHOOL DISTRICT","2021-22",689,184,2905600,15791.3043478261,16276397,13370797,19406.091436865
"150901040000","MORIAH CSD","2022-23",700,190,2659099,13995.2578947368,17258974,14599875,20856.9642857143
"150901040000","MORIAH CENTRAL SCHOOL DISTRICT","2023-24",686,223,4157829,18644.9730941704,19622050,15464221,22542.5962099125
"150901040000","MORIAH CSD","2024-25",667,211,4803549,22765.63507109,21054874,16251325,24364.8050974513
"151001040000","NEWCOMB CENTRAL SCHOOL DISTRICT","2018-19",81,9,264261,29362.3333333333,4449582,4185321,51670.6296296296
"151001040000","NEWCOMB CENTRAL SCHOOL DISTRICT","2019-20",70,8,267520,33440,4150335,3882815,55468.7857142857
"151001040000","NEWCOMB CENTRAL SCHOOL DISTRICT","2020-21",74,6,264568,44094.6666666667,4408550,4143982,55999.7567567568
"151001040000","NEWCOMB CENTRAL SCHOOL DISTRICT","2021-22",67,7,238598,34085.4285714286,4535402,4296804,64131.4029850746
"151001040000","NEWCOMB CSD","2024-25",48,5,761706,152341.2,5198775,4437069,92438.9375
"151102040000","LAKE PLACID CENTRAL SCHOOL DISTRICT","2018-19",646,101,1927294.58,19082.1245544554,17843585.97,15916291.39,24638.2219659443
"151102040000","LAKE PLACID CENTRAL SCHOOL DISTRICT","2019-20",569,97,1697377.56,17498.7377319588,15240129.35,13542751.79,23800.9697539543
"151102040000","LAKE PLACID CENTRAL SCHOOL DISTRICT","2020-21",561,94,2066952.12,21988.8523404255,16774938.71,14707986.59,26217.4449019608
"151102040000","LAKE PLACID CENTRAL SCHOOL DISTRICT","2021-22",554,97,2062587,21263.7835051546,17119116,15056529,27177.8501805054
"151102040000","LAKE PLACID CSD","2022-23",538,100,1071683,10716.83,17778840,16707157,31054.1951672862
"151102040000","LAKE PLACID CENTRAL SCHOOL DISTRICT","2023-24",571,101,3728550.26,36916.3392079208,24511838,20783287.74,36398.052084063
"151102040000","LAKE PLACID CSD","2024-25",532,94,3968844,42221.7446808511,21643487,17674643,33223.0131578947
"151401040000","SCHROON LAKE CENTRAL SCHOOL DISTRICT","2018-19",258,33,847411,25679.1212121212,7112413,6265002,24282.9534883721
"151401040000","SCHROON LAKE CENTRAL SCHOOL DISTRICT","2019-20",278,37,765985,20702.2972972973,6985588,6219603,22372.6726618705
"151401040000","SCHROON LAKE CENTRAL SCHOOL DISTRICT","2020-21",208,25,679518,27180.72,6400430,5720912,27504.3846153846
"151401040000","SCHROON LAKE CENTRAL SCHOOL DISTRICT","2021-22",236,33,777202,23551.5757575758,7254672,6477470,27446.906779661
"151401040000","SCHROON LAKE CSD","2022-23",238,35,949302,27122.9142857143,7528504.24,6579202.24,27643.7068907563
"151401040000","SCHROON LAKE CENTRAL SCHOOL DISTRICT","2023-24",233,42,1145172,27266,8195403,7050231,30258.5021459227
"151401040000","SCHROON LAKE CSD","2024-25",227,44,1495850.21,33996.5956818182,8878588.62,7382738.41,32523.0766960352
"151501060000","TICONDEROGA CENTRAL SCHOOL DISTRICT","2018-19",757,158,2171657,13744.664556962,17744377,15572720,20571.6248348745
"151501060000","TICONDEROGA CENTRAL SCHOOL DISTRICT","2019-20",720,150,2576327,17175.5133333333,17144778,14568451,20233.9597222222
"151501060000","TICONDEROGA CENTRAL SCHOOL DISTRICT","2020-21",724,143,2493850,17439.5104895105,16317204,13823354,19093.0303867403
"151501060000","TICONDEROGA CENTRAL SCHOOL DISTRICT","2021-22",713,146,2494407,17084.9794520548,17227409,14733002,20663.396914446
"151501060000","TICONDEROGA CSD","2022-23",719,152,2268356,14923.3947368421,18011140,15742784,21895.388038943
"151501060000","TICONDEROGA CENTRAL SCHOOL DISTRICT","2023-24",748,157,3806546.94,24245.521910828,21038189.53,17231642.59,23036.9553342246
"151501060000","TICONDEROGA CSD","2024-25",721,154,3822724.83,24822.8885064935,21951074.88,18128350.05,25143.3426490985
"151601040000","WESTPORT CENTRAL SCHOOL DISTRICT","2018-19",0,0,838164,,5115547,4277383,
"151701040000","WILLSBORO CENTRAL SCHOOL DISTRICT","2018-19",256,44,1067417,24259.4772727273,7039525.07,5972108.07,23328.5471484375
"151701040000","WILLSBORO CENTRAL SCHOOL DISTRICT","2019-20",243,48,181527,3781.8125,7050560.49,6869033.49,28267.6275308642
"151701040000","WILLSBORO CENTRAL SCHOOL DISTRICT","2020-21",245,47,912165,19407.7659574468,6528996.95,5616831.95,22925.8446938775
"151701040000","WILLSBORO CENTRAL SCHOOL DISTRICT","2021-22",243,50,883317,17666.34,6928081,6044764,24875.5720164609
"151701040000","WILLSBORO CSD","2022-23",251,55,897162,16312.0363636364,7135587.48,6238425.48,24854.2847808765
"151701040000","WILLSBORO CENTRAL SCHOOL DISTRICT","2023-24",261,66,1293344.43,19596.1277272727,8517469.01,7224124.58,27678.6382375479
"151701040000","WILLSBORO CSD","2024-25",246,58,1703787,29375.6379310345,9265981,7562194,30740.6260162602
"151801040000","BOQUET VALLEY CSD","2019-20",440,68,1515045,22280.0735294118,12952943.64,11437898.64,25995.2241818182
"151801040000","BOQUET VALLEY CSD","2020-21",439,68,2378497,34977.8970588235,13147159,10768662,24529.9817767654
"151801040000","BOQUET VALLEY CSD","2021-22",427,73,2506680,34338.0821917808,13797196,11290516,26441.4894613583
"151801040000","BOQUET VALLEY CSD","2022-23",399,70,1667656,23823.6571428571,14347221.79,12679565.79,31778.3603759398
"151801040000","BOQUET VALLEY CSD","2023-24",389,73,2288858,31354.2191780822,15436000,13147142,33797.2802056555
"151801040000","BOQUET VALLEY CSD","2024-25",390,81,0,0,14814580.28,14814580.28,37986.1032820513
"160101060000","TUPPER LAKE CENTRAL SCHOOL DISTRICT","2018-19",761,113,1989805,17608.8938053097,15141789,13151984,17282.5019710907
"160101060000","TUPPER LAKE CENTRAL SCHOOL DISTRICT","2019-20",751,121,2091696,17286.7438016529,15432486,13340790,17764.034620506
"160101060000","TUPPER LAKE CENTRAL SCHOOL DISTRICT","2020-21",742,122,3184895,26105.6967213115,16454791,13269896,17883.9568733154
"160101060000","TUPPER LAKE CENTRAL SCHOOL DISTRICT","2021-22",756,133,2347304,17648.9022556391,18146207,15798903,20898.0198412698
"160101060000","TUPPER LAKE CENTRAL SCHOOL DISTRICT","2023-24",742,149,2145130,14396.8456375839,24589411,22444281,30248.3571428571
"160101060000","TUPPER LAKE CSD","2024-25",730,144,3466237.29,24071.0922916667,20654502,17188264.71,23545.5680958904
"160801040000","CHATEAUGAY CENTRAL SCHOOL DISTRICT","2018-19",512,79,1213572.12,15361.6724050633,10140555.16,8926983.04,17435.51375
"160801040000","CHATEAUGAY CENTRAL SCHOOL DISTRICT","2019-20",501,84,1860697,22151.1547619048,10268354,8407657,16781.750499002
"160801040000","CHATEAUGAY CENTRAL SCHOOL DISTRICT","2020-21",503,75,1444451,19259.3466666667,10407076,8962625,17818.3399602386
"160801040000","CHATEAUGAY CENTRAL SCHOOL DISTRICT","2021-22",535,93,1474902,15859.1612903226,11936051,10461149,19553.5495327103
"160801040000","CHATEAUGAY CSD","2022-23",535,105,1743580,16605.5238095238,12788594,11045014,20644.8859813084
"160801040000","CHATEAUGAY CENTRAL SCHOOL DISTRICT","2023-24",557,120,2416068.03,20133.90025,14841376.43,12425308.4,22307.555475763
"160801040000","CHATEAUGAY CSD","2024-25",569,120,3385846.88,28215.3906666667,16563429.64,13177582.76,23159.1964147627
"161201040000","SALMON RIVER CENTRAL SCHOOL DISTRICT","2018-19",1539,209,5136608,24577.0717703349,36324194,31187586,20264.8382066277
"161201040000","SALMON RIVER CENTRAL SCHOOL DISTRICT","2019-20",1453,218,4836274,22184.7431192661,38177003,33340729,22946.1314521679
"161201040000","SALMON RIVER CENTRAL SCHOOL DISTRICT","2020-21",1401,204,5008109,24549.5539215686,36542272,31534163,22508.3247680228
"161201040000","SALMON RIVER CENTRAL SCHOOL DISTRICT","2021-22",1387,215,3295883,15329.688372093,39112405,35816522,25823.0151405912
"161201040000","SALMON RIVER CSD","2022-23",1382,218,4744183.44,21762.3093577982,41600499.49,36856316.05,26668.8249276411
"161201040000","SALMON RIVER CENTRAL SCHOOL DISTRICT","2023-24",1367,243,4147999,17069.9547325103,49668431,45520432,33299.5113386979
"161201040000","SALMON RIVER CSD","2024-25",1371,259,3783604,14608.5096525097,51667974,47884370,34926.6010211524
"161401060000","SARANAC LAKE CENTRAL SCHOOL DISTRICT","2018-19",1150,177,4247816,23998.9604519774,26333008,22085192,19204.5147826087
"161401060000","SARANAC LAKE CENTRAL SCHOOL DISTRICT","2019-20",1150,178,4487824,25212.4943820225,28276188,23788364,20685.5339130435
"161401060000","SARANAC LAKE CENTRAL SCHOOL DISTRICT","2020-21",1090,162,4823518,29774.8024691358,27337719,22514201,20655.2302752294
"161401060000","SARANAC LAKE CENTRAL SCHOOL DISTRICT","2021-22",1096,177,4630190,26159.2655367232,28302182,23671992,21598.5328467153
"161401060000","SARANAC LAKE CSD","2022-23",1068,168,3014396,17942.8333333333,31087012,28072616,26285.2209737828
"161401060000","SARANAC LAKE CENTRAL SCHOOL DISTRICT","2023-24",1097,154,5858335.75,38041.1412337662,35677354.98,29819019.23,27182.332935278
"161401060000","SARANAC LAKE CSD","2024-25",1036,145,5874024.63,40510.5146896552,35550514.37,29676489.74,28645.2603667954
"161501060000","MALONE CENTRAL SCHOOL DISTRICT","2018-19",2270,361,7307177,20241.487534626,41622844,34315667,15117.0339207048
"161501060000","MALONE CENTRAL SCHOOL DISTRICT","2019-20",2288,404,28560777,70694.9925742574,47485842,18925065,8271.44449300699
"161501060000","MALONE CENTRAL SCHOOL DISTRICT","2020-21",2218,407,27263297,66985.9877149877,46628583.24,19365286.24,8730.9676465284
"161501060000","MALONE CENTRAL SCHOOL DISTRICT","2021-22",2144,412,9503231,23066.0946601942,52097388,42594157,19866.6777052239
"161501060000","MALONE CSD","2022-23",2189,439,9835141,22403.5102505695,56111462,46276321,21140.3933302878
"161501060000","MALONE CENTRAL SCHOOL DISTRICT","2023-24",2161,484,10364989.98,21415.268553719,61292681.57,50927691.59,23566.7244747802
"161501060000","MALONE CSD","2024-25",2106,497,11341300.27,22819.5176458753,63666471.45,52325171.18,24845.760294397
"161601040000","BRUSHTON-MOIRA CENTRAL SCHOOL DISTRICT","2018-19",804,148,1405978,9499.85135135135,14825123,13419145,16690.4788557214
"161601040000","BRUSHTON-MOIRA CENTRAL SCHOOL DISTRICT","2019-20",791,157,2797673.12,17819.5740127389,16379651.71,13581978.59,17170.6429709229
"161601040000","BRUSHTON-MOIRA CENTRAL SCHOOL DISTRICT","2020-21",762,140,2257291,16123.5071428571,14832622,12575331,16503.0590551181
"161601040000","BRUSHTON-MOIRA CENTRAL SCHOOL DISTRICT","2021-22",767,132,2823675,21391.4772727273,16075650,13251975,17277.6727509778
"161601040000","BRUSHTON-MOIRA CSD","2022-23",786,140,2852078,20371.9857142857,17984154,15132076,19252.0050890585
"161601040000","BRUSHTON-MOIRA CENTRAL SCHOOL DISTRICT","2023-24",788,145,3112124,21462.924137931,20067900,16955776,21517.4822335025
"161601040000","BRUSHTON-MOIRA CSD","2024-25",799,138,3409734,24708.2173913043,21248772,17839038,22326.7058823529
"161801040000","SAINT REGIS FALLS CENTRAL SCHOOL DISTRICT","2018-19",266,60,1169653,19494.2166666667,6738087,5568434,20933.962406015
"161801040000","SAINT REGIS FALLS CENTRAL SCHOOL DISTRICT","2019-20",268,53,1144402,21592.4905660377,7268317,6123915,22850.4291044776
"161801040000","SAINT REGIS FALLS CENTRAL SCHOOL DISTRICT","2020-21",252,53,1239472,23386.2641509434,7374617,6135145,24345.8134920635
"161801040000","SAINT REGIS FALLS CENTRAL SCHOOL DISTRICT","2021-22",255,49,824885,16834.387755102,7142631,6317746,24775.4745098039
"161801040000","ST REGIS FALLS CSD","2022-23",227,36,1220003,33888.9722222222,8159483,6939480,30570.3964757709
"161801040000","SAINT REGIS FALLS CENTRAL SCHOOL DISTRICT","2023-24",224,48,1149787,23953.8958333333,8962767,7812980,34879.375
"161801040000","ST REGIS FALLS CSD","2024-25",183,39,1552847,39816.5897435897,8782377,7229530,39505.6284153005
"170301020000","WHEELERVILLE UNION FREE SCHOOL DISTRICT","2018-19",125,9,340844,37871.5555555556,3296257,2955413,23643.304
"170301020000","WHEELERVILLE UNION FREE SCHOOL DISTRICT","2019-20",131,7,206965,29566.4285714286,3400761,3193796,24380.1221374046
"170301020000","WHEELERVILLE UNION FREE SCHOOL DISTRICT","2020-21",114,5,47335,9467,3177869.44,3130534.44,27460.8284210526
"170301020000","WHEELERVILLE UNION FREE SCHOOL DISTRICT","2021-22",115,9,246267,27363,3282923,3036656,26405.7043478261
"170301020000","WHEELERVILLE UFSD","2022-23",117,7,277715,39673.5714285714,3503534.78,3225819.78,27571.1092307692
"170301020000","WHEELERVILLE UNION FREE SCHOOL DISTRICT","2023-24",105,7,148431.99,21204.57,4197298.99,4048867,38560.6380952381
"170301020000","WHEELERVILLE UFSD","2024-25",113,11,157127.32,14284.3018181818,4435934.99,4278807.67,37865.5546017699
"170500010000","GLOVERSVILLE CITY SCHOOL DISTRICT","2018-19",2732,478,6126449.7,12816.840376569,47332645.06,41206195.36,15082.7947877013
"170500010000","GLOVERSVILLE CITY SCHOOL DISTRICT","2019-20",2625,438,6310651.72,14407.8806392694,48872767.32,42562115.6,16214.1392761905
"170500010000","GLOVERSVILLE CITY SCHOOL DISTRICT","2020-21",2433,413,6533889.37,15820.5553753027,48030555.91,41496666.54,17055.7610110974
"170500010000","GLOVERSVILLE CITY SCHOOL DISTRICT","2021-22",2421,395,6853764,17351.3012658228,49620673,42766909,17664.9768690624
"170500010000","GLOVERSVILLE CITY SD","2022-23",2423,415,7189948.13,17325.1762168675,53005125.18,45815177.05,18908.4511143211
"170500010000","GLOVERSVILLE CITY SCHOOL DISTRICT","2023-24",2433,428,13035133.04,30455.918317757,73436889.59,60401756.55,24826.0405055487
"170500010000","GLOVERSVILLE CITY SD","2024-25",2405,413,13917841.06,33699.3730266344,75327074.01,61409232.95,25533.9845945946
"170600010000","JOHNSTOWN CITY SCHOOL DISTRICT","2018-19",1646,195,3456045.79,17723.3117435897,29986635.03,26530589.24,16118.2194653706
"170600010000","JOHNSTOWN CITY SCHOOL DISTRICT","2019-20",1541,196,4167860,21264.5918367347,24645785,20477925,13288.7248539909
"170600010000","JOHNSTOWN CITY SCHOOL DISTRICT","2020-21",1429,175,3111030.29,17777.3159428571,26843524.2,23732493.91,16607.7634079776
"170600010000","JOHNSTOWN CITY SCHOOL DISTRICT","2021-22",1415,180,2460369,13668.7166666667,28705353,26244984,18547.6918727915
"170600010000","JOHNSTOWN CITY SD","2022-23",1468,193,2709586.26,14039.3070466321,30089508.66,27379922.4,18651.1732970027
"170600010000","JOHNSTOWN CITY SCHOOL DISTRICT","2023-24",1489,205,3338303.29,16284.4062926829,36867375.32,33529072.03,22517.8455540631
"170600010000","JOHNSTOWN CITY SD","2024-25",1451,196,2094952.52,10688.5332653061,37864664.44,35769711.92,24651.7656237078
"170801040000","MAYFIELD CENTRAL SCHOOL DISTRICT","2018-19",911,114,1581318.48,13871.2147368421,16132123.39,14550804.91,15972.3434796926
"170801040000","MAYFIELD CENTRAL SCHOOL DISTRICT","2019-20",875,103,1760921,17096.3203883495,16499268,14738347,16843.8251428571
"170801040000","MAYFIELD CENTRAL SCHOOL DISTRICT","2020-21",856,99,2209523,22318.4141414141,16859093,14649570,17113.9836448598
"170801040000","MAYFIELD CENTRAL SCHOOL DISTRICT","2021-22",871,99,1689933,17070.0303030303,17618915,15928982,18288.1538461538
"170801040000","MAYFIELD CSD","2022-23",829,85,1697566,19971.3647058824,17602455,15904889,19185.6320868516
"170801040000","MAYFIELD CENTRAL SCHOOL DISTRICT","2023-24",828,94,2268458,24132.5319148936,19814386,17545928,21190.7342995169
"170801040000","MAYFIELD CSD","2024-25",809,91,2514213,27628.7142857143,21780374,19266161,23814.7849196539
"170901040000","NORTHVILLE CENTRAL SCHOOL DISTRICT","2018-19",445,58,1140034,19655.7586206897,9381068,8241034,18519.1775280899
"170901040000","NORTHVILLE CENTRAL SCHOOL DISTRICT","2019-20",441,64,1451407,22678.234375,9098387,7646980,17340.0907029478
"170901040000","NORTHVILLE CENTRAL SCHOOL DISTRICT","2020-21",417,59,1356344,22988.8813559322,9221824,7865480,18862.0623501199
"170901040000","NORTHVILLE CENTRAL SCHOOL DISTRICT","2021-22",431,54,1615703,29920.4259259259,10351268,8735565,20268.13225058
"170901040000","NORTHVILLE CSD","2022-23",431,44,1664971,37840.25,10985112,9320141,21624.4570765661
"170901040000","NORTHVILLE CENTRAL SCHOOL DISTRICT","2023-24",400,40,2136390,53409.75,12979159,10842769,27106.9225
"170901040000","NORTHVILLE CSD","2024-25",414,43,2250927,52347.1395348837,13120578,10869651,26255.1956521739
"171102040000","BROADALBIN-PERTH CENTRAL SCHOOL DISTRICT","2018-19",1753,181,3419228,18890.7624309392,27085038,23665810,13500.1768397034
"171102040000","BROADALBIN-PERTH CENTRAL SCHOOL DISTRICT","2019-20",1771,183,2649928,14480.4808743169,29112447,26462519,14942.133822699
"171102040000","BROADALBIN-PERTH CENTRAL SCHOOL DISTRICT","2020-21",1728,179,2612202,14593.3072625698,29098445,26486243,15327.6869212963
"171102040000","BROADALBIN-PERTH CSD","2022-23",1693,180,3616176,20089.8666666667,42399533,38783357,22908.0667454223
"171102040000","BROADALBIN-PERTH CENTRAL SCHOOL DISTRICT","2023-24",1679,201,3985131.43,19826.5245273632,37558358.66,33573227.23,19995.9661882073
"171102040000","BROADALBIN-PERTH CSD","2024-25",1635,183,4431807.14,24217.5253551913,37637307.55,33205500.41,20309.1745626911
"180202040000","ALEXANDER CENTRAL SCHOOL DISTRICT","2018-19",856,94,2446043.96,26021.7442553191,15211948.96,12765905,14913.4404205607
"180202040000","ALEXANDER CENTRAL SCHOOL DISTRICT","2019-20",787,94,2089014,22223.5531914894,15295745,13206731,16781.1067344346
"180202040000","ALEXANDER CENTRAL SCHOOL DISTRICT","2020-21",737,96,2212244,23044.2083333333,14824230,12611986,17112.5997286296
"180202040000","ALEXANDER CENTRAL SCHOOL DISTRICT","2021-22",770,93,2216837,23836.9569892473,15849598,13632761,17704.8844155844
"180202040000","ALEXANDER CSD","2022-23",736,98,2279901,23264.2959183673,16943171,14663270,19922.9211956522
"180202040000","ALEXANDER CENTRAL SCHOOL DISTRICT","2023-24",736,120,2709268.22,22577.2351666667,20161556.8,17452288.58,23712.3486141304
"180202040000","ALEXANDER CSD","2024-25",729,129,3394191.3,26311.5604651163,20438283.12,17044091.82,23380.0985185185
"180300010000","BATAVIA CITY SCHOOL DISTRICT","2018-19",2278,265,4248972.36,16033.8579622642,43575480,39326507.64,17263.6117822651
"180300010000","BATAVIA CITY SCHOOL DISTRICT","2019-20",2261,288,4954027.49,17201.4843402778,43768238.77,38814211.28,17166.8338257408
"180300010000","BATAVIA CITY SCHOOL DISTRICT","2020-21",2183,263,5226533.31,19872.7502281369,41832840.05,36606306.74,16768.8074851122
"180300010000","BATAVIA CITY SCHOOL DISTRICT","2021-22",2105,276,5019226,18185.6014492754,46928976,41909750,19909.6199524941
"180300010000","BATAVIA CITY SD","2022-23",2138,283,5887881.49,20805.2349469965,50383968.46,44496086.97,20812.0144855005
"180300010000","BATAVIA CITY SCHOOL DISTRICT","2023-24",2202,318,6887396.08,21658.4782389937,55241743.94,48354347.86,21959.2860399637
"180300010000","BATAVIA CITY SD","2024-25",2147,330,7827138.38,23718.6011515152,54457011.21,46629872.83,21718.6179925477
"180701040000","BYRON-BERGEN CENTRAL SCHOOL DISTRICT","2018-19",885,101,1895689,18769.198019802,18159969,16264280,18377.7175141243
"180701040000","BYRON-BERGEN CENTRAL SCHOOL DISTRICT","2019-20",864,95,2281973,24020.7684210526,18666579,16384606,18963.6643518519
"180701040000","BYRON-BERGEN CENTRAL SCHOOL DISTRICT","2020-21",810,71,1307577.88,18416.5898591549,16716591.17,15409013.29,19023.4731975309
"180701040000","BYRON-BERGEN CENTRAL SCHOOL DISTRICT","2021-22",835,63,1604837,25473.6031746032,17336490,15731653,18840.302994012
"180701040000","BYRON-BERGEN CSD","2022-23",843,69,1604874,23259.0434782609,17968398,16363524,19411.0604982206
"180701040000","BYRON-BERGEN CENTRAL SCHOOL DISTRICT","2023-24",845,82,2001437.44,24407.7736585366,21445431.53,19443994.09,23010.6438934911
"180701040000","BYRON-BERGEN CSD","2024-25",892,98,3124430,31881.9387755102,21678833,18554403,20800.9002242152
"180901040000","ELBA CENTRAL SCHOOL DISTRICT","2018-19",391,32,154093.22,4815.413125,8459538.41,8305445.19,21241.5478005115
"180901040000","ELBA CENTRAL SCHOOL DISTRICT","2019-20",397,39,657658,16863.0256410256,8455195.56,7797537.56,19641.1525440806
"180901040000","ELBA CENTRAL SCHOOL DISTRICT","2020-21",402,42,904310,21531.1904761905,8015598,7111288,17689.7711442786
"180901040000","ELBA CENTRAL SCHOOL DISTRICT","2021-22",412,42,891125,21217.2619047619,9200474,8309349,20168.322815534
"180901040000","ELBA CSD","2022-23",400,44,1062322,24143.6818181818,9697740,8635418,21588.545
"180901040000","ELBA CENTRAL SCHOOL DISTRICT","2023-24",430,55,890481,16190.5636363636,10873272,9982791,23215.7930232558
"180901040000","ELBA CSD","2024-25",410,61,871496.03,14286.8201639344,11180780.65,10309284.62,25144.5966341463
"181001060000","LE ROY CENTRAL SCHOOL DISTRICT","2018-19",1203,107,1571238,14684.4672897196,19425583,17854345,14841.5170407315
"181001060000","LE ROY CENTRAL SCHOOL DISTRICT","2019-20",1208,121,1631073,13479.9421487603,20371226,18740153,15513.3716887417
"181001060000","LE ROY CENTRAL SCHOOL DISTRICT","2020-21",1151,125,2278022,18224.176,19945786,17667764,15349.9252823632
"181001060000","LE ROY CENTRAL SCHOOL DISTRICT","2021-22",1147,136,1837516,13511.1470588235,20838322,19000806,16565.6547515257
"181001060000","LE ROY CSD","2022-23",1149,145,2739763.01,18894.9173103448,21819693.51,19079930.5,16605.683637946
"181001060000","LE ROY CENTRAL SCHOOL DISTRICT","2023-24",1146,170,3919878.64,23058.1096470588,26118494.49,22198615.85,19370.519938918
"181001060000","LE ROY CSD","2024-25",1099,173,4086998.12,23624.2665895954,27450871.49,23363873.37,21259.2114376706
"181101040000","OAKFIELD-ALABAMA CENTRAL SCHOOL DISTRICT","2018-19",816,73,2534633,34721,15986523,13451890,16485.1593137255
"181101040000","OAKFIELD-ALABAMA CENTRAL SCHOOL DISTRICT","2019-20",816,88,1693694,19246.5227272727,15009625,13315931,16318.5428921569
"181101040000","OAKFIELD-ALABAMA CENTRAL SCHOOL DISTRICT","2020-21",776,82,2380332,29028.4390243902,15232415,12852083,16561.962628866
"181101040000","OAKFIELD-ALABAMA CENTRAL SCHOOL DISTRICT","2021-22",757,85,2151154,25307.6941176471,17146664,14995510,19809.1281373844
"181101040000","OAKFIELD-ALABAMA CSD","2022-23",735,76,2548152.61,33528.3238157895,18049673.85,15501521.24,21090.5050884354
"181101040000","OAKFIELD-ALABAMA CENTRAL SCHOOL DISTRICT","2023-24",698,110,2028900.83,18444.553,20873859.85,18844959.02,26998.5086246418
"181101040000","OAKFIELD-ALABAMA CSD","2024-25",684,116,1784073.14,15379.940862069,21949920.9,20165847.76,29482.2335672515
"181201040000","PAVILION CENTRAL SCHOOL DISTRICT","2018-19",689,81,2185710,26984.0740740741,15175681.93,12989971.93,18853.37
"181201040000","PAVILION CENTRAL SCHOOL DISTRICT","2019-20",680,81,2213568,27328,14628353,12414785,18257.0367647059
"181201040000","PAVILION CENTRAL SCHOOL DISTRICT","2020-21",656,70,1070630,15294.7142857143,13969288,12898658,19662.5884146341
"181201040000","PAVILION CENTRAL SCHOOL DISTRICT","2021-22",654,81,1257216,15521.1851851852,15511852,14254636,21796.0795107034
"181201040000","PAVILION CSD","2022-23",631,87,1551152,17829.3333333333,16586511,15035359,23827.8272583201
"181201040000","PAVILION CENTRAL SCHOOL DISTRICT","2023-24",602,80,2372076,29650.95,18212496,15840420,26312.9900332226
"181201040000","PAVILION CSD","2024-25",627,98,2744815.03,28008.3166326531,18802740.01,16057924.98,25610.725645933
"181302040000","PEMBROKE CENTRAL SCHOOL DISTRICT","2018-19",967,119,2456864,20645.9159663866,18939611,16482747,17045.2399172699
"181302040000","PEMBROKE CENTRAL SCHOOL DISTRICT","2019-20",910,130,1799726,13844.0461538462,19203507,17403781,19125.0340659341
"181302040000","PEMBROKE CENTRAL SCHOOL DISTRICT","2020-21",893,127,1900505.14,14964.6074015748,18082435.75,16181930.61,18120.8629451288
"181302040000","PEMBROKE CENTRAL SCHOOL DISTRICT","2021-22",842,132,2143089,16235.5227272727,19152830,17009741,20201.5926365796
"181302040000","PEMBROKE CSD","2022-23",856,136,2334122.83,17162.6678676471,20531416.87,18197294.04,21258.5210747664
"181302040000","PEMBROKE CENTRAL SCHOOL DISTRICT","2023-24",924,139,3744941.04,26942.0218705036,22818362.11,19073421.07,20642.2305952381
"181302040000","PEMBROKE CSD","2024-25",876,146,4302591.36,29469.8038356164,23536616.21,19234024.85,21956.6493721461
"190301040000","CAIRO-DURHAM CENTRAL SCHOOL DISTRICT","2018-19",1236,224,3460962,15450.7232142857,25252066,21791104,17630.3430420712
"190301040000","CAIRO-DURHAM CENTRAL SCHOOL DISTRICT","2019-20",1179,219,3989352,18216.2191780822,24846061,20856709,17690.1687871077
"190301040000","CAIRO-DURHAM CENTRAL SCHOOL DISTRICT","2020-21",1107,221,2937453,13291.6425339367,25447852,22510399,20334.5971093044
"190301040000","CAIRO-DURHAM CENTRAL SCHOOL DISTRICT","2021-22",1045,217,4830594,22260.801843318,27662315,22831721,21848.5368421053
"190301040000","CAIRO-DURHAM CSD","2022-23",1020,202,4787399,23699.9950495049,28401538.48,23614139.48,23151.1171372549
"190301040000","CAIRO-DURHAM CENTRAL SCHOOL DISTRICT","2023-24",1072,190,5112624.55,26908.5502631579,31936343,26823718.45,25022.1254197761
"190301040000","CAIRO-DURHAM CSD","2024-25",1036,213,4822557.29,22641.1140375587,32017616.47,27195059.18,26250.0571235521
"190401060000","CATSKILL CENTRAL SCHOOL DISTRICT","2018-19",1411,235,4417624,18798.4,1628802,-2788822,-1976.48618001417
"190401060000","CATSKILL CENTRAL SCHOOL DISTRICT","2019-20",1375,216,5946943,27532.1435185185,33121480,27174537,19763.2996363636
"190401060000","CATSKILL CENTRAL SCHOOL DISTRICT","2020-21",1320,209,4305344,20599.7320574163,32277900,27972556,21191.3303030303
"190401060000","CATSKILL CENTRAL SCHOOL DISTRICT","2021-22",1305,202,4243262,21006.2475247525,35049715,30806453,23606.477394636
"190401060000","CATSKILL CSD","2022-23",1277,180,4571287,25396.0388888889,35528010,30956723,24241.7564604542
"190401060000","CATSKILL CENTRAL SCHOOL DISTRICT","2023-24",1268,204,7079729.19,34704.5548529412,42618452.1,35538722.91,28027.3839984227
"190401060000","CATSKILL CSD","2024-25",1208,209,6887160,32952.9186602871,41413208.85,34526048.85,28581.1662665563
"190501040000","COXSACKIE-ATHENS CENTRAL SCHOOL DISTRICT","2018-19",1300,149,2344204,15732.9127516779,25852150,23507946,18083.0353846154
"190501040000","COXSACKIE-ATHENS CENTRAL SCHOOL DISTRICT","2019-20",1242,164,2260410,13782.987804878,26027256,23766846,19135.9468599034
"190501040000","COXSACKIE-ATHENS CENTRAL SCHOOL DISTRICT","2020-21",1188,153,2108630,13781.8954248366,26406651,24298021,20452.8796296296
"190501040000","COXSACKIE-ATHENS CENTRAL SCHOOL DISTRICT","2021-22",1129,152,2748523,18082.3881578947,28161062,25412539,22508.8919397697
"190501040000","COXSACKIE-ATHENS CSD","2022-23",1148,142,3540081.56,24930.1518309859,30426925.84,26886844.28,23420.5960627178
"190501040000","COXSACKIE-ATHENS CENTRAL SCHOOL DISTRICT","2023-24",1136,152,4248038.9,27947.6243421053,34542529.59,30294490.69,26667.6854665493
"190501040000","COXSACKIE-ATHENS CSD","2024-25",1125,164,4871611.6,29704.9487804878,35944365.79,31072754.19,27620.2259466667
"190701040000","GREENVILLE CENTRAL SCHOOL DISTRICT","2018-19",1153,190,6298573,33150.3842105263,24527024.6,18228451.6,15809.5850823938
"190701040000","GREENVILLE CENTRAL SCHOOL DISTRICT","2019-20",1126,190,552610,2908.47368421053,26504029,25951419,23047.4413854352
"190701040000","GREENVILLE CENTRAL SCHOOL DISTRICT","2020-21",1095,184,3931448,21366.5652173913,26438677,22507229,20554.5470319635
"190701040000","GREENVILLE CENTRAL SCHOOL DISTRICT","2021-22",1080,176,4170867,23698.1079545455,27731910,23561043,21815.7805555556
"190701040000","GREENVILLE CSD","2022-23",1080,192,4345207.99,22631.2916145833,28446686.24,24101478.25,22316.1835648148
"190701040000","GREENVILLE CENTRAL SCHOOL DISTRICT","2023-24",1116,191,4945825.33,25894.3734554974,32965916.04,28020090.71,25107.6081630824
"190701040000","GREENVILLE CSD","2024-25",1057,204,5601623.72,27458.9398039216,34037624.31,28436000.59,26902.5549574267
"190901040000","HUNTER-TANNERSVILLE CENTRAL SCHOOL DISTRICT","2018-19",363,72,1242378.16,17255.2522222222,10405607.95,9163229.79,25243.0572727273
"190901040000","HUNTER-TANNERSVILLE CENTRAL SCHOOL DISTRICT","2019-20",353,71,1674384,23582.8732394366,10785382.5,9110998.5,25810.1940509915
"190901040000","HUNTER-TANNERSVILLE CENTRAL SCHOOL DISTRICT","2020-21",353,67,1406524,20992.8955223881,10784449,9377925,26566.3597733711
"190901040000","HUNTER-TANNERSVILLE CENTRAL SCHOOL DISTRICT","2021-22",342,60,1764589,29409.8166666667,11918224,10153635,29688.9912280702
"190901040000","HUNTER-TANNERSVILLE CSD","2022-23",339,64,1745626,27275.40625,12183361,10437735,30789.7787610619
"190901040000","HUNTER-TANNERSVILLE CENTRAL SCHOOL DISTRICT","2023-24",320,61,1486303.29,24365.627704918,13412063.94,11925760.65,37268.00203125
"190901040000","HUNTER-TANNERSVILLE CSD","2024-25",331,66,2000877.32,30316.323030303,13592200,11591322.68,35019.1017522659
"191401040000","WINDHAM-ASHLAND-JEWETT CENTRAL SCHOOL DISTRICT","2018-19",312,40,1199086,29977.15,9512340,8313254,26645.0448717949
"191401040000","WINDHAM-ASHLAND-JEWETT CENTRAL SCHOOL DISTRICT","2019-20",309,50,576923.98,11538.4796,9558986.67,8982062.69,29068.1640453074
"191401040000","WINDHAM-ASHLAND-JEWETT CENTRAL SCHOOL DISTRICT","2020-21",301,52,615720.45,11840.7778846154,9730455.91,9114735.46,30281.5131561462
"191401040000","WINDHAM-ASHLAND-JEWETT CENTRAL SCHOOL DISTRICT","2021-22",294,57,758528,13307.5087719298,10068330,9309802,31665.9931972789
"191401040000","WINDHAM-ASHLAND-JEWETT CSD","2022-23",295,58,494830,8531.55172413793,10731743,10236913,34701.4
"191401040000","WINDHAM-ASHLAND-JEWETT CENTRAL SCHOOL DISTRICT","2023-24",296,56,917430.32,16382.6842857143,12442829.17,11525398.85,38937.158277027
"191401040000","WINDHAM-ASHLAND-JEWETT CSD","2024-25",283,60,1049696.71,17494.9451666667,12766875.74,11717179.03,41403.4594699647
"200101080000","PISECO COMN SD","2019-20",0,0,400,,412330,411930,
"200101080000","PISECO COMN SD","2020-21",0,0,0,,265186,265186,
"200101080000","PISECO COMN SD","2024-25",0,0,0,,634915,634915,
"200401040000","INDIAN LAKE CENTRAL SCHOOL DISTRICT","2018-19",118,17,504911,29700.6470588235,4879101,4374190,37069.406779661
"200401040000","INDIAN LAKE CENTRAL SCHOOL DISTRICT","2019-20",108,16,280476,17529.75,4658672,4378196,40538.8518518519
"200401040000","INDIAN LAKE CENTRAL SCHOOL DISTRICT","2020-21",108,14,0,0,4869499,4869499,45087.9537037037
"200401040000","INDIAN LAKE CENTRAL SCHOOL DISTRICT","2021-22",119,18,353615,19645.2777777778,5365731,5012116,42118.6218487395
"200401040000","INDIAN LAKE CSD","2022-23",126,16,0,0,5731650,5731650,45489.2857142857
"200401040000","INDIAN LAKE CSD","2024-25",126,21,767156,36531.2380952381,6568364,5801208,46041.3333333333
"200501080000","INLET COMN SD","2019-20",0,0,0,,186466,186466,
"200501080000","INLET COMN SD","2020-21",0,0,0,,159814,159814,
"200501080000","INLET COMN SD","2021-22",0,0,0,,137328,137328,
"200501080000","INLET COMN SD","2022-23",0,0,0,,161151,161151,
"200501080000","INLET COMN SD","2024-25",0,0,0,,972680,972680,
"200601040000","LAKE PLEASANT CENTRAL SCHOOL DISTRICT","2018-19",76,12,178622,14885.1666666667,3532943,3354321,44135.8026315789
"200601040000","LAKE PLEASANT CENTRAL SCHOOL DISTRICT","2019-20",72,9,546017,60668.5555555556,3420887.88,2874870.88,39928.7622222222
"200601040000","LAKE PLEASANT CENTRAL SCHOOL DISTRICT","2021-22",70,8,345310,43163.75,3460892,3115582,44508.3142857143
"200601040000","LAKE PLEASANT CSD","2022-23",73,9,413031,45892.3333333333,3584640.07,3171609.07,43446.6995890411
"200601040000","LAKE PLEASANT CENTRAL SCHOOL DISTRICT","2023-24",65,10,560891,56089.1,4536557,3975666,61164.0923076923
"200601040000","LAKE PLEASANT CSD","2024-25",67,9,555798.26,61755.3622222222,4373153.01,3817354.75,56975.4440298507
"200701040000","LONG LAKE CENTRAL SCHOOL DISTRICT","2018-19",63,8,126625,15828.125,3261837,3135212,49765.2698412698
"200701040000","LONG LAKE CENTRAL SCHOOL DISTRICT","2019-20",65,11,224187,20380.6363636364,3433979.52,3209792.52,49381.4233846154
"200701040000","LONG LAKE CENTRAL SCHOOL DISTRICT","2020-21",67,8,157766,19720.75,3462166.43,3304400.43,49319.4094029851
"200701040000","LONG LAKE CENTRAL SCHOOL DISTRICT","2021-22",66,10,177709,17770.9,3628365,3450656,52282.6666666667
"200701040000","LONG LAKE CSD","2022-23",59,7,108534,15504.8571428571,4122924.39,4014390.39,68040.5150847458
"200701040000","LONG LAKE CENTRAL SCHOOL DISTRICT","2023-24",59,7,148121.48,21160.2114285714,3952565.95,3804444.47,64482.109661017
"200701040000","LONG LAKE CSD","2024-25",59,8,190121.59,23765.19875,3853397.43,3663275.84,62089.4210169492
"200702020000","RAQUETTE LAKE UFSD","2020-21",0,0,0,,109527,109527,
"200702020000","RAQUETTE LAKE UFSD","2024-25",0,0,0,,343362,343362,
"200901040000","WELLS CENTRAL SCHOOL DISTRICT","2018-19",144,27,307569,11391.4444444444,2411635,2104066,14611.5694444444
"200901040000","WELLS CENTRAL SCHOOL DISTRICT","2019-20",140,17,192275,11310.2941176471,4494212,4301937,30728.1214285714
"200901040000","WELLS CENTRAL SCHOOL DISTRICT","2020-21",142,20,132609,6630.45,4868572,4735963,33351.8521126761
"200901040000","WELLS CENTRAL SCHOOL DISTRICT","2021-22",141,21,0,0,4720394,4720394,33477.9716312057
"200901040000","WELLS CSD","2022-23",133,12,0,0,5033690,5033690,37847.2932330827
"200901040000","WELLS CENTRAL SCHOOL DISTRICT","2023-24",135,18,133285,7404.72222222222,6100625,5967340,44202.5185185185
"200901040000","WELLS CSD","2024-25",127,21,0,0,6868994,6868994,54086.5669291339
"210302040000","WEST CANADA VALLEY CENTRAL SCHOOL DISTRICT","2018-19",704,96,1007680,10496.6666666667,13615002,12607322,17908.1278409091
"210302040000","WEST CANADA VALLEY CENTRAL SCHOOL DISTRICT","2019-20",650,86,1021456,11877.3953488372,14297836,13276380,20425.2
"210302040000","WEST CANADA VALLEY CENTRAL SCHOOL DISTRICT","2020-21",636,79,1066369,13498.3417721519,14698688,13632319,21434.463836478
"210302040000","WEST CANADA VALLEY CENTRAL SCHOOL DISTRICT","2021-22",615,71,1154145,16255.5633802817,14920004,13765859,22383.5105691057
"210302040000","WEST CANADA VALLEY CENTRAL SCHOOL DISTRICT","2023-24",642,72,2342462.16,32534.1966666667,21489474.02,19147011.86,29824.0060124611
"210302040000","WEST CANADA VALLEY CSD","2024-25",676,73,2254055,30877.4657534247,20219159,17965104,26575.5976331361
"210402060000","FRANKFORT-SCHUYLER CENTRAL SCHOOL DISTRICT","2018-19",942,140,2528055,18057.5357142857,16309683,13781628,14630.178343949
"210402060000","FRANKFORT-SCHUYLER CENTRAL SCHOOL DISTRICT","2019-20",893,143,2746646.13,19207.3155944056,15479702.14,12733056.01,14258.7413325868
"210402060000","FRANKFORT-SCHUYLER CENTRAL SCHOOL DISTRICT","2020-21",862,130,2602954.94,20022.7303076923,14743142.02,12140187.08,14083.743712297
"210402060000","FRANKFORT-SCHUYLER CENTRAL SCHOOL DISTRICT","2021-22",823,118,1138955,9652.16101694915,17520563,16381608,19904.7484811665
"210402060000","FRANKFORT-SCHUYLER CSD","2022-23",817,119,912064.48,7664.40739495798,18976175.78,18064111.3,22110.2953488372
"210402060000","FRANKFORT-SCHUYLER CENTRAL SCHOOL DISTRICT","2023-24",859,114,1234562.55,10829.4960526316,20502798.25,19268235.7,22431.0077997672
"210402060000","FRANKFORT-SCHUYLER CSD","2024-25",850,127,2105549.47,16579.1296850394,21030692.48,18925143.01,22264.8741294118
"210601060000","HERKIMER CENTRAL SCHOOL DISTRICT","2018-19",1094,144,144069,1000.47916666667,21476981,21332912,19499.9195612431
"210601060000","HERKIMER CENTRAL SCHOOL DISTRICT","2019-20",1110,162,1625870,10036.2345679012,18670771.09,17044901.09,15355.7667477477
"210601060000","HERKIMER CENTRAL SCHOOL DISTRICT","2020-21",1050,157,1304131.93,8306.57280254777,18643841.81,17339709.88,16514.0094095238
"210601060000","HERKIMER CENTRAL SCHOOL DISTRICT","2021-22",1099,150,1492491,9949.94,20893019,19400528,17652.8917197452
"210601060000","HERKIMER CSD","2022-23",1095,172,1527368.8,8880.0511627907,20986409.45,19459040.65,17770.8133789954
"210601060000","HERKIMER CENTRAL SCHOOL DISTRICT","2023-24",1086,179,4377300.06,24454.1902793296,26375294.08,21997994.02,20255.9797605893
"210601060000","HERKIMER CSD","2024-25",1068,170,4508233.27,26519.0192352941,27321820.09,22813586.82,21361.0363483146
"210800050000","LITTLE FALLS CITY SCHOOL DISTRICT","2018-19",1124,195,2944384.18,15099.4060512821,20639200.17,17694815.99,15742.7188523132
"210800050000","LITTLE FALLS CITY SCHOOL DISTRICT","2019-20",1073,191,3210713.46,16810.0181151832,21328906.81,18118193.35,16885.5483224604
"210800050000","LITTLE FALLS CITY SCHOOL DISTRICT","2020-21",1059,182,3233907.45,17768.7222527473,20559522.55,17325615.1,16360.3542020774
"210800050000","LITTLE FALLS CITY SCHOOL DISTRICT","2021-22",1071,178,2772457,15575.6011235955,24749552,21977095,20520.1633986928
"210800050000","LITTLE FALLS CITY SD","2022-23",1052,179,4817817.22,26915.18,25673174.58,20855357.36,19824.4841825095
"210800050000","LITTLE FALLS CITY SCHOOL DISTRICT","2023-24",1071,188,4099331.99,21804.957393617,29702986.48,25603654.49,23906.306713352
"210800050000","LITTLE FALLS CITY SD","2024-25",1005,197,4629513.06,23500.0662944162,29512321.5,24882808.44,24759.0133731343
"211003040000","DOLGEVILLE CENTRAL SCHOOL DISTRICT","2018-19",937,116,1448594,12487.8793103448,16920374.88,15471780.88,16512.0393596585
"211003040000","DOLGEVILLE CENTRAL SCHOOL DISTRICT","2019-20",850,113,1284541,11367.6194690265,14833166.01,13548625.01,15939.5588352941
"211003040000","DOLGEVILLE CENTRAL SCHOOL DISTRICT","2020-21",788,104,175629,1688.74038461538,14918502.81,14742873.81,18709.2307233503
"211003040000","DOLGEVILLE CENTRAL SCHOOL DISTRICT","2021-22",805,98,167340,1707.55102040816,16659114,16491774,20486.6757763975
"211003040000","DOLGEVILLE CSD","2022-23",796,107,158700,1483.17757009346,16788915,16630215,20892.2298994975
"211003040000","DOLGEVILLE CENTRAL SCHOOL DISTRICT","2023-24",796,133,2587344.53,19453.7182706767,20453598.66,17866254.13,22445.0428768844
"211003040000","DOLGEVILLE CSD","2024-25",789,133,3001006.88,22563.9615037594,18716046.25,15715039.37,19917.6671356147
"211103040000","POLAND CENTRAL SCHOOL DISTRICT","2018-19",552,56,2041728,36459.4285714286,12071568,10029840,18170
"211103040000","POLAND CENTRAL SCHOOL DISTRICT","2019-20",523,63,2151760,34154.9206349206,12484097,10332337,19755.9024856597
"211103040000","POLAND CENTRAL SCHOOL DISTRICT","2020-21",490,60,1805545,30092.4166666667,11918933,10113388,20639.5673469388
"211103040000","POLAND CENTRAL SCHOOL DISTRICT","2021-22",508,67,1519932,22685.552238806,11933738,10413806,20499.6181102362
"211103040000","POLAND CSD","2022-23",491,65,1698634,26132.8307692308,12992470,11293836,23001.7026476578
"211103040000","POLAND CENTRAL SCHOOL DISTRICT","2023-24",503,70,1619130.24,23130.432,16094539.02,14475408.78,28778.148667992
"211103040000","POLAND CSD","2024-25",507,76,1666191.16,21923.5678947368,15806628,14140436.84,27890.4079684418
"211701040000","VAN HORNESVILLE-OWEN D YOUNG CENTRAL SCHOOL DISTRICT","2018-19",187,0,312191,,4197911.29,3885720.29,20779.2528877005
"211701040000","VAN HORNESVILLE-OWEN D YOUNG CENTRAL SCHOOL DISTRICT","2019-20",181,6,354964,59160.6666666667,4329141.86,3974177.86,21956.7837569061
"211701040000","VAN HORNESVILLE-OWEN D YOUNG CENTRAL SCHOOL DISTRICT","2020-21",166,9,437299,48588.7777777778,4790011,4352712,26221.156626506
"211701040000","VAN HORNESVILLE-OWEN D YOUNG CENTRAL SCHOOL DISTRICT","2021-22",172,13,311743,23980.2307692308,5150054,4838311,28129.7151162791
"211701040000","VAN HORNESVILLE-OWEN D YOUNG CSD","2022-23",174,17,237272,13957.1764705882,5381328,5144056,29563.5402298851
"211701040000","VAN HORNESVILLE-OWEN D YOUNG CENTRAL SCHOOL DISTRICT","2023-24",162,19,1142878.43,60151.4963157895,6378391.02,5235512.59,32317.9789506173
"211701040000","VAN HORNESVILLE-OWEN D YOUNG CSD","2024-25",159,22,480543.08,21842.8672727273,6230517.84,5749974.76,36163.3632704402
"211901020000","TOWN OF WEBB UNION FREE SCHOOL DISTRICT","2018-19",251,36,611735,16992.6388888889,7023173,6411438,25543.577689243
"211901020000","TOWN OF WEBB UNION FREE SCHOOL DISTRICT","2019-20",272,45,677701.55,15060.0344444444,7309401.34,6631699.79,24381.2492279412
"211901020000","TOWN OF WEBB UNION FREE SCHOOL DISTRICT","2020-21",257,45,763944,16976.5333333333,7700344.18,6936400.18,26989.8839688716
"211901020000","TOWN OF WEBB UNION FREE SCHOOL DISTRICT","2021-22",257,49,853057,17409.3265306122,8438867,7585810,29516.7704280156
"211901020000","TOWN OF WEBB UFSD","2022-23",246,44,895391,20349.7954545455,8944733,8049342,32720.9024390244
"211901020000","TOWN OF WEBB UNION FREE SCHOOL DISTRICT","2023-24",234,41,1088040.72,26537.5785365854,9652276.18,8564235.46,36599.2968376068
"211901020000","TOWN OF WEBB UFSD","2024-25",236,40,1076927.97,26923.19925,10292477.74,9215549.77,39048.9397033898
"212001040000","MOUNT MARKHAM CENTRAL SCHOOL DISTRICT","2018-19",1103,200,1811411,9057.055,20697036,18885625,17122.0534904805
"212001040000","MOUNT MARKHAM CENTRAL SCHOOL DISTRICT","2019-20",1091,190,1656603,8718.96315789474,20947629,19291026,17681.9670027498
"212001040000","MOUNT MARKHAM CENTRAL SCHOOL DISTRICT","2020-21",1039,177,2652391,14985.2598870056,21599489,18947098,18235.8979788258
"212001040000","MOUNT MARKHAM CENTRAL SCHOOL DISTRICT","2021-22",1070,194,1690985,8716.4175257732,22429164,20738179,19381.4757009346
"212001040000","MOUNT MARKHAM CSD","2022-23",1067,174,1914960.43,11005.5197126437,24905532.06,22990571.63,21546.9274882849
"212001040000","MOUNT MARKHAM CENTRAL SCHOOL DISTRICT","2023-24",1055,155,1767261.08,11401.6843870968,28964282.52,27197021.44,25779.1672417062
"212001040000","MOUNT MARKHAM CSD","2024-25",1033,157,1338599.1,8526.10891719745,29454420.58,28115821.48,27217.6393804453
"212101040000","CENTRAL VALLEY CSD AT ILION-MOHAWK","2018-19",2208,354,1550716,4380.55367231638,37049567,35498851,16077.3781702899
"212101040000","CENTRAL VALLEY CSD AT ILION-MOHAWK","2019-20",2201,361,2734998,7576.17174515235,34164166,31429168,14279.4947751022
"212101040000","CENTRAL VALLEY CSD AT ILION-MOHAWK","2020-21",2101,351,3104207,8843.89458689459,37648682,34544475,16441.9205140409
"212101040000","CENTRAL VALLEY CSD AT ILION-MOHAWK","2021-22",2090,380,3283266,8640.17368421053,40935740,37652474,18015.5377990431
"212101040000","CENTRAL VALLEY CSD AT ILION-MOHAWK","2022-23",2086,399,2323272,5822.73684210526,40337492,38014220,18223.4995206136
"212101040000","CENTRAL VALLEY CSD AT ILION-MOHAWK","2023-24",2070,437,7125003.36,16304.3555148741,51249927.41,44124924.05,21316.3884299517
"212101040000","CENTRAL VALLEY CSD AT ILION-MOHAWK","2024-25",2015,411,9191404,22363.5133819951,54323530,45132126,22398.0774193548
"220101040000","SOUTH JEFFERSON CENTRAL SCHOOL DISTRICT","2018-19",1887,321,3250083.23,10124.8698753894,26588287.91,23338204.68,12367.8880127186
"220101040000","SOUTH JEFFERSON CENTRAL SCHOOL DISTRICT","2019-20",1894,350,3744261,10697.8885714286,28428716,24684455,13032.9751847941
"220101040000","SOUTH JEFFERSON CENTRAL SCHOOL DISTRICT","2020-21",1773,323,3650521,11301.9226006192,27658907,24008386,13541.1088550479
"220101040000","SOUTH JEFFERSON CENTRAL SCHOOL DISTRICT","2021-22",1865,329,3953382,12016.358662614,29552895,25599513,13726.2804289544
"220101040000","SOUTH JEFFERSON CSD","2022-23",1827,313,3781601,12081.7923322684,31012001,27230400,14904.4334975369
"220101040000","SOUTH JEFFERSON CENTRAL SCHOOL DISTRICT","2023-24",1802,325,4326706.67,13312.9436,36670242.44,32343535.77,17948.6879966704
"220101040000","SOUTH JEFFERSON CSD","2024-25",1788,336,4417081.65,13146.0763392857,38912967.07,34495885.42,19293.0007941834
"220202040000","ALEXANDRIA CENTRAL SCHOOL DISTRICT","2018-19",501,85,1801655.8,21195.9505882353,9793622.96,7991967.16,15952.030259481
"220202040000","ALEXANDRIA CENTRAL SCHOOL DISTRICT","2019-20",492,93,1263435.03,13585.3229032258,10440075.13,9176640.1,18651.7075203252
"220202040000","ALEXANDRIA CENTRAL SCHOOL DISTRICT","2020-21",474,86,1147881.47,13347.4589534884,10688290.97,9540409.5,20127.4462025316
"220202040000","ALEXANDRIA CENTRAL SCHOOL DISTRICT","2021-22",472,69,907340,13149.8550724638,11272935,10365595,21961.0063559322
"220202040000","ALEXANDRIA CSD","2022-23",461,72,1591659,22106.375,12251441,10659782,23123.1713665944
"220202040000","ALEXANDRIA CENTRAL SCHOOL DISTRICT","2023-24",473,79,1993687.21,25236.5469620253,14149129.55,12155442.34,25698.6095983087
"220202040000","ALEXANDRIA CSD","2024-25",467,80,1869084.63,23363.557875,14794370.2,12925285.57,27677.2710278373
"220301060000","INDIAN RIVER CENTRAL SCHOOL DISTRICT","2018-19",3877,545,2126746.19,3902.28658715596,71868426.62,69741680.43,17988.5685916946
"220301060000","INDIAN RIVER CENTRAL SCHOOL DISTRICT","2019-20",3543,547,2117737.21,3871.54882998172,68572268.82,66454531.61,18756.5711572114
"220301060000","INDIAN RIVER CENTRAL SCHOOL DISTRICT","2020-21",3264,521,2058912.89,3951.84815738964,67552922.2,65494009.31,20065.5665778186
"220301060000","INDIAN RIVER CENTRAL SCHOOL DISTRICT","2021-22",3381,542,2139898,3948.15129151292,67571999,65432101,19352.884057971
"220301060000","INDIAN RIVER CSD","2022-23",3403,563,2962779.79,5262.48630550622,74106670.83,71143891.04,20906.2271642668
"220301060000","INDIAN RIVER CENTRAL SCHOOL DISTRICT","2023-24",3552,565,3364553.61,5954.96214159292,89844762.64,86480209.03,24346.9056953829
"220301060000","INDIAN RIVER CSD","2024-25",3326,583,3576420.61,6134.51219554031,93201995.71,89625575.1,26946.9558328322
"220401040000","GENERAL BROWN CENTRAL SCHOOL DISTRICT","2018-19",1446,241,2530480.84,10499.9204979253,17610470.16,15079989.32,10428.7616320885
"220401040000","GENERAL BROWN CENTRAL SCHOOL DISTRICT","2019-20",1436,251,2739931,10916.0597609562,19482643,16742712,11659.2701949861
"220401040000","GENERAL BROWN CENTRAL SCHOOL DISTRICT","2020-21",1358,228,1622308,7115.38596491228,19239470,17617162,12972.8733431517
"220401040000","GENERAL BROWN CENTRAL SCHOOL DISTRICT","2021-22",1370,232,3130499,13493.5301724138,21739144,18608645,13582.9525547445
"220401040000","GENERAL BROWN CSD","2022-23",1386,244,1416290.78,5804.47040983607,22247271.51,20830980.73,15029.5676262626
"220401040000","GENERAL BROWN CENTRAL SCHOOL DISTRICT","2023-24",1348,233,1674359,7186.09012875537,24770570.86,23096211.86,17133.6883234421
"220401040000","GENERAL BROWN CSD","2024-25",1349,213,1491228.14,7001.07107981221,25377278.21,23886050.07,17706.4863380282
"220701040000","THOUSAND ISLANDS CENTRAL SCHOOL DISTRICT","2018-19",884,118,1789333,15163.8389830508,16071991,14282658,16156.8529411765
"220701040000","THOUSAND ISLANDS CENTRAL SCHOOL DISTRICT","2019-20",867,112,1823800,16283.9285714286,16818009,14994209,17294.3587081892
"220701040000","THOUSAND ISLANDS CENTRAL SCHOOL DISTRICT","2020-21",787,112,1638947,14633.4553571429,15779217.31,14140270.31,17967.3066200762
"220701040000","THOUSAND ISLANDS CENTRAL SCHOOL DISTRICT","2021-22",892,127,1866880,14699.842519685,15938838,14071958,15775.7376681614
"220701040000","THOUSAND ISLANDS CSD","2022-23",874,121,1978228,16348.9917355372,16800188,14821960,16958.7643020595
"220701040000","THOUSAND ISLANDS CENTRAL SCHOOL DISTRICT","2023-24",823,118,1918828,16261.2542372881,19275465,17356637,21089.4738760632
"220701040000","THOUSAND ISLANDS CSD","2024-25",797,122,1158319,9494.41803278689,19169633,18011314,22598.8883312422
"220909040000","BELLEVILLE-HENDERSON CENTRAL SCHOOL DISTRICT","2018-19",484,75,795205,10602.7333333333,7669407,6874202,14202.8966942149
"220909040000","BELLEVILLE-HENDERSON CENTRAL SCHOOL DISTRICT","2019-20",497,87,968084,11127.4022988506,8433300,7465216,15020.555331992
"220909040000","BELLEVILLE-HENDERSON CENTRAL SCHOOL DISTRICT","2020-21",492,78,531926,6819.5641025641,9039677,8507751,17292.1768292683
"220909040000","BELLEVILLE-HENDERSON CENTRAL SCHOOL DISTRICT","2021-22",500,81,332957,4110.58024691358,9805226,9472269,18944.538
"220909040000","BELLEVILLE-HENDERSON CSD","2022-23",502,92,400590.23,4354.24163043478,9902754.51,9502164.28,18928.6141035857
"220909040000","BELLEVILLE-HENDERSON CENTRAL SCHOOL DISTRICT","2023-24",502,99,1044607.16,10551.5874747475,11318574.11,10273966.95,20466.0696215139
"220909040000","BELLEVILLE-HENDERSON CSD","2024-25",489,106,1184942,11178.6981132075,12266761,11081819,22662.2065439673
"221001040000","SACKETS HARBOR CENTRAL SCHOOL DISTRICT","2018-19",432,73,449232,6153.86301369863,7007616,6558384,15181.4444444444
"221001040000","SACKETS HARBOR CENTRAL SCHOOL DISTRICT","2019-20",418,74,481665,6508.98648648649,7525517,7043852,16851.3205741627
"221001040000","SACKETS HARBOR CENTRAL SCHOOL DISTRICT","2020-21",391,80,529307,6616.3375,7259001,6729694,17211.4936061381
"221001040000","SACKETS HARBOR CENTRAL SCHOOL DISTRICT","2021-22",397,64,537290,8395.15625,8020248,7482958,18848.7607052897
"221001040000","SACKETS HARBOR CSD","2022-23",410,70,528886,7555.51428571429,8213604,7684718,18743.2146341463
"221001040000","SACKETS HARBOR CENTRAL SCHOOL DISTRICT","2023-24",417,78,1023008,13115.4871794872,9670299,8647291,20736.9088729017
"221001040000","SACKETS HARBOR CSD","2024-25",412,68,1407265,20695.0735294118,9788931,8381666,20343.8495145631
"221301040000","LYME CENTRAL SCHOOL DISTRICT","2018-19",348,60,466312.07,7771.86783333333,6605690.4,6139378.33,17641.8917528736
"221301040000","LYME CENTRAL SCHOOL DISTRICT","2019-20",349,66,380993.13,5772.62318181818,6686167.16,6305174.03,18066.4012320917
"221301040000","LYME CENTRAL SCHOOL DISTRICT","2020-21",332,71,312515,4401.61971830986,6404563.94,6092048.94,18349.545
"221301040000","LYME CENTRAL SCHOOL DISTRICT","2021-22",330,66,730257,11064.5,7552289,6822032,20672.8242424242
"221301040000","LYME CSD","2022-23",337,70,753333,10761.9,7890407.79,7137074.79,21178.2634718101
"221301040000","LYME CENTRAL SCHOOL DISTRICT","2023-24",345,77,764911.23,9933.91207792208,8800979.98,8036068.75,23292.9528985507
"221301040000","LYME CSD","2024-25",336,76,886194.44,11660.4531578947,8775728.01,7889533.57,23480.754672619
"221401040000","LA FARGEVILLE CENTRAL SCHOOL DISTRICT","2018-19",535,83,720683,8682.92771084337,8516879,7796196,14572.3289719626
"221401040000","LA FARGEVILLE CENTRAL SCHOOL DISTRICT","2019-20",528,82,907868,11071.5609756098,9001298,8093430,15328.4659090909
"221401040000","LA FARGEVILLE CENTRAL SCHOOL DISTRICT","2020-21",489,73,501828,6874.35616438356,8777627,8275799,16923.9243353783
"221401040000","LA FARGEVILLE CENTRAL SCHOOL DISTRICT","2021-22",493,77,508977,6610.09090909091,9241250,8732273,17712.5212981744
"221401040000","LA FARGEVILLE CSD","2022-23",496,81,318790,3935.67901234568,9589588,9270798,18691.125
"221401040000","LA FARGEVILLE CENTRAL SCHOOL DISTRICT","2023-24",468,76,868699.7,11430.2592105263,10478984.86,9610285.16,20534.7973504274
"221401040000","LA FARGEVILLE CSD","2024-25",448,73,880736,12064.8767123288,10475393,9594657,21416.6450892857
"222000010000","WATERTOWN CITY SCHOOL DISTRICT","2018-19",4373,792,5358807,6766.17045454545,39744789,34385982,7863.24765607135
"222000010000","WATERTOWN CITY SCHOOL DISTRICT","2019-20",3972,744,5352439,7194.13844086022,58783830,53431391,13452.0118328298
"222000010000","WATERTOWN CITY SCHOOL DISTRICT","2020-21",3895,702,5285136,7528.68376068376,57212236,51927100,13331.7329910141
"222000010000","WATERTOWN CITY SCHOOL DISTRICT","2021-22",3906,702,5717034,8143.92307692308,58908093,53191059,13617.7826420891
"222000010000","WATERTOWN CITY SD","2022-23",3909,686,1577840,2300.0583090379,67513677,65935837,16867.6994116142
"222000010000","WATERTOWN CITY SCHOOL DISTRICT","2023-24",4340,733,11211332,15295.1323328786,81351553,70140221,16161.3412442396
"222000010000","WATERTOWN CITY SD","2024-25",3940,759,12321799.88,16234.2554413702,91801542.31,79479742.43,20172.5234593909
"222201060000","CARTHAGE CENTRAL SCHOOL DISTRICT","2018-19",3230,567,5130870.54,9049.15439153439,50515994.51,45385123.97,14051.1219721362
"222201060000","CARTHAGE CENTRAL SCHOOL DISTRICT","2019-20",3065,544,4976121.35,9147.28189338235,52562147.3,47586025.95,15525.6202120718
"222201060000","CARTHAGE CENTRAL SCHOOL DISTRICT","2020-21",2814,517,7268589.05,14059.1664410058,54359672.82,47091083.77,16734.5713468372
"222201060000","CARTHAGE CENTRAL SCHOOL DISTRICT","2021-22",2912,536,5653107,10546.8414179104,56154594,50501487,17342.5436126374
"222201060000","CARTHAGE CSD","2022-23",2900,532,8028964,15092.037593985,57634568,49605604,17105.3806896552
"222201060000","CARTHAGE CENTRAL SCHOOL DISTRICT","2023-24",3114,565,9080640.16,16071.9294867257,71175171.27,62094531.11,19940.4403050739
"222201060000","CARTHAGE CSD","2024-25",3169,604,9605693.25,15903.4656456954,71676343.95,62070650.7,19586.8257178921
"230201040000","COPENHAGEN CENTRAL SCHOOL DISTRICT","2018-19",472,73,461910,6327.53424657534,8312926,7851016,16633.5084745763
"230201040000","COPENHAGEN CENTRAL SCHOOL DISTRICT","2019-20",447,78,284579,3648.44871794872,8386724.66,8102145.66,18125.6055033557
"230201040000","COPENHAGEN CENTRAL SCHOOL DISTRICT","2020-21",465,65,747804,11504.6769230769,8670390.4,7922586.4,17037.8202150538
"230201040000","COPENHAGEN CENTRAL SCHOOL DISTRICT","2021-22",477,75,829025,11053.6666666667,9879495,9050470,18973.7316561845
"230201040000","COPENHAGEN CSD","2022-23",472,71,947921,13351,10667759.86,9719838.86,20592.878940678
"230201040000","COPENHAGEN CENTRAL SCHOOL DISTRICT","2023-24",483,82,1206409.37,14712.3093902439,11368095,10161685.63,21038.6866045549
"230201040000","COPENHAGEN CSD","2024-25",473,87,1191897.16,13699.9673563218,11565068.01,10373170.85,21930.5937632135
"230301040000","HARRISVILLE CENTRAL SCHOOL DISTRICT","2018-19",381,66,707506,10719.7878787879,8762847,8055341,21142.6272965879
"230301040000","HARRISVILLE CENTRAL SCHOOL DISTRICT","2019-20",359,48,0,0,9134013.95,9134013.95,25442.9357938719
"230301040000","HARRISVILLE CENTRAL SCHOOL DISTRICT","2020-21",344,41,0,0,8886339,8886339,25832.3808139535
"230301040000","HARRISVILLE CENTRAL SCHOOL DISTRICT","2021-22",348,52,846933,16287.1730769231,9797523,8950590,25720.0862068966
"230301040000","HARRISVILLE CSD","2022-23",330,57,812334,14251.4736842105,10692871,9880537,29941.0212121212
"230301040000","HARRISVILLE CENTRAL SCHOOL DISTRICT","2023-24",340,61,971477,15925.8524590164,11084965.68,10113488.68,29745.5549411765
"230301040000","HARRISVILLE CSD","2024-25",312,56,950228.93,16968.37375,10868662.74,9918433.81,31789.8519551282
"230901040000","LOWVILLE ACADEMY & CENTRAL SCHOOL DISTRICT","2018-19",1326,187,2411599.26,12896.2527272727,22094058.64,19682459.38,14843.4836953243
"230901040000","LOWVILLE ACADEMY & CENTRAL SCHOOL DISTRICT","2019-20",1347,214,2525937,11803.4439252336,22042718.76,19516781.76,14489.0733184855
"230901040000","LOWVILLE ACADEMY & CENTRAL SCHOOL DISTRICT","2020-21",1247,182,2372232,13034.2417582418,22198080.17,19825848.17,15898.8357417803
"230901040000","LOWVILLE ACADEMY & CENTRAL SCHOOL DISTRICT","2021-22",1291,170,2554399,15025.8764705882,23466320,20911921,16198.2347017816
"230901040000","LOWVILLE ACADEMY & CSD","2022-23",1282,179,2854036,15944.3351955307,24376779.47,21522743.47,16788.4114430577
"230901040000","LOWVILLE ACADEMY & CENTRAL SCHOOL DISTRICT","2023-24",1287,212,3299520.58,15563.7763207547,27218837.6,23919317.02,18585.3279098679
"230901040000","LOWVILLE ACADEMY & CSD","2024-25",1276,218,3580502.01,16424.321146789,27750576.37,24170074.36,18942.0645454545
"231101040000","SOUTH LEWIS CENTRAL SCHOOL DISTRICT","2018-19",1000,242,1851465,7650.68181818182,21377194,19525729,19525.729
"231101040000","SOUTH LEWIS CENTRAL SCHOOL DISTRICT","2019-20",1030,263,2094541,7964.03422053232,21724657,19630116,19058.3650485437
"231101040000","SOUTH LEWIS CENTRAL SCHOOL DISTRICT","2020-21",913,235,2012277,8562.88085106383,20860793,18848516,20644.595837897
"231101040000","SOUTH LEWIS CENTRAL SCHOOL DISTRICT","2021-22",959,251,1951955,7776.71314741036,21930048,19978093,20832.2137643379
"231101040000","SOUTH LEWIS CSD","2022-23",1043,262,2029022,7744.35877862595,23566591,21537569,20649.6347075743
"231101040000","SOUTH LEWIS CENTRAL SCHOOL DISTRICT","2023-24",1056,286,3759546,13145.2657342657,26863537.29,23103991.29,21878.7796306818
"231101040000","SOUTH LEWIS CSD","2024-25",1035,276,4466076.59,16181.4369202899,27834186.52,23368109.93,22577.8839903382
"231301040000","BEAVER RIVER CENTRAL SCHOOL DISTRICT","2018-19",892,155,1842480,11886.9677419355,13486199,11643719,13053.4966367713
"231301040000","BEAVER RIVER CENTRAL SCHOOL DISTRICT","2019-20",907,163,593803,3642.96319018405,13717882,13124079,14469.7673649394
"231301040000","BEAVER RIVER CENTRAL SCHOOL DISTRICT","2020-21",805,139,1353924,9740.46043165468,13711407.91,12357483.91,15350.911689441
"231301040000","BEAVER RIVER CENTRAL SCHOOL DISTRICT","2021-22",842,148,1510496,10206.0540540541,15087582,13577086,16124.8052256532
"231301040000","BEAVER RIVER CSD","2022-23",872,151,1421049,9410.92052980132,15738887.5,14317838.5,16419.5395642202
"231301040000","BEAVER RIVER CENTRAL SCHOOL DISTRICT","2023-24",872,176,2092433.9,11888.8289772727,19060246.5,16967812.6,19458.5006880734
"231301040000","BEAVER RIVER CSD","2024-25",863,173,2714148.68,15688.7206936416,19782431.19,17068282.51,19777.847636153
"240101040000","AVON CENTRAL SCHOOL DISTRICT","2018-19",1004,84,1793851,21355.369047619,16469237,14675386,14616.9183266932
"240101040000","AVON CENTRAL SCHOOL DISTRICT","2019-20",1007,79,1750370,22156.582278481,16098425,14348055,14248.3167825223
"240101040000","AVON CENTRAL SCHOOL DISTRICT","2020-21",944,85,2420903,28481.2117647059,16625770,14204867,15047.5286016949
"240101040000","AVON CENTRAL SCHOOL DISTRICT","2021-22",924,83,2052795,24732.4698795181,18352200,16299405,17640.0487012987
"240101040000","AVON CSD","2022-23",935,87,1970234,22646.367816092,19156484,17186250,18381.0160427807
"240101040000","AVON CENTRAL SCHOOL DISTRICT","2023-24",916,100,2552104,25521.04,21575156,19023052,20767.5240174672
"240101040000","AVON CSD","2024-25",906,96,2798217,29148.09375,23695652,20897435,23065.6015452539
"240201040000","CALEDONIA-MUMFORD CENTRAL SCHOOL DISTRICT","2018-19",808,115,295740,2571.65217391304,15886043,15590303,19294.9294554455
"240201040000","CALEDONIA-MUMFORD CENTRAL SCHOOL DISTRICT","2019-20",807,104,262825,2527.16346153846,14925290,14662465,18169.1016109046
"240201040000","CALEDONIA-MUMFORD CENTRAL SCHOOL DISTRICT","2020-21",782,95,351319,3698.09473684211,15643867,15292548,19555.6879795396
"240201040000","CALEDONIA-MUMFORD CENTRAL SCHOOL DISTRICT","2021-22",787,99,1565239,15810.4949494949,16206005,14640766,18603.2604828462
"240201040000","CALEDONIA-MUMFORD CENTRAL SCHOOL DISTRICT","2023-24",803,115,1541092.07,13400.8006086957,18054530.88,16513438.81,20564.6809589041
"240201040000","CALEDONIA-MUMFORD CSD","2024-25",797,113,2824984.81,24999.8655752212,19941940.6,17116955.79,21476.7324843162
"240401040000","GENESEO CENTRAL SCHOOL DISTRICT","2018-19",846,124,1615871,13031.2177419355,16725273.17,15109402.17,17859.8134397163
"240401040000","GENESEO CENTRAL SCHOOL DISTRICT","2019-20",855,123,2110534.99,17158.8210569106,15802190.55,13691655.56,16013.6322339181
"240401040000","GENESEO CENTRAL SCHOOL DISTRICT","2020-21",828,118,2104510.03,17834.8307627119,16273537.82,14169027.79,17112.3524033816
"240401040000","GENESEO CENTRAL SCHOOL DISTRICT","2021-22",831,121,1802409,14895.9421487603,18028252,16225843,19525.6835138387
"240401040000","GENESEO CSD","2022-23",839,124,2830949,22830.2338709677,19304503.08,16473554.08,19634.7486054827
"240401040000","GENESEO CSD","2024-25",873,155,0,0,22923862.93,22923862.93,26258.7204238259
"240801060000","LIVONIA CENTRAL SCHOOL DISTRICT","2018-19",1496,164,2276484.58,13881.0035365854,29087036.42,26810551.84,17921.4918716578
"240801060000","LIVONIA CENTRAL SCHOOL DISTRICT","2019-20",1499,177,2845108.37,16074.0585875706,29521144.5,26676036.13,17795.888012008
"240801060000","LIVONIA CENTRAL SCHOOL DISTRICT","2020-21",1464,188,2858041.31,15202.347393617,26331111.23,23473069.92,16033.517704918
"240801060000","LIVONIA CENTRAL SCHOOL DISTRICT","2021-22",1473,198,3399806,17170.7373737374,29497679,26097873,17717.4969450102
"240801060000","LIVONIA CSD","2022-23",1429,198,3614154.92,18253.3076767677,31675300.42,28061145.5,19636.910776767
"240801060000","LIVONIA CENTRAL SCHOOL DISTRICT","2023-24",1387,225,4407531.25,19589.0277777778,36228836.4,31821305.15,22942.5415645278
"240801060000","LIVONIA CSD","2024-25",1339,233,4011075.55,17214.9165236051,35914384.57,31903309.02,23826.2203286034
"240901040000","MOUNT MORRIS CENTRAL SCHOOL DISTRICT","2018-19",597,104,1759296,16916.3076923077,11005643.43,9246347.43,15488.0191457286
"240901040000","MOUNT MORRIS CENTRAL SCHOOL DISTRICT","2019-20",539,99,1755684.03,17734.1821212121,11439764.8,9684080.77,17966.7546753247
"240901040000","MOUNT MORRIS CENTRAL SCHOOL DISTRICT","2020-21",525,86,1750830,20358.488372093,11391508,9640678,18363.1961904762
"240901040000","MOUNT MORRIS CENTRAL SCHOOL DISTRICT","2021-22",558,92,1621136,17621.0434782609,14078981,12457845,22325.8870967742
"240901040000","MT MORRIS CSD","2022-23",539,85,1794025,21106.1764705882,14015987.2,12221962.2,22675.2545454545
"240901040000","MOUNT MORRIS CENTRAL SCHOOL DISTRICT","2023-24",535,85,2481701.29,29196.4857647059,16267195.01,13785493.72,25767.2779813084
"240901040000","MT MORRIS CSD","2024-25",533,86,3067300.73,35666.2875581395,17251095.01,14183794.28,26611.24630394
"241001060000","DANSVILLE CENTRAL SCHOOL DISTRICT","2018-19",1490,177,4119083,23271.6553672316,25710829,21591746,14491.1046979866
"241001060000","DANSVILLE CENTRAL SCHOOL DISTRICT","2019-20",1420,187,3993225,21354.1443850267,25341751.51,21348526.51,15034.1735985915
"241001060000","DANSVILLE CENTRAL SCHOOL DISTRICT","2020-21",1345,166,4211160,25368.4337349398,25436902,21225742,15781.2208178439
"241001060000","DANSVILLE CENTRAL SCHOOL DISTRICT","2021-22",1324,180,4102041,22789.1166666667,27796094,23694053,17895.8104229607
"241001060000","DANSVILLE CSD","2022-23",1334,192,4293803,22363.5572916667,28876740,24582937,18427.9887556222
"241001060000","DANSVILLE CENTRAL SCHOOL DISTRICT","2023-24",1355,215,3964102,18437.6837209302,35461670,31497568,23245.4376383764
"241001060000","DANSVILLE CSD","2024-25",1316,202,3887449.71,19244.8005445545,35268686.94,31381237.23,23845.9249468085
"241101040000","DALTON-NUNDA CENTRAL SCHOOL DISTRICT (KESHEQUA)","2018-19",624,73,4981236,68236.1095890411,13170402,8189166,13123.6634615385
"241101040000","DALTON-NUNDA CENTRAL SCHOOL DISTRICT (KESHEQUA)","2019-20",617,81,3438897.67,42455.5267901235,12489490.65,9050592.98,14668.7082333874
"241101040000","DALTON-NUNDA CENTRAL SCHOOL DISTRICT (KESHEQUA)","2020-21",605,67,1154268.75,17227.8917910448,12583471.05,11429202.3,18891.2434710744
"241101040000","DALTON-NUNDA CENTRAL SCHOOL DISTRICT (KESHEQUA)","2021-22",606,67,919611,13725.5373134328,14144207,13224596,21822.7656765677
"241101040000","DALTON-NUNDA CSD (KESHEQUA)","2022-23",544,65,981903.06,15106.2009230769,14801085.67,13819182.61,25402.9092095588
"241101040000","DALTON-NUNDA CENTRAL SCHOOL DISTRICT (KESHEQUA)","2023-24",527,66,1294810.03,19618.3337878788,16265604.35,14970794.32,28407.5793548387
"241101040000","DALTON-NUNDA CSD (KESHEQUA)","2024-25",534,70,1410728.92,20153.2702857143,17219998.06,15809269.14,29605.3729213483
"241701040000","YORK CENTRAL SCHOOL DISTRICT","2018-19",731,116,1473361.62,12701.3932758621,13651556.58,12178194.96,16659.6374281806
"241701040000","YORK CENTRAL SCHOOL DISTRICT","2019-20",688,112,2003214.93,17885.8475892857,13670430.21,11667215.28,16958.161744186
"241701040000","YORK CENTRAL SCHOOL DISTRICT","2020-21",689,111,1772814.5,15971.3018018018,13239462.22,11466647.72,16642.449521045
"241701040000","YORK CENTRAL SCHOOL DISTRICT","2021-22",668,106,1204058,11359.0377358491,15249752,14045694,21026.4880239521
"241701040000","YORK CSD","2022-23",650,101,1203275,11913.6138613861,15534982,14331707,22048.78
"241701040000","YORK CENTRAL SCHOOL DISTRICT","2023-24",671,107,959061,8963.18691588785,18836251,17877190,26642.60804769
"241701040000","YORK CSD","2024-25",618,111,2893146.19,26064.3800900901,19509104.51,16615958.32,26886.6639482201
"250109040000","BROOKFIELD CENTRAL SCHOOL DISTRICT","2018-19",228,40,959229,23980.725,5523465,4564236,20018.5789473684
"250109040000","BROOKFIELD CENTRAL SCHOOL DISTRICT","2019-20",220,34,1208774,35552.1764705882,5318242,4109468,18679.4
"250109040000","BROOKFIELD CENTRAL SCHOOL DISTRICT","2020-21",202,38,1017280,26770.5263157895,6460418,5443138,26946.2277227723
"250109040000","BROOKFIELD CSD","2022-23",206,46,1279370,27812.3913043478,5959962.8,4680592.8,22721.3242718447
"250109040000","BROOKFIELD CENTRAL SCHOOL DISTRICT","2023-24",200,42,1223587.52,29133.0361904762,6825598,5602010.48,28010.0524
"250109040000","BROOKFIELD CSD","2024-25",189,40,978953.8,24473.845,6734874.05,5755920.25,30454.6044973545
"250201060000","CAZENOVIA CENTRAL SCHOOL DISTRICT","2018-19",1422,154,2332375.33,15145.2943506494,23800779.31,21468403.98,15097.3305063291
"250201060000","CAZENOVIA CENTRAL SCHOOL DISTRICT","2019-20",1360,151,2660373.49,17618.3674834437,24083224.25,21422850.76,15752.0961470588
"250201060000","CAZENOVIA CENTRAL SCHOOL DISTRICT","2021-22",1340,140,2192516,15660.8285714286,26415801,24223285,18077.078358209
"250201060000","CAZENOVIA CSD","2022-23",1312,147,2406341.74,16369.6717006803,27890741.3,25484399.56,19424.0850304878
"250201060000","CAZENOVIA CENTRAL SCHOOL DISTRICT","2023-24",1331,166,2428657.61,14630.4675301205,32282828.31,29854170.7,22429.8803155522
"250201060000","CAZENOVIA CSD","2024-25",1359,175,3868819.38,22107.5393142857,33893361.72,30024542.34,22093.1143046358
"250301040000","DERUYTER CENTRAL SCHOOL DISTRICT","2018-19",333,59,1052132,17832.7457627119,9161570,8109438,24352.6666666667
"250301040000","DERUYTER CENTRAL SCHOOL DISTRICT","2019-20",354,60,1053176,17552.9333333333,8659258,7606082,21486.1073446328
"250301040000","DERUYTER CENTRAL SCHOOL DISTRICT","2020-21",340,61,963753.8,15799.2426229508,9271515.09,8307761.29,24434.5920294118
"250301040000","DERUYTER CENTRAL SCHOOL DISTRICT","2021-22",335,59,1020043,17288.8644067797,9553467,8533424,25472.9074626866
"250301040000","DERUYTER CSD","2022-23",323,56,955299.73,17058.92375,10621296.09,9665996.36,29925.6853250774
"250301040000","DERUYTER CENTRAL SCHOOL DISTRICT","2023-24",321,62,1038653.63,16752.4779032258,11011161.14,9972507.51,31067.001588785
"250301040000","DERUYTER CSD","2024-25",306,61,1124750.72,18438.5363934426,11256779.77,10132029.05,33111.2060457516
"250401040000","MORRISVILLE-EATON CENTRAL SCHOOL DISTRICT","2018-19",638,108,2370159,21945.9166666667,13715199,11345040,17782.1943573668
"250401040000","MORRISVILLE-EATON CENTRAL SCHOOL DISTRICT","2019-20",621,115,1807653.98,15718.7302608696,12877705.93,11070051.95,17826.1706119163
"250401040000","MORRISVILLE-EATON CENTRAL SCHOOL DISTRICT","2020-21",565,112,1888350.6,16860.2732142857,13725390.76,11837040.16,20950.5135575221
"250401040000","MORRISVILLE-EATON CENTRAL SCHOOL DISTRICT","2021-22",592,117,1024461,8756.07692307692,13807176,12782715,21592.4239864865
"250401040000","MORRISVILLE-EATON CSD","2022-23",598,107,745184.86,6964.34448598131,13922238.93,13177054.07,22035.2074749164
"250401040000","MORRISVILLE-EATON CENTRAL SCHOOL DISTRICT","2023-24",588,115,1052489.92,9152.08626086956,15834585.55,14782095.63,25139.6184183673
"250401040000","MORRISVILLE-EATON CSD","2024-25",590,113,970578.17,8589.18734513274,15180337.57,14209759.4,24084.3379661017
"250701040000","HAMILTON CENTRAL SCHOOL DISTRICT","2018-19",573,91,1749867,19229.3076923077,12128364,10378497,18112.5602094241
"250701040000","HAMILTON CENTRAL SCHOOL DISTRICT","2019-20",588,97,1530967,15783.1649484536,12114909,10583942,17999.9013605442
"250701040000","HAMILTON CENTRAL SCHOOL DISTRICT","2020-21",565,86,1716772,19962.4651162791,12359906,10643134,18837.4053097345
"250701040000","HAMILTON CENTRAL SCHOOL DISTRICT","2021-22",568,88,1524960,17329.0909090909,12355565,10830605,19067.9665492958
"250701040000","HAMILTON CSD","2022-23",559,92,1675141,18208.0543478261,13286018,11610877,20770.7996422182
"250701040000","HAMILTON CENTRAL SCHOOL DISTRICT","2023-24",562,104,2245718,21593.4423076923,14563514,12317796,21917.7864768683
"250701040000","HAMILTON CSD","2024-25",542,93,2198911,23644.2043010753,14732022,12533111,23123.8210332103
"250901060000","CANASTOTA CENTRAL SCHOOL DISTRICT","2018-19",1310,202,2740976.72,13569.1916831683,23740313.66,20999336.94,16030.0281984733
"250901060000","CANASTOTA CENTRAL SCHOOL DISTRICT","2019-20",1275,190,2312069.42,12168.7864210526,22512799.52,20200730.1,15843.7098823529
"250901060000","CANASTOTA CENTRAL SCHOOL DISTRICT","2020-21",1265,209,3592338.61,17188.2230143541,24939372.24,21347033.63,16875.1253992095
"250901060000","CANASTOTA CENTRAL SCHOOL DISTRICT","2021-22",1256,215,2285686,10631.0976744186,26777940,24492254,19500.2022292994
"250901060000","CANASTOTA CSD","2022-23",1211,214,2554614,11937.4485981308,28367763,25813149,21315.5648224608
"250901060000","CANASTOTA CENTRAL SCHOOL DISTRICT","2023-24",1241,220,2759977,12545.35,31719627.54,28959650.54,23335.737743755
"250901060000","CANASTOTA CSD","2024-25",1184,214,2145425,10025.3504672897,31455787,29310362,24755.3733108108
"251101040000","MADISON CENTRAL SCHOOL DISTRICT","2018-19",456,67,1174736,17533.3731343284,8605139.34,7430403.34,16294.7441666667
"251101040000","MADISON CENTRAL SCHOOL DISTRICT","2019-20",484,74,1133204,15313.5675675676,8878812.29,7745608.29,16003.3229132231
"251101040000","MADISON CENTRAL SCHOOL DISTRICT","2020-21",461,69,1113270,16134.347826087,8936531.02,7823261.02,16970.1974403471
"251101040000","MADISON CENTRAL SCHOOL DISTRICT","2021-22",444,73,1112001,15232.8904109589,9812911,8700910,19596.6441441441
"251101040000","MADISON CSD","2022-23",446,71,1176638,16572.3661971831,10651275,9474637,21243.5807174888
"251101040000","MADISON CENTRAL SCHOOL DISTRICT","2023-24",430,79,1695972.16,21468.0020253165,12058484.12,10362511.96,24098.8650232558
"251101040000","MADISON CSD","2024-25",411,82,1807440,22041.9512195122,12148339,10340899,25160.3381995134
"251400010000","ONEIDA CITY SCHOOL DISTRICT","2018-19",1930,324,3282114.95,10129.9844135802,35476043.77,32193928.82,16680.792134715
"251400010000","ONEIDA CITY SCHOOL DISTRICT","2019-20",1937,350,2473605,7067.44285714286,36354783,33881178,17491.5735673722
"251400010000","ONEIDA CITY SCHOOL DISTRICT","2020-21",1830,318,3153209,9915.75157232704,36813016,33659807,18393.3371584699
"251400010000","ONEIDA CITY SCHOOL DISTRICT","2021-22",1793,327,3594732,10993.0642201835,39573226,35978494,20066.0870050195
"251400010000","ONEIDA CITY SD","2022-23",1768,330,4038767,12238.6878787879,41752228.64,37713461.64,21331.1434615385
"251400010000","ONEIDA CITY SD","2024-25",1657,321,3137656.24,9774.63003115265,47315903.73,44178247.49,26661.5856910078
"251501040000","STOCKBRIDGE VALLEY CENTRAL SCHOOL DISTRICT","2018-19",427,52,995389,19142.0961538462,8381483,7386094,17297.644028103
"251501040000","STOCKBRIDGE VALLEY CENTRAL SCHOOL DISTRICT","2019-20",410,58,1207520,20819.3103448276,8311507,7103987,17326.7975609756
"251501040000","STOCKBRIDGE VALLEY CENTRAL SCHOOL DISTRICT","2020-21",385,52,1433007,27557.8269230769,8937920,7504913,19493.2805194805
"251501040000","STOCKBRIDGE VALLEY CENTRAL SCHOOL DISTRICT","2021-22",389,52,1472091,28309.4423076923,9014499,7542408,19389.2236503856
"251501040000","STOCKBRIDGE VALLEY CSD","2022-23",397,57,1706498,29938.5614035088,9721766,8015268,20189.5919395466
"251501040000","STOCKBRIDGE VALLEY CENTRAL SCHOOL DISTRICT","2023-24",409,69,1123401,16281.1739130435,11143478,10020077,24498.9657701711
"251501040000","STOCKBRIDGE VALLEY CSD","2024-25",377,60,1112054,18534.2333333333,11508668,10396614,27577.225464191
"251601060000","CHITTENANGO CENTRAL SCHOOL DISTRICT","2018-19",1946,325,3882897.55,11947.3770769231,32157741.44,28274843.89,14529.7245066804
"251601060000","CHITTENANGO CENTRAL SCHOOL DISTRICT","2019-20",1904,311,3209170.38,10318.8758199357,32851493.37,29642322.99,15568.4469485294
"251601060000","CHITTENANGO CENTRAL SCHOOL DISTRICT","2020-21",1895,338,3101789.47,9176.89192307692,33240430.85,30138641.38,15904.2962427441
"251601060000","CHITTENANGO CENTRAL SCHOOL DISTRICT","2021-22",1932,324,2916332,9001.02469135802,36363242,33446910,17312.0652173913
"251601060000","CHITTENANGO CSD","2022-23",1910,352,3095564.93,8794.21855113636,37234486.63,34138921.7,17873.7809947644
"251601060000","CHITTENANGO CENTRAL SCHOOL DISTRICT","2023-24",1943,391,2889144.83,7389.11721227622,44604436.65,41715291.82,21469.5274420998
"251601060000","CHITTENANGO CSD","2024-25",1894,372,3779816.58,10160.7972580645,45781369.37,42001552.79,22176.1102375924
"260101060000","BRIGHTON CENTRAL SCHOOL DISTRICT","2018-19",3612,455,14004961,30780.1340659341,65505756,51500795,14258.2488925803
"260101060000","BRIGHTON CENTRAL SCHOOL DISTRICT","2019-20",3518,407,6915224,16990.7223587224,64411981,57496757,16343.5920977828
"260101060000","BRIGHTON CENTRAL SCHOOL DISTRICT","2020-21",3370,402,6069557,15098.4004975124,65305108,59235551,17577.3148367953
"260101060000","BRIGHTON CENTRAL SCHOOL DISTRICT","2021-22",3378,391,10905919,27892.3759590793,71321736,60415817,17885.0849615157
"260101060000","BRIGHTON CSD","2022-23",3423,392,9826414,25067.3826530612,76790802,66964388,19563.0698217937
"260101060000","BRIGHTON CENTRAL SCHOOL DISTRICT","2023-24",3417,406,15248895,37558.854679803,88386143,73137248,21403.9356160375
"260101060000","BRIGHTON CSD","2024-25",3409,415,11446928,27582.9590361446,86560406.28,75113478.28,22033.8745321209
"260401060000","GATES-CHILI CENTRAL SCHOOL DISTRICT","2018-19",3913,446,12783627.77,28662.8425336323,81987854.11,69204226.34,17685.7210171224
"260401060000","GATES-CHILI CENTRAL SCHOOL DISTRICT","2019-20",3796,475,6502526.92,13689.5303578947,75341834.46,68839307.54,18134.6964014752
"260401060000","GATES-CHILI CENTRAL SCHOOL DISTRICT","2020-21",3579,449,16054430.82,35755.9706458797,81174421.24,65119990.42,18195.023867002
"260401060000","GATES-CHILI CENTRAL SCHOOL DISTRICT","2021-22",3553,458,6989088,15260.0174672489,90410090,83421002,23479.0323670138
"260401060000","GATES CHILI CSD","2022-23",3685,470,7663000.66,16304.2567234043,96635400.91,88972400.25,24144.4776797829
"260401060000","GATES-CHILI CENTRAL SCHOOL DISTRICT","2023-24",3696,520,6701096.58,12886.7241923077,99628129.87,92927033.29,25142.5955871212
"260401060000","GATES CHILI CSD","2024-25",3595,532,9016548,16948.3984962406,108873969,99857421,27776.7513212796
"260501060000","GREECE CENTRAL SCHOOL DISTRICT","2018-19",10935,1438,28259620.2,19652.0307371349,179470814.01,151211193.81,13828.1841618656
"260501060000","GREECE CENTRAL SCHOOL DISTRICT","2019-20",10776,1511,26219589.73,17352.4750033091,182132985.55,155913395.82,14468.5779342984
"260501060000","GREECE CENTRAL SCHOOL DISTRICT","2020-21",10377,1474,19659855.67,13337.758256445,184664439.24,165004583.57,15900.9909964344
"260501060000","GREECE CENTRAL SCHOOL DISTRICT","2021-22",10165,1464,23515732,16062.6584699454,200328167,176812435,17394.238563699
"260501060000","GREECE CSD","2022-23",10155,1526,25979081.42,17024.299750983,217483815.63,191504734.21,18858.1717587395
"260501060000","GREECE CENTRAL SCHOOL DISTRICT","2023-24",10024,1572,26500000,16857.5063613232,265236467.86,238736467.86,23816.48721668
"260501060000","GREECE CSD","2024-25",9934,1647,65233896.99,39607.7091621129,277470665.77,212236768.78,21364.6837910207
"260801060000","EAST IRONDEQUOIT CENTRAL SCHOOL DISTRICT","2018-19",3114,303,8455144,27904.7656765677,63597413,55142269,17707.8577392421
"260801060000","EAST IRONDEQUOIT CENTRAL SCHOOL DISTRICT","2019-20",3038,326,11913239.53,36543.6795398773,64369644.43,52456404.9,17266.7560566162
"260801060000","EAST IRONDEQUOIT CENTRAL SCHOOL DISTRICT","2020-21",2840,286,10670897,37310.8286713287,63678914,53008017,18664.7947183099
"260801060000","EAST IRONDEQUOIT CENTRAL SCHOOL DISTRICT","2021-22",2795,284,10495108,36954.6056338028,66568476,56073368,20062.0279069767
"260801060000","EAST IRONDEQUOIT CSD","2022-23",2725,279,11629840,41684.0143369176,69120674.22,57490834.22,21097.5538422018
"260801060000","EAST IRONDEQUOIT CENTRAL SCHOOL DISTRICT","2023-24",2767,335,11324145,33803.4179104478,82581913.22,71257768.22,25752.717101554
"260801060000","EAST IRONDEQUOIT CSD","2024-25",2748,353,13108143.82,37133.551898017,89208244.43,76100100.61,27692.9041521106
"260803060000","WEST IRONDEQUOIT CENTRAL SCHOOL DISTRICT","2018-19",3641,403,8765739.87,21751.2155583127,61910887.25,53145147.38,14596.3052403186
"260803060000","WEST IRONDEQUOIT CENTRAL SCHOOL DISTRICT","2019-20",3620,404,5848399.19,14476.2356188119,61691060.05,55842660.86,15426.1494088398
"260803060000","WEST IRONDEQUOIT CENTRAL SCHOOL DISTRICT","2020-21",3576,414,7437431.87,17964.8112801932,65762629.51,58325197.64,16310.178310962
"260803060000","WEST IRONDEQUOIT CENTRAL SCHOOL DISTRICT","2021-22",3587,402,6455951,16059.57960199,68468658,62012707,17288.1814887092
"260803060000","WEST IRONDEQUOIT CSD","2022-23",3577,453,5845298.36,12903.528388521,72428377.48,66583079.12,18614.2239642158
"260803060000","WEST IRONDEQUOIT CENTRAL SCHOOL DISTRICT","2023-24",3620,478,8662914.04,18123.2511297071,82696880.38,74033966.34,20451.3719171271
"260803060000","WEST IRONDEQUOIT CSD","2024-25",3579,513,6888130.15,13427.154288499,86515516.96,79627386.81,22248.5014836546
"260901060000","HONEOYE FALLS-LIMA CENTRAL SCHOOL DISTRICT","2018-19",2165,263,5455023.21,20741.5331178707,39776529.04,34321505.83,15852.8895288684
"260901060000","HONEOYE FALLS-LIMA CENTRAL SCHOOL DISTRICT","2019-20",2122,257,7437400.27,28939.3006614786,37664566.17,30227165.9,14244.6587653157
"260901060000","HONEOYE FALLS-LIMA CENTRAL SCHOOL DISTRICT","2020-21",2070,271,4727105,17443.1918819188,37400009.36,32672904.36,15784.0117681159
"260901060000","HONEOYE FALLS-LIMA CENTRAL SCHOOL DISTRICT","2021-22",2042,262,5065478,19333.8854961832,42096316,37030838,18134.5925563173
"260901060000","HONEOYE FALLS-LIMA CSD","2022-23",2006,262,5384516,20551.5877862595,42974782,37590266,18738.9162512463
"260901060000","HONEOYE FALLS-LIMA CENTRAL SCHOOL DISTRICT","2023-24",2085,270,7994266.83,29608.3956666667,50307581.44,42313314.61,20294.1556882494
"260901060000","HONEOYE FALLS-LIMA CSD","2024-25",2044,267,9347001.87,35007.4976404494,52223503.43,42876501.56,20976.7620156556
"261001060000","SPENCERPORT CENTRAL SCHOOL DISTRICT","2018-19",3646,471,8460863,17963.6157112527,66180883,57720020,15831.0532089962
"261001060000","SPENCERPORT CENTRAL SCHOOL DISTRICT","2019-20",3618,469,10531628,22455.4968017058,66527448,55995820,15477.0093974572
"261001060000","SPENCERPORT CENTRAL SCHOOL DISTRICT","2020-21",3565,455,9020425,19825.1098901099,68477871,59457446,16678.1054698457
"261001060000","SPENCERPORT CENTRAL SCHOOL DISTRICT","2021-22",3564,439,8451837,19252.4760820046,72047143,63595306,17843.8007856341
"261001060000","SPENCERPORT CSD","2022-23",3573,438,8614939,19668.8105022831,76368914,67753975,18962.7693814722
"261001060000","SPENCERPORT CENTRAL SCHOOL DISTRICT","2023-24",3605,477,12464143.14,26130.2791194969,90568787.24,78104644.1,21665.6433009709
"261001060000","SPENCERPORT CSD","2024-25",3587,453,13304506.66,29369.7718763797,98192772.36,84888265.7,23665.5326735434
"261101060000","HILTON CENTRAL SCHOOL DISTRICT","2018-19",4503,472,9194256.49,19479.356970339,67055646.09,57861389.6,12849.5202309571
"261101060000","HILTON CENTRAL SCHOOL DISTRICT","2019-20",4400,500,10737677.66,21475.35532,68824290.41,58086612.75,13201.5028977273
"261101060000","HILTON CENTRAL SCHOOL DISTRICT","2021-22",4265,527,9789268,18575.4611005693,75665816,65876548,15445.8494724502
"261101060000","HILTON CSD","2022-23",4173,546,8352416.39,15297.4659157509,81176922.95,72824506.56,17451.3555140187
"261101060000","HILTON CENTRAL SCHOOL DISTRICT","2023-24",4166,595,10492981.38,17635.2628235294,95447204.93,84954223.55,20392.2764162266
"261101060000","HILTON CSD","2024-25",4123,612,11767083.82,19227.2611437908,98147456.4,86380372.58,20950.8543730293
"261201060000","PENFIELD CENTRAL SCHOOL DISTRICT","2018-19",4546,391,4709065.53,12043.6458567775,80310683.68,75601618.15,16630.360349758
"261201060000","PENFIELD CENTRAL SCHOOL DISTRICT","2019-20",4587,404,8766788,21699.9702970297,76807295,68040507,14833.3348593852
"261201060000","PENFIELD CENTRAL SCHOOL DISTRICT","2020-21",4453,398,7091577.24,17818.0332663317,78541002.49,71449425.25,16045.2336065574
"261201060000","PENFIELD CENTRAL SCHOOL DISTRICT","2021-22",4492,413,4145877,10038.4430992736,81037076,76891199,17117.3639804096
"261201060000","PENFIELD CSD","2022-23",4619,483,4828866,9997.65217391304,84553971,79725105,17260.252219095
"261201060000","PENFIELD CENTRAL SCHOOL DISTRICT","2023-24",4719,515,4553016,8840.80776699029,101185558,96632542,20477.3346047892
"261201060000","PENFIELD CSD","2024-25",4652,576,8949356.74,15537.0776736111,106922170.47,97972813.73,21060.3640864144
"261301060000","FAIRPORT CENTRAL SCHOOL DISTRICT","2018-19",5735,657,9002174.19,13701.9394063927,100853151.93,91850977.74,16015.8635989538
"261301060000","FAIRPORT CENTRAL SCHOOL DISTRICT","2019-20",5683,658,9879115.95,15013.8540273556,103932469.94,94053353.99,16549.9479130741
"261301060000","FAIRPORT CENTRAL SCHOOL DISTRICT","2020-21",5465,661,8880390.08,13434.7807564297,103094981.25,94214591.17,17239.6324190302
"261301060000","FAIRPORT CENTRAL SCHOOL DISTRICT","2021-22",5407,673,9985043,14836.6166419019,109708251,99723208,18443.3526909562
"261301060000","FAIRPORT CSD","2022-23",5320,678,11054618.18,16304.7465781711,115784790.77,104730172.59,19686.1226672932
"261301060000","FAIRPORT CENTRAL SCHOOL DISTRICT","2023-24",5255,675,12927026.36,19151.150162963,130566995.47,117639969.11,22386.2928848715
"261301060000","FAIRPORT CSD","2024-25",5093,692,11229649.1,16227.8166184971,137769932.63,126540283.53,24845.9225466326
"261313030000","EAST ROCHESTER UNION FREE SCHOOL DISTRICT","2018-19",978,161,4165482,25872.5590062112,22507464,18341982,18754.5828220859
"261313030000","EAST ROCHESTER UNION FREE SCHOOL DISTRICT","2019-20",1007,185,3041117,16438.4702702703,21903486,18862369,18731.2502482622
"261313030000","EAST ROCHESTER UNION FREE SCHOOL DISTRICT","2021-22",985,172,3193765,18568.4011627907,24881903,21688138,22018.414213198
"261313030000","EAST ROCHESTER UFSD","2022-23",973,140,5141589,36725.6357142857,25739728.22,20598139.22,21169.7217060637
"261313030000","EAST ROCHESTER UNION FREE SCHOOL DISTRICT","2023-24",960,170,5080246.49,29883.8028823529,27383738.65,22303492.16,23232.8043333333
"261313030000","EAST ROCHESTER UFSD","2024-25",922,163,4805010.47,29478.5918404908,26232931.59,21427921.12,23240.6953579176
"261401060000","PITTSFORD CENTRAL SCHOOL DISTRICT","2018-19",5694,648,8570086.12,13225.4415432099,108632024.21,100061938.09,17573.2241113453
"261401060000","PITTSFORD CENTRAL SCHOOL DISTRICT","2019-20",5588,669,12594669.2,18826.112406577,110988005.76,98393336.56,17607.970035791
"261401060000","PITTSFORD CENTRAL SCHOOL DISTRICT","2020-21",5543,691,17558348.76,25410.0560926194,112915509.51,95357160.75,17203.1680948945
"261401060000","PITTSFORD CENTRAL SCHOOL DISTRICT","2021-22",5505,702,13686978,19497.1196581197,121345340,107658362,19556.4690281562
"261401060000","PITTSFORD CSD","2022-23",5503,712,10750042.05,15098.3736657303,124237130.28,113487088.23,20622.7672596765
"261401060000","PITTSFORD CENTRAL SCHOOL DISTRICT","2023-24",5538,771,8437920,10944.1245136187,137651257.2,129213337.2,23332.130227519
"261401060000","PITTSFORD CSD","2024-25",5516,792,8835805,11156.3194444444,142968967.16,134133162.16,24317.1069905729
"261501060000","CHURCHVILLE-CHILI CENTRAL SCHOOL DISTRICT","2018-19",3816,404,2686102,6648.76732673267,59246428,56560326,14821.8883647799
"261501060000","CHURCHVILLE-CHILI CENTRAL SCHOOL DISTRICT","2019-20",3751,396,3113869.61,7863.3070959596,59243079.57,56129209.96,14963.798976273
"261501060000","CHURCHVILLE-CHILI CENTRAL SCHOOL DISTRICT","2020-21",3667,379,2961208.15,7813.21411609499,61396165.15,58434957,15935.3577856558
"261501060000","CHURCHVILLE-CHILI CENTRAL SCHOOL DISTRICT","2021-22",3750,399,7839767,19648.5388471178,64853953,57014186,15203.7829333333
"261501060000","CHURCHVILLE-CHILI CSD","2022-23",3779,428,6842443.27,15987.0169859813,68113785.67,61271342.4,16213.6391637999
"261501060000","CHURCHVILLE-CHILI CENTRAL SCHOOL DISTRICT","2023-24",3740,473,3092392.12,6537.82689217759,82021329.89,78928937.77,21103.9940561497
"261501060000","CHURCHVILLE-CHILI CSD","2024-25",3766,488,3652095.53,7483.80231557377,87019055.58,83366960.05,22136.7392591609
"261600010000","ROCHESTER CITY SCHOOL DISTRICT","2018-19",28841,5521,116307192,21066.3271146531,598598445,482291253,16722.4178426546
"261600010000","ROCHESTER CITY SCHOOL DISTRICT","2019-20",26381,5660,106974127,18900.0224381625,524599352,417625225,15830.5304954323
"261600010000","ROCHESTER CITY SCHOOL DISTRICT","2020-21",24364,5081,102678568.94,20208.3387010431,486110649.4,383432080.46,15737.6490091939
"261600010000","ROCHESTER CITY SCHOOL DISTRICT","2021-22",23519,4842,105072918,21700.3135068154,547202094,442129176,18798.8084527403
"261600010000","ROCHESTER CITY SD","2022-23",22300,4470,113152082.47,25313.6649821029,625300687.51,512148605.04,22966.3051587444
"261600010000","ROCHESTER CITY SCHOOL DISTRICT","2023-24",22702,4795,106058795.25,22118.6225755996,772974679.88,666915884.63,29376.9661100344
"261600010000","ROCHESTER CITY SD","2024-25",21529,4853,105958674.13,21833.6439583763,733858355.13,627899681,29165.2970876492
"261701060000","RUSH-HENRIETTA CENTRAL SCHOOL DISTRICT","2018-19",5527,518,18995498,36670.8455598456,105785817,86790319,15702.9706893432
"261701060000","RUSH-HENRIETTA CENTRAL SCHOOL DISTRICT","2019-20",5466,533,17796320,33388.9681050657,107326014,89529694,16379.3805342115
"261701060000","RUSH-HENRIETTA CENTRAL SCHOOL DISTRICT","2020-21",5318,524,9506698,18142.5534351145,108147541,98640843,18548.4849567507
"261701060000","RUSH-HENRIETTA CENTRAL SCHOOL DISTRICT","2021-22",5365,581,14918239,25676.8313253012,115045932,100127693,18663.1301025163
"261701060000","RUSH-HENRIETTA CSD","2022-23",5484,629,14252149,22658.4244833068,122752322.49,108500173.49,19784.8602279358
"261701060000","RUSH-HENRIETTA CENTRAL SCHOOL DISTRICT","2023-24",5699,759,26742239,35233.5164690382,143485269,116743030,20484.8271626601
"261701060000","RUSH-HENRIETTA CSD","2024-25",5596,886,10404644.1,11743.3906320542,142937911.47,132533267.37,23683.571724446
"261801060000","BROCKPORT CENTRAL SCHOOL DISTRICT","2018-19",3362,496,8974043,18092.8286290323,63732370,54758327,16287.4262343843
"261801060000","BROCKPORT CENTRAL SCHOOL DISTRICT","2019-20",3293,515,7648258.6,14850.9875728155,63072890.26,55424631.66,16831.0451442454
"261801060000","BROCKPORT CENTRAL SCHOOL DISTRICT","2020-21",3109,491,6962545.22,14180.336496945,61765240.81,54802695.59,17627.1134094564
"261801060000","BROCKPORT CENTRAL SCHOOL DISTRICT","2021-22",3059,507,6910908,13630.9822485207,66503515,59592607,19481.0745341615
"261801060000","BROCKPORT CSD","2022-23",3087,532,6998335,13154.765037594,67327984,60329649,19543.1321671526
"261801060000","BROCKPORT CENTRAL SCHOOL DISTRICT","2023-24",3298,608,11876922.38,19534.4118092105,83070020.37,71193097.99,21586.7489357186
"261801060000","BROCKPORT CSD","2024-25",3254,645,16458979.72,25517.7980155039,90989742.87,74530763.15,22904.3525353411
"261901060000","WEBSTER CENTRAL SCHOOL DISTRICT","2018-19",8343,785,0,0,144021055,144021055,17262.5020975668
"261901060000","WEBSTER CENTRAL SCHOOL DISTRICT","2019-20",8295,815,0,0,144863753,144863753,17463.984689572
"261901060000","WEBSTER CENTRAL SCHOOL DISTRICT","2020-21",8039,775,1916679,2473.13419354839,148567534,146650855,18242.4250528673
"261901060000","WEBSTER CENTRAL SCHOOL DISTRICT","2021-22",8072,821,1812756,2207.98538367844,157507079,155694323,19288.19660555
"261901060000","WEBSTER CSD","2022-23",8006,894,13914432,15564.2416107383,163142218,149227786,18639.4936297777
"261901060000","WEBSTER CENTRAL SCHOOL DISTRICT","2023-24",8088,1055,25888086,24538.4701421801,192297686,166409600,20574.8763600396
"261901060000","WEBSTER CSD","2024-25",7940,1126,22858361,20300.4982238011,211623091,188764730,23773.895465995
"262001040000","WHEATLAND-CHILI CENTRAL SCHOOL DISTRICT","2018-19",641,86,743229,8642.1976744186,15715986,14972757,23358.4352574103
"262001040000","WHEATLAND-CHILI CENTRAL SCHOOL DISTRICT","2019-20",636,83,965232.13,11629.3027710843,15655332.6,14690100.47,23097.6422484277
"262001040000","WHEATLAND-CHILI CENTRAL SCHOOL DISTRICT","2020-21",640,86,2036175.87,23676.4636046512,16737487.1,14701311.23,22970.798796875
"262001040000","WHEATLAND-CHILI CENTRAL SCHOOL DISTRICT","2021-22",670,83,1037633,12501.6024096386,16070779,15033146,22437.5313432836
"262001040000","WHEATLAND-CHILI CSD","2022-23",679,89,990263.44,11126.555505618,16965171.63,15974908.19,23527.110736377
"262001040000","WHEATLAND-CHILI CENTRAL SCHOOL DISTRICT","2023-24",677,94,1201090,12777.5531914894,20082581.73,18881491.73,27889.9434711965
"262001040000","WHEATLAND-CHILI CSD","2024-25",661,95,1326065.57,13958.5849473684,20210501.55,18884435.98,28569.4946747353
"270100010000","AMSTERDAM CITY SCHOOL DISTRICT","2018-19",3957,594,6190103.68,10421.04996633,62278243.74,56088140.06,14174.4099216578
"270100010000","AMSTERDAM CITY SCHOOL DISTRICT","2019-20",3694,581,13398088.01,23060.392444062,63563462.07,50165374.06,13580.2312019491
"270100010000","AMSTERDAM CITY SCHOOL DISTRICT","2020-21",3613,587,10153907.66,17297.9687563884,61107111.94,50953204.28,14102.7412897869
"270100010000","AMSTERDAM CITY SCHOOL DISTRICT","2021-22",3606,563,12234879,21731.5790408526,66276845,54041966,14986.6794231836
"270100010000","AMSTERDAM CITY SD","2022-23",3652,565,9048746.02,16015.4796814159,67596036.5,58547290.48,16031.5691347207
"270100010000","AMSTERDAM CITY SCHOOL DISTRICT","2023-24",3789,614,10010977.72,16304.5239739414,84062718.42,74051740.7,19543.8745579309
"270100010000","AMSTERDAM CITY SD","2024-25",3672,652,10293217.37,15787.1432055215,93492650.3,83199432.93,22657.7976388889
"270301040000","CANAJOHARIE CENTRAL SCHOOL DISTRICT","2018-19",906,80,1795743,22446.7875,18839936,17044193,18812.5750551876
"270301040000","CANAJOHARIE CENTRAL SCHOOL DISTRICT","2019-20",854,83,1773169.77,21363.4912048193,18357364.62,16584194.85,19419.4319086651
"270301040000","CANAJOHARIE CENTRAL SCHOOL DISTRICT","2020-21",829,100,1906397.91,19063.9791,18824186.09,16917788.18,20407.4646320869
"270301040000","CANAJOHARIE CENTRAL SCHOOL DISTRICT","2021-22",866,90,1945110,21612.3333333333,19872855,17927745,20701.7840646651
"270301040000","CANAJOHARIE CSD","2022-23",842,85,2743665,32278.4117647059,20308016,17564351,20860.2743467934
"270301040000","CANAJOHARIE CENTRAL SCHOOL DISTRICT","2023-24",850,103,2421408,23508.8155339806,21613702,19192294,22579.1694117647
"270301040000","CANAJOHARIE CSD","2024-25",845,99,2538904.8,25645.503030303,22569775.02,20030870.22,23705.1718579882
"270601040000","FONDA-FULTONVILLE CENTRAL SCHOOL DISTRICT","2018-19",1279,170,1586016,9329.50588235294,23661496,22075480,17259.9530883503
"270601040000","FONDA-FULTONVILLE CENTRAL SCHOOL DISTRICT","2019-20",1299,184,155905,847.309782608696,22983731,22827826,17573.3841416474
"270601040000","FONDA-FULTONVILLE CENTRAL SCHOOL DISTRICT","2020-21",1238,167,3197829,19148.6766467066,22363048.74,19165219.74,15480.7913893376
"270601040000","FONDA-FULTONVILLE CENTRAL SCHOOL DISTRICT","2021-22",1252,176,2240667,12731.0625,24404465,22163798,17702.714057508
"270601040000","FONDA-FULTONVILLE CSD","2022-23",1277,164,2830146,17256.987804878,26552370.78,23722224.78,18576.526844166
"270601040000","FONDA-FULTONVILLE CENTRAL SCHOOL DISTRICT","2023-24",1257,181,3350068.76,18508.6671823204,28159912.01,24809843.25,19737.3454653938
"270601040000","FONDA-FULTONVILLE CSD","2024-25",1242,198,0,0,30433939.99,30433939.99,24503.9774476651
"270701040000","FORT PLAIN CENTRAL SCHOOL DISTRICT","2018-19",804,168,1825283.62,10864.783452381,16101201.06,14275917.44,17756.1162189055
"270701040000","FORT PLAIN CENTRAL SCHOOL DISTRICT","2019-20",802,148,1950622.08,13179.8789189189,16751999.11,14801377.03,18455.5823316708
"270701040000","FORT PLAIN CENTRAL SCHOOL DISTRICT","2020-21",699,127,2588984.25,20385.7027559055,16635365.95,14046381.7,20094.9666666667
"270701040000","FORT PLAIN CENTRAL SCHOOL DISTRICT","2021-22",698,134,1450519,10824.7686567164,17333842,15883323,22755.4770773639
"270701040000","FORT PLAIN CSD","2022-23",710,124,1444102.02,11645.9840322581,17852950.31,16408848.29,23111.0539295775
"270701040000","FORT PLAIN CENTRAL SCHOOL DISTRICT","2023-24",671,101,1343224.77,13299.2551485149,20459206.96,19115982.19,28488.7961102832
"270701040000","FORT PLAIN CSD","2024-25",655,104,1874066.97,18019.8747115385,21207213.05,19333146.08,29516.2535572519
"271201040000","OPPENHEIM-EPHRATAH-ST. JOHNSVILLE CSD","2018-19",709,113,5359065,47425.3539823009,16878833,11519768,16247.9097320169
"271201040000","OPPENHEIM-EPHRATAH-ST. JOHNSVILLE CSD","2019-20",719,126,2736009,21714.3571428571,15157179,12421170,17275.6189151599
"271201040000","OPPENHEIM-EPHRATAH-ST. JOHNSVILLE CSD","2020-21",728,121,2155696,17815.6694214876,13556090,11400394,15659.8818681319
"271201040000","OPPENHEIM-EPHRATAH-ST. JOHNSVILLE CSD","2021-22",742,114,2276745,19971.4473684211,15865440,13588695,18313.6051212938
"271201040000","OPPENHEIM-EPHRATAH-ST. JOHNSVILLE CS","2022-23",751,104,1784991,17163.375,15706373,13921382,18537.1264980027
"271201040000","OPPENHEIM-EPHRATAH-ST. JOHNSVILLE CSD","2023-24",718,101,2624167,25981.8514851485,19321217,16697050,23254.9442896936
"271201040000","OPPENHEIM-EPHRATAH-ST. JOHNSVILLE CS","2024-25",695,112,3484687.5,31113.28125,20824087.01,17339399.51,24948.7762733813
"280100010000","GLEN COVE CITY SCHOOL DISTRICT","2018-19",3198,599,7306095.15,12197.1538397329,70620285.75,63314190.6,19798.0583489681
"280100010000","GLEN COVE CITY SCHOOL DISTRICT","2019-20",3198,575,7360431.18,12800.7498782609,72978203.19,65617772.01,20518.377739212
"280100010000","GLEN COVE CITY SCHOOL DISTRICT","2020-21",3072,561,7529482.03,13421.5365953654,74223299.73,66693817.7,21710.2271158854
"280100010000","GLEN COVE CITY SCHOOL DISTRICT","2021-22",3085,565,8505564,15054.0955752212,77571441,69065877,22387.6424635332
"280100010000","GLEN COVE CITY SD","2022-23",3121,576,8514187.87,14781.5761631944,79726417.57,71212229.7,22817.1194168536
"280100010000","GLEN COVE CITY SCHOOL DISTRICT","2023-24",3178,606,13159333.34,21715.0715181518,93448620.43,80289287.09,25264.0928539962
"280100010000","GLEN COVE CITY SD","2024-25",3136,630,8618705.94,13680.4856190476,95972527.28,87353821.34,27855.1726211735
"280201030000","HEMPSTEAD UNION FREE SCHOOL DISTRICT","2018-19",7273,716,14203689.47,19837.5551256983,155375338.85,141171649.38,19410.3739007287
"280201030000","HEMPSTEAD UNION FREE SCHOOL DISTRICT","2019-20",7114,763,13838188.04,18136.5505111402,152877702.36,139039514.32,19544.491751476
"280201030000","HEMPSTEAD UNION FREE SCHOOL DISTRICT","2020-21",6341,644,43450392.66,67469.5538198758,140657651.79,97207259.13,15329.957282763
"280201030000","HEMPSTEAD UNION FREE SCHOOL DISTRICT","2021-22",6119,648,46277584,71416.024691358,158599482,112321898,18356.2506945579
"280201030000","HEMPSTEAD UFSD","2022-23",5710,632,48973339.31,77489.4609335443,167042806.21,118069466.9,20677.6649562172
"280201030000","HEMPSTEAD UNION FREE SCHOOL DISTRICT","2023-24",6020,727,19885277.35,27352.5135488308,199638648.21,179753370.86,29859.3639302326
"280201030000","HEMPSTEAD UFSD","2024-25",5322,750,21950028.19,29266.7042533333,193933459.86,171983431.67,32315.5640116498
"280202030000","UNIONDALE UNION FREE SCHOOL DISTRICT","2018-19",7208,787,24002671.02,30498.9466581957,181823186.78,157820515.76,21895.18809101
"280202030000","UNIONDALE UNION FREE SCHOOL DISTRICT","2019-20",7015,869,23204199.14,26702.1854315305,170137401.77,146933202.63,20945.5741454027
"280202030000","UNIONDALE UNION FREE SCHOOL DISTRICT","2020-21",6523,848,23756937.85,28015.2568985849,188181244.53,164424306.68,25206.8536992182
"280202030000","UNIONDALE UNION FREE SCHOOL DISTRICT","2021-22",6248,850,13034273,15334.4388235294,182139769,169105496,27065.5403329065
"280202030000","UNIONDALE UFSD","2022-23",6031,848,13063237.47,15404.7611674528,191884184.86,178820947.39,29650.2980252031
"280202030000","UNIONDALE UNION FREE SCHOOL DISTRICT","2023-24",6032,932,17088499.3,18335.2996781116,225778687.4,208690188.1,34597.1797248011
"280202030000","UNIONDALE UFSD","2024-25",5987,980,13188423.5,13457.575,228117654.7,214929231.2,35899.3203941874
"280203030000","EAST MEADOW UNION FREE SCHOOL DISTRICT","2018-19",7136,874,21786913,24927.8180778032,185783578,163996665,22981.5954316144
"280203030000","EAST MEADOW UNION FREE SCHOOL DISTRICT","2019-20",7240,879,21963000,24986.3481228669,180673229,158710229,21921.3023480663
"280203030000","EAST MEADOW UNION FREE SCHOOL DISTRICT","2020-21",7244,855,23538602,27530.5286549708,186529683,162991081,22500.1492269464
"280203030000","EAST MEADOW UNION FREE SCHOOL DISTRICT","2021-22",7398,925,24346493,26320.532972973,193464839,169118346,22860.0089213301
"280203030000","EAST MEADOW UFSD","2022-23",7646,956,28802885,30128.5407949791,212901880,184098995,24077.8178132357
"280203030000","EAST MEADOW UNION FREE SCHOOL DISTRICT","2023-24",8055,1018,38251871,37575.5117878193,239288634,201036763,24958.009062694
"280203030000","EAST MEADOW UFSD","2024-25",7783,1070,40292833,37656.853271028,248717220,208424387,26779.4407040987
"280204020000","NORTH BELLMORE UNION FREE SCHOOL DISTRICT","2018-19",2116,434,7318356.24,16862.5719815668,46214300.66,38895944.42,18381.8262854442
"280204020000","NORTH BELLMORE UNION FREE SCHOOL DISTRICT","2019-20",2020,414,7521673.77,18168.2941304348,45715340.92,38193667.15,18907.7560148515
"280204020000","NORTH BELLMORE UNION FREE SCHOOL DISTRICT","2020-21",2041,415,7718726.11,18599.3400240964,46721334.67,39002608.56,19109.5583341499
"280204020000","NORTH BELLMORE UNION FREE SCHOOL DISTRICT","2021-22",2039,373,8389113,22490.9195710456,50904877,42515764,20851.2820009809
"280204020000","NORTH BELLMORE UFSD","2022-23",2030,347,7949198,22908.3515850144,50912388,42963190,21164.1330049261
"280204020000","NORTH BELLMORE UNION FREE SCHOOL DISTRICT","2023-24",2282,379,10232121.36,26997.6816886544,57123406.51,46891285.15,20548.3282865907
"280204020000","NORTH BELLMORE UFSD","2024-25",2128,426,13865551,32548.2417840376,62486340,48620789,22848.1151315789
"280205030000","LEVITTOWN UNION FREE SCHOOL DISTRICT","2018-19",7138,869,30030753.95,34557.8296317606,171153791.85,141123037.9,19770.6693611656
"280205030000","LEVITTOWN UNION FREE SCHOOL DISTRICT","2019-20",7102,859,32663453.36,38024.9748079162,191418774.49,158755321.13,22353.6075936356
"280205030000","LEVITTOWN UNION FREE SCHOOL DISTRICT","2020-21",7086,873,30363081.68,34780.1622909507,188373765.39,158010683.71,22298.995725374
"280205030000","LEVITTOWN UNION FREE SCHOOL DISTRICT","2021-22",7055,920,28095239,30538.3032608696,186353671,158258432,22432.0952515946
"280205030000","LEVITTOWN UFSD","2022-23",7091,949,29979624,31590.7523709168,197871856,167892232,23676.8060922296
"280205030000","LEVITTOWN UNION FREE SCHOOL DISTRICT","2023-24",7412,1035,34161667,33006.4415458937,220312668,186151001,25114.8139503508
"280205030000","LEVITTOWN UFSD","2024-25",7061,1116,33919559.05,30393.8701164875,233799487.34,199879928.29,28307.5949992919
"280206030000","SEAFORD UNION FREE SCHOOL DISTRICT","2018-19",2256,369,6065566.02,16437.8482926829,58098187,52032620.98,23064.1050443262
"280206030000","SEAFORD UNION FREE SCHOOL DISTRICT","2019-20",2247,334,3801566,11381.9341317365,58681006,54879440,24423.4267912773
"280206030000","SEAFORD UNION FREE SCHOOL DISTRICT","2020-21",2185,326,8222805,25223.3282208589,59720330,51497525,23568.6613272311
"280206030000","SEAFORD UNION FREE SCHOOL DISTRICT","2021-22",2171,309,3275333,10599.783171521,62465513,59190180,27264.0165822202
"280206030000","SEAFORD UFSD","2022-23",2181,306,5183620.28,16939.9355555556,64853270.93,59669650.65,27358.8494497937
"280206030000","SEAFORD UNION FREE SCHOOL DISTRICT","2023-24",2174,311,8948273.43,28772.5833762058,73976835.72,65028562.29,29911.942175713
"280206030000","SEAFORD UFSD","2024-25",2184,334,6602404.67,19767.6786526946,77701860.87,71099456.2,32554.6960622711
"280207020000","BELLMORE UNION FREE SCHOOL DISTRICT","2018-19",1049,140,3848130.45,27486.6460714286,30387306.75,26539176.3,25299.5007626311
"280207020000","BELLMORE UNION FREE SCHOOL DISTRICT","2019-20",1037,164,3915395.19,23874.3609146341,29223387.11,25307991.92,24405.0066730955
"280207020000","BELLMORE UNION FREE SCHOOL DISTRICT","2020-21",1027,182,5673599,31173.6208791209,30543413.94,24869814.94,24215.9833885102
"280207020000","BELLMORE UNION FREE SCHOOL DISTRICT","2021-22",1040,207,5512024,26628.1352657005,30923752,25411728,24434.3538461538
"280207020000","BELLMORE UFSD","2022-23",1082,218,6616792,30352.2568807339,32018737,25401945,23476.8438077634
"280207020000","BELLMORE UNION FREE SCHOOL DISTRICT","2023-24",1139,267,8046790.07,30137.7905243446,37795284.32,29748494.25,26118.0809920983
"280207020000","BELLMORE UFSD","2024-25",1135,273,7466079.4,27348.2761904762,37987815.85,30521736.45,26891.397753304
"280208030000","ROOSEVELT UNION FREE SCHOOL DISTRICT","2018-19",3362,450,26758672.88,59463.7175111111,78487616.3,51728943.42,15386.3603271862
"280208030000","ROOSEVELT UNION FREE SCHOOL DISTRICT","2019-20",3509,489,9050088.96,18507.3393865031,71234203.41,62184114.45,17721.3207324024
"280208030000","ROOSEVELT UNION FREE SCHOOL DISTRICT","2020-21",3307,437,13891036.13,31787.2680320366,73227451.64,59336415.51,17942.6717599032
"280208030000","ROOSEVELT UNION FREE SCHOOL DISTRICT","2021-22",3140,399,10478335,26261.4912280702,84501830,74023495,23574.3614649682
"280208030000","ROOSEVELT UFSD","2022-23",3076,377,11393941.94,30222.6576657825,91944742.31,80550800.37,26186.866180104
"280208030000","ROOSEVELT UNION FREE SCHOOL DISTRICT","2023-24",3044,408,16002618.21,39222.1034558824,110285503.47,94282885.26,30973.3525821288
"280208030000","ROOSEVELT UFSD","2024-25",3144,441,16477820.33,37364.6719501134,114099532.04,97621711.71,31050.1627576336
"280209030000","FREEPORT UNION FREE SCHOOL DISTRICT","2018-19",7049,984,22658161.77,23026.5871646341,157839545.65,135181383.88,19177.3845765357
"280209030000","FREEPORT UNION FREE SCHOOL DISTRICT","2019-20",6765,978,26194829.86,26784.0796114519,145344192.97,119149363.11,17612.618345898
"280209030000","FREEPORT UNION FREE SCHOOL DISTRICT","2020-21",6490,1008,24266797.53,24074.2038988095,144734133.87,120467336.34,18561.9932727273
"280209030000","FREEPORT UNION FREE SCHOOL DISTRICT","2021-22",6338,957,24293826,25385.3981191223,153823580,129529754,20437.007573367
"280209030000","FREEPORT UFSD","2022-23",6342,990,33324934.27,33661.5497676768,165131818.87,131806884.6,20783.1732261116
"280209030000","FREEPORT UNION FREE SCHOOL DISTRICT","2023-24",6449,1005,22814501.66,22700.9966766169,195867523.35,173053021.69,26834.0861668476
"280209030000","FREEPORT UFSD","2024-25",6125,1019,18674693.83,18326.4905103042,214684612.86,196009919.03,32001.6194334694
"280210030000","BALDWIN UNION FREE SCHOOL DISTRICT","2018-19",4509,786,14331070.47,18232.9140839695,109701998.44,95370927.97,21151.2370747394
"280210030000","BALDWIN UNION FREE SCHOOL DISTRICT","2019-20",4477,772,16138591.63,20904.9114378238,107707820.28,91569228.65,20453.2563435336
"280210030000","BALDWIN UNION FREE SCHOOL DISTRICT","2020-21",4433,769,15967856.8,20764.4431729519,108879365.15,92911508.35,20959.0589555606
"280210030000","BALDWIN UNION FREE SCHOOL DISTRICT","2021-22",4368,773,16357122,21160.5717981889,112748623,96391501,22067.6513278388
"280210030000","BALDWIN UFSD","2022-23",4357,765,17095879,22347.554248366,119823998,102728119,23577.7183842093
"280210030000","BALDWIN UNION FREE SCHOOL DISTRICT","2023-24",4470,772,17672874,22892.3238341969,137437241,119764367,26792.9232662192
"280210030000","BALDWIN UFSD","2024-25",4309,819,18444658,22520.9499389499,139322813,120878155,28052.4843351126
"280211030000","OCEANSIDE UNION FREE SCHOOL DISTRICT","2018-19",5507,668,14896312.43,22299.8689071856,131060950.56,116164638.13,21093.9963918649
"280211030000","OCEANSIDE UNION FREE SCHOOL DISTRICT","2019-20",5506,678,14842572.16,21891.6993510325,124080110.37,109237538.21,19839.7272448238
"280211030000","OCEANSIDE UNION FREE SCHOOL DISTRICT","2020-21",5435,679,15219050.9,22413.9188512518,137620738.19,122401687.29,22521.0096209752
"280211030000","OCEANSIDE UNION FREE SCHOOL DISTRICT","2021-22",5491,703,16079584,22872.8079658606,137907150,121827566,22186.7721726461
"280211030000","OCEANSIDE UFSD","2022-23",5479,749,16224502.46,21661.5520160214,143271712.63,127047210.17,23188.0288684066
"280211030000","OCEANSIDE UNION FREE SCHOOL DISTRICT","2023-24",5513,873,5781718,6622.81557846506,157830568.88,152048850.88,27580.0563903501
"280211030000","OCEANSIDE UFSD","2024-25",5465,927,0,0,162194384.43,162194384.43,29678.7528691674
"280212030000","MALVERNE UNION FREE SCHOOL DISTRICT","2018-19",1728,264,8066003.46,30553.0434090909,49148871.67,41082868.21,23774.8079918981
"280212030000","MALVERNE UNION FREE SCHOOL DISTRICT","2019-20",1724,275,8146288.04,29622.8656,48394680.71,40248392.67,23345.9354234339
"280212030000","MALVERNE UNION FREE SCHOOL DISTRICT","2020-21",1699,255,4283184.68,16796.8026666667,45896037.44,41612852.76,24492.5560682755
"280212030000","MALVERNE UNION FREE SCHOOL DISTRICT","2021-22",1725,253,4512890,17837.5098814229,49823333,45310443,26266.9234782609
"280212030000","MALVERNE UFSD","2022-23",1797,264,4875380.82,18467.3515909091,51206188.02,46330807.2,25782.3078464107
"280212030000","MALVERNE UNION FREE SCHOOL DISTRICT","2023-24",1853,273,3708585.67,13584.5628937729,59557340.87,55848755.2,30139.6412304371
"280212030000","MALVERNE UFSD","2024-25",1801,271,4086388.86,15078.9256826568,62164961.18,58078572.32,32247.9579789006
"280213020000","VALLEY STREAM 13 UNION FREE SCHOOL DISTRICT","2018-19",1992,279,8246482.91,29557.2864157706,43086798.46,34840315.55,17490.118247992
"280213020000","VALLEY STREAM 13 UNION FREE SCHOOL DISTRICT","2019-20",1963,289,9190320.73,31800.4177508651,42854838.7,33664517.97,17149.5252012226
"280213020000","VALLEY STREAM 13 UNION FREE SCHOOL DISTRICT","2020-21",1872,268,11231227.99,41907.5671268657,45933925.67,34702697.68,18537.7658547009
"280213020000","VALLEY STREAM 13 UNION FREE SCHOOL DISTRICT","2021-22",1924,270,11559467,42812.8407407407,49339204,37779737,19636.0379417879
"280213020000","VALLEY STREAM 13 UFSD","2022-23",2005,295,10805794,36629.8101694915,50754321,39948527,19924.4523690773
"280213020000","VALLEY STREAM 13 UNION FREE SCHOOL DISTRICT","2023-24",2032,360,12183973,33844.3694444444,57117065,44933092,22112.7421259843
"280213020000","VALLEY STREAM 13 UFSD","2024-25",2054,409,14321177.54,35015.1040097799,58183903.07,43862725.53,21354.7836075949
"280214030000","HEWLETT-WOODMERE UNION FREE SCHOOL DISTRICT","2018-19",2996,415,14732809,35500.7445783132,97211434,82478625,27529.5811081442
"280214030000","HEWLETT-WOODMERE UNION FREE SCHOOL DISTRICT","2019-20",2958,417,25420944,60961.4964028777,96752618,71331674,24114.8323191346
"280214030000","HEWLETT-WOODMERE UNION FREE SCHOOL DISTRICT","2020-21",2919,454,12520637,27578.4955947137,99932805,87412168,29945.9294278863
"280214030000","HEWLETT-WOODMERE UNION FREE SCHOOL DISTRICT","2021-22",2802,465,12503116,26888.4215053763,102609874,90106758,32158.0149892934
"280214030000","HEWLETT-WOODMERE UFSD","2022-23",2862,486,13523487,27826.1049382716,105072754,91549267,31987.8640810622
"280214030000","HEWLETT-WOODMERE UNION FREE SCHOOL DISTRICT","2023-24",2802,546,21510617.81,39396.7359157509,118405705.7,96895087.89,34580.6880406852
"280214030000","HEWLETT-WOODMERE UFSD","2024-25",2743,548,23794354.15,43420.3542883212,132831238.33,109036884.18,39750.9603281079
"280215030000","LAWRENCE UNION FREE SCHOOL DISTRICT","2018-19",2578,421,11003533.55,26136.659263658,71342818.68,60339285.13,23405.4635880528
"280215030000","LAWRENCE UNION FREE SCHOOL DISTRICT","2019-20",2446,422,10746471.44,25465.5721327014,67803917.89,57057446.45,23326.8382869992
"280215030000","LAWRENCE UNION FREE SCHOOL DISTRICT","2020-21",2336,411,12296134.35,29917.6018248175,66784291.67,54488157.32,23325.4098116438
"280215030000","LAWRENCE UNION FREE SCHOOL DISTRICT","2021-22",2260,396,12241167,30912.0378787879,67766973,55525806,24568.9407079646
"280215030000","LAWRENCE UFSD","2022-23",2262,380,13171445.25,34661.6980263158,69025057.38,55853612.13,24692.1362201591
"280215030000","LAWRENCE UNION FREE SCHOOL DISTRICT","2023-24",2427,361,20687544,57306.216066482,99598363,78910819,32513.7284713638
"280215030000","LAWRENCE UFSD","2024-25",2155,362,0,0,101935426,101935426,47301.8218097448
"280216020000","ELMONT UNION FREE SCHOOL DISTRICT","2018-19",3657,401,17023017,42451.4139650873,74904981,57881964,15827.7178014766
"280216020000","ELMONT UNION FREE SCHOOL DISTRICT","2019-20",3538,413,16677366,40381.0314769976,76015392,59338026,16771.6297343132
"280216020000","ELMONT UNION FREE SCHOOL DISTRICT","2020-21",3402,386,14974331,38793.603626943,75024094,60049763,17651.3118753674
"280216020000","ELMONT UNION FREE SCHOOL DISTRICT","2021-22",3349,411,17284493,42054.7274939173,80057627,62773134,18743.8441325769
"280216020000","ELMONT UFSD","2022-23",3353,456,19336285,42404.1337719298,84583552,65247267,19459.3698180734
"280216020000","ELMONT UNION FREE SCHOOL DISTRICT","2023-24",3362,563,25649700,45558.9698046181,98384711,72735011,21634.4470553242
"280216020000","ELMONT UFSD","2024-25",3386,637,29660863,46563.3642072213,100447073,70786210,20905.555227407
"280217020000","FRANKLIN SQUARE UNION FREE SCHOOL DISTRICT","2018-19",2058,280,4210517.26,15037.5616428571,32365460.98,28154943.72,13680.7306705539
"280217020000","FRANKLIN SQUARE UNION FREE SCHOOL DISTRICT","2019-20",1987,269,4777176.54,17759.0205947955,33296241.91,28519065.37,14352.8260543533
"280217020000","FRANKLIN SQUARE UNION FREE SCHOOL DISTRICT","2020-21",1984,261,4354727,16684.7777777778,34348532,29993805,15117.8452620968
"280217020000","FRANKLIN SQUARE UNION FREE SCHOOL DISTRICT","2021-22",1955,255,4987045,19557.0392156863,37683100,32696055,16724.3248081841
"280217020000","FRANKLIN SQUARE UFSD","2022-23",1924,266,5576938,20965.9323308271,40437531,34860593,18118.8113305613
"280217020000","FRANKLIN SQUARE UNION FREE SCHOOL DISTRICT","2023-24",1938,315,8208748.7,26059.5196825397,47111441.94,38902693.24,20073.629122807
"280217020000","FRANKLIN SQUARE UFSD","2024-25",1859,339,10021074,29560.6902654867,48618864,38597790,20762.6627218935
"280218030000","GARDEN CITY UNION FREE SCHOOL DISTRICT","2018-19",3875,502,12541964.51,24983.9930478088,93294791.75,80752827.24,20839.4392877419
"280218030000","GARDEN CITY UNION FREE SCHOOL DISTRICT","2019-20",3939,501,14066217,28076.2814371257,92566599,78500382,19929.0129474486
"280218030000","GARDEN CITY UNION FREE SCHOOL DISTRICT","2020-21",3914,552,14422842,26128.3369565217,96492170.01,82069328.01,20968.1471665815
"280218030000","GARDEN CITY UNION FREE SCHOOL DISTRICT","2021-22",3928,527,15252482,28942.0910815939,101643862,86391380,21993.7321792261
"280218030000","GARDEN CITY UFSD","2022-23",3918,517,15629984,30232.0773694391,105373366,89743382,22905.4063297601
"280218030000","GARDEN CITY UNION FREE SCHOOL DISTRICT","2023-24",3975,522,17730425.69,33966.3327394636,114180953.7,96450528.01,24264.2837761006
"280218030000","GARDEN CITY UFSD","2024-25",3931,546,18360739.38,33627.7278021978,118252743.59,99892004.21,25411.3467845332
"280219030000","EAST ROCKAWAY UNION FREE SCHOOL DISTRICT","2018-19",1156,147,4624664.98,31460.3059863946,32908130.33,28283465.35,24466.6655276817
"280219030000","EAST ROCKAWAY UNION FREE SCHOOL DISTRICT","2019-20",1173,143,3742632,26172.2517482517,32252593.88,28509961.88,24305.1678431373
"280219030000","EAST ROCKAWAY UNION FREE SCHOOL DISTRICT","2020-21",1125,146,4076416,27920.6575342466,33062513,28986097,25765.4195555556
"280219030000","EAST ROCKAWAY UNION FREE SCHOOL DISTRICT","2021-22",1119,164,4378633,26698.9817073171,35652211,31273578,27947.7908847185
"280219030000","EAST ROCKAWAY UFSD","2022-23",1151,186,5095703,27396.252688172,36894916.31,31799213.31,27627.4659513467
"280219030000","EAST ROCKAWAY UNION FREE SCHOOL DISTRICT","2023-24",1181,198,7139223.55,36056.6845959596,40663893.52,33524669.97,28386.6807535986
"280219030000","EAST ROCKAWAY UFSD","2024-25",1126,218,8378703.32,38434.4188990826,42542769.83,34164066.51,30341.0892628774
"280220030000","LYNBROOK UNION FREE SCHOOL DISTRICT","2018-19",2807,413,10404060,25191.4285714286,74022923,63618863,22664.36159601
"280220030000","LYNBROOK UNION FREE SCHOOL DISTRICT","2019-20",2787,418,9136744,21858.2392344498,73568223,64431479,23118.5787585217
"280220030000","LYNBROOK UNION FREE SCHOOL DISTRICT","2020-21",2759,434,12998703,29950.9285714286,76150866,63152163,22889.5117796303
"280220030000","LYNBROOK UNION FREE SCHOOL DISTRICT","2021-22",2725,415,10302712,24825.8120481928,78781386,68478674,25129.7886238532
"280220030000","LYNBROOK UFSD","2022-23",2746,440,10347044,23516.0090909091,84624900,74277856,27049.4741442098
"280220030000","LYNBROOK UNION FREE SCHOOL DISTRICT","2023-24",2831,449,16136091,35937.8418708241,108698176,92562085,32695.8972094666
"280220030000","LYNBROOK UFSD","2024-25",2725,472,16415332.22,34778.2462288136,99509719.79,83094387.57,30493.3532366973
"280221030000","ROCKVILLE CENTRE UNION FREE SCHOOL DISTRICT","2018-19",3576,507,16571997,32686.3846153846,99332959,82760962,23143.4457494407
"280221030000","ROCKVILLE CENTRE UNION FREE SCHOOL DISTRICT","2019-20",3579,516,14428896.51,27962.9777325581,105548117.99,91119221.48,25459.4080692931
"280221030000","ROCKVILLE CENTRE UNION FREE SCHOOL DISTRICT","2020-21",3501,520,20609269,39633.2096153846,105081352,84472083,24127.9871465296
"280221030000","ROCKVILLE CENTRE UNION FREE SCHOOL DISTRICT","2021-22",3453,549,15632235,28474.0163934426,112732375,97100140,28120.5154937735
"280221030000","ROCKVILLE CENTRE UFSD","2022-23",3382,508,20872407,41087.4153543307,118052470,97180063,28734.4952690716
"280221030000","ROCKVILLE CENTRE UNION FREE SCHOOL DISTRICT","2023-24",3397,519,22185470.1,42746.5705202312,126031641.19,103846171.09,30569.9649955843
"280221030000","ROCKVILLE CENTRE UFSD","2024-25",3276,536,22843061.12,42617.6513432836,130130545.65,107287484.53,32749.5374023199
"280222020000","FLORAL PARK-BELLEROSE UNION FREE SCHOOL DISTRICT","2018-19",1563,200,3581238.36,17906.1918,25876627.35,22295388.99,14264.484318618
"280222020000","FLORAL PARK-BELLEROSE UNION FREE SCHOOL DISTRICT","2019-20",1482,238,3144398.72,13211.7593277311,26466211.07,23321812.35,15736.71548583
"280222020000","FLORAL PARK-BELLEROSE UNION FREE SCHOOL DISTRICT","2020-21",1518,231,1556133.83,6736.51008658009,26967774.79,25411640.96,16740.2114361001
"280222020000","FLORAL PARK-BELLEROSE UNION FREE SCHOOL DISTRICT","2021-22",1595,237,3667152,15473.2151898734,27862967,24195815,15169.789968652
"280222020000","FLORAL PARK-BELLEROSE UFSD","2022-23",1598,252,5498618.66,21819.9153174603,30725738.44,25227119.78,15786.6832165207
"280222020000","FLORAL PARK-BELLEROSE UNION FREE SCHOOL DISTRICT","2023-24",1568,291,6381793,21930.560137457,34228745,27846952,17759.5357142857
"280222020000","FLORAL PARK-BELLEROSE UFSD","2024-25",1580,307,7317333,23834.9609120521,35792910,28475577,18022.5170886076
"280223030000","WANTAGH UNION FREE SCHOOL DISTRICT","2018-19",2790,381,7889079,20706.2440944882,67822431,59933352,21481.488172043
"280223030000","WANTAGH UNION FREE SCHOOL DISTRICT","2019-20",2770,371,8618832.66,23231.3548787062,68748618,60129785.34,21707.503732852
"280223030000","WANTAGH UNION FREE SCHOOL DISTRICT","2020-21",2755,375,9413365,25102.3066666667,69829219,60415854,21929.5295825771
"280223030000","WANTAGH UNION FREE SCHOOL DISTRICT","2021-22",2803,414,8782321,21213.3357487923,70409961,61627640,21986.3146628612
"280223030000","WANTAGH UFSD","2022-23",2869,435,10259124,23584.1931034483,74981200,64722076,22559.1063088184
"280223030000","WANTAGH UNION FREE SCHOOL DISTRICT","2023-24",2857,484,13013027.88,26886.4212396694,85239935.03,72226907.15,25280.6815365768
"280223030000","WANTAGH UFSD","2024-25",2854,499,14154337.75,28365.4063126253,88064528.08,73910190.33,25897.0533742116
"280224020000","VALLEY STREAM 24 UNION FREE SCHOOL DISTRICT","2018-19",1079,112,3783819.37,33784.1015178571,26224646.04,22440826.67,20797.8004355885
"280224020000","VALLEY STREAM 24 UNION FREE SCHOOL DISTRICT","2019-20",1097,112,4057053.76,36223.6942857143,26316473.78,22259420.02,20291.175952598
"280224020000","VALLEY STREAM 24 UNION FREE SCHOOL DISTRICT","2020-21",1044,101,3650603,36144.5841584158,26633930.65,22983327.65,22014.6816570881
"280224020000","VALLEY STREAM 24 UNION FREE SCHOOL DISTRICT","2021-22",1013,102,3767418,36935.4705882353,29354451,25587033,25258.6702862784
"280224020000","VALLEY STREAM 24 UFSD","2022-23",1022,121,4008744,33130.1157024793,29641719.59,25632975.59,25081.1894227006
"280224020000","VALLEY STREAM 24 UNION FREE SCHOOL DISTRICT","2023-24",1117,130,5576986.24,42899.8941538462,32936134.03,27359147.79,24493.4178961504
"280224020000","VALLEY STREAM 24 UFSD","2024-25",1036,156,8438207.94,54091.0765384615,38231079.99,29792872.05,28757.598503861
"280225020000","MERRICK UNION FREE SCHOOL DISTRICT","2018-19",1494,215,6426281.34,29889.6806511628,44501190.14,38074908.8,25485.2133868809
"280225020000","MERRICK UNION FREE SCHOOL DISTRICT","2019-20",1510,208,6499559.5,31247.8822115385,44476090.92,37976531.42,25150.020807947
"280225020000","MERRICK UNION FREE SCHOOL DISTRICT","2020-21",1531,213,6612884.15,31046.4044600939,48427966.18,41815082.03,27312.2678184193
"280225020000","MERRICK UNION FREE SCHOOL DISTRICT","2021-22",1543,220,7656347,34801.5772727273,47806972,40150625,26021.1438755671
"280225020000","MERRICK UFSD","2022-23",1663,223,7609254.22,34122.2162331839,49389020.62,41779766.4,25123.1307276007
"280225020000","MERRICK UNION FREE SCHOOL DISTRICT","2023-24",1701,238,8058587.87,33859.6128991597,52735354.35,44676766.48,26265.0008700764
"280225020000","MERRICK UFSD","2024-25",1698,260,8692820.11,33433.9235,55835230.78,47142410.67,27763.4927385159
"280226030000","ISLAND TREES UNION FREE SCHOOL DISTRICT","2018-19",2187,236,7590977,32165.156779661,53951407,46360430,21198.1847279378
"280226030000","ISLAND TREES UNION FREE SCHOOL DISTRICT","2019-20",2238,233,7075898,30368.660944206,53733062,46657164,20847.7050938338
"280226030000","ISLAND TREES UNION FREE SCHOOL DISTRICT","2020-21",2161,219,6977779,31862.00456621,55345552,48367773,22382.1254049051
"280226030000","ISLAND TREES UNION FREE SCHOOL DISTRICT","2021-22",2185,220,7064955,32113.4318181818,57781805,50716850,23211.3729977117
"280226030000","ISLAND TREES UFSD","2022-23",2182,200,7418543,37092.715,60210307,52791764,24194.2089825848
"280226030000","ISLAND TREES UNION FREE SCHOOL DISTRICT","2023-24",2360,214,11276474,52693.8037383178,70067353,58790879,24911.3894067797
"280226030000","ISLAND TREES UFSD","2024-25",2261,224,11774203.91,52563.4103125,73603713.89,61829509.98,27346.0902167183
"280227030000","WEST HEMPSTEAD UNION FREE SCHOOL DISTRICT","2018-19",1795,322,8484587.28,26349.6499378882,51198700.38,42714113.1,23796.1632869081
"280227030000","WEST HEMPSTEAD UNION FREE SCHOOL DISTRICT","2019-20",1759,326,5781352.1,17734.2088957055,48607661.82,42826309.72,24346.9640250142
"280227030000","WEST HEMPSTEAD UNION FREE SCHOOL DISTRICT","2020-21",1693,331,5978800.75,18062.8421450151,49140818.52,43162017.77,25494.3991553455
"280227030000","WEST HEMPSTEAD UNION FREE SCHOOL DISTRICT","2021-22",1635,328,6762499,20617.375,52194896,45432397,27787.3987767584
"280227030000","WEST HEMPSTEAD UFSD","2022-23",1548,317,1125844,3551.55835962145,58255762,57129918,36905.6317829457
"280227030000","WEST HEMPSTEAD UNION FREE SCHOOL DISTRICT","2023-24",1658,321,12458835.37,38812.5712461059,71705718.95,59246883.58,35733.9466706876
"280227030000","WEST HEMPSTEAD UFSD","2024-25",1596,309,16167586,52322.284789644,71406625,55239039,34610.9266917293
"280229020000","NORTH MERRICK UNION FREE SCHOOL DISTRICT","2018-19",1190,186,5124058.71,27548.7027419355,30134304.7,25010245.99,21017.0134369748
"280229020000","NORTH MERRICK UNION FREE SCHOOL DISTRICT","2019-20",1188,199,5454507.97,27409.5877889447,30159450.96,24704942.99,20795.4065572391
"280229020000","NORTH MERRICK UNION FREE SCHOOL DISTRICT","2020-21",1179,210,5183079.57,24681.3312857143,31785740.7,26602661.13,22563.7498982188
"280229020000","NORTH MERRICK UNION FREE SCHOOL DISTRICT","2021-22",1201,218,5460699,25049.0779816514,31652430,26191731,21808.2689425479
"280229020000","NORTH MERRICK UFSD","2022-23",1213,218,5680653.65,26058.044266055,33570810.19,27890156.54,22992.7094311624
"280229020000","NORTH MERRICK UNION FREE SCHOOL DISTRICT","2023-24",1315,232,8381720.11,36128.1039224138,36797750.32,28416030.21,21609.1484486692
"280229020000","NORTH MERRICK UFSD","2024-25",1237,240,9766354.02,40693.14175,39597637.61,29831283.59,24115.831519806
"280230020000","VALLEY STREAM 30 UNION FREE SCHOOL DISTRICT","2018-19",1465,139,2710414.56,19499.385323741,31135633.15,28425218.59,19402.8795836177
"280230020000","VALLEY STREAM 30 UNION FREE SCHOOL DISTRICT","2019-20",1464,140,2085923.55,14899.4539285714,31740121.95,29654198.4,20255.6
"280230020000","VALLEY STREAM 30 UNION FREE SCHOOL DISTRICT","2020-21",1376,140,2704553.96,19318.2425714286,32443720,29739166.04,21612.7660174419
"280230020000","VALLEY STREAM 30 UNION FREE SCHOOL DISTRICT","2021-22",1433,139,3374338,24275.8129496403,36452918,33078580,23083.4473133287
"280230020000","VALLEY STREAM 30 UFSD","2022-23",1450,152,3539957.9,23289.1967105263,38446280.37,34906322.47,24073.3258413793
"280230020000","VALLEY STREAM 30 UNION FREE SCHOOL DISTRICT","2023-24",1469,170,3259150.18,19171.4716470588,39837956.41,36578806.23,24900.4807556161
"280230020000","VALLEY STREAM 30 UFSD","2024-25",1456,176,5373012,30528.4772727273,42140299,36767287,25252.2575549451
"280231020000","ISLAND PARK UNION FREE SCHOOL DISTRICT","2018-19",731,85,3161671.94,37196.1404705882,24595932.12,21434260.18,29321.8333515732
"280231020000","ISLAND PARK UNION FREE SCHOOL DISTRICT","2019-20",743,97,3194418.18,32932.146185567,23861156.48,20666738.3,27815.2601615074
"280231020000","ISLAND PARK UNION FREE SCHOOL DISTRICT","2020-21",703,86,3898713.61,45333.8791860465,23347759.91,19449046.3,27665.7842105263
"280231020000","ISLAND PARK UNION FREE SCHOOL DISTRICT","2021-22",690,89,4153802,46671.9325842697,22966006,18812204,27264.0637681159
"280231020000","ISLAND PARK UFSD","2022-23",686,90,2655670.77,29507.453,24397960.7,21742289.93,31694.3001895044
"280231020000","ISLAND PARK UNION FREE SCHOOL DISTRICT","2023-24",717,109,0,0,28540461.09,28540461.09,39805.3850627615
"280231020000","ISLAND PARK UFSD","2024-25",715,123,888052,7219.93495934959,29903481.9,29015429.9,40581.0208391608
"280251070000","VALLEY STREAM CENTRAL HIGH SCHOOL DISTRICT","2018-19",4558,673,17329130,25749.0787518574,98770566,81441436,17867.8007898201
"280251070000","VALLEY STREAM CENTRAL HIGH SCHOOL DISTRICT","2019-20",4542,642,10121741,15765.9517133956,101448619,91326878,20107.1946279172
"280251070000","VALLEY STREAM CENTRAL HIGH SCHOOL DISTRICT","2020-21",4645,674,16599001,24627.5979228487,101611296,85012295,18301.8934337998
"280251070000","VALLEY STREAM CENTRAL HIGH SCHOOL DISTRICT","2021-22",4662,648,10727780,16555.2160493827,108659891,97932111,21006.4588159588
"280251070000","VALLEY STREAM CENTRAL HS DISTRICT","2022-23",4588,630,11083782.44,17593.3054603175,117427159.84,106343377.4,23178.5914123801
"280251070000","VALLEY STREAM CENTRAL HIGH SCHOOL DISTRICT","2023-24",4593,601,16466056.86,27397.7651580699,144701499.66,128235442.8,27919.7567602874
"280251070000","VALLEY STREAM CENTRAL HS DISTRICT","2024-25",4547,612,27956026.57,45679.7819771242,154083137.6,126127111.03,27738.5333252694
"280252070000","SEWANHAKA CENTRAL HIGH SCHOOL DISTRICT","2018-19",8141,1057,52941421.18,50086.4911825922,170620832.37,117679411.19,14455.1543041395
"280252070000","SEWANHAKA CENTRAL HIGH SCHOOL DISTRICT","2019-20",8140,1013,26400159.67,26061.361964462,165556332.4,139156172.73,17095.3529152334
"280252070000","SEWANHAKA CENTRAL HIGH SCHOOL DISTRICT","2020-21",8003,980,23724845,24209.0255102041,174591943,150867098,18851.3180057478
"280252070000","SEWANHAKA CENTRAL HIGH SCHOOL DISTRICT","2021-22",7817,1030,22223445,21576.1601941748,183147473,160924028,20586.417807343
"280252070000","SEWANHAKA CENTRAL HS DISTRICT","2022-23",7770,1050,28929742.92,27552.1361142857,198228215.78,169298472.86,21788.7352458172
"280252070000","SEWANHAKA CENTRAL HIGH SCHOOL DISTRICT","2023-24",7755,1075,26007623,24193.1376744186,208380991,182373368,23516.875306254
"280252070000","SEWANHAKA CENTRAL HS DISTRICT","2024-25",7728,1080,29630500.2,27435.6483333333,223937794.84,194307294.64,25143.2834679089
"280253070000","BELLMORE-MERRICK CENTRAL HIGH SCHOOL DISTRICT","2018-19",5276,788,14310967,18161.1256345178,135447143,121136176,22959.8514025777
"280253070000","BELLMORE-MERRICK CENTRAL HIGH SCHOOL DISTRICT","2019-20",5272,792,18299227,23105.0845959596,133979860,115680633,21942.4569423369
"280253070000","BELLMORE-MERRICK CENTRAL HIGH SCHOOL DISTRICT","2020-21",5183,798,19521277,24462.7531328321,138058975,118537698,22870.4800308702
"280253070000","BELLMORE-MERRICK CENTRAL HIGH SCHOOL DISTRICT","2021-22",5141,837,20590457,24600.3070489845,142633838,122043381,23739.2299163587
"280253070000","BELLMORE-MERRICK CENTRAL HS DISTRICT","2022-23",5200,890,18641066,20945.0179775281,149385172,130744106,25143.0973076923
"280253070000","BELLMORE-MERRICK CENTRAL HIGH SCHOOL DISTRICT","2023-24",5222,920,30783795,33460.6467391304,173016139,142232344,27237.1397931827
"280253070000","BELLMORE-MERRICK CENTRAL HS DISTRICT","2024-25",5284,942,32341239.55,34332.5260615711,180267508.53,147926268.98,27995.1303898562
"280300010000","LONG BEACH CITY SCHOOL DISTRICT","2018-19",3796,551,16879291.23,30633.9223774955,118031070.41,101151779.18,26646.9386670179
"280300010000","LONG BEACH CITY SCHOOL DISTRICT","2019-20",3793,556,17907168.06,32207.1367985611,118932357.78,101025189.72,26634.6400527287
"280300010000","LONG BEACH CITY SCHOOL DISTRICT","2020-21",3654,505,18543128.75,36719.0668316832,118089634.8,99546506.05,27243.1598385331
"280300010000","LONG BEACH CITY SCHOOL DISTRICT","2021-22",3567,538,15759589,29292.9163568773,118544051,102784462,28815.3804317354
"280300010000","LONG BEACH CITY SD","2022-23",3528,543,14735860.53,27137.8646961326,123818909.12,109083048.59,30919.2314597506
"280300010000","LONG BEACH CITY SCHOOL DISTRICT","2023-24",3531,568,16500946.6,29050.9623239437,136658272.19,120157325.59,34029.2624157462
"280300010000","LONG BEACH CITY SD","2024-25",3457,589,15219404.88,25839.3970797963,140385194.11,125165789.23,36206.4764911773
"280401030000","WESTBURY UNION FREE SCHOOL DISTRICT","2019-20",5193,482,22726853.91,47151.1491908714,125154404.87,102427550.96,19724.1577046024
"280401030000","WESTBURY UNION FREE SCHOOL DISTRICT","2020-21",4831,435,23187767.5,53305.2126436782,127762522.96,104574755.46,21646.6063879114
"280401030000","WESTBURY UNION FREE SCHOOL DISTRICT","2021-22",4793,479,22939132,47889.6283924843,123138444,100199312,20905.3436261214
"280401030000","WESTBURY UFSD","2022-23",4589,486,14827786.17,30509.8480864198,139886783.87,125058997.7,27251.9062322946
"280401030000","WESTBURY UNION FREE SCHOOL DISTRICT","2023-24",4559,546,33119676.92,60658.7489377289,172112965.61,138993288.69,30487.6702544418
"280401030000","WESTBURY UFSD","2024-25",4479,575,35816822.52,62290.1261217391,177109104.41,141292281.89,31545.4971846394
"280402030000","EAST WILLISTON UNION FREE SCHOOL DISTRICT","2018-19",1694,207,6006395,29016.4009661836,51805136,45798741,27035.8565525384
"280402030000","EAST WILLISTON UNION FREE SCHOOL DISTRICT","2019-20",1722,202,7650020,37871.3861386139,51487107,43837087,25457.0772357724
"280402030000","EAST WILLISTON UNION FREE SCHOOL DISTRICT","2020-21",1649,203,7583900,37359.1133004926,55445804,47861904,29024.8053365676
"280402030000","EAST WILLISTON UNION FREE SCHOOL DISTRICT","2021-22",1620,199,8266073,41538.0552763819,55686595,47420522,29271.9271604938
"280402030000","EAST WILLISTON UFSD","2022-23",1594,210,9404933,44785.3952380952,57750197.76,48345264.76,30329.5261982434
"280402030000","EAST WILLISTON UNION FREE SCHOOL DISTRICT","2023-24",1638,224,10320141.78,46072.0615178571,66287789.62,55967647.84,34168.2831746032
"280402030000","EAST WILLISTON UFSD","2024-25",1571,232,10658740.7,45942.8478448276,67643190.82,56984450.12,36272.7244557607
"280403030000","ROSLYN UNION FREE SCHOOL DISTRICT","2018-19",3172,321,9285650.35,28927.2596573209,94745283.92,85459633.57,26941.8769136192
"280403030000","ROSLYN UNION FREE SCHOOL DISTRICT","2019-20",3213,320,9771478.96,30535.87175,93760799.05,83989320.09,26140.4668814192
"280403030000","ROSLYN UNION FREE SCHOOL DISTRICT","2020-21",3192,309,10367074,33550.4012944984,95755752,85388678,26750.8389724311
"280403030000","ROSLYN UNION FREE SCHOOL DISTRICT","2021-22",3313,324,10808280,33358.8888888889,98180420,87372140,26372.5143374585
"280403030000","ROSLYN UFSD","2022-23",3295,316,10638689.22,33666.7380379747,101428354.85,90789665.63,27553.7680212443
"280403030000","ROSLYN UNION FREE SCHOOL DISTRICT","2023-24",3355,336,12892540.76,38370.6570238095,111207630,98315089.24,29304.0504441133
"280403030000","ROSLYN UFSD","2024-25",3329,353,12556295.79,35570.2430311615,115307088.74,102750792.95,30865.3628567137
"280404030000","PORT WASHINGTON UNION FREE SCHOOL DISTRICT","2018-19",5531,836,15043813.17,17994.9918301435,137698649.78,122654836.61,22175.8880148255
"280404030000","PORT WASHINGTON UNION FREE SCHOOL DISTRICT","2019-20",5436,826,14953889,18103.9818401937,137699475,122745586,22580.129874908
"280404030000","PORT WASHINGTON UNION FREE SCHOOL DISTRICT","2020-21",5259,823,17137323,20822.992709599,144483432,127346109,24214.890473474
"280404030000","PORT WASHINGTON UNION FREE SCHOOL DISTRICT","2021-22",5211,807,16751128,20757.2837670384,143048916,126297788,24236.7660717713
"280404030000","PORT WASHINGTON UFSD","2022-23",5253,823,17515259.16,21282.2104009721,151973896.36,134458637.2,25596.542394822
"280404030000","PORT WASHINGTON UNION FREE SCHOOL DISTRICT","2023-24",5277,838,20588287.5,24568.3621718377,171934560.63,151346273.13,28680.3625412166
"280404030000","PORT WASHINGTON UFSD","2024-25",5298,869,12662983.06,14571.9022554661,174745506.04,162082522.98,30593.1526953567
"280405020000","NEW HYDE PARK-GARDEN CITY PARK UNION FREE SCHOOL DISTRICT","2018-19",1756,186,4073461.79,21900.3322043011,34468650.74,30395188.95,17309.3331150342
"280405020000","NEW HYDE PARK-GARDEN CITY PARK UNION FREE SCHOOL DISTRICT","2019-20",1784,195,4128118,21169.8358974359,34848120,30720002,17219.7320627803
"280405020000","NEW HYDE PARK-GARDEN CITY PARK UNION FREE SCHOOL DISTRICT","2020-21",1667,194,4095417.11,21110.3974742268,35688416.35,31592999.24,18952.0091421716
"280405020000","NEW HYDE PARK-GARDEN CITY PARK UNION FREE SCHOOL DISTRICT","2021-22",1630,198,4513259,22794.2373737374,35100690,30587431,18765.2950920245
"280405020000","NEW HYDE PARK-GARDEN CITY PARK UFSD","2022-23",1648,217,4889040,22530.1382488479,39477918,34588878,20988.3968446602
"280405020000","NEW HYDE PARK-GARDEN CITY PARK UNION FREE SCHOOL DISTRICT","2023-24",1606,228,5618550,24642.7631578947,43246699,37628149,23429.7316313823
"280405020000","NEW HYDE PARK-GARDEN CITY PARK UFSD","2024-25",1551,242,6186851.08,25565.5003305785,45711745.98,39524894.9,25483.4912314636
"280406030000","MANHASSET UNION FREE SCHOOL DISTRICT","2018-19",3220,385,11412112,29641.8493506494,81194709,69782597,21671.6139751553
"280406030000","MANHASSET UNION FREE SCHOOL DISTRICT","2019-20",3163,362,11577491,31982.0193370166,81147956.42,69570465.42,21995.0886563389
"280406030000","MANHASSET UNION FREE SCHOOL DISTRICT","2020-21",3025,355,609212,1716.09014084507,87246828,86637616,28640.534214876
"280406030000","MANHASSET UNION FREE SCHOOL DISTRICT","2021-22",3009,351,737760,2101.88034188034,86946363,86208603,28650.2502492522
"280406030000","MANHASSET UFSD","2022-23",2996,364,735916,2021.74725274725,90252534,89516618,29878.7109479306
"280406030000","MANHASSET UNION FREE SCHOOL DISTRICT","2023-24",3015,373,16601005.99,44506.7184718499,103621758.68,87020752.69,28862.6045406302
"280406030000","MANHASSET UFSD","2024-25",3007,355,13577718.09,38247.0932112676,106643563.14,93065845.05,30949.7323079481
"280407030000","GREAT NECK UNION FREE SCHOOL DISTRICT","2018-19",6787,1072,91409922,85270.4496268657,207250998.97,115841076.97,17068.0826536025
"280407030000","GREAT NECK UNION FREE SCHOOL DISTRICT","2019-20",6824,1071,28225221.58,26354.0817740429,196411001.45,168185779.87,24646.2162763775
"280407030000","GREAT NECK UNION FREE SCHOOL DISTRICT","2020-21",6799,1069,31738564,29689.95696913,204935465,173196901,25473.8786586263
"280407030000","GREAT NECK UNION FREE SCHOOL DISTRICT","2021-22",6742,1103,28133562,25506.4025385313,207708636,179575074,26635.2824087808
"280407030000","GREAT NECK UFSD","2022-23",6800,1097,37829137.01,34484.1722971741,217806880,179977742.99,26467.3151455882
"280407030000","GREAT NECK UNION FREE SCHOOL DISTRICT","2023-24",6825,1140,43290385.86,37974.0226842105,249125775.23,205835389.37,30159.0314095238
"280407030000","GREAT NECK UFSD","2024-25",6800,1113,44070875,39596.4734950584,260007734.88,215936859.88,31755.4205705882
"280409030000","HERRICKS UNION FREE SCHOOL DISTRICT","2018-19",4014,503,22521617,44774.5864811133,100188699,77667082,19349.0488290982
"280409030000","HERRICKS UNION FREE SCHOOL DISTRICT","2019-20",4007,470,22470995,47810.6276595745,103518172,81047177,20226.3980534065
"280409030000","HERRICKS UNION FREE SCHOOL DISTRICT","2020-21",4028,452,22220761.78,49160.9773893805,109562584.59,87341822.81,21683.6700124131
"280409030000","HERRICKS UNION FREE SCHOOL DISTRICT","2021-22",4128,479,23346699,48740.4989561587,112186756,88840057,21521.3316375969
"280409030000","HERRICKS UFSD","2022-23",4247,481,25086928,52155.7754677755,115458895,90371967,21279.0127148575
"280409030000","HERRICKS UNION FREE SCHOOL DISTRICT","2023-24",4447,496,19169676.48,38648.5412903226,131853219.16,112683542.68,25339.2270474477
"280409030000","HERRICKS UFSD","2024-25",4258,478,18647130.41,39010.7330753138,170384902.34,151737771.93,35635.9257703147
"280410030000","MINEOLA UNION FREE SCHOOL DISTRICT","2018-19",2935,344,10211814,29685.5058139535,83431409,73219595,24947.0511073254
"280410030000","MINEOLA UNION FREE SCHOOL DISTRICT","2019-20",2928,357,9863324,27628.3585434174,83264690,73401366,25068.7725409836
"280410030000","MINEOLA UNION FREE SCHOOL DISTRICT","2020-21",2881,344,9738662,28310.0639534884,84096357,74357695,25809.6824019438
"280410030000","MINEOLA UNION FREE SCHOOL DISTRICT","2021-22",2862,378,10082533,26673.3677248677,85802789,75720256,26457.1125087352
"280410030000","MINEOLA UFSD","2022-23",2830,409,10829015,26476.8092909535,89293528,78464513,27725.9763250883
"280410030000","MINEOLA UNION FREE SCHOOL DISTRICT","2023-24",2942,446,16008636.46,35893.8037219731,100683921.69,84675285.23,28781.5381475187
"280410030000","MINEOLA UFSD","2024-25",2794,482,15409807,31970.5539419087,100545506,85135699,30470.9015748031
"280411030000","CARLE PLACE UNION FREE SCHOOL DISTRICT","2018-19",1339,225,5601793,24896.8577777778,44681384,39079591,29185.6542195668
"280411030000","CARLE PLACE UNION FREE SCHOOL DISTRICT","2019-20",1358,236,5783307.94,24505.5421186441,44258694.13,38475386.19,28332.3904197349
"280411030000","CARLE PLACE UNION FREE SCHOOL DISTRICT","2020-21",1309,219,6020284.1,27489.8817351598,45509434.12,39489150.02,30167.4178915202
"280411030000","CARLE PLACE UNION FREE SCHOOL DISTRICT","2021-22",1273,215,6791017,31586.1255813954,46238274,39447257,30987.6331500393
"280411030000","CARLE PLACE UFSD","2022-23",1276,211,6359836,30141.4028436019,47407731,41047895,32169.196708464
"280411030000","CARLE PLACE UNION FREE SCHOOL DISTRICT","2023-24",1298,219,6946333.79,31718.4191324201,51521867.46,44575533.67,34341.7054468413
"280411030000","CARLE PLACE UFSD","2024-25",1306,220,6801684.68,30916.7485454545,53099418.96,46297734.28,35450.0262480858
"280501060000","NORTH SHORE CENTRAL SCHOOL DISTRICT","2018-19",2580,395,9593002.36,24286.0819240506,91476990.53,81883988.17,31737.9799108527
"280501060000","NORTH SHORE CENTRAL SCHOOL DISTRICT","2019-20",2567,393,10758571.58,27375.5002035623,92852171.31,82093599.73,31980.3660810284
"280501060000","NORTH SHORE CENTRAL SCHOOL DISTRICT","2020-21",2509,389,11384783.13,29266.7946786632,101808366.85,90423583.72,36039.6906018334
"280501060000","NORTH SHORE CENTRAL SCHOOL DISTRICT","2021-22",2519,429,10974682,25582.0093240093,100802297,89827615,35660.0297737197
"280501060000","NORTH SHORE CSD","2022-23",2551,429,11920273.28,27786.1848018648,103641520.82,91721247.54,35955.0166758134
"280501060000","NORTH SHORE CENTRAL SCHOOL DISTRICT","2023-24",2615,441,14191217.36,32179.6312018141,112227745.94,98036528.58,37490.068290631
"280501060000","NORTH SHORE CSD","2024-25",2541,471,10097523.51,21438.4787898089,113437189.03,103339665.52,40668.8963085399
"280502060000","SYOSSET CENTRAL SCHOOL DISTRICT","2018-19",6465,696,32336296,46460.1954022989,202846305,170510009,26374.324671307
"280502060000","SYOSSET CENTRAL SCHOOL DISTRICT","2019-20",6580,663,31204267.32,47065.2599095023,202435740.59,171231473.27,26023.0202537994
"280502060000","SYOSSET CENTRAL SCHOOL DISTRICT","2020-21",6529,625,33016887.88,52827.020608,210210153.41,177193265.53,27139.4188283045
"280502060000","SYOSSET CENTRAL SCHOOL DISTRICT","2021-22",6741,619,35878128,57961.4345718901,216142954,180264826,26741.5555555556
"280502060000","SYOSSET CSD","2022-23",6886,631,33707695,53419.4849445325,229916474,196208779,28493.8685739181
"280502060000","SYOSSET CENTRAL SCHOOL DISTRICT","2023-24",7190,650,35511875.26,54633.6542461538,250570431.46,215058556.2,29910.7866759388
"280502060000","SYOSSET CSD","2024-25",6980,687,38270787.64,55707.1144687045,266074611.14,227803823.5,32636.6509312321
"280503060000","LOCUST VALLEY CENTRAL SCHOOL DISTRICT","2018-19",2034,323,11256018,34848.3529411765,76097081,64841063,31878.5953785644
"280503060000","LOCUST VALLEY CENTRAL SCHOOL DISTRICT","2019-20",2012,306,12621544,41246.8758169935,74623187,62001643,30815.925944334
"280503060000","LOCUST VALLEY CENTRAL SCHOOL DISTRICT","2020-21",1964,317,12921298,40761.1924290221,76011003,63089705,32123.0677189409
"280503060000","LOCUST VALLEY CENTRAL SCHOOL DISTRICT","2021-22",1889,336,11677547,34754.6041666667,77696799,66019252,34949.3128639492
"280503060000","LOCUST VALLEY CSD","2022-23",1898,359,12858920,35818.7186629526,81070929,68212009,35938.887776607
"280503060000","LOCUST VALLEY CENTRAL SCHOOL DISTRICT","2023-24",1858,371,12456167,33574.5741239892,87907401,75451234,40608.8449946179
"280503060000","LOCUST VALLEY CSD","2024-25",1790,349,12910835,36993.7965616046,89305619,76394784,42678.6502793296
"280504060000","PLAINVIEW-OLD BETHPAGE CENTRAL SCHOOL DISTRICT","2018-19",4937,723,11799392.82,16320.0453941909,131931509.08,120132116.26,24333.0192951185
"280504060000","PLAINVIEW-OLD BETHPAGE CENTRAL SCHOOL DISTRICT","2019-20",4955,726,14767949.34,20341.5280165289,133138373.41,118370424.07,23889.0865933401
"280504060000","PLAINVIEW-OLD BETHPAGE CENTRAL SCHOOL DISTRICT","2020-21",4972,769,15927464.64,20711.9176072822,140202972.37,124275507.73,24995.073960177
"280504060000","PLAINVIEW-OLD BETHPAGE CENTRAL SCHOOL DISTRICT","2021-22",5056,864,16543900,19148.0324074074,144258492,127714592,25260.0063291139
"280504060000","PLAINVIEW-OLD BETHPAGE CSD","2022-23",5200,934,16713476.92,17894.5149036403,150868296.47,134154819.55,25799.0037596154
"280504060000","PLAINVIEW-OLD BETHPAGE CENTRAL SCHOOL DISTRICT","2023-24",5548,1009,19890733.14,19713.3133201189,165057913.76,145167180.62,26165.6778334535
"280504060000","PLAINVIEW-OLD BETHPAGE CSD","2024-25",5406,1023,18349568.81,17937.0174095797,166915444.25,148565875.44,27481.6639733629
"280506060000","OYSTER BAY-EAST NORWICH CENTRAL SCHOOL DISTRICT","2018-19",1554,212,6221699.97,29347.6413679245,48337420.68,42115720.71,27101.4933783784
"280506060000","OYSTER BAY-EAST NORWICH CENTRAL SCHOOL DISTRICT","2019-20",1564,228,6383383.87,27997.2976754386,48650198.53,42266814.66,27024.8175575448
"280506060000","OYSTER BAY-EAST NORWICH CENTRAL SCHOOL DISTRICT","2020-21",1503,225,12920221,57423.2044444444,51308646,38388425,25541.2009314704
"280506060000","OYSTER BAY-EAST NORWICH CENTRAL SCHOOL DISTRICT","2021-22",1421,216,6967003,32254.6435185185,51037284,44070281,31013.5686136524
"280506060000","OYSTER BAY-EAST NORWICH CSD","2022-23",1391,213,8974694.08,42134.7139906103,52384818.82,43410124.74,31207.8538749101
"280506060000","OYSTER BAY-EAST NORWICH CENTRAL SCHOOL DISTRICT","2023-24",1378,216,9564637.5,44280.7291666667,58017411.89,48452774.39,35161.6650145138
"280506060000","OYSTER BAY-EAST NORWICH CSD","2024-25",1345,220,10254702,46612.2818181818,59357667,49102965,36507.780669145
"280515030000","JERICHO UNION FREE SCHOOL DISTRICT","2018-19",3070,364,18231269.96,50085.9064835165,103622384.35,85391114.39,27814.6952410423
"280515030000","JERICHO UNION FREE SCHOOL DISTRICT","2019-20",3159,342,17157422.98,50167.9034502924,105314539.39,88157116.41,27906.6528679962
"280515030000","JERICHO UNION FREE SCHOOL DISTRICT","2020-21",3138,318,16705685,52533.6006289308,107845142,91139457,29043.8040152964
"280515030000","JERICHO UNION FREE SCHOOL DISTRICT","2021-22",3176,290,15559071,53651.9689655172,107880376,92321305,29068.4209697733
"280515030000","JERICHO UFSD","2022-23",3223,253,16501873.38,65224.7959683794,113332079.44,96830206.06,30043.5017251008
"280515030000","JERICHO UNION FREE SCHOOL DISTRICT","2023-24",3328,271,16573750.59,61157.7512546125,127883170.65,111309420.06,33446.3401622596
"280515030000","JERICHO UFSD","2024-25",3230,266,17617404.08,66230.842406015,132444950.94,114827546.86,35550.3241052632
"280517030000","HICKSVILLE UNION FREE SCHOOL DISTRICT","2018-19",5367,671,15935246.19,23748.5040089419,119156507.25,103221261.06,19232.5807825601
"280517030000","HICKSVILLE UNION FREE SCHOOL DISTRICT","2019-20",5393,698,15757095.66,22574.6356160458,117565231.61,101808135.95,18877.8297700723
"280517030000","HICKSVILLE UNION FREE SCHOOL DISTRICT","2020-21",5175,673,16099605.8,23922.1482912333,120090478.31,103990872.51,20094.8545913043
"280517030000","HICKSVILLE UNION FREE SCHOOL DISTRICT","2021-22",5369,706,15271096,21630.447592068,130282361,115011265,21421.3568634755
"280517030000","HICKSVILLE UFSD","2022-23",5485,788,17322507.02,21982.876928934,138531801.32,121209294.3,22098.3216590702
"280517030000","HICKSVILLE UNION FREE SCHOOL DISTRICT","2023-24",5442,836,25916382.24,31000.4572248804,162429005.57,136512623.33,25085.009799706
"280517030000","HICKSVILLE UFSD","2024-25",5286,838,28401677.57,33892.2166706444,161948235.17,133546557.6,25264.1993189557
"280518030000","PLAINEDGE UNION FREE SCHOOL DISTRICT","2018-19",2861,389,9289355,23880.0899742931,55320038,46030683,16089.0188745194
"280518030000","PLAINEDGE UNION FREE SCHOOL DISTRICT","2019-20",2823,386,10786986.91,27945.5619430052,74365097.8,63578110.89,22521.4703825717
"280518030000","PLAINEDGE UNION FREE SCHOOL DISTRICT","2020-21",2761,400,13155093.45,32887.733625,79747200.02,66592106.57,24118.8361354582
"280518030000","PLAINEDGE UNION FREE SCHOOL DISTRICT","2021-22",2842,410,14386903,35090.0073170732,80806463,66419560,23370.7107670654
"280518030000","PLAINEDGE UFSD","2022-23",2881,406,14988577.99,36917.6797783251,85411916.86,70423338.87,24444.0606976744
"280518030000","PLAINEDGE UNION FREE SCHOOL DISTRICT","2023-24",2940,464,17760058.38,38275.987887931,93832237.04,76072178.66,25874.8907006803
"280518030000","PLAINEDGE UFSD","2024-25",2960,504,19477644.98,38646.1209920635,96597556.25,77119911.27,26054.0240777027
"280521030000","BETHPAGE UNION FREE SCHOOL DISTRICT","2018-19",2956,376,10179084,27072.0319148936,77461162,67282078,22761.1901217862
"280521030000","BETHPAGE UNION FREE SCHOOL DISTRICT","2019-20",2945,360,10339033,28719.5361111111,78781402,68442369,23240.1932088285
"280521030000","BETHPAGE UNION FREE SCHOOL DISTRICT","2020-21",2913,364,10916111,29989.3159340659,79672547,68756436,23603.3079299691
"280521030000","BETHPAGE UNION FREE SCHOOL DISTRICT","2021-22",2919,358,10697302,29880.7318435754,80500120,69802818,23913.2641315519
"280521030000","BETHPAGE UFSD","2022-23",2971,385,12141930,31537.4805194805,84747662,72605732,24438.1460787614
"280521030000","BETHPAGE UNION FREE SCHOOL DISTRICT","2023-24",3063,408,12069514.08,29582.1423529412,95470851.2,83401337.12,27228.6441789096
"280521030000","BETHPAGE UFSD","2024-25",2957,378,12387602.02,32771.4339153439,98257206.63,85869604.61,29039.4334156239
"280522030000","FARMINGDALE UNION FREE SCHOOL DISTRICT","2018-19",5703,902,16060539.41,17805.4760643016,144515347.32,128454807.91,22524.0764352095
"280522030000","FARMINGDALE UNION FREE SCHOOL DISTRICT","2019-20",5521,926,17267224.22,18647.1103887689,145695820.26,128428596.04,23261.8359065387
"280522030000","FARMINGDALE UNION FREE SCHOOL DISTRICT","2020-21",5314,923,17935004,19431.2069339112,148587389.28,130652385.28,24586.4481144148
"280522030000","FARMINGDALE UNION FREE SCHOOL DISTRICT","2021-22",5246,957,19883786,20777.2058516196,155783439,135899653,25905.3856271445
"280522030000","FARMINGDALE UFSD","2022-23",5126,967,21156854.99,21878.8572802482,162004699.12,140847844.13,27477.1447776044
"280522030000","FARMINGDALE UNION FREE SCHOOL DISTRICT","2023-24",5330,1026,39192011.77,38198.8418810916,185905456.36,146713444.59,27525.9745947467
"280522030000","FARMINGDALE UFSD","2024-25",5180,1065,34997750.68,32861.7377276995,190794482.51,155796731.83,30076.5891563707
"280523030000","MASSAPEQUA UNION FREE SCHOOL DISTRICT","2018-19",6764,809,14422821,17827.9616810878,91434663,77011842,11385.5473092844
"280523030000","MASSAPEQUA UNION FREE SCHOOL DISTRICT","2019-20",6713,858,26097362,30416.5058275058,170555533,144458171,21519.1674363176
"280523030000","MASSAPEQUA UNION FREE SCHOOL DISTRICT","2020-21",6548,858,26792857,31227.1060606061,178061525,151268668,23101.5070250458
"280523030000","MASSAPEQUA UNION FREE SCHOOL DISTRICT","2021-22",6488,912,29878311,32761.3059210526,183820026,153941715,23727.14472873
"280523030000","MASSAPEQUA UFSD","2022-23",6477,954,30939713,32431.5649895178,189475679,158535966,24476.7586845762
"280523030000","MASSAPEQUA UNION FREE SCHOOL DISTRICT","2023-24",6482,1020,41574932,40759.737254902,214670805,173095873,26704.084078988
"280523030000","MASSAPEQUA UFSD","2024-25",6460,1064,45619059,42875.0554511278,221643712,176024653,27248.3982972136
"400301060000","LEWISTON-PORTER CENTRAL SCHOOL DISTRICT","2018-19",1980,340,5145915,15135.0441176471,36387985,31242070,15778.8232323232
"400301060000","LEWISTON-PORTER CENTRAL SCHOOL DISTRICT","2019-20",1920,339,5385677.64,15886.9546902655,35884948.3,30499270.66,15885.0368020833
"400301060000","LEWISTON-PORTER CENTRAL SCHOOL DISTRICT","2020-21",1860,329,3766389,11447.990881459,36472533,32706144,17583.9483870968
"400301060000","LEWISTON-PORTER CENTRAL SCHOOL DISTRICT","2021-22",1867,325,3861863,11882.6553846154,39662787,35800924,19175.6422067488
"400301060000","LEWISTON-PORTER CSD","2022-23",1836,297,4289043,14441.2222222222,42106029,37816986,20597.4869281046
"400301060000","LEWISTON-PORTER CENTRAL SCHOOL DISTRICT","2023-24",1954,282,6423342.01,22777.8085460993,47075437.25,40652095.24,20804.5523234391
"400301060000","LEWISTON-PORTER CSD","2024-25",1909,302,8002894.31,26499.6500331126,45577630.33,37574736.02,19682.9418648507
"400400010000","LOCKPORT CITY SCHOOL DISTRICT","2018-19",4570,833,8679759.58,10419.8794477791,76390956.32,67711196.74,14816.454428884
"400400010000","LOCKPORT CITY SCHOOL DISTRICT","2019-20",4328,779,8855230.74,11367.4335558408,78458900.58,69603669.84,16082.1787985213
"400400010000","LOCKPORT CITY SCHOOL DISTRICT","2020-21",4179,730,8577016.78,11749.3380547945,78867141.64,70290124.86,16819.8432304379
"400400010000","LOCKPORT CITY SCHOOL DISTRICT","2021-22",4140,707,9465600,13388.4016973126,87865718,78400118,18937.2265700483
"400400010000","LOCKPORT CITY SD","2022-23",4131,705,10209684.83,14481.8224539007,92819387.25,82609702.42,19997.5072427984
"400400010000","LOCKPORT CITY SCHOOL DISTRICT","2023-24",4182,768,7630823.67,9935.9683203125,110796137.94,103165314.27,24668.8938952654
"400400010000","LOCKPORT CITY SD","2024-25",4064,824,11374943.28,13804.542815534,112117821.62,100742878.34,24789.0940797244
"400601060000","NEWFANE CENTRAL SCHOOL DISTRICT","2018-19",1469,239,3697950,15472.5941422594,29016646,25318696,17235.3274336283
"400601060000","NEWFANE CENTRAL SCHOOL DISTRICT","2019-20",1366,252,5354905,21249.623015873,27650785,22295880,16322.0204978038
"400601060000","NEWFANE CENTRAL SCHOOL DISTRICT","2020-21",1305,237,6042111,25494.1392405063,28045062,22002951,16860.4988505747
"400601060000","NEWFANE CENTRAL SCHOOL DISTRICT","2021-22",1314,231,6452537,27933.0606060606,29599968,23147431,17616.0053272451
"400601060000","NEWFANE CSD","2022-23",1273,220,7180228,32637.4,32272627,25092399,19711.2325216025
"400601060000","NEWFANE CENTRAL SCHOOL DISTRICT","2023-24",1305,252,6124184,24302.3174603175,37367725,31243541,23941.4107279693
"400601060000","NEWFANE CSD","2024-25",1277,233,5988184,25700.3605150215,37354730,31366546,24562.6828504307
"400701060000","NIAGARA-WHEATFIELD CENTRAL SCHOOL DISTRICT","2018-19",3518,486,8716300,17934.7736625514,61505133,52788833,15005.3533257533
"400701060000","NIAGARA-WHEATFIELD CENTRAL SCHOOL DISTRICT","2019-20",3429,466,4351584,9338.16309012876,61242524,56890940,16591.1169437154
"400701060000","NIAGARA-WHEATFIELD CENTRAL SCHOOL DISTRICT","2020-21",3314,487,7737612,15888.3203285421,64014405,56276793,16981.5307785154
"400701060000","NIAGARA-WHEATFIELD CENTRAL SCHOOL DISTRICT","2021-22",3228,488,8029951,16454.8176229508,68697719,60667768,18794.2280049566
"400701060000","NIAGARA-WHEATFIELD CSD","2022-23",3141,522,7416027,14206.9482758621,73015006,65598979,20884.7433938236
"400701060000","NIAGARA-WHEATFIELD CENTRAL SCHOOL DISTRICT","2023-24",3251,547,12398436,22666.2449725777,77932780,65534344,20158.2110119963
"400701060000","NIAGARA-WHEATFIELD CSD","2024-25",3086,541,12994609.57,24019.6110351201,80039753.13,67045143.56,21725.5811924822
"400800010000","NIAGARA FALLS CITY SCHOOL DISTRICT","2018-19",7015,1229,15221975,12385.6590724166,115833918,100611943,14342.4009978617
"400800010000","NIAGARA FALLS CITY SCHOOL DISTRICT","2019-20",7030,1402,14673387,10466.0392296719,117033340,102359953,14560.4485064011
"400800010000","NIAGARA FALLS CITY SCHOOL DISTRICT","2020-21",6813,1321,15467573,11708.9878879637,118005853,102538280,15050.3860267136
"400800010000","NIAGARA FALLS CITY SCHOOL DISTRICT","2021-22",6937,1358,16158955,11899.0832106038,133777765,117618810,16955.284705204
"400800010000","NIAGARA FALLS CITY SD","2022-23",6831,1423,18130348,12740.9332396346,141049910,122919562,17994.3730054165
"400800010000","NIAGARA FALLS CITY SCHOOL DISTRICT","2023-24",6828,1602,21571889,13465.5986267166,168392167,146820278,21502.6769185706
"400800010000","NIAGARA FALLS CITY SD","2024-25",6624,1611,23845771,14801.8441961515,173174081,149328310,22543.5250603865
"400900010000","NORTH TONAWANDA CITY SCHOOL DISTRICT","2018-19",3404,714,10958783,15348.4355742297,57316279,46357496,13618.535840188
"400900010000","NORTH TONAWANDA CITY SCHOOL DISTRICT","2019-20",3184,666,12841345.08,19281.2989189189,55430588.38,42589243.3,13376.0186243719
"400900010000","NORTH TONAWANDA CITY SCHOOL DISTRICT","2020-21",3101,618,11382371.87,18418.0774595469,57094311.05,45711939.18,14741.0316607546
"400900010000","NORTH TONAWANDA CITY SCHOOL DISTRICT","2021-22",3103,591,6483697,10970.7225042301,58017250,51533553,16607.654850145
"400900010000","NORTH TONAWANDA CITY SD","2022-23",3102,559,7063026.64,12635.1102683363,59501741.43,52438714.79,16904.8081205674
"400900010000","NORTH TONAWANDA CITY SCHOOL DISTRICT","2023-24",3246,533,10196053.04,19129.5554221388,71316403.78,61120350.74,18829.4364571781
"400900010000","NORTH TONAWANDA CITY SD","2024-25",3125,537,10698896.38,19923.4569459963,71143186.02,60444289.64,19342.1726848
"401001060000","STARPOINT CENTRAL SCHOOL DISTRICT","2018-19",2878,324,3749806,11573.475308642,42708296,38958490,13536.6539263377
"401001060000","STARPOINT CENTRAL SCHOOL DISTRICT","2019-20",2911,330,4386293,13291.796969697,43294122,38907829,13365.7949158365
"401001060000","STARPOINT CENTRAL SCHOOL DISTRICT","2020-21",2927,345,4649239,13476.0550724638,45061233,40411994,13806.6258968227
"401001060000","STARPOINT CENTRAL SCHOOL DISTRICT","2021-22",2876,345,4637093,13440.8492753623,50080301,45443208,15800.8372739917
"401001060000","STARPOINT CSD","2022-23",2902,373,3723465,9982.47989276139,52416698,48693233,16779.1981392143
"401001060000","STARPOINT CENTRAL SCHOOL DISTRICT","2023-24",2899,386,8473494.14,21952.057357513,63006156.53,54532662.39,18810.8528423594
"401001060000","STARPOINT CSD","2024-25",2870,405,8691052.38,21459.3885925926,64430956.59,55739904.21,19421.5694111498
"401201060000","ROYALTON-HARTLAND CENTRAL SCHOOL DISTRICT","2018-19",1293,156,2910784.83,18658.8771153846,20190756.69,17279971.86,13364.2473781903
"401201060000","ROYALTON-HARTLAND CENTRAL SCHOOL DISTRICT","2019-20",1271,170,3132187.99,18424.6352352941,20408098,17275910.01,13592.3760896932
"401201060000","ROYALTON-HARTLAND CENTRAL SCHOOL DISTRICT","2020-21",1197,155,3221723,20785.3096774194,20909168,17687445,14776.4786967419
"401201060000","ROYALTON-HARTLAND CENTRAL SCHOOL DISTRICT","2021-22",1199,177,3072861,17360.7966101695,22154744,19081883,15914.8315262719
"401201060000","ROYALTON-HARTLAND CSD","2022-23",1178,192,3458406.73,18012.5350520833,22704141.44,19245734.71,16337.6355772496
"401201060000","ROYALTON-HARTLAND CENTRAL SCHOOL DISTRICT","2023-24",1151,216,4556443.11,21094.6440277778,27539690.77,22983247.66,19968.0692093831
"401201060000","ROYALTON-HARTLAND CSD","2024-25",1104,224,4755326.43,21229.1358482143,28207914.33,23452587.9,21243.2861413043
"401301040000","BARKER CENTRAL SCHOOL DISTRICT","2018-19",761,82,2186639,26666.3292682927,14845355,12658716,16634.3180026281
"401301040000","BARKER CENTRAL SCHOOL DISTRICT","2019-20",735,89,1380627,15512.6629213483,14771430,13390803,18218.7795918367
"401301040000","BARKER CENTRAL SCHOOL DISTRICT","2020-21",690,84,1145091,13632.0357142857,14681195,13536104,19617.5420289855
"401301040000","BARKER CENTRAL SCHOOL DISTRICT","2021-22",671,91,1569463,17246.8461538462,16365308,14795845,22050.4396423249
"401301040000","BARKER CSD","2022-23",643,105,1117234,10640.3238095238,16713151,15595917,24254.9253499222
"401301040000","BARKER CENTRAL SCHOOL DISTRICT","2023-24",656,116,2940019,25344.9913793103,19796308.06,16856289.06,25695.5625914634
"401301040000","BARKER CSD","2024-25",651,113,3315823.54,29343.5711504425,20306752.44,16990928.9,26099.7371735791
"401501060000","WILSON CENTRAL SCHOOL DISTRICT","2018-19",1109,163,3757842,23054.245398773,21945790,18187948,16400.3137962128
"401501060000","WILSON CENTRAL SCHOOL DISTRICT","2019-20",1060,153,2445012.08,15980.4711111111,20830285.64,18385273.56,17344.5976981132
"401501060000","WILSON CENTRAL SCHOOL DISTRICT","2020-21",1017,167,2636161,15785.3952095808,20769814,18133653,17830.5339233038
"401501060000","WILSON CENTRAL SCHOOL DISTRICT","2021-22",994,157,2734372,17416.3821656051,22433287,19698915,19817.8219315895
"401501060000","WILSON CSD","2022-23",980,157,2389505,15219.7770700637,22731620,20342115,20757.2602040816
"401501060000","WILSON CENTRAL SCHOOL DISTRICT","2023-24",983,157,4842694.43,30845.1874522293,26404645.68,21561951.25,21934.8435910478
"401501060000","WILSON CSD","2024-25",970,153,5283431.45,34532.2316993464,27201226,21917794.55,22595.6644845361
"410401060000","ADIRONDACK CENTRAL SCHOOL DISTRICT","2018-19",1219,173,1521554.5,8795.11271676301,23008901.14,21487346.64,17627.0275963905
"410401060000","ADIRONDACK CENTRAL SCHOOL DISTRICT","2019-20",1194,170,2405186.31,14148.1547647059,16732246.03,14327059.72,11999.2124958124
"410401060000","ADIRONDACK CENTRAL SCHOOL DISTRICT","2020-21",1161,160,1620951.4,10130.94625,22405205.16,20784253.76,17902.0273557278
"410401060000","ADIRONDACK CENTRAL SCHOOL DISTRICT","2021-22",1174,160,1630174,10188.5875,24823288,23193114,19755.6337308348
"410401060000","ADIRONDACK CSD","2022-23",1178,165,2969919,17999.5090909091,28950272,25980353,22054.6290322581
"410401060000","ADIRONDACK CENTRAL SCHOOL DISTRICT","2023-24",1180,174,3500445.21,20117.5012068966,30204520.98,26704075.77,22630.5726864407
"410401060000","ADIRONDACK CSD","2024-25",1170,188,3782515,20119.7606382979,30685661.02,26903146.02,22994.1418974359
"410601040000","CAMDEN CENTRAL SCHOOL DISTRICT","2018-19",2079,279,7972393,28574.8853046595,40739794,32767401,15761.1356421356
"410601040000","CAMDEN CENTRAL SCHOOL DISTRICT","2019-20",2064,286,6751586,23606.9440559441,39258709,32507123,15749.5750968992
"410601040000","CAMDEN CENTRAL SCHOOL DISTRICT","2020-21",1992,288,8105941,28145.6284722222,41195153,33089212,16611.0502008032
"410601040000","CAMDEN CENTRAL SCHOOL DISTRICT","2021-22",2019,299,8291284,27730.0468227425,44118515,35827231,17745.0376423972
"410601040000","CAMDEN CSD","2022-23",1969,304,3271618,10761.9013157895,45441535,42169917,21416.9207719655
"410601040000","CAMDEN CENTRAL SCHOOL DISTRICT","2023-24",2001,304,1730174.84,5691.36460526316,48599627.55,46869452.71,23423.0148475762
"410601040000","CAMDEN CSD","2024-25",2001,297,2102138.69,7077.90804713805,53716635.6,51614496.91,25794.3512793603
"411101060000","CLINTON CENTRAL SCHOOL DISTRICT","2018-19",1302,137,2115673,15442.8686131387,21985458,19869785,15260.9715821813
"411101060000","CLINTON CENTRAL SCHOOL DISTRICT","2019-20",1258,131,1579057,12053.8702290076,22110533,20531476,16320.7281399046
"411101060000","CLINTON CENTRAL SCHOOL DISTRICT","2020-21",1244,122,1637703,13423.7950819672,22663896.94,21026193.94,16902.0851607717
"411101060000","CLINTON CENTRAL SCHOOL DISTRICT","2021-22",1245,137,1257013,9175.27737226277,23896192,22639179,18184.0795180723
"411101060000","CLINTON CSD","2022-23",1214,137,1231499,8989.04379562044,26238861,25007362,20599.1449752883
"411101060000","CLINTON CENTRAL SCHOOL DISTRICT","2023-24",1175,139,3109930.2,22373.5985611511,28850457.33,25740527.13,21906.8316
"411101060000","CLINTON CSD","2024-25",1184,138,2664380,19307.1014492754,29156356,26491976,22374.9797297297
"411501060000","NEW HARTFORD CENTRAL SCHOOL DISTRICT","2018-19",2503,228,12702775.36,55713.9270175439,45974427.25,33271651.89,13292.7095045945
"411501060000","NEW HARTFORD CENTRAL SCHOOL DISTRICT","2019-20",2553,226,7060698,31242.0265486726,45568295,38507597,15083.2734038386
"411501060000","NEW HARTFORD CENTRAL SCHOOL DISTRICT","2020-21",2464,222,6748955.86,30400.7020720721,47977524.1,41228568.24,16732.373474026
"411501060000","NEW HARTFORD CENTRAL SCHOOL DISTRICT","2021-22",2500,228,7523426,32997.4824561404,47564741,40041315,16016.526
"411501060000","NEW HARTFORD CSD","2022-23",2549,227,7635068.76,33634.6641409692,48800461.05,41165392.29,16149.6242801098
"411501060000","NEW HARTFORD CENTRAL SCHOOL DISTRICT","2023-24",2509,243,11288152,46453.3004115226,60968317,49680165,19800.78318055
"411501060000","NEW HARTFORD CSD","2024-25",2467,249,10613993.6,42626.4803212851,62576367.85,51962374.25,21062.9810498581
"411504020000","NEW YORK MILLS UNION FREE SCHOOL DISTRICT","2018-19",542,59,2077314.49,35208.7201694915,16820529.94,14743215.45,27201.5045202952
"411504020000","NEW YORK MILLS UNION FREE SCHOOL DISTRICT","2019-20",541,0,2404560.73,,12299216.7,9894655.97,18289.5674121996
"411504020000","NEW YORK MILLS UNION FREE SCHOOL DISTRICT","2020-21",537,63,2606947.45,41380.1182539683,12669706.56,10062759.11,18738.8437802607
"411504020000","NEW YORK MILLS UNION FREE SCHOOL DISTRICT","2021-22",517,63,2738319,43465.380952381,13449314,10710995,20717.5918762089
"411504020000","NY MILLS UFSD","2022-23",547,57,2779150,48757.0175438596,13658340,10879190,19888.8299817185
"411504020000","NEW YORK MILLS UNION FREE SCHOOL DISTRICT","2023-24",567,70,3294046,47057.8,12549306,9255260,16323.2098765432
"411504020000","NY MILLS UFSD","2024-25",521,57,3123701,54801.7719298246,12692913,9569212,18367.009596929
"411603040000","SAUQUOIT VALLEY CENTRAL SCHOOL DISTRICT","2018-19",1002,124,3308060.73,26677.9091129032,18341210.94,15033150.21,15003.1439221557
"411603040000","SAUQUOIT VALLEY CENTRAL SCHOOL DISTRICT","2019-20",943,108,3995913.64,36999.2003703704,16163404.51,12167490.87,12902.9595652174
"411603040000","SAUQUOIT VALLEY CENTRAL SCHOOL DISTRICT","2020-21",913,105,1361561,12967.2476190476,16289764,14928203,16350.7152245345
"411603040000","SAUQUOIT VALLEY CENTRAL SCHOOL DISTRICT","2021-22",932,117,1156516,9884.75213675214,17326411,16169895,17349.6727467811
"411603040000","SAUQUOIT VALLEY CSD","2022-23",922,109,1113002,10211.0275229358,18096711,16983709,18420.5086767896
"411603040000","SAUQUOIT VALLEY CENTRAL SCHOOL DISTRICT","2023-24",952,107,3565935.83,33326.5030841121,22286310.99,18720375.16,19664.2596218487
"411603040000","SAUQUOIT VALLEY CSD","2024-25",883,104,3213496,30899,22490597,19277101,21831.3714609287
"411701040000","REMSEN CENTRAL SCHOOL DISTRICT","2018-19",415,57,1932082,33896.1754385965,10848090,8916008,21484.356626506
"411701040000","REMSEN CENTRAL SCHOOL DISTRICT","2019-20",423,62,843597,13606.4032258065,11106792,10263195,24262.8723404255
"411701040000","REMSEN CENTRAL SCHOOL DISTRICT","2020-21",429,54,1049832,19441.3333333333,10824529,9774697,22784.8414918415
"411701040000","REMSEN CENTRAL SCHOOL DISTRICT","2021-22",425,54,978334,18117.2962962963,12509142,11530808,27131.3129411765
"411701040000","REMSEN CSD","2022-23",407,46,943878,20519.0869565217,12086402,11142524,27377.2088452088
"411701040000","REMSEN CENTRAL SCHOOL DISTRICT","2023-24",403,51,1324328,25967.2156862745,12963559,11639231,28881.4665012407
"411701040000","REMSEN CSD","2024-25",405,54,1629974.77,30184.717962963,13002777,11372802.23,28080.9931604938
"411800010000","ROME CITY SCHOOL DISTRICT","2018-19",5808,1003,13448899,13408.6729810568,100894274,87445375,15056.0218663912
"411800010000","ROME CITY SCHOOL DISTRICT","2019-20",5442,1069,12966689.19,12129.7373152479,96997475.25,84030786.06,15441.1587761852
"411800010000","ROME CITY SCHOOL DISTRICT","2020-21",5323,1082,10037597.12,9276.89197781885,96571818.55,86534221.43,16256.6638042457
"411800010000","ROME CITY SCHOOL DISTRICT","2021-22",5231,1097,11644753,10615.0893345488,102787924,91143171,17423.6610590709
"411800010000","ROME CITY SD","2022-23",5234,1097,12737219.68,11610.956864175,114360142.94,101622923.26,19415.9196140619
"411800010000","ROME CITY SCHOOL DISTRICT","2023-24",5228,1168,20256917.27,17343.2510873288,131959532.82,111702615.55,21366.2233263198
"411800010000","ROME CITY SD","2024-25",5190,1238,22608844.84,18262.3948626817,142268875.27,119660030.43,23055.8825491329
"411902040000","WATERVILLE CENTRAL SCHOOL DISTRICT","2018-19",780,86,809039,9407.43023255814,15748164,14939125,19152.7243589744
"411902040000","WATERVILLE CENTRAL SCHOOL DISTRICT","2019-20",741,96,1162646,12110.8958333333,14150953,12988307,17528.0796221323
"411902040000","WATERVILLE CENTRAL SCHOOL DISTRICT","2020-21",698,100,2097577,20975.77,14564459,12466882,17860.8624641834
"411902040000","WATERVILLE CENTRAL SCHOOL DISTRICT","2021-22",721,94,738083,7851.94680851064,13628520,12890437,17878.5533980583
"411902040000","WATERVILLE CSD","2022-23",708,84,2912847,34676.75,17507252,14594405,20613.5663841808
"411902040000","WATERVILLE CENTRAL SCHOOL DISTRICT","2023-24",738,90,2971377.93,33015.3103333333,19605879.99,16634502.06,22539.9756910569
"411902040000","WATERVILLE CSD","2024-25",764,121,3474285.98,28713.1072727273,20997414.19,17523128.21,22936.0316884817
"412000050000","SHERRILL CITY SCHOOL DISTRICT","2018-19",1913,214,3356196,15683.1588785047,31135502,27779306,14521.330893884
"412000050000","SHERRILL CITY SCHOOL DISTRICT","2019-20",1881,218,2283894.68,10476.5811009174,31852471.8,29568577.12,15719.6050611377
"412000050000","SHERRILL CITY SCHOOL DISTRICT","2020-21",1822,214,2844665,13292.8271028037,32070707,29226042,16040.6377607025
"412000050000","SHERRILL CITY SCHOOL DISTRICT","2021-22",1807,228,2388841,10477.3728070175,35601501,33212660,18380
"412000050000","SHERRILL CITY SD","2022-23",1806,237,2515150,10612.447257384,38074097,35558947,19689.3394241417
"412000050000","SHERRILL CITY SCHOOL DISTRICT","2023-24",1817,276,3025502.87,10961.9669202899,40089069.32,37063566.45,20398.220390754
"412000050000","SHERRILL CITY SD","2024-25",1822,272,2080569.96,7649.15426470588,44650758.14,42570188.18,23364.5379692645
"412201060000","HOLLAND PATENT CENTRAL SCHOOL DISTRICT","2018-19",1336,188,1563635.9,8317.21223404255,24609989.91,23046354.01,17250.2649775449
"412201060000","HOLLAND PATENT CENTRAL SCHOOL DISTRICT","2019-20",1316,183,1842561.42,10068.6416393443,24255174.4,22412612.98,17030.8609270517
"412201060000","HOLLAND PATENT CENTRAL SCHOOL DISTRICT","2020-21",1235,175,1889484.8,10797.056,25271461.06,23381976.26,18932.7742995951
"412201060000","HOLLAND PATENT CENTRAL SCHOOL DISTRICT","2021-22",1232,152,1968154,12948.3815789474,26706988,24738834,20080.2224025974
"412201060000","HOLLAND PATENT CSD","2022-23",1246,149,2595865.87,17421.918590604,28932974.9,26337109.03,21137.3266693419
"412201060000","HOLLAND PATENT CENTRAL SCHOOL DISTRICT","2023-24",1241,142,2695275.75,18980.8151408451,33417654.61,30722378.86,24756.1473489122
"412201060000","HOLLAND PATENT CSD","2024-25",1215,147,2529882.53,17210.0852380952,34682698.67,32152816.14,26463.2231604938
"412300010000","UTICA CITY SCHOOL DISTRICT","2018-19",10510,1619,21999444,13588.2915379864,148793066,126793622,12064.093434824
"412300010000","UTICA CITY SCHOOL DISTRICT","2019-20",9738,1678,15197324,9056.80810488677,147784786,132587462,13615.471554734
"412300010000","UTICA CITY SCHOOL DISTRICT","2020-21",9316,1617,15867871,9813.15460729747,148764450,132896579,14265.4120867325
"412300010000","UTICA CITY SCHOOL DISTRICT","2021-22",9257,1680,18815500,11199.7023809524,158901042,140085542,15132.930971157
"412300010000","UTICA CITY SD","2022-23",9073,1744,13556562.77,7773.2584690367,181038956.83,167482394.06,18459.4284205886
"412300010000","UTICA CITY SCHOOL DISTRICT","2023-24",9435,1738,22716654.58,13070.5722554661,222248939.98,199532285.4,21148.0959618442
"412300010000","UTICA CITY SD","2024-25",9071,1751,17510772.24,10000.441027984,244316849.11,226806076.87,25003.4259585492
"412801040000","WESTMORELAND CENTRAL SCHOOL DISTRICT","2018-19",899,107,2034514,19014.1495327103,18133233,16098719,17907.362625139
"412801040000","WESTMORELAND CENTRAL SCHOOL DISTRICT","2019-20",853,108,1419472,13143.2592592593,17894077,16474605,19313.7221570926
"412801040000","WESTMORELAND CENTRAL SCHOOL DISTRICT","2020-21",846,112,2591211,23135.8125,18308871.61,15717660.61,18578.7950472813
"412801040000","WESTMORELAND CENTRAL SCHOOL DISTRICT","2021-22",821,121,2045630,16906.0330578512,19497996,17452366,21257.4494518879
"412801040000","WESTMORELAND CSD","2022-23",820,123,2191214,17814.7479674797,20821186,18629972,22719.4780487805
"412801040000","WESTMORELAND CENTRAL SCHOOL DISTRICT","2023-24",836,117,3219021.68,27513.0058119658,23396112.78,20177091.1,24135.2764354067
"412801040000","WESTMORELAND CSD","2024-25",775,113,3036805.42,26874.3842477876,23005707.98,19968902.56,25766.325883871
"412901040000","ORISKANY CENTRAL SCHOOL DISTRICT","2018-19",620,56,673291.85,12023.06875,11424761.81,10751469.96,17341.0805806452
"412901040000","ORISKANY CENTRAL SCHOOL DISTRICT","2019-20",593,62,966172,15583.4193548387,12038949,11072777,18672.4738617201
"412901040000","ORISKANY CENTRAL SCHOOL DISTRICT","2020-21",567,65,883471.33,13591.8666153846,12010518.66,11127047.33,19624.4220987654
"412901040000","ORISKANY CENTRAL SCHOOL DISTRICT","2021-22",554,67,1007478,15036.9850746269,12334112,11326634,20445.1877256318
"412901040000","ORISKANY CSD","2022-23",547,52,935320.97,17986.9417307692,12570691.51,11635370.54,21271.2441316271
"412901040000","ORISKANY CENTRAL SCHOOL DISTRICT","2023-24",564,59,2840069.94,48136.7786440678,14649256.45,11809186.51,20938.2739539007
"412901040000","ORISKANY CSD","2024-25",564,75,2669948.05,35599.3073333333,14908679.64,12238731.59,21699.8787056738
"412902060000","WHITESBORO CENTRAL SCHOOL DISTRICT","2018-19",3167,497,8389474,16880.2293762575,52392088,44002614,13894.0997789706
"412902060000","WHITESBORO CENTRAL SCHOOL DISTRICT","2019-20",3143,497,9026956,18162.8893360161,55061182,46034226,14646.5879732739
"412902060000","WHITESBORO CENTRAL SCHOOL DISTRICT","2020-21",3075,499,9251038,18539.1543086172,56062040,46811002,15223.0900813008
"412902060000","WHITESBORO CENTRAL SCHOOL DISTRICT","2021-22",3040,501,9250481,18464.0339321357,58489974,49239493,16197.2016447368
"412902060000","WHITESBORO CSD","2022-23",2980,503,10047026,19974.2067594433,62027895,51980869,17443.2446308725
"412902060000","WHITESBORO CENTRAL SCHOOL DISTRICT","2023-24",2937,498,10934177,21956.1787148594,76117243,65183066,22193.7575757576
"412902060000","WHITESBORO CSD","2024-25",2898,483,11312960,23422.2774327122,75498949,64185989,22148.3743961353
"420101060000","WEST GENESEE CENTRAL SCHOOL DISTRICT","2018-19",4499,652,10968559.87,16822.9445858896,70704634.17,59736074.3,13277.6337630585
"420101060000","WEST GENESEE CENTRAL SCHOOL DISTRICT","2019-20",4483,672,12955701.71,19279.3180208333,73304226.82,60348525.11,13461.638436315
"420101060000","WEST GENESEE CENTRAL SCHOOL DISTRICT","2020-21",4349,689,11568384.43,16790.1080261248,73987077.82,62418693.39,14352.4243251322
"420101060000","WEST GENESEE CENTRAL SCHOOL DISTRICT","2021-22",4313,686,9814988,14307.5626822157,75668796,65853808,15268.6779503826
"420101060000","WEST GENESEE CSD","2022-23",4408,681,10544602.47,15483.997753304,81065823.97,70521221.5,15998.4622277677
"420101060000","WEST GENESEE CENTRAL SCHOOL DISTRICT","2023-24",4577,689,11478409,16659.5195936139,95747679.45,84269270.45,18411.4639392615
"420101060000","WEST GENESEE CSD","2024-25",4544,695,10070727.36,14490.2551942446,107643121.82,97572394.46,21472.7980765845
"420303060000","NORTH SYRACUSE CENTRAL SCHOOL DISTRICT","2018-19",8826,1282,11179252.48,8720.16574102964,136516845.24,125337592.76,14200.950913211
"420303060000","NORTH SYRACUSE CENTRAL SCHOOL DISTRICT","2019-20",8389,1436,19109887.85,13307.7213440111,133042761.76,113932873.91,13581.2223042079
"420303060000","NORTH SYRACUSE CENTRAL SCHOOL DISTRICT","2020-21",8041,1304,27823759.74,21337.2390644172,136740241.55,108916481.81,13545.1413766944
"420303060000","NORTH SYRACUSE CENTRAL SCHOOL DISTRICT","2021-22",7869,1256,19426226,15466.7404458599,154961750,135535524,17223.9832253145
"420303060000","NORTH SYRACUSE CSD","2022-23",7875,1276,21045995.29,16493.7267163009,165933314.08,144887318.79,18398.3896876191
"420303060000","NORTH SYRACUSE CENTRAL SCHOOL DISTRICT","2023-24",7978,1471,13650522.36,9279.75687287559,190197598.83,176547076.47,22129.2399686638
"420303060000","NORTH SYRACUSE CSD","2024-25",7629,1565,16471026.95,10524.6178594249,203248393.85,186777366.9,24482.5490758946
"420401060000","EAST SYRACUSE-MINOA CENTRAL SCHOOL DISTRICT","2018-19",3419,558,8870509.5,15896.9704301075,68412990.55,59542481.05,17415.1743346008
"420401060000","EAST SYRACUSE-MINOA CENTRAL SCHOOL DISTRICT","2019-20",3410,608,8128404.64,13369.0865789474,68627639.27,60499234.63,17741.7110351906
"420401060000","EAST SYRACUSE-MINOA CENTRAL SCHOOL DISTRICT","2020-21",3359,580,8234030.24,14196.603862069,70173852.11,61939821.87,18439.9588776422
"420401060000","EAST SYRACUSE-MINOA CENTRAL SCHOOL DISTRICT","2021-22",3405,588,8651207,14712.9370748299,73466810,64815603,19035.4193832599
"420401060000","EAST SYRACUSE MINOA CSD","2022-23",3422,625,7674555.1,12279.28816,75249851.77,67575296.67,19747.3105406195
"420401060000","EAST SYRACUSE-MINOA CENTRAL SCHOOL DISTRICT","2023-24",3415,703,8146537.24,11588.2464295875,88177782.48,80031245.24,23435.2109048316
"420401060000","EAST SYRACUSE MINOA CSD","2024-25",3403,701,8265573.84,11791.1181740371,92871677.82,84606103.98,24862.2109844255
"420411060000","JAMESVILLE-DEWITT CENTRAL SCHOOL DISTRICT","2018-19",2717,312,4701901.35,15070.1966346154,48045724.94,43343823.59,15952.8242878174
"420411060000","JAMESVILLE-DEWITT CENTRAL SCHOOL DISTRICT","2019-20",2693,290,5347345.73,18439.1232068966,49587935.83,44240590.1,16427.9948384701
"420411060000","JAMESVILLE-DEWITT CENTRAL SCHOOL DISTRICT","2020-21",2600,288,5338742.85,18537.3015625,51730397.73,46391654.88,17842.9441846154
"420411060000","JAMESVILLE-DEWITT CENTRAL SCHOOL DISTRICT","2021-22",2529,282,5491886,19474.7730496454,54443647,48951761,19356.1727955714
"420411060000","JAMESVILLE-DEWITT CSD","2022-23",2511,282,9407196,33358.8510638298,57250266,47843070,19053.3930704898
"420411060000","JAMESVILLE-DEWITT CENTRAL SCHOOL DISTRICT","2023-24",2492,307,8379827.57,27295.855276873,65468653.92,57088826.35,22908.8388242376
"420411060000","JAMESVILLE-DEWITT CSD","2024-25",2430,344,10150180.65,29506.3390988372,68794556.95,58644376.3,24133.4881893004
"420501060000","JORDAN-ELBRIDGE CENTRAL SCHOOL DISTRICT","2018-19",1295,164,1459091.1,8896.89695121951,23782790.78,22323699.68,17238.3781312741
"420501060000","JORDAN-ELBRIDGE CENTRAL SCHOOL DISTRICT","2019-20",1252,209,1702001.17,8143.54626794258,23372959.89,21670958.72,17309.0724600639
"420501060000","JORDAN-ELBRIDGE CENTRAL SCHOOL DISTRICT","2020-21",1183,166,2929986.09,17650.5186144578,25270678.32,22340692.23,18884.7778782756
"420501060000","JORDAN-ELBRIDGE CENTRAL SCHOOL DISTRICT","2021-22",1238,195,1879771,9639.85128205128,25257288,23377517,18883.2932148627
"420501060000","JORDAN-ELBRIDGE CSD","2022-23",1198,194,2103730,10843.9690721649,26772143,24668413,20591.3297161937
"420501060000","JORDAN-ELBRIDGE CENTRAL SCHOOL DISTRICT","2023-24",1144,252,0,0,29416724.39,29416724.39,25713.9199213287
"420501060000","JORDAN-ELBRIDGE CSD","2024-25",1143,259,0,0,32712713.27,32712713.27,28620.0466054243
"420601040000","FABIUS-POMPEY CENTRAL SCHOOL DISTRICT","2018-19",607,57,1486274,26074.9824561404,14567370,13081096,21550.4052718287
"420601040000","FABIUS-POMPEY CENTRAL SCHOOL DISTRICT","2019-20",611,51,621183,12180.0588235294,14284333,13663150,22361.9476268412
"420601040000","FABIUS-POMPEY CENTRAL SCHOOL DISTRICT","2020-21",595,55,1181189.47,21476.1721818182,14664874.39,13483684.92,22661.6553277311
"420601040000","FABIUS-POMPEY CENTRAL SCHOOL DISTRICT","2021-22",637,55,1599233,29076.9636363636,15598502,13999269,21976.874411303
"420601040000","FABIUS-POMPEY CSD","2022-23",630,57,1449338.18,25426.9856140351,16365300.02,14915961.84,23676.1299047619
"420601040000","FABIUS-POMPEY CENTRAL SCHOOL DISTRICT","2023-24",644,72,1990566,27646.75,20379919.96,18389353.96,28554.8974534161
"420601040000","FABIUS-POMPEY CSD","2024-25",641,80,2045698.9,25571.23625,21147116.01,19101417.11,29799.4026677067
"420701060000","WESTHILL CENTRAL SCHOOL DISTRICT","2018-19",1735,165,2919748,17695.4424242424,27972139,25052391,14439.418443804
"420701060000","WESTHILL CENTRAL SCHOOL DISTRICT","2019-20",1778,192,4919925.95,25624.6143229167,30589666.08,25669740.13,14437.4241451069
"420701060000","WESTHILL CENTRAL SCHOOL DISTRICT","2020-21",1697,201,5154678.82,25645.1682587065,31064162.27,25909483.45,15267.8158220389
"420701060000","WESTHILL CENTRAL SCHOOL DISTRICT","2021-22",1715,220,5327929,24217.8590909091,32862878,27534949,16055.3638483965
"420701060000","WESTHILL CSD","2022-23",1721,213,5522865.01,25928.9437089202,34846124.51,29323259.5,17038.5005810575
"420701060000","WESTHILL CENTRAL SCHOOL DISTRICT","2023-24",1778,231,5707255.42,24706.7334199134,40131269.01,34424013.59,19361.0875084364
"420701060000","WESTHILL CSD","2024-25",1716,245,6204342,25323.8448979592,42076169,35871827,20904.3280885781
"420702030000","SOLVAY UNION FREE SCHOOL DISTRICT","2018-19",1452,217,3344652,15413.1428571429,27180365,23835713,16415.7803030303
"420702030000","SOLVAY UNION FREE SCHOOL DISTRICT","2019-20",1452,243,3996559,16446.7448559671,27313971.47,23317412.47,16058.8240151515
"420702030000","SOLVAY UNION FREE SCHOOL DISTRICT","2020-21",1397,236,4126498,17485.1610169492,27189704.69,23063206.69,16509.0956979241
"420702030000","SOLVAY UNION FREE SCHOOL DISTRICT","2021-22",1364,221,3396627,15369.3529411765,29688531,26291904,19275.5894428152
"420702030000","SOLVAY UFSD","2022-23",1342,234,3466584,14814.4615384615,32230598.53,28764014.53,21433.691900149
"420702030000","SOLVAY UNION FREE SCHOOL DISTRICT","2023-24",1338,250,5714410.96,22857.64384,38656872.23,32942461.27,24620.6735949178
"420702030000","SOLVAY UFSD","2024-25",1284,218,5656829.53,25948.7593119266,40771802.1,35114972.57,27348.1094781931
"420807040000","LAFAYETTE CENTRAL SCHOOL DISTRICT","2018-19",847,134,1885793.46,14073.0855223881,19828034.11,17942240.65,21183.2829397875
"420807040000","LAFAYETTE CENTRAL SCHOOL DISTRICT","2019-20",827,140,2968631.39,21204.5099285714,20776633.08,17808001.69,21533.254764208
"420807040000","LAFAYETTE CENTRAL SCHOOL DISTRICT","2020-21",796,125,2810952.23,22487.61784,20708813.94,17897861.71,22484.7508919598
"420807040000","LAFAYETTE CENTRAL SCHOOL DISTRICT","2021-22",806,113,1697521,15022.3097345133,22071605,20374084,25278.0198511166
"420807040000","LAFAYETTE CSD","2022-23",783,107,1596759.74,14922.9882242991,23491173.48,21894413.74,27962.2142273308
"420807040000","LAFAYETTE CENTRAL SCHOOL DISTRICT","2023-24",777,123,1643549.68,13362.1925203252,25286826.52,23643276.84,30428.9277220077
"420807040000","LAFAYETTE CSD","2024-25",756,150,1833255,12221.7,26750942,24917687,32959.9034391534
"420901060000","BALDWINSVILLE CENTRAL SCHOOL DISTRICT","2018-19",5482,847,12739912.93,15041.2195159386,87732184.61,74992271.68,13679.7285078439
"420901060000","BALDWINSVILLE CENTRAL SCHOOL DISTRICT","2019-20",5390,775,9203787.41,11875.8547225806,89211867.04,80008079.63,14843.7995602968
"420901060000","BALDWINSVILLE CENTRAL SCHOOL DISTRICT","2020-21",5342,796,7728502.85,9709.17443467337,89504340.47,81775837.62,15308.0939011606
"420901060000","BALDWINSVILLE CENTRAL SCHOOL DISTRICT","2021-22",5354,806,9584564,11891.5186104218,89297979,79713415,14888.5720956294
"420901060000","BALDWINSVILLE CSD","2022-23",5444,788,10121686.9,12844.7803299492,97697587.63,87575900.73,16086.6827204262
"420901060000","BALDWINSVILLE CENTRAL SCHOOL DISTRICT","2023-24",5426,871,10921307.62,12538.8147187141,106321074.19,95399766.57,17581.9695116108
"420901060000","BALDWINSVILLE CSD","2024-25",5400,902,18413556.27,20414.1422062084,126018101.44,107604545.17,19926.7676240741
"421001060000","FAYETTEVILLE-MANLIUS CENTRAL SCHOOL DISTRICT","2018-19",4183,391,8049385,20586.6624040921,16964545,8915160,2131.28376763089
"421001060000","FAYETTEVILLE-MANLIUS CENTRAL SCHOOL DISTRICT","2019-20",4203,399,7078093,17739.5814536341,73748364,66670271,15862.543659291
"421001060000","FAYETTEVILLE-MANLIUS CENTRAL SCHOOL DISTRICT","2020-21",4051,413,6778847,16413.6731234867,76220830,69441983,17141.9360651691
"421001060000","FAYETTEVILLE-MANLIUS CENTRAL SCHOOL DISTRICT","2021-22",4100,447,7044247,15758.9418344519,82288875,75244628,18352.3482926829
"421001060000","FAYETTEVILLE-MANLIUS CSD","2022-23",4121,445,10206283,22935.4674157303,84352269,74145986,17992.2314972094
"421001060000","FAYETTEVILLE-MANLIUS CENTRAL SCHOOL DISTRICT","2023-24",4235,445,10356603,23273.2651685393,96842061,86485458,20421.5957497048
"421001060000","FAYETTEVILLE-MANLIUS CSD","2024-25",4104,443,10268161.99,23178.6952370203,101425194.08,91157032.09,22211.752458577
"421101060000","MARCELLUS CENTRAL SCHOOL DISTRICT","2018-19",1543,194,2811072,14490.0618556701,29831864,27020792,17511.8548282566
"421101060000","MARCELLUS CENTRAL SCHOOL DISTRICT","2019-20",1505,182,3458342,19001.8791208791,29447182,25988840,17268.3322259136
"421101060000","MARCELLUS CENTRAL SCHOOL DISTRICT","2020-21",1441,189,3247526,17182.6772486772,28834187,25586661,17756.1839000694
"421101060000","MARCELLUS CENTRAL SCHOOL DISTRICT","2021-22",1433,174,3097385,17801.0632183908,30996695,27899310,19469.1625959525
"421101060000","MARCELLUS CSD","2022-23",1407,191,3554204,18608.3979057592,32419250,28865046,20515.3134328358
"421101060000","MARCELLUS CENTRAL SCHOOL DISTRICT","2023-24",1397,192,4055601.89,21122.9265104167,36723031.03,32667429.14,23383.9864996421
"421101060000","MARCELLUS CSD","2024-25",1407,211,4376230.73,20740.43,37642361.98,33266131.25,23643.3057924662
"421201040000","ONONDAGA CENTRAL SCHOOL DISTRICT","2018-19",855,123,1039284,8449.46341463415,15647288.9,14608004.9,17085.3858479532
"421201040000","ONONDAGA CENTRAL SCHOOL DISTRICT","2019-20",829,125,1021354.25,8170.834,15767612.23,14746257.98,17788.0072135103
"421201040000","ONONDAGA CENTRAL SCHOOL DISTRICT","2020-21",818,111,1075669.42,9690.71549549549,15556289.23,14480619.81,17702.469205379
"421201040000","ONONDAGA CENTRAL SCHOOL DISTRICT","2021-22",808,110,1335048,12136.8,16857593,15522545,19211.0705445545
"421201040000","ONONDAGA CSD","2022-23",776,115,1369352.16,11907.4100869565,17496914.96,16127562.8,20782.9417525773
"421201040000","ONONDAGA CENTRAL SCHOOL DISTRICT","2023-24",767,116,1462979.2,12611.8896551724,20268450.53,18805471.33,24518.2155541069
"421201040000","ONONDAGA CSD","2024-25",770,97,1409360.95,14529.4943298969,20593737.72,19184376.77,24914.775025974
"421501060000","LIVERPOOL CENTRAL SCHOOL DISTRICT","2018-19",7104,1351,15779675.09,11679.9963656551,128212779.88,112433104.79,15826.7320931869
"421501060000","LIVERPOOL CENTRAL SCHOOL DISTRICT","2019-20",6927,1375,16422729.31,11943.8031345455,125860402.41,109437673.1,15798.7112891584
"421501060000","LIVERPOOL CENTRAL SCHOOL DISTRICT","2020-21",6810,1408,16501391.33,11719.7381605114,129550566.09,113049174.76,16600.4661908957
"421501060000","LIVERPOOL CENTRAL SCHOOL DISTRICT","2021-22",6705,1385,19529214,14100.5155234657,141551800,122022586,18198.7451155854
"421501060000","LIVERPOOL CSD","2022-23",6704,1383,20539270.52,14851.2440491685,153229433.86,132690163.34,19792.6854624105
"421501060000","LIVERPOOL CENTRAL SCHOOL DISTRICT","2023-24",6850,1362,19148596.23,14059.1749118943,167956803,148808206.77,21723.8258058394
"421501060000","LIVERPOOL CSD","2024-25",6627,1339,22519793.21,16818.3668483943,178414579.32,155894786.11,23524.1868281274
"421504020000","LYNCOURT UNION FREE SCHOOL DISTRICT","2018-19",402,71,1757257,24750.0985915493,8303091,6545834,16283.1691542289
"421504020000","LYNCOURT UNION FREE SCHOOL DISTRICT","2019-20",409,87,1747458,20085.724137931,8321701,6574243,16073.9437652812
"421504020000","LYNCOURT UNION FREE SCHOOL DISTRICT","2020-21",391,80,1731593,21644.9125,8578996,6847403,17512.5396419437
"421504020000","LYNCOURT UNION FREE SCHOOL DISTRICT","2021-22",403,84,1546763,18413.8452380952,9731805,8185042,20310.2779156328
"421504020000","LYNCOURT UFSD","2022-23",406,77,1571537,20409.5714285714,10471621,8900084,21921.3891625616
"421504020000","LYNCOURT UNION FREE SCHOOL DISTRICT","2023-24",434,99,1726030.19,17434.6483838384,12246968.5,10520938.31,24241.7933410138
"421504020000","LYNCOURT UFSD","2024-25",430,110,2187793,19889.0272727273,12900341,10712548,24912.9023255814
"421601060000","SKANEATELES CENTRAL SCHOOL DISTRICT","2018-19",1317,101,2094157.69,20734.2345544554,26241169.11,24147011.42,18334.8606074412
"421601060000","SKANEATELES CENTRAL SCHOOL DISTRICT","2019-20",1283,100,1783942.29,17839.4229,24962962.29,23179020,18066.2665627436
"421601060000","SKANEATELES CENTRAL SCHOOL DISTRICT","2020-21",1265,100,2290719,22907.19,26287453,23996734,18969.7501976285
"421601060000","SKANEATELES CENTRAL SCHOOL DISTRICT","2021-22",1240,105,1850463,17623.4571428571,27365557,25515094,20576.6887096774
"421601060000","SKANEATELES CSD","2022-23",1254,108,1912541,17708.712962963,29491435,27578894,21992.7384370016
"421601060000","SKANEATELES CENTRAL SCHOOL DISTRICT","2023-24",1228,115,1957395,17020.8260869565,33294751,31337356,25519.0195439739
"421601060000","SKANEATELES CSD","2024-25",1212,122,2091607,17144.3196721311,34606893,32515286,26827.7937293729
"421800010000","SYRACUSE CITY SCHOOL DISTRICT","2018-19",21273,4022,59784057.63,14864.2609721532,393820036.94,334035979.31,15702.3447238283
"421800010000","SYRACUSE CITY SCHOOL DISTRICT","2019-20",20032,4210,59966628,14243.854631829,381216701,321250073,16036.8446984824
"421800010000","SYRACUSE CITY SCHOOL DISTRICT","2020-21",19099,3814,60158798,15773.1510225485,375612765,315453967,16516.7792554584
"421800010000","SYRACUSE CITY SCHOOL DISTRICT","2021-22",18713,3798,59114922,15564.7503949447,406199271,347084349,18547.7662053118
"421800010000","SYRACUSE CITY SD","2022-23",18320,3734,6570282,1759.58275307981,432986722,426416440,23276.0065502183
"421800010000","SYRACUSE CITY SCHOOL DISTRICT","2023-24",18556,4130,66384916,16073.8295399516,507775649,441390733,23786.9547855141
"421800010000","SYRACUSE CITY SD","2024-25",18589,4152,58580388,14108.9566473988,549100244,490519856,26387.6408628759
"421902040000","TULLY CENTRAL SCHOOL DISTRICT","2018-19",800,108,1546139,14316.1018518519,16500110,14953971,18692.46375
"421902040000","TULLY CENTRAL SCHOOL DISTRICT","2019-20",771,99,1337399,13509.0808080808,15147421,13810022,17911.831387808
"421902040000","TULLY CENTRAL SCHOOL DISTRICT","2020-21",738,81,1035115,12779.1975308642,15937263,14902148,20192.6124661247
"421902040000","TULLY CENTRAL SCHOOL DISTRICT","2021-22",733,74,1366641,18468.1216216216,16714568,15347927,20938.5088676671
"421902040000","TULLY CSD","2022-23",743,78,1402960,17986.6666666667,17618542,16215582,21824.4710632571
"421902040000","TULLY CENTRAL SCHOOL DISTRICT","2023-24",740,90,2283001,25366.6777777778,20270817,17987816,24307.8594594595
"421902040000","TULLY CSD","2024-25",738,87,3177141.9,36518.8724137931,20590170.99,17413029.09,23594.8903658537
"430300050000","CANANDAIGUA CITY SCHOOL DISTRICT","2018-19",3470,528,6011765.45,11385.9194128788,57634938.73,51623173.28,14876.9951815562
"430300050000","CANANDAIGUA CITY SCHOOL DISTRICT","2019-20",3435,544,9467340.08,17403.1986764706,60726850.96,51259510.88,14922.7105909753
"430300050000","CANANDAIGUA CITY SCHOOL DISTRICT","2020-21",3277,534,8475869.5,15872.4147940075,60643615.12,52167745.62,15919.3608849558
"430300050000","CANANDAIGUA CITY SCHOOL DISTRICT","2021-22",3289,557,9611692,17256.1795332136,64493703,54882011,16686.5342049255
"430300050000","CANANDAIGUA CITY SD","2022-23",3232,570,9991381.7,17528.7398245614,67833664.22,57842282.52,17896.7458292079
"430300050000","CANANDAIGUA CITY SCHOOL DISTRICT","2023-24",3259,563,14317501.31,25430.7305683837,78393670.79,64076169.48,19661.2977845965
"430300050000","CANANDAIGUA CITY SD","2024-25",3117,547,15284034.04,27941.5613162706,81450102.3,66166068.26,21227.4842027591
"430501040000","EAST BLOOMFIELD CENTRAL SCHOOL DISTRICT","2018-19",872,96,1280576.96,13339.3433333333,14481394.64,13200817.68,15138.5523853211
"430501040000","EAST BLOOMFIELD CENTRAL SCHOOL DISTRICT","2019-20",852,121,3450301,28514.8842975207,16579411.36,13129110.36,15409.753943662
"430501040000","EAST BLOOMFIELD CENTRAL SCHOOL DISTRICT","2020-21",836,113,3391829,30016.185840708,16568688,13176859,15761.793062201
"430501040000","EAST BLOOMFIELD CENTRAL SCHOOL DISTRICT","2021-22",791,103,3333497,32364.0485436893,18236386,14902889,18840.5676359039
"430501040000","EAST BLOOMFIELD CSD","2022-23",789,110,3226116,29328.3272727273,18993887,15767771,19984.5006337136
"430501040000","EAST BLOOMFIELD CENTRAL SCHOOL DISTRICT","2023-24",755,101,3434941,34009.3168316832,21115306,17680365,23417.701986755
"430501040000","EAST BLOOMFIELD CSD","2024-25",737,104,3947397,37955.7403846154,22207818,18260421,24776.6906377205
"430700010000","GENEVA CITY SCHOOL DISTRICT","2018-19",2248,284,8297975.94,29218.2251408451,41060823.78,32762847.84,14574.220569395
"430700010000","GENEVA CITY SCHOOL DISTRICT","2019-20",2101,278,3123607.09,11235.9967266187,42399836.19,39276229.1,18694.064302713
"430700010000","GENEVA CITY SCHOOL DISTRICT","2020-21",2033,271,2725042.54,10055.5075276753,42770113.17,40045070.63,19697.5261337924
"430700010000","GENEVA CITY SCHOOL DISTRICT","2021-22",2065,290,3113881,10737.5206896552,43894925,40781044,19748.6895883777
"430700010000","GENEVA CITY SD","2022-23",2029,302,10925855.29,36178.3287748344,50749897.55,39824042.26,19627.4234894036
"430700010000","GENEVA CITY SCHOOL DISTRICT","2023-24",2082,315,3565033.28,11317.565968254,53292642.25,49727608.97,23884.5384101825
"430700010000","GENEVA CITY SD","2024-25",1964,331,3499680,10573.0513595166,52826834.08,49327154.08,25115.6589002037
"430901060000","GORHAM-MIDDLESEX CENTRAL SCHOOL DISTRICT (MARCUS WHITMAN)","2018-19",1185,210,4860896,23147.1238095238,23352980,18492084,15605.1341772152
"430901060000","GORHAM-MIDDLESEX CENTRAL SCHOOL DISTRICT (MARCUS WHITMAN)","2019-20",1170,195,3487266,17883.4153846154,23204940,19717674,16852.7128205128
"430901060000","GORHAM-MIDDLESEX CENTRAL SCHOOL DISTRICT (MARCUS WHITMAN)","2020-21",1097,185,3622529,19581.2378378378,23731744,20109215,18331.0984503191
"430901060000","GORHAM-MIDDLESEX CENTRAL SCHOOL DISTRICT (MARCUS WHITMAN)","2021-22",1108,202,6696640,33151.6831683168,29566704,22870064,20640.8519855596
"430901060000","GORHAM-MIDDLESEX CSD (MARCUS WHITMAN","2022-23",1101,204,2544829.05,12474.6522058824,27119243.17,24574414.12,22320.0854859219
"430901060000","GORHAM-MIDDLESEX CENTRAL SCHOOL DISTRICT (MARCUS WHITMAN)","2023-24",1061,221,3567799.5,16143.8891402715,33713448.15,30145648.65,28412.4869462771
"430901060000","GORHAM-MIDDLESEX CSD (MARCUS WHITMAN","2024-25",1039,231,3592124.2,15550.3212121212,33545772.96,29953648.76,28829.3058325313
"431101040000","MANCHESTER-SHORTSVILLE CENTRAL SCHOOL DISTRICT (RED JACKET)","2018-19",819,90,1069846.79,11887.1865555556,13345526.22,12275679.43,14988.6195726496
"431101040000","MANCHESTER-SHORTSVILLE CENTRAL SCHOOL DISTRICT (RED JACKET)","2019-20",799,98,2347504.43,23954.1268367347,14994474.97,12646970.54,15828.4987984981
"431101040000","MANCHESTER-SHORTSVILLE CENTRAL SCHOOL DISTRICT (RED JACKET)","2020-21",783,97,5331123,54960.0309278351,15061146,9730023,12426.5938697318
"431101040000","MANCHESTER-SHORTSVILLE CENTRAL SCHOOL DISTRICT (RED JACKET)","2021-22",750,96,1202805,12529.21875,15222336,14019531,18692.708
"431101040000","MANCHESTER-SHORTSVILLE CSD (RED JACK","2022-23",709,89,1188730.12,13356.5182022472,17197419.42,16008689.3,22579.2514809591
"431101040000","MANCHESTER-SHORTSVILLE CENTRAL SCHOOL DISTRICT (RED JACKET)","2023-24",728,113,1662830.07,14715.3103539823,20156769.02,18493938.95,25403.762293956
"431101040000","MANCHESTER-SHORTSVILLE CSD (RED JACK","2024-25",715,108,866954.11,8027.35287037037,18767402.2,17900448.09,25035.5917342657
"431201040000","NAPLES CENTRAL SCHOOL DISTRICT","2018-19",669,107,1874005.28,17514.0680373832,15046641.12,13172635.84,19690.0386248132
"431201040000","NAPLES CENTRAL SCHOOL DISTRICT","2019-20",631,95,1972709,20765.3578947368,11078981,9106272,14431.4928684628
"431201040000","NAPLES CENTRAL SCHOOL DISTRICT","2020-21",624,83,1784062.69,21494.7312048193,15622494.86,13838432.17,22176.9746314103
"431201040000","NAPLES CENTRAL SCHOOL DISTRICT","2021-22",624,85,2013856,23692.4235294118,15839128,13825272,22155.8846153846
"431201040000","NAPLES CSD","2022-23",602,94,1289700.75,13720.2207446809,16682141.96,15392441.21,25568.8392192691
"431201040000","NAPLES CENTRAL SCHOOL DISTRICT","2023-24",579,80,0,0,18748072.34,18748072.34,32380.0903972366
"431201040000","NAPLES CSD","2024-25",574,81,1369117.68,16902.6874074074,17921531.78,16552414.1,28836.9583623693
"431301060000","PHELPS-CLIFTON SPRINGS CENTRAL SCHOOL DISTRICT","2018-19",1586,251,2485920,9904.06374501992,25501054,23015134,14511.4337957125
"431301060000","PHELPS-CLIFTON SPRINGS CENTRAL SCHOOL DISTRICT","2019-20",1549,244,4548582,18641.7295081967,28228867.02,23680285.02,15287.4661200775
"431301060000","PHELPS-CLIFTON SPRINGS CENTRAL SCHOOL DISTRICT","2020-21",1502,237,4607200,19439.6624472574,29083528,24476328,16295.8242343542
"431301060000","PHELPS-CLIFTON SPRINGS CENTRAL SCHOOL DISTRICT","2021-22",1466,259,4445679,17164.7837837838,30337889,25892210,17661.8076398363
"431301060000","PHELPS-CLIFTON SPRINGS CSD","2022-23",1484,267,4893047,18326.0187265918,32157602,27264555,18372.3416442049
"431301060000","PHELPS-CLIFTON SPRINGS CENTRAL SCHOOL DISTRICT","2023-24",1513,243,8258584.74,33985.9454320988,40326378.66,32067793.92,21194.8406609385
"431301060000","PHELPS-CLIFTON SPRINGS CSD","2024-25",1437,258,8906423.08,34521.0196899225,41210065.49,32303642.41,22479.9181697982
"431401040000","HONEOYE CENTRAL SCHOOL DISTRICT","2018-19",568,91,1625925,17867.3076923077,14064672.77,12438747.77,21899.2038204225
"431401040000","HONEOYE CENTRAL SCHOOL DISTRICT","2019-20",597,86,2772113,32233.8720930233,14274284.53,11502171.53,19266.6189782245
"431401040000","HONEOYE CENTRAL SCHOOL DISTRICT","2020-21",583,84,1771099,21084.5119047619,13301951,11530852,19778.4768439108
"431401040000","HONEOYE CENTRAL SCHOOL DISTRICT","2021-22",538,80,1823832,22797.9,13862935,12039103,22377.5148698885
"431401040000","HONEOYE CSD","2022-23",556,83,1902479,22921.4337349398,14531653,12629174,22714.3417266187
"431401040000","HONEOYE CENTRAL SCHOOL DISTRICT","2023-24",552,90,2941990.55,32688.7838888889,18397654.01,15455663.46,27999.390326087
"431401040000","HONEOYE CSD","2024-25",546,81,3080818.39,38034.7949382716,18619466.99,15538648.6,28459.0633699634
"431701060000","VICTOR CENTRAL SCHOOL DISTRICT","2018-19",4429,500,14165924,28331.848,59125153,44959229,10151.1016030707
"431701060000","VICTOR CENTRAL SCHOOL DISTRICT","2019-20",4397,512,23792036.78,46468.8218359375,60071892.88,36279856.1,8251.04755515124
"431701060000","VICTOR CENTRAL SCHOOL DISTRICT","2020-21",4275,498,5403426.27,10850.2535542169,60834808.08,55431381.81,12966.4051017544
"431701060000","VICTOR CENTRAL SCHOOL DISTRICT","2021-22",4298,524,5607540,10701.4122137405,67645869,62038329,14434.2319683574
"431701060000","VICTOR CSD","2022-23",4278,539,6862127.19,12731.2192764378,72116248.31,65254121.12,15253.4177466106
"431701060000","VICTOR CENTRAL SCHOOL DISTRICT","2023-24",4325,599,9315106.36,15551.0957595993,87509896.19,78194789.83,18079.7201919075
"431701060000","VICTOR CSD","2024-25",4227,603,8913217,14781.4543946932,91407333.54,82494116.54,19515.9963425597
"440102060000","WASHINGTONVILLE CENTRAL SCHOOL DISTRICT","2018-19",4040,507,12003857.96,23676.2484418146,83072682.72,71068824.76,17591.2932574257
"440102060000","WASHINGTONVILLE CENTRAL SCHOOL DISTRICT","2019-20",3873,488,13104425.18,26853.3302868852,79940362.07,66835936.89,17256.8904957397
"440102060000","WASHINGTONVILLE CENTRAL SCHOOL DISTRICT","2020-21",3724,477,10984853.81,23029.0436268344,81172994.85,70188141.04,18847.5137056928
"440102060000","WASHINGTONVILLE CENTRAL SCHOOL DISTRICT","2021-22",3814,514,7602417,14790.6945525292,82719777,75117360,19695.1651809124
"440102060000","WASHINGTONVILLE CSD","2022-23",3872,532,9043082.93,16998.2761842105,83518090.63,74475007.7,19234.247856405
"440102060000","WASHINGTONVILLE CENTRAL SCHOOL DISTRICT","2023-24",3928,597,4376086.01,7330.127319933,76773023.85,72396937.84,18430.9923217923
"440102060000","WASHINGTONVILLE CSD","2024-25",3873,656,7608577.45,11598.4412347561,100526980.19,92918402.74,23991.3252620707
"440201020000","CHESTER UNION FREE SCHOOL DISTRICT","2018-19",992,182,2801080,15390.5494505494,21298983,18497903,18647.0796370968
"440201020000","CHESTER UNION FREE SCHOOL DISTRICT","2019-20",986,182,3012169,16550.3791208791,23702659,20690490,20984.2697768763
"440201020000","CHESTER UNION FREE SCHOOL DISTRICT","2020-21",951,175,2873417,16419.5257142857,22869303,19995886,21026.1682439537
"440201020000","CHESTER UNION FREE SCHOOL DISTRICT","2021-22",983,176,3093623,17577.4034090909,25508635,22415012,22802.6571719227
"440201020000","CHESTER UFSD","2022-23",957,166,3697884.35,22276.411746988,24272442.46,20574558.11,21499.0157889237
"440201020000","CHESTER UNION FREE SCHOOL DISTRICT","2023-24",925,161,1992584.54,12376.3014906832,29626038.51,27633453.97,29874.0042918919
"440201020000","CHESTER UFSD","2024-25",931,170,4572962.91,26899.7818235294,31277389.99,26704427.08,28683.5951450054
"440301060000","CORNWALL CENTRAL SCHOOL DISTRICT","2018-19",3122,375,7756013.94,20682.70384,59209945.22,51453931.28,16481.0798462524
"440301060000","CORNWALL CENTRAL SCHOOL DISTRICT","2019-20",3102,401,8166691.89,20365.8151870324,58576192.83,50409500.94,16250.6450483559
"440301060000","CORNWALL CENTRAL SCHOOL DISTRICT","2020-21",3005,405,6015765.11,14853.7410123457,60691096.56,54675331.45,18194.7858402662
"440301060000","CORNWALL CENTRAL SCHOOL DISTRICT","2021-22",3000,407,6490583,15947.3783783784,63324559,56833976,18944.6586666667
"440301060000","CORNWALL CSD","2022-23",2967,389,7061472.81,18152.8864010283,67306447.65,60244974.84,20305.0134277048
"440301060000","CORNWALL CENTRAL SCHOOL DISTRICT","2023-24",3068,404,9134382.67,22609.8580940594,77516070.89,68381688.22,22288.6858604954
"440301060000","CORNWALL CSD","2024-25",2985,419,6163487.86,14709.9948926014,79715423.34,73551935.48,24640.51439866
"440401060000","PINE BUSH CENTRAL SCHOOL DISTRICT","2018-19",5170,790,17302882.32,21902.3826835443,102061726.92,84758844.6,16394.3606576402
"440401060000","PINE BUSH CENTRAL SCHOOL DISTRICT","2019-20",5061,807,16539863.81,20495.4941883519,101513971.34,84974107.53,16789.9837048014
"440401060000","PINE BUSH CENTRAL SCHOOL DISTRICT","2020-21",4817,731,30988750.51,42392.2715595075,100227146.15,69238395.64,14373.758696284
"440401060000","PINE BUSH CENTRAL SCHOOL DISTRICT","2021-22",4812,746,12088545,16204.4839142091,102746242,90657697,18839.920407315
"440401060000","PINE BUSH CSD","2022-23",4769,785,13766443.59,17536.8708152866,111537536.66,97771093.07,20501.3824847977
"440401060000","PINE BUSH CENTRAL SCHOOL DISTRICT","2023-24",4736,827,4161155.2,5031.62660217654,107730055.02,103568899.82,21868.4332390203
"440401060000","PINE BUSH CSD","2024-25",4710,848,9734631.33,11479.5180778302,132875310.88,123140679.55,26144.5179511677
"440601040000","GOSHEN CENTRAL SCHOOL DISTRICT","2018-19",2908,440,139274,316.531818181818,67984102,67844828,23330.4085281981
"440601040000","GOSHEN CENTRAL SCHOOL DISTRICT","2019-20",2885,435,0,0,63766223,63766223,22102.67694974
"440601040000","GOSHEN CENTRAL SCHOOL DISTRICT","2020-21",2823,414,7613858,18390.961352657,61397854.84,53783996.84,19052.0711441729
"440601040000","GOSHEN CENTRAL SCHOOL DISTRICT","2021-22",2861,413,6340702,15352.789346247,64623708,58283006,20371.5505068158
"440601040000","GOSHEN CSD","2022-23",2820,389,25204953.28,64794.22437018,68146492.33,42941539.05,15227.4961170213
"440601040000","GOSHEN CENTRAL SCHOOL DISTRICT","2023-24",2817,405,8346572.74,20608.8215802469,82741514.25,74394941.51,26409.2799112531
"440601040000","GOSHEN CSD","2024-25",2735,421,9382558.38,22286.3619477435,82721023.42,73338465.04,26814.795261426
"440901040000","HIGHLAND FALLS CENTRAL SCHOOL DISTRICT","2018-19",1023,169,4408899.06,26088.1601183432,22649646.79,18240747.73,17830.6429423265
"440901040000","HIGHLAND FALLS CENTRAL SCHOOL DISTRICT","2019-20",1008,174,5119954.05,29425.0232758621,23693070.06,18573116.01,18425.710327381
"440901040000","HIGHLAND FALLS CENTRAL SCHOOL DISTRICT","2020-21",940,167,4919254.46,29456.6135329341,27103067.02,22183812.56,23599.8005957447
"440901040000","HIGHLAND FALLS CENTRAL SCHOOL DISTRICT","2021-22",987,171,1868546,10927.1695906433,25251626,23383080,23691.0638297872
"440901040000","HIGHLAND FALLS CSD","2022-23",949,178,2172010.59,12202.3066853933,27064847.41,24892836.82,26230.5972813488
"440901040000","HIGHLAND FALLS CENTRAL SCHOOL DISTRICT","2023-24",954,198,3544636.97,17902.2069191919,33280408.9,29735771.93,31169.5722536688
"440901040000","HIGHLAND FALLS CSD","2024-25",931,202,2352010.87,11643.6181683168,33249159.41,30897148.54,33187.0553598281
"441000010000","MIDDLETOWN CITY SCHOOL DISTRICT","2018-19",7575,1121,17862183,15934.1507582516,135572714.87,117710531.87,15539.3441412541
"441000010000","MIDDLETOWN CITY SCHOOL DISTRICT","2019-20",7405,1118,21150185.2,18917.8758497317,142655154.67,121504969.47,16408.5036421337
"441000010000","MIDDLETOWN CITY SCHOOL DISTRICT","2020-21",7235,1118,20932628,18723.2808586762,151179022.71,130246394.71,18002.2660276434
"441000010000","MIDDLETOWN CITY SCHOOL DISTRICT","2021-22",7259,1176,21662435,18420.4379251701,167475302,145812867,20087.1837718694
"441000010000","MIDDLETOWN CITY SD","2022-23",7285,1251,24415675,19516.9264588329,184439515,160023840,21966.2100205903
"441000010000","MIDDLETOWN CITY SCHOOL DISTRICT","2023-24",7482,1220,46593633.46,38191.5028360656,251823366.86,205229733.4,27429.7959636461
"441000010000","MIDDLETOWN CITY SD","2024-25",7175,1274,48209509.57,37841.0593171115,256214893.2,208005383.63,28990.2973700348
"441101040000","MINISINK VALLEY CENTRAL SCHOOL DISTRICT","2018-19",3666,537,9655439,17980.3333333333,69837520.29,60182081.29,16416.2796753955
"441101040000","MINISINK VALLEY CENTRAL SCHOOL DISTRICT","2019-20",3493,513,13951987.96,27196.8576218324,69392697.29,55440709.33,15871.9465588319
"441101040000","MINISINK VALLEY CENTRAL SCHOOL DISTRICT","2020-21",3391,511,6005848.17,11753.1275342466,68004906.14,61999057.97,18283.4143232085
"441101040000","MINISINK VALLEY CENTRAL SCHOOL DISTRICT","2021-22",3400,524,6989581,13338.8950381679,73094054,66104473,19442.4920588235
"441101040000","MINISINK VALLEY CSD","2022-23",3454,546,7228342.47,13238.7224725275,76940723.84,69712381.37,20183.0866734221
"441101040000","MINISINK VALLEY CENTRAL SCHOOL DISTRICT","2023-24",3590,582,11405497.2,19597.0742268041,93630368.1,82224870.9,22903.8637604457
"441101040000","MINISINK VALLEY CSD","2024-25",3444,602,8678677.31,14416.4074916944,98183153,89504475.69,25988.5237195122
"441201060000","MONROE-WOODBURY CENTRAL SCHOOL DISTRICT","2018-19",6725,1102,19712643.36,17888.0611252269,147267767,127555123.64,18967.3046304833
"441201060000","MONROE-WOODBURY CENTRAL SCHOOL DISTRICT","2019-20",6702,1079,21136572,19589.0379981464,146816162.53,125679590.53,18752.55006416
"441201060000","MONROE-WOODBURY CENTRAL SCHOOL DISTRICT","2020-21",6658,1114,21624353,19411.447935368,150529304.97,128904951.97,19360.9119810754
"441201060000","MONROE-WOODBURY CENTRAL SCHOOL DISTRICT","2021-22",6583,1129,26906458,23832.115146147,159011188,132104730,20067.5573446757
"441201060000","MONROE-WOODBURY CSD","2022-23",6484,1113,28724264,25807.9640610961,165309492.39,136585228.39,21064.9642797656
"441201060000","MONROE-WOODBURY CENTRAL SCHOOL DISTRICT","2023-24",6427,1139,29476966.74,25879.6898507463,193436903.18,163959936.44,25511.1150521239
"441201060000","MONROE-WOODBURY CSD","2024-25",6315,1179,43204546,36645.0771840543,198169592,154965046,24539.1996832937
"441202020000","KIRYAS JOEL VILLAGE UNION FREE SCHOOL DISTRICT","2018-19",618,161,13250813,82303.1863354037,17133067,3882254,6281.9644012945
"441202020000","KIRYAS JOEL VILLAGE UNION FREE SCHOOL DISTRICT","2019-20",167,167,13932337,83427.1676646707,17988773,4056436,24290.0359281437
"441202020000","KIRYAS JOEL VILLAGE UNION FREE SCHOOL DISTRICT","2020-21",156,155,13682407,88273.5935483871,18273045,4590638,29427.1666666667
"441202020000","KIRYAS JOEL VILLAGE UNION FREE SCHOOL DISTRICT","2021-22",164,164,13170274,80306.5487804878,18800304,5630030,34329.4512195122
"441202020000","KIRYAS JOEL VILLAGE UNION FREE SCHOOL DISTRICT","2023-24",561,175,0,0,37859537.82,37859537.82,67485.8071657754
"441202020000","KIRYAS JOEL VILLAGE UFSD","2024-25",166,165,0,0,35492562.04,35492562.04,213810.614698795
"441301060000","VALLEY CENTRAL SCHOOL DISTRICT (MONTGOMERY)","2018-19",4283,779,13570890.42,17420.9119640565,88810578.51,75239688.09,17567.0530212468
"441301060000","VALLEY CENTRAL SCHOOL DISTRICT (MONTGOMERY)","2019-20",4131,795,13579610.23,17081.2707295598,89681351.45,76101741.22,18422.111164367
"441301060000","VALLEY CENTRAL SCHOOL DISTRICT (MONTGOMERY)","2020-21",4025,792,15823780.99,19979.5214520202,90930426.76,75106645.77,18660.0362161491
"441301060000","VALLEY CENTRAL SCHOOL DISTRICT (MONTGOMERY)","2021-22",3997,779,16138479,20716.917843389,96619750,80481271,20135.4193144859
"441301060000","VALLEY CSD (MONTGOMERY)","2022-23",4059,790,17224055,21802.6012658228,100856886.3,83632831.3,20604.2944813994
"441301060000","VALLEY CENTRAL SCHOOL DISTRICT (MONTGOMERY)","2023-24",4318,799,20847868.14,26092.450738423,121532326.5,100684458.36,23317.3826679018
"441301060000","VALLEY CSD (MONTGOMERY)","2024-25",4152,788,21710194.87,27551.0087182741,126076167.96,104365973.09,25136.3133646435
"441600010000","NEWBURGH CITY SCHOOL DISTRICT","2018-19",11382,1671,29452951.27,17625.9433093956,239154566.38,209701615.11,18423.9689957828
"441600010000","NEWBURGH CITY SCHOOL DISTRICT","2019-20",11309,1734,20024956.67,11548.4179181084,244892610.3,224867653.63,19883.9555778583
"441600010000","NEWBURGH CITY SCHOOL DISTRICT","2020-21",10927,1684,27642266.74,16414.6477078385,237544131.88,209901865.14,19209.4687599524
"441600010000","NEWBURGH CITY SCHOOL DISTRICT","2021-22",10819,1679,21422061,12758.8213222156,258447743,237025682,21908.2800628524
"441600010000","NEWBURGH CITY SCHOOL DISTRICT","2023-24",11051,1852,61869804.51,33407.0218736501,364339585.64,302469781.13,27370.3539163877
"441600010000","NEWBURGH CITY SD","2024-25",10757,1926,64716787.14,33601.6547975078,345812338.42,281095551.28,26131.4075746026
"441800050000","PORT JERVIS CITY SCHOOL DISTRICT","2018-19",2454,498,4917563.61,9874.62572289157,53898071.89,48980508.28,19959.4573268134
"441800050000","PORT JERVIS CITY SCHOOL DISTRICT","2019-20",2444,534,12837424.79,24040.121329588,61881833.78,49044408.99,20067.2704541735
"441800050000","PORT JERVIS CITY SCHOOL DISTRICT","2020-21",2393,541,11643944.74,21523.0032162662,59583214.09,47939269.35,20033.1255119097
"441800050000","PORT JERVIS CITY SCHOOL DISTRICT","2021-22",2371,532,6570993,12351.4906015038,57593088,51022095,21519.2302825812
"441800050000","PORT JERVIS CITY SD","2022-23",2348,515,7392764.93,14354.8833592233,62474161.81,55081396.88,23458.857274276
"441800050000","PORT JERVIS CITY SCHOOL DISTRICT","2023-24",2369,497,10310917.73,20746.3133400402,69899974.64,59589056.91,25153.6753524694
"441800050000","PORT JERVIS CITY SD","2024-25",2301,504,22296573.14,44239.2324206349,85440978.83,63144405.69,27442.1580573664
"441903020000","TUXEDO UNION FREE SCHOOL DISTRICT","2018-19",222,36,2272959,63137.75,11295442,9022483,40641.8153153153
"441903020000","TUXEDO UNION FREE SCHOOL DISTRICT","2019-20",222,29,709180.59,24454.5031034483,10007638.12,9298457.53,41884.9438288288
"441903020000","TUXEDO UNION FREE SCHOOL DISTRICT","2020-21",237,35,2118930.96,60540.8845714286,12016094.19,9897163.23,41760.1824050633
"441903020000","TUXEDO UNION FREE SCHOOL DISTRICT","2021-22",232,40,2046838,51170.95,12591190,10544352,45449.7931034483
"441903020000","TUXEDO UFSD","2022-23",208,32,2050559,64079.96875,13010808,10960249,52693.5048076923
"441903020000","TUXEDO UNION FREE SCHOOL DISTRICT","2023-24",205,36,1850418,51400.5,14312758,12462340,60791.9024390244
"441903020000","TUXEDO UFSD","2024-25",182,40,1845862,46146.55,14754140,12908278,70924.6043956044
"442101060000","WARWICK VALLEY CENTRAL SCHOOL DISTRICT","2018-19",3564,535,7909420.72,14783.9639626168,73578113.5,65668692.78,18425.5591414141
"442101060000","WARWICK VALLEY CENTRAL SCHOOL DISTRICT","2019-20",3569,495,6628553.46,13391.0170909091,67627801.98,60999248.52,17091.411745587
"442101060000","WARWICK VALLEY CENTRAL SCHOOL DISTRICT","2020-21",3578,499,7827405.43,15686.1832264529,73669173.56,65841768.13,18401.8356987144
"442101060000","WARWICK VALLEY CENTRAL SCHOOL DISTRICT","2021-22",3638,518,8822968,17032.7567567568,77693323,68870355,18930.8287520616
"442101060000","WARWICK VALLEY CSD","2022-23",3725,552,9260401.7,16776.0900362319,81777990.5,72517588.8,19467.8090738255
"442101060000","WARWICK VALLEY CENTRAL SCHOOL DISTRICT","2023-24",3812,574,11326680.44,19732.8927526132,87399503.45,76072823.01,19956.14454617
"442101060000","WARWICK VALLEY CSD","2024-25",3640,558,12624509.55,22624.5690860215,96039417.88,83414908.33,22916.1836071429
"442111020000","GREENWOOD LAKE UNION FREE SCHOOL DISTRICT","2018-19",473,75,1659322.67,22124.3022666667,16232812.82,14573490.15,30810.7614164905
"442111020000","GREENWOOD LAKE UNION FREE SCHOOL DISTRICT","2019-20",474,73,1549460.1,21225.4808219178,16052385.51,14502925.41,30596.8890506329
"442111020000","GREENWOOD LAKE UNION FREE SCHOOL DISTRICT","2020-21",446,67,1584263.33,23645.7213432836,16876446.26,15292182.93,34287.4056726457
"442111020000","GREENWOOD LAKE UNION FREE SCHOOL DISTRICT","2021-22",444,72,1790115,24862.7083333333,18219148,16429033,37002.3265765766
"442111020000","GREENWOOD LAKE UFSD","2022-23",431,68,1925593.65,28317.5536764706,18396184.45,16470590.8,38214.8278422274
"442111020000","GREENWOOD LAKE UNION FREE SCHOOL DISTRICT","2023-24",446,78,2407274.9,30862.4987179487,21165862.25,18758587.35,42059.6128923767
"442111020000","GREENWOOD LAKE UFSD","2024-25",417,75,2238835.29,29851.1372,22898604.17,20659768.88,49543.810263789
"442115020000","FLORIDA UNION FREE SCHOOL DISTRICT","2018-19",802,119,1942956,16327.3613445378,19360895,17417939,21718.1284289277
"442115020000","FLORIDA UNION FREE SCHOOL DISTRICT","2019-20",807,110,2079625,18905.6818181818,19751511,17671886,21898.2478314746
"442115020000","FLORIDA UNION FREE SCHOOL DISTRICT","2020-21",760,105,1914408,18232.4571428571,18978679,17064271,22452.9881578947
"442115020000","FLORIDA UNION FREE SCHOOL DISTRICT","2021-22",733,105,2009413,19137.2666666667,20755611,18746198,25574.622100955
"442115020000","FLORIDA UFSD","2022-23",709,95,2126765,22387,21492879,19366114,27314.6882933709
"442115020000","FLORIDA UNION FREE SCHOOL DISTRICT","2023-24",727,121,0,0,20436673.33,20436673.33,28110.9674415406
"442115020000","FLORIDA UFSD","2024-25",726,124,1635785.13,13191.8155645161,23874844.03,22239058.9,30632.3125344353
"450101060000","ALBION CENTRAL SCHOOL DISTRICT","2018-19",1869,209,2914918,13946.976076555,28567202,25652284,13725.138576779
"450101060000","ALBION CENTRAL SCHOOL DISTRICT","2019-20",1860,221,3080037,13936.8190045249,28076610.76,24996573.76,13439.0181505376
"450101060000","ALBION CENTRAL SCHOOL DISTRICT","2020-21",1783,194,2947530.62,15193.4568041237,28495909.18,25548378.56,14328.8718788559
"450101060000","ALBION CENTRAL SCHOOL DISTRICT","2021-22",1757,194,2602482,13414.8556701031,30289886,27687404,15758.3403528742
"450101060000","ALBION CSD","2022-23",1734,196,2558554.93,13053.8516836735,30555974.65,27997419.72,16146.1474740484
"450101060000","ALBION CENTRAL SCHOOL DISTRICT","2023-24",1768,196,2535372.48,12935.573877551,35080268.43,32544895.95,18407.7465780543
"450101060000","ALBION CSD","2024-25",1724,208,2589315.8,12448.6336538462,37613014,35023698.2,20315.3701856149
"450607040000","KENDALL CENTRAL SCHOOL DISTRICT","2018-19",717,115,3629041,31556.8782608696,13443017.36,9813976.36,13687.5541980474
"450607040000","KENDALL CENTRAL SCHOOL DISTRICT","2019-20",715,118,3157535,26758.7711864407,13247083.6,10089548.6,14111.2567832168
"450607040000","KENDALL CENTRAL SCHOOL DISTRICT","2020-21",701,121,2332985,19280.867768595,12937463.41,10604478.41,15127.6439514979
"450607040000","KENDALL CENTRAL SCHOOL DISTRICT","2021-22",696,114,1283542,11259.1403508772,13514806,12231264,17573.6551724138
"450607040000","KENDALL CSD","2022-23",680,108,1096429.07,10152.1210185185,14325566.62,13229137.55,19454.6140441176
"450607040000","KENDALL CENTRAL SCHOOL DISTRICT","2023-24",706,117,1349296,11532.4444444444,16423168.55,15073872.55,21351.0942634561
"450607040000","KENDALL CSD","2024-25",679,108,1619308.54,14993.5975925926,18368080.14,16748771.6,24666.8212076583
"450704040000","HOLLEY CENTRAL SCHOOL DISTRICT","2018-19",977,134,3534979,26380.4402985075,19624039,16089060,16467.8198567042
"450704040000","HOLLEY CENTRAL SCHOOL DISTRICT","2019-20",971,140,2077061.95,14836.1567857143,18944411.74,16867349.79,17371.1120391349
"450704040000","HOLLEY CENTRAL SCHOOL DISTRICT","2020-21",961,134,2605847,19446.6194029851,19679382,17073535,17766.4255983351
"450704040000","HOLLEY CENTRAL SCHOOL DISTRICT","2021-22",966,140,4252452,30374.6571428571,19961261,15708809,16261.7070393375
"450704040000","HOLLEY CSD","2022-23",967,160,2163292.96,13520.581,20775417.69,18612124.73,19247.285139607
"450704040000","HOLLEY CENTRAL SCHOOL DISTRICT","2023-24",958,175,2739639.05,15655.0802857143,24881172.46,22141533.41,23112.2478183716
"450704040000","HOLLEY CSD","2024-25",936,162,5009099.48,30920.3671604938,26093040.1,21083940.62,22525.5775854701
"450801060000","MEDINA CENTRAL SCHOOL DISTRICT","2018-19",1485,167,5930670,35512.9940119761,39985082,34054412,22932.263973064
"450801060000","MEDINA CENTRAL SCHOOL DISTRICT","2019-20",1450,172,4465963.23,25964.9025,26887422.56,22421459.33,15463.0754
"450801060000","MEDINA CENTRAL SCHOOL DISTRICT","2020-21",1414,167,4176867,25011.1796407186,29573748,25396881,17961.0190947666
"450801060000","MEDINA CENTRAL SCHOOL DISTRICT","2021-22",1365,152,4094952,26940.4736842105,32170589,28075637,20568.2322344322
"450801060000","MEDINA CSD","2022-23",1396,164,4532079,27634.6280487805,36031864,31499785,22564.3159025788
"450801060000","MEDINA CENTRAL SCHOOL DISTRICT","2023-24",1386,179,7020722.96,39221.9159776536,39273410.66,32252687.7,23270.3374458874
"450801060000","MEDINA CSD","2024-25",1336,164,6150575.41,37503.508597561,44359962.68,38209387.27,28599.8407709581
"451001040000","LYNDONVILLE CENTRAL SCHOOL DISTRICT","2018-19",629,110,4593365,41757.8636363636,12076132,7482767,11896.2909379968
"451001040000","LYNDONVILLE CENTRAL SCHOOL DISTRICT","2019-20",620,100,4797351,47973.51,12871812,8074461,13023.3241935484
"451001040000","LYNDONVILLE CENTRAL SCHOOL DISTRICT","2020-21",626,85,1276694,15019.9294117647,13282132,12005438,19178.0159744409
"451001040000","LYNDONVILLE CENTRAL SCHOOL DISTRICT","2021-22",619,85,1618228,19037.9764705882,14326966,12708738,20531.0791599354
"451001040000","LYNDONVILLE CSD","2022-23",593,91,1553957,17076.4505494506,13761969,12208012,20586.8667790894
"451001040000","LYNDONVILLE CENTRAL SCHOOL DISTRICT","2023-24",597,113,2363945,20919.8672566372,16295785,13931840,23336.4154103853
"451001040000","LYNDONVILLE CSD","2024-25",619,115,2499876.33,21738.0550434783,16426497.36,13926621.03,22498.5800161551
"460102040000","ALTMAR-PARISH-WILLIAMSTOWN CENTRAL SCHOOL DISTRICT","2018-19",1173,253,5064026,20015.9130434783,25231408,20167382,17192.9940323956
"460102040000","ALTMAR-PARISH-WILLIAMSTOWN CENTRAL SCHOOL DISTRICT","2019-20",1117,241,3898737.08,16177.3322821577,26034206.95,22135469.87,19816.8933482543
"460102040000","ALTMAR-PARISH-WILLIAMSTOWN CENTRAL SCHOOL DISTRICT","2020-21",1070,209,4178993,19995.1818181818,25546656,21367663,19969.7785046729
"460102040000","ALTMAR-PARISH-WILLIAMSTOWN CENTRAL SCHOOL DISTRICT","2021-22",1052,218,4287708,19668.3853211009,27864184,23576476,22411.0988593156
"460102040000","ALTMAR-PARISH-WILLIAMSTOWN CSD","2022-23",1066,235,5054552,21508.7319148936,30501116,25446564,23871.0731707317
"460102040000","ALTMAR-PARISH-WILLIAMSTOWN CENTRAL SCHOOL DISTRICT","2023-24",1003,228,8246831.23,36170.3124122807,35049316.58,26802485.35,26722.3183948156
"460102040000","ALTMAR-PARISH-WILLIAMSTOWN CSD","2024-25",987,241,7938186.1,32938.5315352697,34637111.71,26698925.61,27050.5831914894
"460500010000","FULTON CITY SCHOOL DISTRICT","2018-19",3460,605,6856143.66,11332.4688595041,62255780.06,55399636.4,16011.4556069364
"460500010000","FULTON CITY SCHOOL DISTRICT","2019-20",3200,590,9488309.16,16081.8799322034,63103708.89,53615399.73,16754.812415625
"460500010000","FULTON CITY SCHOOL DISTRICT","2020-21",3144,599,8576690,14318.347245409,65221650,56644960,18016.844783715
"460500010000","FULTON CITY SCHOOL DISTRICT","2021-22",3124,600,8553624,14256.04,71316213,62762589,20090.4574263764
"460500010000","FULTON CITY SD","2022-23",3126,585,7990533,13659.0307692308,72347468,64356935,20587.6311580294
"460500010000","FULTON CITY SCHOOL DISTRICT","2023-24",3213,577,14548938.57,25214.7982149047,88293599.43,73744660.86,22951.9641643324
"460500010000","FULTON CITY SD","2024-25",3004,543,17904357.62,32973.0342909761,92249283.44,74344925.82,24748.6437483356
"460701040000","HANNIBAL CENTRAL SCHOOL DISTRICT","2018-19",1324,198,4681928.1,23646.1015151515,25060394.56,20378466.46,15391.5909818731
"460701040000","HANNIBAL CENTRAL SCHOOL DISTRICT","2019-20",1295,211,4729159,22413.0758293839,25272281,20543122,15863.4146718147
"460701040000","HANNIBAL CENTRAL SCHOOL DISTRICT","2020-21",1225,189,4909921,25978.417989418,24900563,19990642,16318.8914285714
"460701040000","HANNIBAL CENTRAL SCHOOL DISTRICT","2021-22",1187,185,5034653,27214.3405405405,26729112,21694459,18276.7135636057
"460701040000","HANNIBAL CSD","2022-23",1199,192,5608371,29210.265625,28376079,22767708,18988.9140950792
"460701040000","HANNIBAL CENTRAL SCHOOL DISTRICT","2023-24",1243,234,6371583.81,27228.9906410256,37589267,31217683.19,25114.7893724859
"460701040000","HANNIBAL CSD","2024-25",1206,233,6536905.02,28055.3863519313,34350774.96,27813869.94,23062.9103980099
"460801060000","CENTRAL SQUARE CENTRAL SCHOOL DISTRICT","2018-19",3781,498,7481432,15022.9558232932,63356007,55874575,14777.724147051
"460801060000","CENTRAL SQUARE CENTRAL SCHOOL DISTRICT","2019-20",3688,528,10981123,20797.5814393939,63841268,52860145,14333.0111171367
"460801060000","CENTRAL SQUARE CENTRAL SCHOOL DISTRICT","2020-21",3534,540,11074062,20507.5222222222,64479993,53405931,15112.0348047538
"460801060000","CENTRAL SQUARE CENTRAL SCHOOL DISTRICT","2021-22",3573,551,11088405,20124.1470054446,70127740,59039335,16523.7433529247
"460801060000","CENTRAL SQUARE CSD","2022-23",3581,556,11883836,21373.8057553957,73234827,61350991,17132.3627478358
"460801060000","CENTRAL SQUARE CENTRAL SCHOOL DISTRICT","2023-24",3543,579,18533837,32010.0811744387,92132153,73598316,20772.8806096528
"460801060000","CENTRAL SQUARE CSD","2024-25",3456,588,17850015,30357.1683673469,95131624,77281609,22361.5766782407
"460901060000","MEXICO CENTRAL SCHOOL DISTRICT","2018-19",2008,323,5049756.47,15633.9209597523,44579592.16,39529835.69,19686.1731523904
"460901060000","MEXICO CENTRAL SCHOOL DISTRICT","2019-20",2052,346,5366638,15510.5144508671,44681740,39315102,19159.4064327485
"460901060000","MEXICO CENTRAL SCHOOL DISTRICT","2020-21",1942,337,4613956.78,13691.2664094955,43597239.98,38983283.2,20073.7812564367
"460901060000","MEXICO CENTRAL SCHOOL DISTRICT","2021-22",1947,333,4939666,14833.8318318318,46021549,41081883,21100.093990755
"460901060000","MEXICO CSD","2022-23",2016,336,4816764.54,14335.60875,51504925.29,46688160.75,23158.8098958333
"460901060000","MEXICO CENTRAL SCHOOL DISTRICT","2023-24",2040,369,4789575.36,12979.8790243902,56279107.24,51489531.88,25239.9666078431
"460901060000","MEXICO CSD","2024-25",2062,386,5188666.26,13442.1405699482,58743602.94,53554936.68,25972.3262269641
"461300010000","OSWEGO CITY SCHOOL DISTRICT","2018-19",3857,646,15250298.33,23607.2729566563,65196605.94,49946307.61,12949.5223256417
"461300010000","OSWEGO CITY SCHOOL DISTRICT","2019-20",3626,622,6473977.46,10408.3238906752,72514160.15,66040182.69,18212.9571676779
"461300010000","OSWEGO CITY SCHOOL DISTRICT","2020-21",3548,601,8959116.5,14907.0158069884,73364709.63,64405593.13,18152.6474436302
"461300010000","OSWEGO CITY SCHOOL DISTRICT","2021-22",3460,585,7518030,12851.3333333333,79503724,71985694,20805.1138728324
"461300010000","OSWEGO CITY SD","2022-23",3478,619,15812818.33,25545.7485137318,86541849.45,70729031.12,20336.1216561242
"461300010000","OSWEGO CITY SCHOOL DISTRICT","2023-24",3626,640,9230743.57,14423.036828125,101023840.66,91793097.09,25315.2501627137
"461300010000","OSWEGO CITY SD","2024-25",3459,681,10255275.24,15059.1413215859,100446118.95,90190843.71,26074.2537467476
"461801040000","PULASKI CENTRAL SCHOOL DISTRICT","2018-19",1015,142,2426213,17086.0070422535,18951717,16525504,16281.284729064
"461801040000","PULASKI CENTRAL SCHOOL DISTRICT","2019-20",970,144,2470920,17159.1666666667,20201085,17730165,18278.5206185567
"461801040000","PULASKI CENTRAL SCHOOL DISTRICT","2020-21",943,133,2452932,18443.0977443609,20231972,17779040,18853.7009544008
"461801040000","PULASKI CENTRAL SCHOOL DISTRICT","2021-22",950,147,2990113,20340.9047619048,21680016,18689903,19673.5821052632
"461801040000","PULASKI CSD","2022-23",943,143,2970630,20773.6363636364,22314009,19343379,20512.5970307529
"461801040000","PULASKI CENTRAL SCHOOL DISTRICT","2023-24",937,157,3198403,20371.9936305732,26880607,23682204,25274.4973319104
"461801040000","PULASKI CSD","2024-25",929,173,3481546,20124.5433526012,27938969,24457423,26326.6124865447
"461901040000","SANDY CREEK CENTRAL SCHOOL DISTRICT","2018-19",818,101,1655211,16388.2277227723,19480790,17825579,21791.6613691932
"461901040000","SANDY CREEK CENTRAL SCHOOL DISTRICT","2019-20",782,104,2592325,24926.2019230769,19642126,17049801,21802.8145780051
"461901040000","SANDY CREEK CENTRAL SCHOOL DISTRICT","2020-21",715,91,3272182,35958.043956044,24815765,21543583,30130.8853146853
"461901040000","SANDY CREEK CENTRAL SCHOOL DISTRICT","2021-22",782,90,1800722,20008.0222222222,18506149,16705427,21362.4386189258
"461901040000","SANDY CREEK CSD","2022-23",792,90,2131068,23678.5333333333,21822328,19691260,24862.702020202
"461901040000","SANDY CREEK CENTRAL SCHOOL DISTRICT","2023-24",786,97,2461455,25375.824742268,23829038,21367583,27185.2201017812
"461901040000","SANDY CREEK CSD","2024-25",784,95,2355513.72,24794.8812631579,24480285,22124771.28,28220.3715306122
"462001060000","PHOENIX CENTRAL SCHOOL DISTRICT","2018-19",1771,193,3330299,17255.4352331606,36594792,33264493,18782.8870694523
"462001060000","PHOENIX CENTRAL SCHOOL DISTRICT","2019-20",1684,174,6411772,36849.2643678161,35932248,29520476,17529.973871734
"462001060000","PHOENIX CENTRAL SCHOOL DISTRICT","2020-21",1666,170,5664157,33318.5705882353,35949362,30285205,18178.3943577431
"462001060000","PHOENIX CENTRAL SCHOOL DISTRICT","2021-22",1682,168,5329535,31723.4226190476,38868300,33538765,19939.8127229489
"462001060000","PHOENIX CSD","2022-23",1654,168,5551188,33042.7857142857,39695347.02,34144159.02,20643.3851390568
"462001060000","PHOENIX CENTRAL SCHOOL DISTRICT","2023-24",1646,179,5387998.16,30100.5483798883,44885138.94,39497140.78,23995.8327946537
"462001060000","PHOENIX CSD","2024-25",1590,180,6061295,33673.8611111111,46629195,40567900,25514.4025157233
"470202040000","GILBERTSVILLE-MOUNT UPTON CENTRAL SCHOOL DISTRICT","2018-19",351,65,1257950,19353.0769230769,7760053.15,6502103.15,18524.5103988604
"470202040000","GILBERTSVILLE-MOUNT UPTON CENTRAL SCHOOL DISTRICT","2019-20",355,59,1402968,23779.1186440678,8206717.87,6803749.87,19165.4925915493
"470202040000","GILBERTSVILLE-MOUNT UPTON CENTRAL SCHOOL DISTRICT","2020-21",310,55,1210469,22008.5272727273,7459405.72,6248936.72,20157.8603870968
"470202040000","GILBERTSVILLE-MOUNT UPTON CENTRAL SCHOOL DISTRICT","2021-22",350,53,1430401,26988.6981132075,8388522,6958121,19880.3457142857
"470202040000","GILBERTSVILLE-MOUNT UPTON CSD","2022-23",337,59,1637580,27755.593220339,8903451,7265871,21560.4480712166
"470202040000","GILBERTSVILLE-MOUNT UPTON CENTRAL SCHOOL DISTRICT","2023-24",335,64,1708343.69,26692.87015625,10017127.99,8308784.3,24802.3411940299
"470202040000","GILBERTSVILLE-MOUNT UPTON CSD","2024-25",320,66,2487973.53,37696.5686363636,10536199,8048225.47,25150.70459375
"470501040000","EDMESTON CENTRAL SCHOOL DISTRICT","2018-19",387,42,665689,15849.7380952381,7996016.52,7330327.52,18941.4147803618
"470501040000","EDMESTON CENTRAL SCHOOL DISTRICT","2019-20",372,40,0,0,8063219.96,8063219.96,21675.3224731183
"470501040000","EDMESTON CENTRAL SCHOOL DISTRICT","2020-21",341,36,800756,22243.2222222222,8241704,7440948,21820.9618768328
"470501040000","EDMESTON CENTRAL SCHOOL DISTRICT","2021-22",362,29,722795,24923.9655172414,8614210,7891415,21799.4889502762
"470501040000","EDMESTON CSD","2022-23",363,35,955185,27291,9439618,8484433,23373.0936639118
"470501040000","EDMESTON CENTRAL SCHOOL DISTRICT","2023-24",384,43,1369686,31853.1627906977,11618847,10249161,26690.5234375
"470501040000","EDMESTON CSD","2024-25",389,53,1349779,25467.5283018868,10322545,8972766,23066.236503856
"470801040000","LAURENS CENTRAL SCHOOL DISTRICT","2018-19",299,61,905515,14844.5081967213,7289445,6383930,21350.9364548495
"470801040000","LAURENS CENTRAL SCHOOL DISTRICT","2019-20",301,57,1072031,18807.5614035088,7124586,6052555,20108.1561461794
"470801040000","LAURENS CENTRAL SCHOOL DISTRICT","2020-21",286,56,916762,16370.75,7072122.5,6155360.5,21522.2395104895
"470801040000","LAURENS CENTRAL SCHOOL DISTRICT","2021-22",296,53,778981,14697.7547169811,7163916,6384935,21570.7263513513
"470801040000","LAURENS CSD","2022-23",313,47,738977,15722.914893617,7582496.84,6843519.84,21864.2806389776
"470801040000","LAURENS CENTRAL SCHOOL DISTRICT","2023-24",303,42,1333263,31744.3571428571,9332191,7998928,26399.102310231
"470801040000","LAURENS CSD","2024-25",287,52,1688925.78,32479.3419230769,10177172.49,8488246.71,29575.7725087108
"470901040000","SCHENEVUS CENTRAL SCHOOL DISTRICT","2018-19",356,74,1130774,15280.7297297297,1937805,807031,2266.94101123596
"470901040000","SCHENEVUS CENTRAL SCHOOL DISTRICT","2019-20",339,75,977978.35,13039.7113333333,7174349.11,6196370.76,18278.3798230089
"470901040000","SCHENEVUS CENTRAL SCHOOL DISTRICT","2020-21",287,49,1117847,22813.2040816327,6686491,5568644,19402.9407665505
"470901040000","SCHENEVUS CENTRAL SCHOOL DISTRICT","2021-22",268,39,977976,25076.3076923077,7364296,6386320,23829.552238806
"470901040000","SCHENEVUS CSD","2022-23",252,39,1438022,36872.358974359,7809839,6371817,25284.9880952381
"470901040000","SCHENEVUS CENTRAL SCHOOL DISTRICT","2023-24",247,43,1408366,32752.6976744186,8629354,7220988,29234.7692307692
"470901040000","SCHENEVUS CSD","2024-25",244,45,1493484,33188.5333333333,8721566,7228082,29623.2868852459
"471101040000","MILFORD CENTRAL SCHOOL DISTRICT","2018-19",362,50,1262846,25256.92,8750170,7487324,20683.2154696133
"471101040000","MILFORD CENTRAL SCHOOL DISTRICT","2019-20",360,56,1068445,19079.375,8747200.99,7678755.99,21329.87775
"471101040000","MILFORD CENTRAL SCHOOL DISTRICT","2020-21",347,54,1168216,21633.6296296296,8478528.05,7310312.05,21067.1817002882
"471101040000","MILFORD CENTRAL SCHOOL DISTRICT","2021-22",371,65,1417252,21803.8769230769,9129817,7712565,20788.5849056604
"471101040000","MILFORD CSD","2022-23",348,57,1324844,23242.8771929825,9573002.56,8248158.56,23701.6050574713
"471101040000","MILFORD CENTRAL SCHOOL DISTRICT","2023-24",346,68,1408404.81,20711.8354411765,10838584.26,9430179.45,27254.8539017341
"471101040000","MILFORD CSD","2024-25",337,63,1444271.08,22924.9377777778,11611707.18,10167436.1,30170.4335311573
"471201040000","MORRIS CENTRAL SCHOOL DISTRICT","2018-19",333,77,939970,12207.4025974026,3715812,2775842,8335.86186186186
"471201040000","MORRIS CENTRAL SCHOOL DISTRICT","2019-20",322,78,546779.47,7009.9932051282,7575721.38,7028941.91,21829.0121428571
"471201040000","MORRIS CENTRAL SCHOOL DISTRICT","2020-21",307,71,795040,11197.7464788732,7815410,7020370,22867.654723127
"471201040000","MORRIS CENTRAL SCHOOL DISTRICT","2021-22",315,68,641538,9434.38235294118,8134970,7493432,23788.673015873
"471201040000","MORRIS CSD","2022-23",319,64,681178.73,10643.41765625,8922944,8241765.27,25836.2547648903
"471201040000","MORRIS CENTRAL SCHOOL DISTRICT","2023-24",307,67,865143.08,12912.5832835821,9640962.03,8775818.95,28585.7294788274
"471201040000","MORRIS CSD","2024-25",323,68,1561993.13,22970.4872058824,10041845.99,8479852.86,26253.4144272446
"471400010000","ONEONTA CITY SCHOOL DISTRICT","2018-19",1817,302,4153927,13754.7251655629,30637069,26483142,14575.2019812878
"471400010000","ONEONTA CITY SCHOOL DISTRICT","2019-20",1734,319,4099674,12851.6426332288,31011084,26911410,15519.8442906574
"471400010000","ONEONTA CITY SCHOOL DISTRICT","2020-21",1636,314,5204711,16575.5127388535,33457843,28253132,17269.6405867971
"471400010000","ONEONTA CITY SCHOOL DISTRICT","2021-22",1592,307,4805988,15654.6840390879,35203989,30398001,19094.2217336683
"471400010000","ONEONTA CITY SD","2022-23",1650,291,4813424,16540.9759450172,36635721.21,31822297.21,19286.2407333333
"471400010000","ONEONTA CITY SCHOOL DISTRICT","2023-24",1735,310,6361196.39,20519.9883548387,40536815.01,34175618.62,19697.7628933718
"471400010000","ONEONTA CITY SD","2024-25",1679,317,8258320.03,26051.4827444795,43362271.48,35103951.45,20907.6542287076
"471601040000","OTEGO-UNADILLA CENTRAL SCHOOL DISTRICT","2018-19",756,98,832542,8495.32653061224,14830656,13998114,18516.0238095238
"471601040000","OTEGO-UNADILLA CENTRAL SCHOOL DISTRICT","2019-20",716,86,1242283,14445.1511627907,15364433,14122150,19723.6731843575
"471601040000","OTEGO-UNADILLA CENTRAL SCHOOL DISTRICT","2020-21",723,93,1066988,11472.9892473118,14876922,13809934,19100.8769017981
"471601040000","OTEGO-UNADILLA CENTRAL SCHOOL DISTRICT","2021-22",718,101,1972702,19531.702970297,17466868,15494166,21579.6183844011
"471601040000","OTEGO-UNADILLA CSD","2022-23",785,102,2199564,21564.3529411765,17262481,15062917,19188.4292993631
"471601040000","OTEGO-UNADILLA CENTRAL SCHOOL DISTRICT","2023-24",776,116,2790559.24,24056.5451724138,20872649.35,18082090.11,23301.6625128866
"471601040000","OTEGO-UNADILLA CSD","2024-25",722,115,2494717.4,21693.1947826087,20960009.17,18465291.77,25575.1963573407
"471701040000","COOPERSTOWN CENTRAL SCHOOL DISTRICT","2018-19",851,93,1397168.95,15023.3220430108,16155394.76,14758225.81,17342.2159929495
"471701040000","COOPERSTOWN CENTRAL SCHOOL DISTRICT","2019-20",818,92,1379409.23,14993.5785869565,16147949.89,14768540.66,18054.4506845966
"471701040000","COOPERSTOWN CENTRAL SCHOOL DISTRICT","2020-21",784,102,1681162.82,16481.9884313725,14878352.24,13197189.42,16833.1497704082
"471701040000","COOPERSTOWN CENTRAL SCHOOL DISTRICT","2021-22",804,97,1817853,18740.7525773196,16293350,14475497,18004.3495024876
"471701040000","COOPERSTOWN CSD","2022-23",787,96,1688997.85,17593.7276041667,17648825.17,15959827.32,20279.3231512071
"471701040000","COOPERSTOWN CENTRAL SCHOOL DISTRICT","2023-24",792,108,1974448.2,18281.9277777778,19895014.81,17920566.61,22626.9780429293
"471701040000","COOPERSTOWN CSD","2024-25",767,111,1893963.86,17062.7374774775,21361259.62,19467295.76,25381.0896479791
"472001040000","RICHFIELD SPRINGS CENTRAL SCHOOL DISTRICT","2018-19",452,89,0,0,0,0,0
"472001040000","RICHFIELD SPRINGS CENTRAL SCHOOL DISTRICT","2019-20",422,93,0,0,10142512,10142512,24034.3886255924
"472001040000","RICHFIELD SPRINGS CENTRAL SCHOOL DISTRICT","2020-21",405,92,1273401.48,13841.3204347826,9880664.03,8607262.55,21252.5001234568
"472001040000","RICHFIELD SPRINGS CENTRAL SCHOOL DISTRICT","2021-22",423,90,47132,523.688888888889,10950714,10903582,25776.7895981087
"472001040000","RICHFIELD SPRINGS CSD","2022-23",436,111,28826,259.693693693694,11474857,11446031,26252.3646788991
"472001040000","RICHFIELD SPRINGS CENTRAL SCHOOL DISTRICT","2023-24",435,113,1867333.59,16525.0760176991,12251603.12,10384269.53,23871.8839770115
"472001040000","RICHFIELD SPRINGS CSD","2024-25",420,113,1923115.93,17018.7250442478,12581135.91,10658019.98,25376.238047619
"472202040000","CHERRY VALLEY-SPRINGFIELD CENTRAL SCHOOL DISTRICT","2018-19",473,74,1565384,21153.8378378378,10392437.76,8827053.76,18661.8472727273
"472202040000","CHERRY VALLEY-SPRINGFIELD CENTRAL SCHOOL DISTRICT","2019-20",449,88,2292696,26053.3636363636,10843369,8550673,19043.8151447661
"472202040000","CHERRY VALLEY-SPRINGFIELD CENTRAL SCHOOL DISTRICT","2020-21",416,69,2226888,32273.7391304348,10832304,8605416,20686.0961538462
"472202040000","CHERRY VALLEY-SPRINGFIELD CENTRAL SCHOOL DISTRICT","2021-22",447,72,2314369,32144.0138888889,11787689,9473320,21193.1096196868
"472202040000","CHERRY VALLEY-SPRINGFIELD CSD","2022-23",460,85,2213443,26040.5058823529,12098850,9885407,21490.0152173913
"472202040000","CHERRY VALLEY-SPRINGFIELD CENTRAL SCHOOL DISTRICT","2023-24",451,109,2353192.05,21588.9178899083,13687829.74,11334637.69,25132.234345898
"472202040000","CHERRY VALLEY-SPRINGFIELD CSD","2024-25",419,104,2657960.89,25557.31625,13499414.63,10841453.74,25874.5912649165
"472506040000","WORCESTER CENTRAL SCHOOL DISTRICT","2018-19",348,64,1097655,17150.859375,1663068,565413,1624.75
"472506040000","WORCESTER CENTRAL SCHOOL DISTRICT","2019-20",332,64,674476,10538.6875,7513062.41,6838586.41,20598.1518373494
"472506040000","WORCESTER CENTRAL SCHOOL DISTRICT","2020-21",309,51,730592,14325.3333333333,7266928,6536336,21153.1909385113
"472506040000","WORCESTER CENTRAL SCHOOL DISTRICT","2021-22",316,50,417680,8353.6,7966897,7549217,23889.9272151899
"472506040000","WORCESTER CSD","2022-23",328,57,755242,13249.8596491228,7863666,7108424,21672.0243902439
"472506040000","WORCESTER CENTRAL SCHOOL DISTRICT","2023-24",328,58,1188177.12,20485.8124137931,11707138.22,10518961.1,32070.0033536585
"472506040000","WORCESTER CSD","2024-25",309,53,1281327,24175.9811320755,9493218,8211891,26575.6990291262
"480101060000","MAHOPAC CENTRAL SCHOOL DISTRICT","2018-19",4036,694,14679624.47,21152.1966426513,103911200.85,89231576.38,22108.9138701685
"480101060000","MAHOPAC CENTRAL SCHOOL DISTRICT","2019-20",3972,697,17788915.05,25522.1162840746,106982838.12,89193923.07,22455.6704607251
"480101060000","MAHOPAC CENTRAL SCHOOL DISTRICT","2020-21",3840,714,17347210.79,24295.8134313725,106027641.27,88680430.48,23093.8621041667
"480101060000","MAHOPAC CENTRAL SCHOOL DISTRICT","2021-22",3813,761,19356804,25436.0105124836,110207688,90850884,23826.615263572
"480101060000","MAHOPAC CSD","2022-23",3809,808,20826807.46,25775.7518069307,114014384.71,93187577.25,24465.1029797847
"480101060000","MAHOPAC CENTRAL SCHOOL DISTRICT","2023-24",3859,820,19471787.16,23746.081902439,126688407.47,107216620.31,27783.5243094066
"480101060000","MAHOPAC CSD","2024-25",3832,795,17848742.85,22451.2488679245,128632977.04,110784234.19,28910.2907593946
"480102060000","CARMEL CENTRAL SCHOOL DISTRICT","2018-19",4040,629,14756247,23459.8521462639,109157962,94401715,23366.7611386139
"480102060000","CARMEL CENTRAL SCHOOL DISTRICT","2019-20",3979,632,16489830,26091.503164557,108621340,92131510,23154.4383010807
"480102060000","CARMEL CENTRAL SCHOOL DISTRICT","2020-21",3816,630,16820903,26699.846031746,111538853,94717950,24821.2657232704
"480102060000","CARMEL CENTRAL SCHOOL DISTRICT","2021-22",3788,648,16677328,25736.6172839506,115047155,98369827,25968.8033262936
"480102060000","CARMEL CSD","2022-23",3740,649,16667542,25681.8828967643,117799630,101132088,27040.6652406417
"480102060000","CARMEL CENTRAL SCHOOL DISTRICT","2023-24",3681,650,20201776.65,31079.6563846154,131021936.39,110820159.74,30105.992866069
"480102060000","CARMEL CSD","2024-25",3651,686,13994322.19,20399.886574344,125345677.12,111351354.93,30498.8646754314
"480401040000","HALDANE CENTRAL SCHOOL DISTRICT","2018-19",814,96,3350755,34903.6979166667,20555718,17204963,21136.3181818182
"480401040000","HALDANE CENTRAL SCHOOL DISTRICT","2019-20",796,101,3353053,33198.5445544554,20661991,17308938,21744.8969849246
"480401040000","HALDANE CENTRAL SCHOOL DISTRICT","2020-21",788,100,3007756,30077.56,21199470.65,18191714.65,23085.9322969543
"480401040000","HALDANE CENTRAL SCHOOL DISTRICT","2021-22",777,93,3181462,34209.2688172043,22157716,18976254,24422.4633204633
"480401040000","HALDANE CSD","2022-23",803,98,3398500,34678.5714285714,23494970,20096470,25026.7372353674
"480401040000","HALDANE CENTRAL SCHOOL DISTRICT","2023-24",785,102,3625534.15,35544.4524509804,25898575.61,22273041.46,28373.3012229299
"480401040000","HALDANE CSD","2024-25",774,88,3941650.85,44791.4869318182,27363081.93,23421431.08,30260.246873385
"480404020000","GARRISON UNION FREE SCHOOL DISTRICT","2018-19",219,36,3000332.02,83342.5561111111,7308216.29,4307884.27,19670.7044292237
"480404020000","GARRISON UNION FREE SCHOOL DISTRICT","2019-20",207,35,1018984.15,29113.8328571429,7560569.32,6541585.17,31601.8607246377
"480404020000","GARRISON UNION FREE SCHOOL DISTRICT","2020-21",197,32,858804.05,26837.6265625,8233666.75,7374862.7,37435.8512690355
"480404020000","GARRISON UNION FREE SCHOOL DISTRICT","2021-22",214,28,1396476,49874.1428571429,7868841,6472365,30244.6962616822
"480404020000","GARRISON UFSD","2022-23",225,26,691642.5,26601.6346153846,7688570.77,6996928.27,31097.4589777778
"480404020000","GARRISON UNION FREE SCHOOL DISTRICT","2023-24",215,30,1762664,58755.4666666667,8935678.5,7173014.5,33362.8581395349
"480404020000","GARRISON UFSD","2024-25",208,39,1549443.48,39729.32,9680097.06,8130653.58,39089.6806730769
"480503040000","PUTNAM VALLEY CENTRAL SCHOOL DISTRICT","2018-19",1634,235,4825042.86,20532.0972765957,43623551.35,38798508.49,23744.4972399021
"480503040000","PUTNAM VALLEY CENTRAL SCHOOL DISTRICT","2019-20",1598,207,6141146.6,29667.3748792271,42854633.28,36713486.68,22974.6474843554
"480503040000","PUTNAM VALLEY CENTRAL SCHOOL DISTRICT","2020-21",1616,212,5676400.01,26775.471745283,41880585.95,36204185.94,22403.5804084158
"480503040000","PUTNAM VALLEY CENTRAL SCHOOL DISTRICT","2021-22",1566,208,4275501,20555.2932692308,42977128,38701627,24713.6826309068
"480503040000","PUTNAM VALLEY CSD","2022-23",1544,218,4120120.83,18899.6368348624,45592319.77,41472198.94,26860.2324740933
"480503040000","PUTNAM VALLEY CENTRAL SCHOOL DISTRICT","2023-24",1509,200,5190364.87,25951.82435,49309886.98,44119522.11,29237.5892047714
"480503040000","PUTNAM VALLEY CSD","2024-25",1507,207,5505159.44,26594.9731400966,52000784.22,46495624.78,30853.1020437956
"480601060000","BREWSTER CENTRAL SCHOOL DISTRICT","2018-19",3001,420,15462874,36816.3666666667,79664403,64201529,21393.3785404865
"480601060000","BREWSTER CENTRAL SCHOOL DISTRICT","2019-20",3066,438,14453607,32999.102739726,80549324,66095717,21557.6376386171
"480601060000","BREWSTER CENTRAL SCHOOL DISTRICT","2021-22",2968,417,13884168,33295.3669064748,85568119,71683951,24152.2745956873
"480601060000","BREWSTER CSD","2022-23",2927,437,13145345,30080.881006865,88595517,75450172,25777.3050905364
"480601060000","BREWSTER CENTRAL SCHOOL DISTRICT","2023-24",2982,469,15166755.8,32338.4985074627,105715626.25,90548870.45,30365.147702884
"480601060000","BREWSTER CSD","2024-25",2989,477,15875807.85,33282.6160377358,109950406.67,94074598.82,31473.6028169957
"490101040000","BERLIN CENTRAL SCHOOL DISTRICT","2018-19",731,122,2474831,20285.5,16367868,13893037,19005.5225718194
"490101040000","BERLIN CENTRAL SCHOOL DISTRICT","2019-20",673,107,2238793,20923.2990654206,16808131,14569338,21648.3476968796
"490101040000","BERLIN CENTRAL SCHOOL DISTRICT","2020-21",637,107,2312514,21612.2803738318,17735231.74,15422717.74,24211.4878178964
"490101040000","BERLIN CENTRAL SCHOOL DISTRICT","2021-22",637,118,2554699,21649.9915254237,19071170,16516471,25928.5259026688
"490101040000","BERLIN CSD","2022-23",633,123,2984417,24263.5528455285,20482270,17497853,27642.7377567141
"490101040000","BERLIN CENTRAL SCHOOL DISTRICT","2023-24",654,133,3787714,28479.0526315789,23230099,19442385,29728.4174311927
"490101040000","BERLIN CSD","2024-25",579,124,3494695.39,28183.0273387097,20994169.96,17499474.57,30223.6175647668
"490202040000","BRUNSWICK CENTRAL SCHOOL DISTRICT (BRITTONKILL)","2018-19",1167,158,2475465,15667.5,21466686.71,18991221.71,16273.540454156
"490202040000","BRUNSWICK CENTRAL SCHOOL DISTRICT (BRITTONKILL)","2019-20",1163,140,2693624,19240.1714285714,20444575.85,17750951.85,15263.0712381771
"490202040000","BRUNSWICK CENTRAL SCHOOL DISTRICT (BRITTONKILL)","2020-21",1112,134,2659114,19844.1343283582,20440147.66,17781033.66,15990.1381834532
"490202040000","BRUNSWICK CENTRAL SCHOOL DISTRICT (BRITTONKILL)","2021-22",1123,125,2529751,20238.008,20919331,18389580,16375.4051647373
"490202040000","BRUNSWICK CSD (BRITTONKILL)","2022-23",1092,122,2739923,22458.3852459016,21934727.64,19194804.64,17577.6599267399
"490202040000","BRUNSWICK CENTRAL SCHOOL DISTRICT (BRITTONKILL)","2023-24",1092,143,2980185.47,20840.4578321678,25622473,22642287.53,20734.695540293
"490202040000","BRUNSWICK CSD (BRITTONKILL)","2024-25",1081,146,3770119.75,25822.7380136986,27167526,23397406.25,21644.2240980574
"490301060000","EAST GREENBUSH CENTRAL SCHOOL DISTRICT","2018-19",4079,630,10352781,16432.9857142857,71266611,60913830,14933.5204707036
"490301060000","EAST GREENBUSH CENTRAL SCHOOL DISTRICT","2019-20",4088,610,11009538,18048.4229508197,72933240,61923702,15147.6766144814
"490301060000","EAST GREENBUSH CENTRAL SCHOOL DISTRICT","2020-21",4018,599,10836325,18090.6928213689,72631271,61794946,15379.5286212046
"490301060000","EAST GREENBUSH CENTRAL SCHOOL DISTRICT","2021-22",4030,615,10634773,17292.3138211382,80336630,69701857,17295.7461538462
"490301060000","EAST GREENBUSH CSD","2022-23",4052,583,10668994,18300.1612349914,82496938.11,71827944.11,17726.5409945706
"490301060000","EAST GREENBUSH CENTRAL SCHOOL DISTRICT","2023-24",4156,610,12901385.18,21149.8117704918,97010820.8,84109435.62,20238.0740182868
"490301060000","EAST GREENBUSH CSD","2024-25",4086,622,12765026.6,20522.5508038585,101629138.03,88864111.43,21748.4364733235
"490501060000","HOOSICK FALLS CENTRAL SCHOOL DISTRICT","2018-19",1134,164,2182649,13308.8353658537,19974789,17792140,15689.7178130511
"490501060000","HOOSICK FALLS CENTRAL SCHOOL DISTRICT","2019-20",1082,177,2467539,13940.8983050847,19588427,17120888,15823.3715341959
"490501060000","HOOSICK FALLS CENTRAL SCHOOL DISTRICT","2020-21",1044,175,2260411,12916.6342857143,18820393,16559982,15862.0517241379
"490501060000","HOOSICK FALLS CENTRAL SCHOOL DISTRICT","2021-22",1054,168,2500046,14881.2261904762,22194293,19694247,18685.2438330171
"490501060000","HOOSICK FALLS CSD","2022-23",1054,180,2522386,14013.2555555556,22999378,20476992,19427.8861480076
"490501060000","HOOSICK FALLS CENTRAL SCHOOL DISTRICT","2023-24",1052,197,3429968.2,17411.0060913706,26790610.56,23360642.36,22205.9338022814
"490501060000","HOOSICK FALLS CSD","2024-25",1078,211,3484068.9,16512.1748815166,27003340.46,23519271.56,21817.5060853432
"490601060000","LANSINGBURGH CENTRAL SCHOOL DISTRICT","2018-19",2379,418,9464479,22642.2942583732,40569134,31104655,13074.6763345944
"490601060000","LANSINGBURGH CENTRAL SCHOOL DISTRICT","2019-20",2219,454,6741695.54,14849.5496475771,40029542.82,33287847.28,15001.283136548
"490601060000","LANSINGBURGH CENTRAL SCHOOL DISTRICT","2021-22",2057,420,7142673,17006.3642857143,44106127,36963454,17969.5935828877
"490601060000","LANSINGBURGH CSD","2022-23",2083,437,7248859,16587.7780320366,49061008,41812149,20073.0432069131
"490601060000","LANSINGBURGH CENTRAL SCHOOL DISTRICT","2023-24",2072,481,9513635,19778.8669438669,56088773,46575138,22478.3484555985
"490601060000","LANSINGBURGH CSD","2024-25",2061,501,8214557,16396.3213572854,59886406,51671849,25071.2513343037
"490801080000","NORTH GREENBUSH COMMON SCHOOL DISTRICT (WILLIAMS)","2019-20",13,0,0,,493582,493582,37967.8461538462
"490801080000","NORTH GREENBUSH COMMON SCHOOL DISTRICT (WILLIAMS)","2020-21",14,0,0,,634781,634781,45341.5
"490801080000","NORTH GREENBUSH COMMON SCHOOL DISTRICT (WILLIAMS)","2021-22",22,1,0,0,855938,855938,38906.2727272727
"490801080000","NORTH GREENBUSH COMN SD (WILLIAMS)","2022-23",31,5,0,0,1203551,1203551,38824.2258064516
"490801080000","NORTH GREENBUSH COMMON SCHOOL DISTRICT (WILLIAMS)","2023-24",33,4,0,0,2506277,2506277,75947.7878787879
"490801080000","NORTH GREENBUSH COMN SD (WILLIAMS)","2024-25",34,8,271725.79,33965.72375,1791460.99,1519735.2,44698.0941176471
"490804020000","WYNANTSKILL UNION FREE SCHOOL DISTRICT","2018-19",410,47,816428,17370.8085106383,6677533,5861105,14295.3780487805
"490804020000","WYNANTSKILL UNION FREE SCHOOL DISTRICT","2019-20",393,41,835500,20378.0487804878,6745561,5910061,15038.3231552163
"490804020000","WYNANTSKILL UNION FREE SCHOOL DISTRICT","2020-21",370,27,753082,27891.9259259259,6925434,6172352,16682.0324324324
"490804020000","WYNANTSKILL UNION FREE SCHOOL DISTRICT","2021-22",340,29,3474561,119812.448275862,6929063,3454502,10160.3
"490804020000","WYNANTSKILL UFSD","2022-23",333,30,278529,9284.3,7649186,7370657,22134.1051051051
"490804020000","WYNANTSKILL UNION FREE SCHOOL DISTRICT","2023-24",311,32,450952,14092.25,12451827,12000875,38588.0225080386
"490804020000","WYNANTSKILL UFSD","2024-25",307,40,0,0,13500265,13500265,43974.8045602606
"491200010000","RENSSELAER CITY SCHOOL DISTRICT","2018-19",1107,175,3265184,18658.1942857143,18319717,15054533,13599.3974706414
"491200010000","RENSSELAER CITY SCHOOL DISTRICT","2019-20",1060,194,4067803,20968.0567010309,19056684,14988881,14140.4537735849
"491200010000","RENSSELAER CITY SCHOOL DISTRICT","2020-21",1018,191,7881066,41262.1256544503,18040324,10159258,9979.62475442043
"491200010000","RENSSELAER CITY SCHOOL DISTRICT","2021-22",1016,173,3853487,22274.4913294798,20405308,16551821,16291.1624015748
"491200010000","RENSSELAER CITY SD","2022-23",1015,178,3628873,20386.9269662921,21123587,17494714,17236.1714285714
"491200010000","RENSSELAER CITY SCHOOL DISTRICT","2023-24",966,194,5591233.32,28820.7903092784,25394041.51,19802808.19,20499.8014389234
"491200010000","RENSSELAER CITY SD","2024-25",949,202,5910074.34,29257.7937623762,27862410.08,21952335.74,23132.0713804004
"491302060000","AVERILL PARK CENTRAL SCHOOL DISTRICT","2018-19",2648,462,4329961,9372.20995670996,48722095,44392134,16764.4010574018
"491302060000","AVERILL PARK CENTRAL SCHOOL DISTRICT","2019-20",2663,461,5596320,12139.5227765727,48388871,42792551,16069.3019151333
"491302060000","AVERILL PARK CENTRAL SCHOOL DISTRICT","2020-21",2617,457,11042477,24162.9693654267,49819827,38777350,14817.4818494459
"491302060000","AVERILL PARK CENTRAL SCHOOL DISTRICT","2021-22",2639,475,8057253,16962.6378947368,51473233,43415980,16451.6786661614
"491302060000","AVERILL PARK CSD","2022-23",2587,474,7742419,16334.2172995781,52534879,44792460,17314.441437959
"491302060000","AVERILL PARK CENTRAL SCHOOL DISTRICT","2023-24",2633,519,10381489.17,20002.8693063584,61633247.54,51251758.37,19465.1569958223
"491302060000","AVERILL PARK CSD","2024-25",2543,510,10550030.75,20686.3348039216,63295317.28,52745286.53,20741.3631655525
"491401040000","HOOSIC VALLEY CENTRAL SCHOOL DISTRICT","2018-19",934,163,3417000,20963.1901840491,15402869.61,11985869.61,12832.8368415418
"491401040000","HOOSIC VALLEY CENTRAL SCHOOL DISTRICT","2019-20",931,179,3057255.46,17079.6394413408,17392643.55,14335388.09,15397.8389795918
"491401040000","HOOSIC VALLEY CENTRAL SCHOOL DISTRICT","2020-21",881,174,2733893.66,15712.0325287356,17418249.09,14684355.43,16667.8268217934
"491401040000","HOOSIC VALLEY CENTRAL SCHOOL DISTRICT","2021-22",875,162,2791093,17228.9691358025,18560137,15769044,18021.7645714286
"491401040000","HOOSIC VALLEY CSD","2022-23",856,152,2703637.79,17787.0907236842,19524282.68,16820644.89,19650.2860864486
"491401040000","HOOSIC VALLEY CENTRAL SCHOOL DISTRICT","2023-24",875,150,3894293,25961.9533333333,21866908.02,17972615.02,20540.1314514286
"491401040000","HOOSIC VALLEY CSD","2024-25",842,161,4073063.21,25298.5292546584,22834367.18,18761303.97,22281.8336935867
"491501040000","SCHODACK CENTRAL SCHOOL DISTRICT","2018-19",891,141,3706843,26289.6666666667,18746275,15039432,16879.2727272727
"491501040000","SCHODACK CENTRAL SCHOOL DISTRICT","2019-20",900,136,2876270.82,21149.0501470588,18993829.86,16117559.04,17908.3989333333
"491501040000","SCHODACK CENTRAL SCHOOL DISTRICT","2021-22",877,134,3268419,24391.1865671642,20556354,17287935,19712.582668187
"491501040000","SCHODACK CSD","2022-23",877,134,3087088,23037.9701492537,21610047.81,18522959.81,21120.8207639681
"491501040000","SCHODACK CENTRAL SCHOOL DISTRICT","2023-24",864,138,3734911.22,27064.574057971,23622036.63,19887125.41,23017.5062615741
"491501040000","SCHODACK CSD","2024-25",842,144,4291463.71,29801.8313194444,24555136.58,20263672.87,24066.1197980998
"491700010000","TROY CITY SCHOOL DISTRICT","2018-19",4276,693,12846184,18537.062049062,78713858.22,65867674.22,15404.039808232
"491700010000","TROY CITY SCHOOL DISTRICT","2019-20",3888,717,12863129,17940.2078103208,76988822.76,64125693.76,16493.2339917695
"491700010000","TROY CITY SCHOOL DISTRICT","2020-21",3610,689,12048610,17487.0972423803,76624160,64575550,17887.9639889197
"491700010000","TROY CITY SCHOOL DISTRICT","2021-22",3482,660,11171806,16926.9787878788,82538473,71366667,20495.8836875359
"491700010000","TROY CITY SCHOOL DISTRICT","2023-24",3752,650,19428712,29890.3261538462,112709028,93280316,24861.4914712154
"491700010000","TROY CITY SD","2024-25",3533,668,18972847.09,28402.4657035928,114155312.26,95182465.17,26940.9751401076
"500101060000","CLARKSTOWN CENTRAL SCHOOL DISTRICT","2018-19",8086,1360,32433241.07,23847.971375,184447618.6,152014377.53,18799.7004118229
"500101060000","CLARKSTOWN CENTRAL SCHOOL DISTRICT","2019-20",7821,1347,24291893.14,18034.0706310319,178935261.98,154643368.84,19772.8383633806
"500101060000","CLARKSTOWN CENTRAL SCHOOL DISTRICT","2020-21",7692,1390,30814044,22168.3769784173,184710493.02,153896449.02,20007.3386661466
"500101060000","CLARKSTOWN CENTRAL SCHOOL DISTRICT","2021-22",7764,1433,30053824,20972.6615491975,195276995,165223171,21280.6763266358
"500101060000","CLARKSTOWN CSD","2022-23",7745,1440,0,0,204568920,204568920,26413.0303421562
"500101060000","CLARKSTOWN CENTRAL SCHOOL DISTRICT","2023-24",8096,1492,34554527,23159.8706434316,225463019,190908492,23580.5943675889
"500101060000","CLARKSTOWN CSD","2024-25",7814,1541,47308284.85,30699.7305970149,112213219.29,64904934.44,8306.23681085232
"500108030000","NANUET UNION FREE SCHOOL DISTRICT","2018-19",2255,257,4708568.67,18321.2788715953,56945902.01,52237333.34,23165.1145631929
"500108030000","NANUET UNION FREE SCHOOL DISTRICT","2019-20",2218,274,5026175.55,18343.7063868613,57584399.92,52558224.37,23696.2237917042
"500108030000","NANUET UNION FREE SCHOOL DISTRICT","2020-21",2219,305,5184928.82,16999.7666229508,58217162.33,53032233.51,23899.1588598468
"500108030000","NANUET UNION FREE SCHOOL DISTRICT","2021-22",2208,302,5739930,19006.3907284768,61788160,56048230,25384.1621376812
"500108030000","NANUET UFSD","2022-23",2171,288,5496248.26,19084.1953472222,65267632.99,59771384.73,27531.729493321
"500108030000","NANUET UNION FREE SCHOOL DISTRICT","2023-24",2234,301,7762733.2,25789.8112956811,72474318.83,64711585.63,28966.6900760967
"500108030000","NANUET UFSD","2024-25",2104,308,8064274.72,26182.7101298701,79158524.98,71094250.26,33790.0428992395
"500201060000","HAVERSTRAW-STONY POINT CSD (NORTH ROCKLAND)","2018-19",8203,1171,23279242,19879.7967549103,171634290.11,148355048.11,18085.4624052176
"500201060000","HAVERSTRAW-STONY POINT CSD (NORTH ROCKLAND)","2019-20",7886,1155,20854617,18055.9454545455,175189346.91,154334729.91,19570.7240565559
"500201060000","HAVERSTRAW-STONY POINT CSD (NORTH ROCKLAND)","2020-21",7713,1139,23647509,20761.6409130817,182743480,159095971,20626.9896279009
"500201060000","HAVERSTRAW-STONY POINT CSD (NORTH ROCKLAND)","2021-22",7643,1101,23853103,21664.9436875568,195026781,171173678,22396.1373806097
"500201060000","HAVERSTRAW-STONY POINT CSD (NORTH RO","2022-23",7703,1161,24841150,21396.3393626184,206974710,182133560,23644.4969492406
"500201060000","HAVERSTRAW-STONY POINT CSD (NORTH ROCKLAND)","2023-24",8044,1138,39423822,34643.0773286468,252138750,212714928,26443.9244157136
"500201060000","HAVERSTRAW-STONY POINT CSD (NORTH RO","2024-25",7972,1209,42314058.33,34999.2211166253,273729427.83,231415369.5,29028.5210110386
"500301060000","SOUTH ORANGETOWN CENTRAL SCHOOL DISTRICT","2018-19",3069,301,22177671.54,73679.9718936877,77264244.93,55086573.39,17949.355943304
"500301060000","SOUTH ORANGETOWN CENTRAL SCHOOL DISTRICT","2019-20",2910,343,11533418,33625.1253644315,78578582,67045164,23039.575257732
"500301060000","SOUTH ORANGETOWN CENTRAL SCHOOL DISTRICT","2020-21",2780,363,8017983.64,22088.1092011019,80672500.98,72654517.34,26134.7184676259
"500301060000","SOUTH ORANGETOWN CENTRAL SCHOOL DISTRICT","2021-22",2775,401,7622391,19008.4563591022,81036844,73414453,26455.6587387387
"500301060000","SOUTH ORANGETOWN CSD","2022-23",2790,454,8622394,18992.0572687225,86397730,77775336,27876.464516129
"500301060000","SOUTH ORANGETOWN CENTRAL SCHOOL DISTRICT","2023-24",2806,475,17480585.17,36801.2319368421,104887533.68,87406948.51,31150.0172879544
"500301060000","SOUTH ORANGETOWN CSD","2024-25",2747,481,12492741,25972.4345114345,107399566,94906825,34549.2628321806
"500304030000","NYACK UNION FREE SCHOOL DISTRICT","2018-19",3029,429,12985385.42,30268.9636829837,68326480.75,55341095.33,18270.4177385276
"500304030000","NYACK UNION FREE SCHOOL DISTRICT","2019-20",2866,408,8105352.44,19866.0599019608,70523304.52,62417952.08,21778.7690439637
"500304030000","NYACK UNION FREE SCHOOL DISTRICT","2020-21",2724,394,8363574.3,21227.3459390863,73108601.73,64745027.43,23768.3654295154
"500304030000","NYACK UNION FREE SCHOOL DISTRICT","2021-22",2735,401,8799061,21942.7955112219,77206199,68407138,25011.7506398537
"500304030000","NYACK UFSD","2022-23",2737,417,7382633.35,17704.1567146283,80849865.31,73467231.96,26842.2477018634
"500304030000","NYACK UNION FREE SCHOOL DISTRICT","2023-24",2865,420,8521215.55,20288.608452381,89024727.65,80503512.1,28098.9571029668
"500304030000","NYACK UFSD","2024-25",2820,453,9701425.08,21415.9494039735,95236293.08,85534868,30331.5134751773
"500308030000","PEARL RIVER UNION FREE SCHOOL DISTRICT","2018-19",2416,297,4131963,13912.3333333333,56611920,52479957,21721.8365066225
"500308030000","PEARL RIVER UNION FREE SCHOOL DISTRICT","2019-20",2361,291,4134252,14207.0515463918,56314570,52180318,22100.9394324439
"500308030000","PEARL RIVER UNION FREE SCHOOL DISTRICT","2020-21",2333,301,11386538,37829.0299003322,59032384,47645846,20422.5657951136
"500308030000","PEARL RIVER UNION FREE SCHOOL DISTRICT","2021-22",2289,308,13097738,42525.1233766234,63228057,50130319,21900.5325469637
"500308030000","PEARL RIVER UFSD","2022-23",2223,315,14224658,45157.6444444444,66041494,51816836,23309.4179037337
"500308030000","PEARL RIVER UNION FREE SCHOOL DISTRICT","2023-24",2262,325,13223804,40688.6276923077,80417713,67193909,29705.5300618921
"500308030000","PEARL RIVER UFSD","2024-25",2151,346,13404315.53,38740.7963294798,83446725.36,70042409.83,32562.719586239
"500401060000","RAMAPO CENTRAL SCHOOL DISTRICT (SUFFERN)","2018-19",4176,593,12056032.08,20330.5768634064,111041450.19,98985418.11,23703.4047198276
"500401060000","RAMAPO CENTRAL SCHOOL DISTRICT (SUFFERN)","2019-20",4044,607,19285484.8,31771.8036243822,109695077.08,90409592.28,22356.4768249258
"500401060000","RAMAPO CENTRAL SCHOOL DISTRICT (SUFFERN)","2020-21",3943,614,12499451,20357.4120521173,113557503.97,101058052.97,25629.7369946741
"500401060000","RAMAPO CENTRAL SCHOOL DISTRICT (SUFFERN)","2021-22",3932,604,13984468,23153.0927152318,119904394,105919926,26937.9262461851
"500401060000","SUFFERN CSD","2022-23",3852,552,24213055.99,43864.231865942,125830115.9,101617059.91,26380.3374636552
"500401060000","RAMAPO CENTRAL SCHOOL DISTRICT (SUFFERN)","2023-24",3891,547,17307623,31640.9926873857,139433927,122126304,31386.868157286
"500401060000","SUFFERN CSD","2024-25",3841,528,18553130,35138.5037878788,145149437,126596307,32959.2051549076
"500402060000","EAST RAMAPO CENTRAL SCHOOL DISTRICT (SPRING VALLEY)","2018-19",10625,1610,25567734,15880.5801242236,201953343,176385609,16600.9984941176
"500402060000","EAST RAMAPO CENTRAL SCHOOL DISTRICT (SPRING VALLEY)","2019-20",9387,1538,32598681.4,21195.5015604681,194866309.91,162267628.51,17286.4204229253
"500402060000","EAST RAMAPO CENTRAL SCHOOL DISTRICT (SPRING VALLEY)","2020-21",9225,1539,39526445,25683.2001299545,212024734,172498289,18699.0015176152
"500402060000","EAST RAMAPO CENTRAL SCHOOL DISTRICT (SPRING VALLEY)","2021-22",9484,1480,40071918,27075.6202702703,229974938,189903020,20023.5153943484
"500402060000","EAST RAMAPO CSD (SPRING VALLEY)","2022-23",9811,1486,40691302,27383.1103633917,233308621,192617319,19632.7916624197
"500402060000","EAST RAMAPO CENTRAL SCHOOL DISTRICT (SPRING VALLEY)","2023-24",12434,1499,51138565.93,34115.120700467,319800005.57,268661439.64,21607.0001318964
"500402060000","EAST RAMAPO CSD (SPRING VALLEY)","2024-25",10420,1434,62592816.11,43649.104679219,367374436.98,304781620.87,29249.6757072937
"510101040000","BRASHER FALLS CENTRAL SCHOOL DISTRICT","2018-19",1026,149,8657300.93,58102.6908053691,17772670.62,9115369.69,8884.37591617934
"510101040000","BRASHER FALLS CENTRAL SCHOOL DISTRICT","2019-20",1000,148,1407410.74,9509.53202702703,18091674.42,16684263.68,16684.26368
"510101040000","BRASHER FALLS CENTRAL SCHOOL DISTRICT","2020-21",988,160,1898836,11867.725,19349695,17450859,17662.8127530364
"510101040000","BRASHER FALLS CENTRAL SCHOOL DISTRICT","2021-22",974,166,2553501,15382.5361445783,21280454,18726953,19226.8511293635
"510101040000","BRASHER FALLS CSD","2022-23",982,169,2518983,14905.224852071,22768964,20249981,20621.1619144603
"510101040000","BRASHER FALLS CENTRAL SCHOOL DISTRICT","2023-24",960,185,4334901.65,23431.9008108108,26416521.88,22081620.23,23001.6877395833
"510101040000","BRASHER FALLS CSD","2024-25",946,185,4457214.46,24093.0511351351,27879397.79,23422183.33,24759.1789957717
"510201060000","CANTON CENTRAL SCHOOL DISTRICT","2018-19",1314,192,4716105.41,24563.0490104167,26201231.02,21485125.61,16350.9327321157
"510201060000","CANTON CENTRAL SCHOOL DISTRICT","2019-20",1238,176,5503499.1,31269.88125,24948357.03,19444857.93,15706.6703796446
"510201060000","CANTON CENTRAL SCHOOL DISTRICT","2020-21",1172,170,3382623,19897.7823529412,24634528,21251905,18133.0247440273
"510201060000","CANTON CENTRAL SCHOOL DISTRICT","2021-22",1123,155,3810658,24584.8903225806,27040197,23229539,20685.2528940338
"510201060000","CANTON CSD","2022-23",1115,159,3271343,20574.4842767296,28762184.45,25490841.45,22861.7412107623
"510201060000","CANTON CENTRAL SCHOOL DISTRICT","2023-24",1069,159,6305524.51,39657.3868553459,32071116.12,25765591.61,24102.5178765201
"510201060000","CANTON CSD","2024-25",1041,150,6570906.14,43806.0409333333,32597467.04,26026560.9,25001.4994236311
"510401040000","CLIFTON-FINE CENTRAL SCHOOL DISTRICT","2018-19",297,58,722271.69,12452.9601724138,8021478.84,7299207.15,24576.4550505051
"510401040000","CLIFTON-FINE CENTRAL SCHOOL DISTRICT","2019-20",283,60,603239.16,10053.986,8116076.71,7512837.55,26547.1291519435
"510401040000","CLIFTON-FINE CENTRAL SCHOOL DISTRICT","2020-21",268,61,647174.98,10609.4259016393,7995657.86,7348482.88,27419.712238806
"510401040000","CLIFTON-FINE CENTRAL SCHOOL DISTRICT","2021-22",254,57,1029300,18057.8947368421,8524910,7495610,29510.2755905512
"510401040000","CLIFTON-FINE CSD","2022-23",252,52,863318,16602.2692307692,8621821,7758503,30787.7103174603
"510401040000","CLIFTON-FINE CENTRAL SCHOOL DISTRICT","2023-24",260,53,934618.31,17634.3077358491,10366899,9432280.69,36278.0026538462
"510401040000","CLIFTON-FINE CSD","2024-25",244,50,1067565.22,21351.3044,10352084.58,9284519.36,38051.308852459
"510501040000","COLTON-PIERREPONT CENTRAL SCHOOL DISTRICT","2018-19",357,42,1079960,25713.3333333333,8389292,7309332,20474.3193277311
"510501040000","COLTON-PIERREPONT CENTRAL SCHOOL DISTRICT","2019-20",368,50,878573,17571.46,8273243,7394670,20094.2119565217
"510501040000","COLTON-PIERREPONT CENTRAL SCHOOL DISTRICT","2020-21",374,51,772745,15151.862745098,7533545,6760800,18077.0053475936
"510501040000","COLTON-PIERREPONT CENTRAL SCHOOL DISTRICT","2021-22",392,54,885230,16393.1481481481,8255761,7370531,18802.375
"510501040000","COLTON-PIERREPONT CSD","2022-23",373,53,1210492,22839.4716981132,9880892,8670400,23245.0402144772
"510501040000","COLTON-PIERREPONT CENTRAL SCHOOL DISTRICT","2023-24",381,53,1458691.72,27522.4852830189,11737200.44,10278508.72,26977.713175853
"510501040000","COLTON-PIERREPONT CSD","2024-25",359,53,1429897.96,26979.2067924528,11496516.19,10066618.23,28040.7193036212
"511101060000","GOUVERNEUR CENTRAL SCHOOL DISTRICT","2018-19",1544,251,3847457.26,15328.5149800797,29683919.66,25836462.4,16733.4601036269
"511101060000","GOUVERNEUR CENTRAL SCHOOL DISTRICT","2019-20",1516,250,2110073.97,8440.29588,27845038.21,25734964.24,16975.5700791557
"511101060000","GOUVERNEUR CENTRAL SCHOOL DISTRICT","2020-21",1460,231,1969359.26,8525.36476190476,27547323.47,25577964.21,17519.1535684932
"511101060000","GOUVERNEUR CENTRAL SCHOOL DISTRICT","2021-22",1447,237,2952069,12455.9873417722,29668108,26716039,18463.0539046303
"511101060000","GOUVERNEUR CSD","2022-23",1445,243,3607315,14844.9176954733,33055470.25,29448155.25,20379.3461937716
"511101060000","GOUVERNEUR CENTRAL SCHOOL DISTRICT","2023-24",1432,252,6036494,23954.3412698413,39717049,33680555,23519.9406424581
"511101060000","GOUVERNEUR CSD","2024-25",1407,263,6940206.31,26388.617148289,42793502.04,35853295.73,25482.0865174129
"511201040000","HAMMOND CENTRAL SCHOOL DISTRICT","2018-19",260,30,2387952,79598.4,6826105,4438153,17069.8192307692
"511201040000","HAMMOND CENTRAL SCHOOL DISTRICT","2019-20",257,35,0,0,6713704,6713704,26123.3618677043
"511201040000","HAMMOND CENTRAL SCHOOL DISTRICT","2020-21",233,29,408344,14080.8275862069,6940718,6532374,28035.9399141631
"511201040000","HAMMOND CENTRAL SCHOOL DISTRICT","2021-22",239,31,533618,17213.4838709677,7751305,7217687,30199.5271966527
"511201040000","HAMMOND CSD","2022-23",247,31,922455,29756.6129032258,8054433,7131978,28874.4048582996
"511201040000","HAMMOND CENTRAL SCHOOL DISTRICT","2023-24",228,29,1919055,66174.3103448276,9344741,7425686,32568.798245614
"511201040000","HAMMOND CSD","2024-25",225,29,1287261,44388.3103448276,9173439,7886178,35049.68
"511301040000","HERMON-DEKALB CENTRAL SCHOOL DISTRICT","2018-19",403,55,1343300,24423.6363636364,9123201,7779901,19304.9652605459
"511301040000","HERMON-DEKALB CENTRAL SCHOOL DISTRICT","2019-20",417,62,373808,6029.16129032258,9171051,8797243,21096.5059952038
"511301040000","HERMON-DEKALB CENTRAL SCHOOL DISTRICT","2020-21",416,68,241595,3552.86764705882,8193233,7951638,19114.5144230769
"511301040000","HERMON-DEKALB CENTRAL SCHOOL DISTRICT","2021-22",373,66,218921,3316.98484848485,9087918,8868997,23777.471849866
"511301040000","HERMON-DEKALB CSD","2022-23",381,63,562452,8927.80952380952,9743049,9180597,24096.0551181102
"511301040000","HERMON-DEKALB CENTRAL SCHOOL DISTRICT","2023-24",371,54,548243,10152.6481481481,11174428,10626185,28642.0080862534
"511301040000","HERMON-DEKALB CSD","2024-25",363,57,729402,12796.5263157895,11336378,10606976,29220.3195592287
"511602040000","LISBON CENTRAL SCHOOL DISTRICT","2018-19",598,58,756775,13047.8448275862,10063883,9307108,15563.7257525084
"511602040000","LISBON CENTRAL SCHOOL DISTRICT","2019-20",582,59,2335981,39592.8983050847,12033501,9697520,16662.4054982818
"511602040000","LISBON CENTRAL SCHOOL DISTRICT","2020-21",583,66,2247636,34055.0909090909,12081588,9833952,16867.8421955403
"511602040000","LISBON CENTRAL SCHOOL DISTRICT","2021-22",573,65,2185182,33618.1846153846,13273448,11088266,19351.2495636998
"511602040000","LISBON CSD","2022-23",560,71,2458181,34622.2676056338,14551348,12093167,21594.9410714286
"511602040000","LISBON CENTRAL SCHOOL DISTRICT","2023-24",545,67,3033222,45271.9701492537,16762777,13729555,25191.8440366972
"511602040000","LISBON CSD","2024-25",539,66,2679750,40602.2727272727,16911586,14231836,26404.1484230056
"511901040000","MADRID-WADDINGTON CENTRAL SCHOOL DISTRICT","2018-19",706,95,2358359,24824.8315789474,13274282,10915923,15461.6473087819
"511901040000","MADRID-WADDINGTON CENTRAL SCHOOL DISTRICT","2019-20",696,89,2428818,27290.0898876404,13539201,11110383,15963.1939655172
"511901040000","MADRID-WADDINGTON CENTRAL SCHOOL DISTRICT","2020-21",658,82,2421105,29525.6707317073,13408005,10986900,16697.4164133739
"511901040000","MADRID-WADDINGTON CENTRAL SCHOOL DISTRICT","2021-22",660,90,2496210,27735.6666666667,15512128,13015918,19721.0878787879
"511901040000","MADRID-WADDINGTON CSD","2022-23",655,91,1251252,13750.021978022,18284427,17033175,26004.8473282443
"511901040000","MADRID-WADDINGTON CENTRAL SCHOOL DISTRICT","2023-24",617,87,2158275,24807.7586206897,17416523,15258248,24729.737439222
"511901040000","MADRID-WADDINGTON CSD","2024-25",612,95,2462212,25918.0210526316,18221015,15758803,25749.6781045752
"512001060000","MASSENA CENTRAL SCHOOL DISTRICT","2018-19",2564,446,8267681,18537.4013452915,46229813,37962132,14805.8237129485
"512001060000","MASSENA CENTRAL SCHOOL DISTRICT","2019-20",2565,466,5596066,12008.7253218884,42171085,36575019,14259.2666666667
"512001060000","MASSENA CENTRAL SCHOOL DISTRICT","2020-21",2459,444,6066406,13663.0765765766,43707659,37641253,15307.5449369662
"512001060000","MASSENA CENTRAL SCHOOL DISTRICT","2021-22",2477,470,6524411,13881.7255319149,47362012,40837601,16486.7182075091
"512001060000","MASSENA CSD","2022-23",2428,490,7274152,14845.2081632653,51313725,44039573,18138.2096375618
"512001060000","MASSENA CENTRAL SCHOOL DISTRICT","2023-24",2411,489,11768483.21,24066.4278323108,62767017.1,50998533.89,21152.4404355039
"512001060000","MASSENA CSD","2024-25",2467,490,13171225.32,26880.0516734694,66823098.15,53651872.83,21747.8203607621
"512101040000","MORRISTOWN CENTRAL SCHOOL DISTRICT","2018-19",330,42,1323582,31513.8571428571,8224857.9,6901275.9,20912.9572727273
"512101040000","MORRISTOWN CENTRAL SCHOOL DISTRICT","2019-20",333,42,546513.36,13012.2228571429,7257918.22,6711404.86,20154.368948949
"512101040000","MORRISTOWN CENTRAL SCHOOL DISTRICT","2020-21",326,40,714890,17872.25,7970570,7255680,22256.6871165644
"512101040000","MORRISTOWN CENTRAL SCHOOL DISTRICT","2021-22",342,43,692934,16114.7441860465,7866876,7173942,20976.4385964912
"512101040000","MORRISTOWN CSD","2022-23",329,44,555553,12626.2045454545,7669698.26,7114145.26,21623.5418237082
"512101040000","MORRISTOWN CENTRAL SCHOOL DISTRICT","2023-24",316,43,1531682,35620.511627907,11539862.66,10008180.66,31671.4577848101
"512101040000","MORRISTOWN CSD","2024-25",307,37,1310467.78,35418.0481081081,10250600.44,8940132.66,29120.9532899023
"512201040000","NORWOOD-NORFOLK CENTRAL SCHOOL DISTRICT","2018-19",984,140,4022365.01,28731.1786428571,20299530.78,16277165.77,16541.8351321138
"512201040000","NORWOOD-NORFOLK CENTRAL SCHOOL DISTRICT","2019-20",987,130,4348306.49,33448.5114615385,20099617.52,15751311.03,15958.775106383
"512201040000","NORWOOD-NORFOLK CENTRAL SCHOOL DISTRICT","2020-21",939,129,3888588,30144.0930232558,20078737.68,16190149.68,17241.905942492
"512201040000","NORWOOD-NORFOLK CENTRAL SCHOOL DISTRICT","2021-22",1002,160,2631924,16449.525,20507588,17875664,17839.9840319361
"512201040000","NORWOOD-NORFOLK CSD","2022-23",973,156,2629629,16856.5961538462,21099835.94,18470206.94,18982.7409455293
"512201040000","NORWOOD-NORFOLK CENTRAL SCHOOL DISTRICT","2023-24",945,172,5013520.92,29148.3774418605,26997426.85,21983905.93,23263.3925185185
"512201040000","NORWOOD-NORFOLK CSD","2024-25",905,181,5231396.51,28902.7431491713,27063998.43,21832601.92,24124.4220110497
"512300010000","OGDENSBURG CITY SCHOOL DISTRICT","2018-19",1596,277,8823954.28,31855.4306137184,37480373.99,28656419.71,17955.1501942356
"512300010000","OGDENSBURG CITY SCHOOL DISTRICT","2019-20",1535,284,8051252,28349.4788732394,34330639,26279387,17120.1218241042
"512300010000","OGDENSBURG CITY SCHOOL DISTRICT","2020-21",1495,309,8126777,26300.2491909385,35858007,27731230,18549.3177257525
"512300010000","OGDENSBURG CITY SCHOOL DISTRICT","2021-22",1488,322,8312322,25814.6645962733,39114562,30802240,20700.4301075269
"512300010000","OGDENSBURG CITY SD","2022-23",1457,323,10098388,31264.3591331269,44037275,33938887,23293.676733013
"512300010000","OGDENSBURG CITY SCHOOL DISTRICT","2023-24",1417,319,12458169.98,39053.8243887147,47858207.78,35400037.8,24982.3837685251
"512300010000","OGDENSBURG CITY SD","2024-25",1354,302,11202386.42,37093.9947682119,50201756.17,38999369.75,28803.0795790251
"512404040000","HEUVELTON CENTRAL SCHOOL DISTRICT","2018-19",560,56,1688050,30143.75,11373175,9685125,17294.8660714286
"512404040000","HEUVELTON CENTRAL SCHOOL DISTRICT","2019-20",543,60,1568163,26136.05,11595513,10027350,18466.5745856354
"512404040000","HEUVELTON CENTRAL SCHOOL DISTRICT","2020-21",524,63,1538522,24420.9841269841,11952340.76,10413818.76,19873.6999236641
"512404040000","HEUVELTON CENTRAL SCHOOL DISTRICT","2021-22",533,66,1511906,22907.6666666667,13757618,12245712,22975.0694183865
"512404040000","HEUVELTON CSD","2022-23",552,76,1827381,24044.4868421053,15203406,13376025,24231.9293478261
"512404040000","HEUVELTON CENTRAL SCHOOL DISTRICT","2023-24",554,88,3457358.85,39288.16875,17460879.01,14003520.16,25277.1122021661
"512404040000","HEUVELTON CSD","2024-25",512,82,4355480,53115.6097560976,17787456,13431976,26234.328125
"512501040000","PARISHVILLE-HOPKINTON CENTRAL SCHOOL DISTRICT","2018-19",404,58,1246718,21495.1379310345,9492847,8246129,20411.2103960396
"512501040000","PARISHVILLE-HOPKINTON CENTRAL SCHOOL DISTRICT","2019-20",380,52,331609,6377.09615384615,9539098.64,9207489.64,24230.2358947368
"512501040000","PARISHVILLE-HOPKINTON CENTRAL SCHOOL DISTRICT","2020-21",354,54,1205910,22331.6666666667,9520429,8314519,23487.3418079096
"512501040000","PARISHVILLE-HOPKINTON CENTRAL SCHOOL DISTRICT","2021-22",345,58,744467,12835.6379310345,10390856,9646389,27960.547826087
"512501040000","PARISHVILLE-HOPKINTON CSD","2022-23",345,61,642362,10530.5245901639,10590710,9948348,28835.7913043478
"512501040000","PARISHVILLE-HOPKINTON CENTRAL SCHOOL DISTRICT","2023-24",339,59,1686658.89,28587.4388135593,11831591.76,10144932.87,29926.0556637168
"512501040000","PARISHVILLE-HOPKINTON CSD","2024-25",337,61,1674692,27453.9672131148,11595969,9921277,29439.9910979228
"512902060000","POTSDAM CENTRAL SCHOOL DISTRICT","2018-19",1347,185,2174970,11756.5945945946,23764339,21589369,16027.7423904974
"512902060000","POTSDAM CENTRAL SCHOOL DISTRICT","2019-20",1312,195,2381735.06,12214.0259487179,26547825.46,24166090.4,18419.2762195122
"512902060000","POTSDAM CENTRAL SCHOOL DISTRICT","2021-22",1317,211,2496788,11833.1184834123,26554868,24058080,18267.3348519362
"512902060000","POTSDAM CSD","2022-23",1287,221,2625172,11878.6063348416,27006130,24380958,18944.0233100233
"512902060000","POTSDAM CENTRAL SCHOOL DISTRICT","2023-24",1304,242,3088245,12761.3429752066,31481280,28393035,21773.7998466258
"512902060000","POTSDAM CSD","2024-25",1279,219,6340399,28951.5936073059,36169501,29829102,23322.2064112588
"513102040000","EDWARDS-KNOX CENTRAL SCHOOL DISTRICT","2018-19",526,114,1199274.58,10519.9524561404,10722698.85,9523424.27,18105.3693346008
"513102040000","EDWARDS-KNOX CENTRAL SCHOOL DISTRICT","2019-20",520,116,1246667,10747.1293103448,10495823,9249156,17786.8384615385
"513102040000","EDWARDS-KNOX CENTRAL SCHOOL DISTRICT","2020-21",487,108,1570165,14538.5648148148,10803011.53,9232846.53,18958.6171047228
"513102040000","EDWARDS-KNOX CENTRAL SCHOOL DISTRICT","2021-22",512,99,1874917,18938.5555555556,12599064,10724147,20945.599609375
"513102040000","EDWARDS-KNOX CSD","2022-23",515,102,1923686,18859.6666666667,13360532.99,11436846.99,22207.4698834951
"513102040000","EDWARDS-KNOX CENTRAL SCHOOL DISTRICT","2023-24",513,117,2093556.78,17893.6476923077,15667164.34,13573607.56,26459.2739961014
"513102040000","EDWARDS-KNOX CSD","2024-25",493,112,2840395.02,25360.6698214286,16386024.3,13545629.28,27475.9214604463
"520101060000","BURNT HILLS-BALLSTON LAKE CENTRAL SCHOOL DISTRICT","2018-19",3059,455,7883400.01,17326.1538681319,54296214.83,46412814.82,15172.5448904871
"520101060000","BURNT HILLS-BALLSTON LAKE CENTRAL SCHOOL DISTRICT","2019-20",3082,475,8266494.01,17403.1452842105,54560634.02,46294140.01,15020.811164828
"520101060000","BURNT HILLS-BALLSTON LAKE CENTRAL SCHOOL DISTRICT","2020-21",3035,510,8559888.99,16784.0960588235,55446731.96,46886842.97,15448.712675453
"520101060000","BURNT HILLS-BALLSTON LAKE CENTRAL SCHOOL DISTRICT","2021-22",3038,514,8474658,16487.6614785992,58394640,49919982,16431.8571428571
"520101060000","BURNT HILLS-BALLSTON LAKE CSD","2022-23",3081,550,8922795.01,16223.2636545455,60871979.99,51949184.98,16861.1441025641
"520101060000","BURNT HILLS-BALLSTON LAKE CENTRAL SCHOOL DISTRICT","2023-24",3133,583,10575191.12,18139.2643567753,72991287.63,62416096.51,19922.1501787424
"520101060000","BURNT HILLS-BALLSTON LAKE CSD","2024-25",3104,571,10437654.03,18279.6042556918,74718127.99,64280473.96,20708.9155798969
"520302060000","SHENENDEHOWA CENTRAL SCHOOL DISTRICT","2018-19",9718,1116,17979199,16110.3933691756,146819348,128840149,13257.8873224943
"520302060000","SHENENDEHOWA CENTRAL SCHOOL DISTRICT","2019-20",9535,1117,19041078,17046.6230975828,145694574,126653496,13283.0095437861
"520302060000","SHENENDEHOWA CENTRAL SCHOOL DISTRICT","2020-21",9409,1079,19725177,18280.9796107507,150756484,131031307,13926.1671803592
"520302060000","SHENENDEHOWA CENTRAL SCHOOL DISTRICT","2021-22",9447,1100,20581453,18710.4118181818,160426690,139845237,14803.1371864084
"520302060000","SHENENDEHOWA CSD","2022-23",9388,1093,21742184,19892.208600183,166616812.74,144874628.74,15431.8948380912
"520302060000","SHENENDEHOWA CENTRAL SCHOOL DISTRICT","2023-24",9441,1097,25324199.48,23084.9585050137,197822525.02,172498325.54,18271.1921978604
"520302060000","SHENENDEHOWA CSD","2024-25",9341,1110,24361419.55,21947.2248198198,202468397.06,178106977.51,19067.2280815758
"520401040000","CORINTH CENTRAL SCHOOL DISTRICT","2018-19",1165,140,2312940,16521,17819740.82,15506800.82,13310.5586437768
"520401040000","CORINTH CENTRAL SCHOOL DISTRICT","2019-20",1139,121,1752107.71,14480.2290082645,17387437.14,15635329.43,13727.2426953468
"520401040000","CORINTH CENTRAL SCHOOL DISTRICT","2020-21",1069,118,2513589,21301.6016949153,17295190,14781601,13827.5032740879
"520401040000","CORINTH CENTRAL SCHOOL DISTRICT","2021-22",1072,124,2983948,24064.0967741935,19757970,16774022,15647.4085820896
"520401040000","CORINTH CSD","2022-23",1085,142,2879338,20277.0281690141,23135387,20256049,18669.1695852535
"520401040000","CORINTH CENTRAL SCHOOL DISTRICT","2023-24",1073,145,3264351,22512.7655172414,23673216,20408865,19020.3774464119
"520401040000","CORINTH CSD","2024-25",1056,164,3410570,20796.1585365854,25359497,21948927,20784.96875
"520601080000","EDINBURG COMMON SCHOOL DISTRICT","2018-19",68,0,102222,,2194357,2092135,30766.6911764706
"520601080000","EDINBURG COMMON SCHOOL DISTRICT","2019-20",58,0,93613,,2146978,2053365,35402.8448275862
"520601080000","EDINBURG COMMON SCHOOL DISTRICT","2020-21",60,4,87530,21882.5,2300815,2213285,36888.0833333333
"520601080000","EDINBURG COMMON SCHOOL DISTRICT","2021-22",55,7,170450,24350,2201485,2031035,36927.9090909091
"520601080000","EDINBURG COMMON SD","2022-23",52,6,150100,25016.6666666667,2218227,2068127,39771.6730769231
"520601080000","EDINBURG COMMON SCHOOL DISTRICT","2023-24",46,6,376760,62793.3333333333,2917489.65,2540729.65,55233.2532608696
"520601080000","EDINBURG COMMON SD","2024-25",50,7,279977,39996.7142857143,2815066.17,2535089.17,50701.7834
"520701040000","GALWAY CENTRAL SCHOOL DISTRICT","2018-19",788,96,1765671.44,18392.4108333333,15976375,14210703.56,18033.8877664975
"520701040000","GALWAY CENTRAL SCHOOL DISTRICT","2019-20",837,89,1571841,17661.1348314607,15791711,14219870,16989.091995221
"520701040000","GALWAY CENTRAL SCHOOL DISTRICT","2021-22",832,93,1446491,15553.6666666667,17293349,15846858,19046.7043269231
"520701040000","GALWAY CSD","2022-23",814,85,1798323,21156.7411764706,18512295,16713972,20533.1351351351
"520701040000","GALWAY CENTRAL SCHOOL DISTRICT","2023-24",826,79,2335433.15,29562.4449367089,20394940.89,18059507.74,21863.8108232446
"520701040000","GALWAY CSD","2024-25",831,94,2633173.44,28012.4834042553,21812253.82,19179080.38,23079.5191095066
"521200050000","MECHANICVILLE CITY SCHOOL DISTRICT","2018-19",1334,215,3365688,15654.3627906977,22077681,18711993,14026.9812593703
"521200050000","MECHANICVILLE CITY SCHOOL DISTRICT","2019-20",1346,213,3112661,14613.4319248826,22797767,19685106,14624.8930163447
"521200050000","MECHANICVILLE CITY SCHOOL DISTRICT","2020-21",1342,223,2942165,13193.5650224215,19391417,16449252,12257.2667660209
"521200050000","MECHANICVILLE CITY SCHOOL DISTRICT","2021-22",1355,234,2943866,12580.6239316239,21849129,18905263,13952.2236162362
"521200050000","MECHANICVILLE CITY SD","2022-23",1346,240,3056613,12735.8875,24273934.54,21217321.54,15763.240371471
"521200050000","MECHANICVILLE CITY SD","2024-25",1314,234,5332625,22788.9957264957,28900953,23568328,17936.3226788432
"521301060000","BALLSTON SPA CENTRAL SCHOOL DISTRICT","2018-19",4196,707,11476763,16233.045261669,72618736,61141973,14571.4902287893
"521301060000","BALLSTON SPA CENTRAL SCHOOL DISTRICT","2019-20",4064,731,11898238,16276.659370725,72432605,60534367,14895.2674704724
"521301060000","BALLSTON SPA CENTRAL SCHOOL DISTRICT","2020-21",4020,708,11882594,16783.3248587571,72311426,60428832,15032.047761194
"521301060000","BALLSTON SPA CENTRAL SCHOOL DISTRICT","2021-22",4001,695,12543108,18047.6374100719,77809425,65266317,16312.5011247188
"521301060000","BALLSTON SPA CSD","2022-23",3894,687,13001128,18924.4949053857,80693009,67691881,17383.6366204417
"521301060000","BALLSTON SPA CENTRAL SCHOOL DISTRICT","2023-24",3949,691,15697962,22717.7452966715,98135943,82437981,20875.6599139023
"521301060000","BALLSTON SPA CSD","2024-25",3824,758,16828784,22201.562005277,101522316,84693532,22147.890167364
"521401040000","SOUTH GLENS FALLS CENTRAL SCHOOL DISTRICT","2018-19",3127,418,6834557,16350.6148325359,46505895,39671338,12686.7086664535
"521401040000","SOUTH GLENS FALLS CENTRAL SCHOOL DISTRICT","2019-20",2916,395,5094299.02,12896.9595443038,45518385.46,40424086.44,13862.8554320988
"521401040000","SOUTH GLENS FALLS CENTRAL SCHOOL DISTRICT","2020-21",2852,421,8714757,20700.135391924,46940528,38225771,13403.1455119215
"521401040000","SOUTH GLENS FALLS CENTRAL SCHOOL DISTRICT","2021-22",2834,433,7248951,16741.2263279446,49517270,42268319,14914.7208892025
"521401040000","SOUTH GLENS FALLS CSD","2022-23",2802,445,5456122.65,12260.9497752809,51704671.24,46248548.59,16505.5491042113
"521401040000","SOUTH GLENS FALLS CENTRAL SCHOOL DISTRICT","2023-24",2909,498,9468108.42,19012.2659036145,64207928.99,54739820.57,18817.4013647301
"521401040000","SOUTH GLENS FALLS CSD","2024-25",2882,507,10388691.45,20490.5156804734,70176517.07,59787825.62,20745.2552463567
"521701040000","SCHUYLERVILLE CENTRAL SCHOOL DISTRICT","2018-19",1538,170,2954062,17376.8352941176,29428532,26474470,17213.5695708713
"521701040000","SCHUYLERVILLE CENTRAL SCHOOL DISTRICT","2019-20",1517,173,2327665,13454.710982659,29577657,27249992,17963.0797626895
"521701040000","SCHUYLERVILLE CENTRAL SCHOOL DISTRICT","2020-21",1431,181,2309871,12761.7182320442,29965063.48,27655192.48,19325.7809084556
"521701040000","SCHUYLERVILLE CENTRAL SCHOOL DISTRICT","2021-22",1400,177,2270386,12827.0395480226,31365438,29095052,20782.18
"521701040000","SCHUYLERVILLE CSD","2022-23",1369,179,2418200,13509.4972067039,31933973,29515773,21560.0971512053
"521701040000","SCHUYLERVILLE CENTRAL SCHOOL DISTRICT","2023-24",1386,167,3927926.91,23520.5204191617,37864829.03,33936902.12,24485.4993650794
"521701040000","SCHUYLERVILLE CSD","2024-25",1318,180,3992920.94,22182.8941111111,38549860.03,34556939.09,26219.2254097117
"521800010000","SARATOGA SPRINGS CITY SCHOOL DISTRICT","2018-19",6462,686,10860027,15830.943148688,103427822,92567795,14324.9450634478
"521800010000","SARATOGA SPRINGS CITY SCHOOL DISTRICT","2019-20",6248,691,11714927.1,16953.584804631,106590447.99,94875520.89,15184.9425240077
"521800010000","SARATOGA SPRINGS CITY SCHOOL DISTRICT","2020-21",6009,715,11922790.01,16675.2307832168,106797619.37,94874829.36,15788.7883774338
"521800010000","SARATOGA SPRINGS CITY SCHOOL DISTRICT","2021-22",5989,716,12113389,16918.1410614525,108996183,96882794,16176.7897812657
"521800010000","SARATOGA SPRINGS CITY SD","2022-23",5946,741,12565680.59,16957.7335897436,112322473.94,99756793.35,16777.1263622603
"521800010000","SARATOGA SPRINGS CITY SCHOOL DISTRICT","2023-24",5903,731,12966536.74,17738.0803556772,126048157.64,113081620.9,19156.6357614772
"521800010000","SARATOGA SPRINGS CITY SD","2024-25",5751,756,12894763.45,17056.5654100529,127840669.24,114945905.79,19987.1162910798
"522001040000","STILLWATER CENTRAL SCHOOL DISTRICT","2018-19",1044,140,1275861,9113.29285714286,25875516,24599655,23562.8879310345
"522001040000","STILLWATER CENTRAL SCHOOL DISTRICT","2019-20",1042,130,2630756,20236.5846153846,20098566,17467810,16763.7332053743
"522001040000","STILLWATER CENTRAL SCHOOL DISTRICT","2020-21",1057,130,2205929,16968.6846153846,19284302,17078373,16157.4011352886
"522001040000","STILLWATER CENTRAL SCHOOL DISTRICT","2021-22",1065,129,2433337,18863.0775193798,21090075,18656738,17518.0638497653
"522001040000","STILLWATER CSD","2022-23",1022,133,3114923,23420.4736842105,21981112,18866189,18460.0675146771
"522001040000","STILLWATER CENTRAL SCHOOL DISTRICT","2023-24",1021,144,4003611,27802.8541666667,25805103,21801492,21353.0773751224
"522001040000","STILLWATER CSD","2024-25",993,149,3774703.42,25333.58,26768580.42,22993877,23155.9687814703
"522101030000","WATERFORD-HALFMOON UNION FREE SCHOOL DISTRICT","2018-19",756,99,8149027.33,82313.4073737374,14372688.94,6223661.61,8232.35662698413
"522101030000","WATERFORD-HALFMOON UNION FREE SCHOOL DISTRICT","2019-20",752,110,3084241.87,28038.5624545455,17988747,14904505.13,19819.8206515957
"522101030000","WATERFORD-HALFMOON UNION FREE SCHOOL DISTRICT","2020-21",735,119,1318957,11083.6722689076,15268591,13949634,18979.093877551
"522101030000","WATERFORD-HALFMOON UNION FREE SCHOOL DISTRICT","2021-22",743,120,2789182,23243.1833333333,17064380,14275198,19212.9179004038
"522101030000","WATERFORD-HALFMOON UFSD","2022-23",734,119,2778006,23344.5882352941,17072775,14294769,19475.1621253406
"522101030000","WATERFORD-HALFMOON UNION FREE SCHOOL DISTRICT","2023-24",733,124,3854279.22,31082.8969354839,19802848.63,15948569.41,21757.9391678035
"522101030000","WATERFORD-HALFMOON UFSD","2024-25",718,120,4371504.87,36429.20725,20290196.99,15918692.12,22170.8803899721
"530101040000","DUANESBURG CENTRAL SCHOOL DISTRICT","2018-19",664,69,1691796,24518.7826086957,12261412.34,10569616.34,15918.0968975904
"530101040000","DUANESBURG CENTRAL SCHOOL DISTRICT","2019-20",669,72,1558366,21643.9722222222,12217311,10658945,15932.6532137519
"530101040000","DUANESBURG CENTRAL SCHOOL DISTRICT","2020-21",648,66,1395096.43,21137.8246969697,11902040.43,10506944,16214.4197530864
"530101040000","DUANESBURG CENTRAL SCHOOL DISTRICT","2021-22",651,68,1565494,23021.9705882353,13305214,11739720,18033.3640552995
"530101040000","DUANESBURG CSD","2022-23",644,70,1610712,23010.1714285714,14925345.96,13314633.96,20674.8974534161
"530101040000","DUANESBURG CENTRAL SCHOOL DISTRICT","2023-24",673,89,1756880.21,19740.2270786517,15871437.86,14114557.65,20972.5968053492
"530101040000","DUANESBURG CSD","2024-25",646,99,1699224.73,17163.8861616162,15849954.35,14150729.62,21905.1542105263
"530202060000","SCOTIA-GLENVILLE CENTRAL SCHOOL DISTRICT","2018-19",2438,367,6818654,18579.4386920981,42904840,36086186,14801.5529122231
"530202060000","SCOTIA-GLENVILLE CENTRAL SCHOOL DISTRICT","2019-20",2371,355,7127895.86,20078.5798873239,45488207.07,38360311.21,16178.9587557992
"530202060000","SCOTIA-GLENVILLE CENTRAL SCHOOL DISTRICT","2020-21",2286,349,6892972,19750.6361031519,47158726.54,40265754.54,17614.0658530184
"530202060000","SCOTIA-GLENVILLE CENTRAL SCHOOL DISTRICT","2021-22",2269,346,7374707,21314.1820809249,49173983,41799276,18421.8933450859
"530202060000","SCOTIA-GLENVILLE CSD","2022-23",2207,335,7712673,23022.9044776119,51734940,44022267,19946.6547349343
"530202060000","SCOTIA-GLENVILLE CENTRAL SCHOOL DISTRICT","2023-24",2146,328,10480046,31951.3597560976,56991262,46511216,21673.4464119292
"530202060000","SCOTIA-GLENVILLE CSD","2024-25",2101,330,11801172.1,35761.1275757576,59682133,47880960.9,22789.6053783912
"530301060000","NISKAYUNA CENTRAL SCHOOL DISTRICT","2018-19",4250,484,8470363,17500.75,65236718,56766355,13356.7894117647
"530301060000","NISKAYUNA CENTRAL SCHOOL DISTRICT","2019-20",4294,483,9036201,18708.4906832298,68175195,59138994,13772.4718211458
"530301060000","NISKAYUNA CENTRAL SCHOOL DISTRICT","2020-21",4204,501,8889249,17743.0119760479,67611709,58722460,13968.2350142721
"530301060000","NISKAYUNA CENTRAL SCHOOL DISTRICT","2021-22",4215,544,9335682,17161.1801470588,72603329,63267647,15010.1179122183
"530301060000","NISKAYUNA CSD","2022-23",4314,573,10112985,17649.1884816754,75173088,65060103,15081.1550764951
"530301060000","NISKAYUNA CENTRAL SCHOOL DISTRICT","2023-24",4336,589,11910970,20222.3599320883,90683150,78772180,18167.0156826568
"530301060000","NISKAYUNA CSD","2024-25",4313,613,14800292,24144.0326264274,103011299,88211007,20452.3549733364
"530501060000","SCHALMONT CENTRAL SCHOOL DISTRICT","2018-19",1821,270,6616246,24504.6148148148,42991007.09,36374761.09,19975.1571059857
"530501060000","SCHALMONT CENTRAL SCHOOL DISTRICT","2019-20",1799,239,5232636,21893.8744769874,34097452,28864816,16044.9227348527
"530501060000","SCHALMONT CENTRAL SCHOOL DISTRICT","2020-21",1746,222,10556479,47551.7072072072,35623321,25066842,14356.7250859107
"530501060000","SCHALMONT CENTRAL SCHOOL DISTRICT","2021-22",1790,232,5821443,25092.4267241379,38963383,33141940,18515.0502793296
"530501060000","SCHALMONT CSD","2022-23",1810,244,5447518,22325.8934426229,39279266,33831748,18691.573480663
"530501060000","SCHALMONT CENTRAL SCHOOL DISTRICT","2023-24",1781,237,2818978,11894.4219409283,55180025,52361047,29399.8017967434
"530501060000","SCHALMONT CSD","2024-25",1751,206,8159817.58,39610.7649514563,50596432.03,42436614.45,24235.6450314106
"530515060000","ROTTERDAM-MOHONASEN CENTRAL SCHOOL DISTRICT","2018-19",2788,403,4384693,10880.1315136476,42188702,37804009,13559.5441176471
"530515060000","ROTTERDAM-MOHONASEN CENTRAL SCHOOL DISTRICT","2019-20",2798,388,4987089,12853.3221649485,42302330,37315241,13336.3977841315
"530515060000","ROTTERDAM-MOHONASEN CENTRAL SCHOOL DISTRICT","2020-21",2727,387,4706224,12160.7855297158,43001953,38295729,14043.1716171617
"530515060000","ROTTERDAM-MOHONASEN CENTRAL SCHOOL DISTRICT","2021-22",2711,383,3978090,10386.6579634465,48470787,44492697,16411.9133161195
"530515060000","ROTTERDAM-MOHONASEN CSD","2022-23",2737,364,4538046,12467.1593406593,48536334,43998288,16075.3701132627
"530515060000","ROTTERDAM-MOHONASEN CENTRAL SCHOOL DISTRICT","2023-24",2792,403,6490076,16104.4069478908,58337240,51847164,18569.9011461318
"530515060000","ROTTERDAM-MOHONASEN CSD","2024-25",2772,413,6918024,16750.6634382567,62749926,55831902,20141.3787878788
"530600010000","SCHENECTADY CITY SCHOOL DISTRICT","2018-19",9678,1635,27742585,16967.9418960245,170955041.1,143212456.1,14797.7325997107
"530600010000","SCHENECTADY CITY SCHOOL DISTRICT","2019-20",9499,1652,25346141,15342.7003631961,173508728.79,148162587.79,15597.7037361828
"530600010000","SCHENECTADY CITY SCHOOL DISTRICT","2020-21",9080,1556,22159014,14241.0115681234,165105276.15,142946262.15,15742.9804129956
"530600010000","SCHENECTADY CITY SCHOOL DISTRICT","2021-22",9105,1480,23537390,15903.6418918919,182044883,158507493,17408.8405271829
"530600010000","SCHENECTADY CITY SD","2022-23",8940,1523,28248097,18547.6671043992,207454714.48,179206617.48,20045.4829395973
"530600010000","SCHENECTADY CITY SCHOOL DISTRICT","2023-24",9129,1664,37973605.86,22820.6765985577,261837860.1,223864254.24,24522.3194479132
"530600010000","SCHENECTADY CITY SD","2024-25",8942,1713,39299698.07,22942.0303969644,275392589.52,236092891.45,26402.6941903377
"540801040000","GILBOA-CONESVILLE CENTRAL SCHOOL DISTRICT","2018-19",308,46,614089,13349.7608695652,8157430.01,7543341.01,24491.3669155844
"540801040000","GILBOA-CONESVILLE CENTRAL SCHOOL DISTRICT","2019-20",311,48,1366743,28473.8125,8254275,6887532,22146.4051446945
"540801040000","GILBOA-CONESVILLE CENTRAL SCHOOL DISTRICT","2020-21",294,49,1264683,25809.8571428571,8438325.12,7173642.12,24400.1432653061
"540801040000","GILBOA-CONESVILLE CENTRAL SCHOOL DISTRICT","2021-22",300,40,538181,13454.525,8423786,7885605,26285.35
"540801040000","GILBOA-CONESVILLE CSD","2022-23",296,43,674222,15679.5813953488,8937153,8262931,27915.3074324324
"540801040000","GILBOA-CONESVILLE CENTRAL SCHOOL DISTRICT","2023-24",275,40,1094484.52,27362.113,10662730.01,9568245.49,34793.6199636364
"540801040000","GILBOA-CONESVILLE CSD","2024-25",248,30,1475592.62,49186.4206666667,11859854.01,10384261.39,41872.021733871
"540901040000","JEFFERSON CENTRAL SCHOOL DISTRICT","2018-19",204,34,618734,18198.0588235294,2703369,2084635,10218.7990196078
"540901040000","JEFFERSON CENTRAL SCHOOL DISTRICT","2019-20",200,41,470909.55,11485.5987804878,5348620.3,4877710.75,24388.55375
"540901040000","JEFFERSON CENTRAL SCHOOL DISTRICT","2020-21",179,39,418693,10735.7179487179,4942911,4524218,25274.9608938547
"540901040000","JEFFERSON CENTRAL SCHOOL DISTRICT","2021-22",157,31,232348,7495.09677419355,5205656,4973308,31677.1210191083
"540901040000","JEFFERSON CSD","2022-23",148,23,397765,17294.1304347826,5858948,5461183,36899.8851351351
"540901040000","JEFFERSON CENTRAL SCHOOL DISTRICT","2023-24",150,24,641407,26725.2916666667,6579797,5938390,39589.2666666667
"540901040000","JEFFERSON CSD","2024-25",141,19,676258.58,35592.5568421053,6446610,5770351.42,40924.4781560284
"541001040000","MIDDLEBURGH CENTRAL SCHOOL DISTRICT","2018-19",724,112,2140226,19109.1607142857,17768401.13,15628175.13,21585.8772513812
"541001040000","MIDDLEBURGH CENTRAL SCHOOL DISTRICT","2019-20",689,112,2398492,21415.1071428571,17985340,15586848,22622.4208998549
"541001040000","MIDDLEBURGH CENTRAL SCHOOL DISTRICT","2020-21",641,103,2299460,22324.854368932,17270333,14970873,23355.496099844
"541001040000","MIDDLEBURGH CENTRAL SCHOOL DISTRICT","2021-22",650,108,2283568,21144.1481481481,18906210,16622642,25573.2953846154
"541001040000","MIDDLEBURGH CSD","2022-23",641,104,1934727,18603.1442307692,20067377.18,18132650.18,28288.0658034321
"541001040000","MIDDLEBURGH CENTRAL SCHOOL DISTRICT","2023-24",637,118,2813288.43,23841.4273728814,21730028.01,18916739.58,29696.6084458399
"541001040000","MIDDLEBURGH CSD","2024-25",614,106,3044914.58,28725.609245283,22102289,19057374.42,31038.0690879479
"541102060000","COBLESKILL-RICHMONDVILLE CENTRAL SCHOOL DISTRICT","2018-19",1736,231,5406190,23403.4199134199,32473170,27066980,15591.5783410138
"541102060000","COBLESKILL-RICHMONDVILLE CENTRAL SCHOOL DISTRICT","2019-20",1672,240,6056866,25236.9416666667,33530720,27473854,16431.730861244
"541102060000","COBLESKILL-RICHMONDVILLE CENTRAL SCHOOL DISTRICT","2020-21",1603,236,5839722,24744.5847457627,33039612,27199890,16968.1160324392
"541102060000","COBLESKILL-RICHMONDVILLE CENTRAL SCHOOL DISTRICT","2021-22",1580,250,6571355,26285.42,35043790,28472435,18020.5284810127
"541102060000","COBLESKILL-RICHMONDVILLE CSD","2022-23",1543,263,7142875,27159.2205323194,38339108,31196233,20217.9086195723
"541102060000","COBLESKILL-RICHMONDVILLE CENTRAL SCHOOL DISTRICT","2023-24",1554,294,7877693.8,26794.8768707483,42551385.4,34673691.6,22312.5428571429
"541102060000","COBLESKILL-RICHMONDVILLE CSD","2024-25",1515,310,7876936.19,25409.4715806452,43306574.38,35429638.19,23385.8997953795
"541201040000","SCHOHARIE CENTRAL SCHOOL DISTRICT","2018-19",929,117,2597415,22200.1282051282,19292046.26,16694631.26,17970.5395694295
"541201040000","SCHOHARIE CENTRAL SCHOOL DISTRICT","2019-20",889,113,1019899,9025.65486725664,18050607,17030708,19157.151856018
"541201040000","SCHOHARIE CENTRAL SCHOOL DISTRICT","2020-21",844,100,1830589.74,18305.8974,17734786.99,15904197.25,18843.8356042654
"541201040000","SCHOHARIE CENTRAL SCHOOL DISTRICT","2021-22",845,117,1481110,12659.0598290598,18569947,17088837,20223.475739645
"541201040000","SCHOHARIE CSD","2022-23",812,118,2133259,18078.4661016949,20416735.88,18283476.88,22516.5971428571
"541201040000","SCHOHARIE CENTRAL SCHOOL DISTRICT","2023-24",855,125,1593925.01,12751.40008,23722377.59,22128452.58,25881.2310877193
"541201040000","SCHOHARIE CSD","2024-25",808,144,2484592.93,17254.1175694444,24488455.12,22003862.19,27232.502710396
"541401040000","SHARON SPRINGS CENTRAL SCHOOL DISTRICT","2018-19",242,35,740707,21163.0571428571,5223438,4482731,18523.6818181818
"541401040000","SHARON SPRINGS CENTRAL SCHOOL DISTRICT","2019-20",226,30,572849,19094.9666666667,8673358,8100509,35842.9601769912
"541401040000","SHARON SPRINGS CENTRAL SCHOOL DISTRICT","2021-22",231,40,571596,14289.9,7821177,7249581,31383.4675324675
"541401040000","SHARON SPRINGS CSD","2022-23",247,35,677380,19353.7142857143,8417646,7740266,31337.1093117409
"541401040000","SHARON SPRINGS CENTRAL SCHOOL DISTRICT","2023-24",272,47,892756,18994.8085106383,9547966,8655210,31820.625
"541401040000","SHARON SPRINGS CSD","2024-25",264,52,1344572,25857.1538461538,9802583,8458011,32037.9204545455
"550101040000","ODESSA-MONTOUR CENTRAL SCHOOL DISTRICT","2018-19",785,106,1790595,16892.4056603774,14470682,12680087,16152.9770700637
"550101040000","ODESSA-MONTOUR CENTRAL SCHOOL DISTRICT","2019-20",774,107,2473381,23115.7102803738,14113756.49,11640375.49,15039.2448191214
"550101040000","ODESSA-MONTOUR CENTRAL SCHOOL DISTRICT","2020-21",754,102,2189721,21467.8529411765,14037805.44,11848084.44,15713.6398408488
"550101040000","ODESSA-MONTOUR CENTRAL SCHOOL DISTRICT","2021-22",729,105,2611969,24875.8952380952,15325540,12713571,17439.7407407407
"550101040000","ODESSA-MONTOUR CSD","2022-23",765,96,2748227.01,28627.3646875,16292295.3,13544068.29,17704.6644313726
"550101040000","ODESSA-MONTOUR CENTRAL SCHOOL DISTRICT","2023-24",737,95,2728946,28725.7473684211,18368845.04,15639899.04,21221.0299050204
"550101040000","ODESSA-MONTOUR CSD","2024-25",673,89,3542079.01,39798.6405617978,19670314.02,16128235.01,23964.6879791976
"550301060000","WATKINS GLEN CENTRAL SCHOOL DISTRICT","2018-19",1078,152,2435952,16026,20689790,18253838,16933.0593692022
"550301060000","WATKINS GLEN CENTRAL SCHOOL DISTRICT","2019-20",1040,159,3399645,21381.4150943396,21840911,18441266,17731.9865384615
"550301060000","WATKINS GLEN CENTRAL SCHOOL DISTRICT","2020-21",938,145,2988009,20606.9586206897,20981055,17993046,19182.3518123667
"550301060000","WATKINS GLEN CENTRAL SCHOOL DISTRICT","2021-22",931,142,2672497,18820.4014084507,22668695,19996198,21478.1933404941
"550301060000","WATKINS GLEN CSD","2022-23",900,131,2782783,21242.6183206107,23570380.86,20787597.86,23097.3309555556
"550301060000","WATKINS GLEN CENTRAL SCHOOL DISTRICT","2023-24",908,149,4610056.53,30939.9767114094,27290883.58,22680827.05,24978.8844162996
"550301060000","WATKINS GLEN CSD","2024-25",878,147,4527242.12,30797.5654421769,26696337.34,22169095.22,25249.5389749431
"560501040000","SOUTH SENECA CENTRAL SCHOOL DISTRICT","2018-19",686,112,2585946,23088.8035714286,18827057,16241111,23675.0889212828
"560501040000","SOUTH SENECA CENTRAL SCHOOL DISTRICT","2019-20",659,96,1670050,17396.3541666667,18958669,17288619,26234.626707132
"560501040000","SOUTH SENECA CENTRAL SCHOOL DISTRICT","2020-21",655,101,1701909,16850.5841584158,20078898,18376989,28056.4717557252
"560501040000","SOUTH SENECA CENTRAL SCHOOL DISTRICT","2021-22",619,91,1827067,20077.6593406593,20461536,18634469,30104.1502423263
"560501040000","SOUTH SENECA CSD","2022-23",636,97,2102091,21671.0412371134,22368954,20266863,31866.1367924528
"560501040000","SOUTH SENECA CENTRAL SCHOOL DISTRICT","2023-24",634,111,4401332.14,39651.6409009009,26180143.7,21778811.56,34351.4377917981
"560501040000","SOUTH SENECA CSD","2024-25",615,115,4460479.71,38786.7800869565,26067338.31,21606858.6,35133.1034146341
"560603040000","ROMULUS CENTRAL SCHOOL DISTRICT","2018-19",457,61,1256671,20601.1639344262,9857676,8601005,18820.579868709
"560603040000","ROMULUS CENTRAL SCHOOL DISTRICT","2019-20",475,54,1323823,24515.2407407407,9922937,8599114,18103.3978947368
"560603040000","ROMULUS CENTRAL SCHOOL DISTRICT","2020-21",422,55,630143,11457.1454545455,9609891,8979748,21279.0236966825
"560603040000","ROMULUS CENTRAL SCHOOL DISTRICT","2021-22",442,69,524465,7600.94202898551,10527763,10003298,22631.8959276018
"560603040000","ROMULUS CSD","2022-23",445,75,510967,6812.89333333333,10892203,10381236,23328.6202247191
"560603040000","ROMULUS CENTRAL SCHOOL DISTRICT","2023-24",438,81,1805507,22290.2098765432,12268999,10463492,23889.2511415525
"560603040000","ROMULUS CSD","2024-25",426,75,2104194,28055.92,12760924,10656730,25015.7981220657
"560701060000","SENECA FALLS CENTRAL SCHOOL DISTRICT","2018-19",1235,140,5938057.34,42414.6952857143,23532056.59,17593999.25,14246.1532388664
"560701060000","SENECA FALLS CENTRAL SCHOOL DISTRICT","2019-20",1198,155,1781441.49,11493.1709032258,20109897.93,18328456.44,15299.2123873122
"560701060000","SENECA FALLS CENTRAL SCHOOL DISTRICT","2020-21",1173,139,5138147.95,36965.0931654676,23251827.28,18113679.33,15442.1818670077
"560701060000","SENECA FALLS CENTRAL SCHOOL DISTRICT","2021-22",1160,118,1890629,16022.2796610169,22216018,20325389,17521.8870689655
"560701060000","SENECA FALLS CSD","2022-23",1201,123,1753269.81,14254.226097561,22111900,20358630.19,16951.3989925062
"560701060000","SENECA FALLS CENTRAL SCHOOL DISTRICT","2023-24",1215,148,1291998.73,8729.72114864865,25985706.15,24693707.42,20324.0390288066
"560701060000","SENECA FALLS CSD","2024-25",1156,151,1659804.43,10992.0823178808,27377355.75,25717551.32,22247.0167128028
"561006060000","WATERLOO CENTRAL SCHOOL DISTRICT","2018-19",1605,229,1756677.41,7671.0803930131,31857645,30100967.59,18754.49694081
"561006060000","WATERLOO CENTRAL SCHOOL DISTRICT","2019-20",1538,219,2889440,13193.7899543379,31743459,28854019,18760.7405721717
"561006060000","WATERLOO CENTRAL SCHOOL DISTRICT","2021-22",1492,188,3274320,17416.5957446808,36068590,32794270,21980.0737265416
"561006060000","WATERLOO CSD","2022-23",1433,175,5346058.99,30548.9085142857,31704729.94,26358670.95,18394.0481158409
"561006060000","WATERLOO CENTRAL SCHOOL DISTRICT","2023-24",1391,187,2287433.12,12232.2626737968,37883672.51,35596239.39,25590.3949604601
"561006060000","WATERLOO CSD","2024-25",1414,191,3000500.48,15709.4265968586,39153577.62,36153077.14,25567.9470579915
"570101040000","ADDISON CENTRAL SCHOOL DISTRICT","2018-19",1095,143,4255042,29755.5384615385,23324626,19069584,17415.1452054795
"570101040000","ADDISON CENTRAL SCHOOL DISTRICT","2019-20",1050,153,2155545,14088.5294117647,25024667,22869122,21780.1161904762
"570101040000","ADDISON CENTRAL SCHOOL DISTRICT","2020-21",1006,121,3183610.75,26310.8326446281,23235109.51,20051498.76,19931.9073161034
"570101040000","ADDISON CENTRAL SCHOOL DISTRICT","2021-22",1036,123,1416529,11516.4959349594,23508464,22091935,21324.2615830116
"570101040000","ADDISON CSD","2022-23",1046,117,1323259.78,11309.9126495727,26410335.72,25087075.94,23983.820210325
"570101040000","ADDISON CENTRAL SCHOOL DISTRICT","2023-24",1042,141,1844748.19,13083.3204964539,31207858.2,29363110.01,28179.5681477927
"570101040000","ADDISON CSD","2024-25",1014,148,1712066.92,11568.0197297297,31091047.5,29378980.58,28973.3536291913
"570201040000","AVOCA CENTRAL SCHOOL DISTRICT","2018-19",455,48,1467552,30574,10231714.97,8764162.97,19261.8966373626
"570201040000","AVOCA CENTRAL SCHOOL DISTRICT","2019-20",421,54,1500004,27777.8518518519,9759771,8259767,19619.3990498812
"570201040000","AVOCA CENTRAL SCHOOL DISTRICT","2020-21",363,54,1409406,26100.1111111111,9351408,7942002,21878.7933884298
"570201040000","AVOCA CENTRAL SCHOOL DISTRICT","2021-22",386,58,1350687,23287.7068965517,9735041,8384354,21721.1243523316
"570201040000","AVOCA CSD","2022-23",378,47,1012902,21551.1063829787,10062972,9050070,23941.9841269841
"570201040000","AVOCA CENTRAL SCHOOL DISTRICT","2023-24",403,49,1413923.98,28855.5914285714,13102143.61,11688219.63,29003.0263771712
"570201040000","AVOCA CSD","2024-25",369,49,2159483.02,44071.0820408163,12597776,10438292.98,28288.0568563686
"570302060000","BATH CENTRAL SCHOOL DISTRICT","2018-19",1499,203,3738811.17,18417.7890147783,18400637,14661825.83,9781.07126751167
"570302060000","BATH CENTRAL SCHOOL DISTRICT","2019-20",1502,201,1930281,9603.38805970149,22150449,20220168,13462.1624500666
"570302060000","BATH CENTRAL SCHOOL DISTRICT","2020-21",1395,183,3074916,16802.8196721311,27736678,24661762,17678.682437276
"570302060000","BATH CENTRAL SCHOOL DISTRICT","2021-22",1398,193,3395755,17594.585492228,30816163,27420408,19614.025751073
"570302060000","BATH CSD","2022-23",1440,204,8625591,42282.3088235294,32728279,24102688,16737.9777777778
"570302060000","BATH CENTRAL SCHOOL DISTRICT","2023-24",1445,224,7923329,35372.0044642857,38653956,30730627,21266.8698961938
"570302060000","BATH CSD","2024-25",1397,219,9483099.34,43301.8234703196,40283110.97,30800011.63,22047.2524194703
"570401040000","BRADFORD CENTRAL SCHOOL DISTRICT","2018-19",258,51,1205313,23633.5882352941,6406955,5201642,20161.4031007752
"570401040000","BRADFORD CENTRAL SCHOOL DISTRICT","2019-20",256,54,1071203,19837.0925925926,6402827.64,5331624.64,20826.65875
"570401040000","BRADFORD CENTRAL SCHOOL DISTRICT","2020-21",229,49,877681,17911.8571428571,6410612.04,5532931.04,24161.2709170306
"570401040000","BRADFORD CENTRAL SCHOOL DISTRICT","2021-22",254,34,784503,23073.6176470588,6670129,5885626,23171.7559055118
"570401040000","BRADFORD CSD","2022-23",261,37,886902,23970.3243243243,7014928.12,6128026.12,23479.0272796935
"570401040000","BRADFORD CENTRAL SCHOOL DISTRICT","2023-24",248,37,961648.63,25990.5035135135,8279100.19,7317451.56,29505.8530645161
"570401040000","BRADFORD CSD","2024-25",250,37,1199159.95,32409.7283783784,8791197.82,7592037.87,30368.15148
"570603040000","CAMPBELL-SAVONA CENTRAL SCHOOL DISTRICT","2018-19",851,134,2988593,22302.9328358209,16872716,13884123,16315.0681551116
"570603040000","CAMPBELL-SAVONA CENTRAL SCHOOL DISTRICT","2019-20",829,136,1236586.4,9092.54705882353,17092590.26,15856003.86,19126.6632810615
"570603040000","CAMPBELL-SAVONA CENTRAL SCHOOL DISTRICT","2020-21",810,131,2196933,16770.4809160305,17458738,15261805,18841.7345679012
"570603040000","CAMPBELL-SAVONA CENTRAL SCHOOL DISTRICT","2021-22",789,124,2152115,17355.7661290323,18830868,16678753,21139.1039290241
"570603040000","CAMPBELL-SAVONA CSD","2022-23",795,126,2421148,19215.4603174603,20169615,17748467,22325.1157232704
"570603040000","CAMPBELL-SAVONA CENTRAL SCHOOL DISTRICT","2023-24",812,142,2940070.03,20704.7185211268,22723862.96,19783792.93,24364.2770073892
"570603040000","CAMPBELL-SAVONA CSD","2024-25",779,146,3307576.13,22654.6310273973,23548567.12,20240990.99,25983.3003722721
"571000010000","CORNING CITY SCHOOL DISTRICT","2018-19",4708,820,15930986,19428.0317073171,91826362,75895376,16120.5131690739
"571000010000","CORNING CITY SCHOOL DISTRICT","2019-20",4551,809,15635094.45,19326.4455500618,89666215.31,74031120.86,16267.0008481652
"571000010000","CORNING CITY SCHOOL DISTRICT","2020-21",4279,764,16209401,21216.4934554974,93083129,76873728,17965.3489132975
"571000010000","CORNING CITY SCHOOL DISTRICT","2021-22",4310,796,15809081,19860.6545226131,95756327,79947246,18549.2450116009
"571000010000","CORNING CITY SD","2022-23",4318,852,16583365,19464.04342723,100270570,83687205,19381.0108846688
"571000010000","CORNING CITY SCHOOL DISTRICT","2023-24",4409,863,18592207.84,21543.6939049826,117667540.73,99075332.89,22471.1573803584
"571000010000","CORNING CITY SD","2024-25",4353,863,19528491.61,22628.6113673233,121573699.14,102045207.53,23442.5011555249
"571502060000","CANISTEO-GREENWOOD CSD","2018-19",1022,138,1885011,13659.5,17197085,15312074,14982.4598825832
"571502060000","CANISTEO-GREENWOOD CSD","2019-20",971,144,4271653,29664.2569444444,22210908,17939255,18475.0308959835
"571502060000","CANISTEO-GREENWOOD CSD","2020-21",966,127,4236979,33362.0393700787,21003061,16766082,17356.1925465839
"571502060000","CANISTEO-GREENWOOD CSD","2021-22",979,130,4056406,31203.1230769231,22000495,17944089,18328.9979570991
"571502060000","CANISTEO-GREENWOOD CSD","2022-23",953,143,3997378,27953.6923076923,23100099,19102721,20044.8279118573
"571502060000","CANISTEO-GREENWOOD CSD","2023-24",976,152,9311810,61261.9078947368,26732971.51,17421161.51,17849.550727459
"571502060000","CANISTEO-GREENWOOD CSD","2024-25",957,142,4642220.37,32691.6927464789,27987369.82,23345149.45,24394.0955590387
"571800010000","HORNELL CITY SCHOOL DISTRICT","2018-19",1613,264,4359744,16514.1818181818,30617302,26257558,16278.7092374458
"571800010000","HORNELL CITY SCHOOL DISTRICT","2019-20",1618,300,3161101.89,10537.0063,29605324.77,26444222.88,16343.7718665019
"571800010000","HORNELL CITY SCHOOL DISTRICT","2020-21",1515,277,4254178.27,15358.0442960289,30968383.38,26714205.11,17633.1386864687
"571800010000","HORNELL CITY SCHOOL DISTRICT","2021-22",1480,275,2841488,10332.6836363636,32232374,29390886,19858.7067567568
"571800010000","HORNELL CITY SD","2022-23",1411,263,3295262.31,12529.514486692,33133301.52,29838039.21,21146.7322537208
"571800010000","HORNELL CITY SCHOOL DISTRICT","2023-24",1441,299,3073554.63,10279.4469230769,36945843.52,33872288.89,23506.0991603053
"571800010000","HORNELL CITY SD","2024-25",1465,312,0,0,36892813.02,36892813.02,25182.8075221843
"571901040000","ARKPORT CENTRAL SCHOOL DISTRICT","2018-19",462,45,1016894,22597.6444444444,8830169.42,7813275.42,16911.8515584416
"571901040000","ARKPORT CENTRAL SCHOOL DISTRICT","2019-20",476,57,1116513.98,19587.9645614035,9284822.24,8168308.26,17160.3114705882
"571901040000","ARKPORT CENTRAL SCHOOL DISTRICT","2020-21",460,49,1295376.89,26436.2630612245,9271795.02,7976418.13,17340.0394130435
"571901040000","ARKPORT CENTRAL SCHOOL DISTRICT","2021-22",480,58,1058721,18253.8103448276,10957519,9898798,20622.4958333333
"571901040000","ARKPORT CSD","2022-23",472,56,0,0,11073028,11073028,23459.8050847458
"571901040000","ARKPORT CENTRAL SCHOOL DISTRICT","2023-24",457,55,2136569.33,38846.7150909091,12059250,9922680.67,21712.6491684902
"571901040000","ARKPORT CSD","2024-25",435,57,1238363.85,21725.6815789474,12376184,11137820.15,25604.1842528736
"572301040000","PRATTSBURGH CENTRAL SCHOOL DISTRICT","2018-19",369,63,405281,6433.03174603175,7231886.68,6826605.68,18500.286395664
"572301040000","PRATTSBURGH CENTRAL SCHOOL DISTRICT","2019-20",388,69,605029,8768.53623188406,7077440,6472411,16681.4716494845
"572301040000","PRATTSBURGH CENTRAL SCHOOL DISTRICT","2020-21",359,49,284432,5804.73469387755,6043265,5758833,16041.3175487465
"572301040000","PRATTSBURGH CENTRAL SCHOOL DISTRICT","2021-22",365,51,729789,14309.5882352941,9053963,8324174,22805.9561643836
"572301040000","PRATTSBURGH CSD","2022-23",364,49,622455,12703.1632653061,5820307,5197852,14279.8131868132
"572301040000","PRATTSBURGH CENTRAL SCHOOL DISTRICT","2023-24",364,46,1864723,40537.4565217391,10670792,8806069,24192.4972527473
"572301040000","PRATTSBURGH CSD","2024-25",351,54,1757438,32545.1481481481,11055212,9297774,26489.3846153846
"572702040000","JASPER-TROUPSBURG CENTRAL SCHOOL DISTRICT","2018-19",441,86,1234064,14349.5813953488,10206236,8972172,20345.0612244898
"572702040000","JASPER-TROUPSBURG CENTRAL SCHOOL DISTRICT","2019-20",401,79,1754535,22209.3037974684,10428942,8674407,21631.9376558604
"572702040000","JASPER-TROUPSBURG CENTRAL SCHOOL DISTRICT","2020-21",362,76,1655327.68,21780.6273684211,11112544.78,9457217.1,26124.9091160221
"572702040000","JASPER-TROUPSBURG CENTRAL SCHOOL DISTRICT","2021-22",375,84,1220196,14526.1428571429,11429899,10209703,27225.8746666667
"572702040000","JASPER-TROUPSBURG CSD","2022-23",370,81,1380532,17043.6049382716,11682522,10301990,27843.2162162162
"572702040000","JASPER-TROUPSBURG CENTRAL SCHOOL DISTRICT","2023-24",383,81,1103978.58,13629.3651851852,12607103,11503124.42,30034.2674151436
"572702040000","JASPER-TROUPSBURG CSD","2024-25",358,81,1235664.18,15255.1133333333,13202925,11967260.82,33428.102849162
"572901040000","HAMMONDSPORT CENTRAL SCHOOL DISTRICT","2018-19",441,44,1441888,32770.1818181818,11536299.3,10094411.3,22889.8215419501
"572901040000","HAMMONDSPORT CENTRAL SCHOOL DISTRICT","2019-20",425,50,1300510,26010.2,11791521.71,10491011.71,24684.7334352941
"572901040000","HAMMONDSPORT CENTRAL SCHOOL DISTRICT","2020-21",388,57,1457923,25577.5964912281,11002436.57,9544513.57,24599.2617783505
"572901040000","HAMMONDSPORT CENTRAL SCHOOL DISTRICT","2021-22",400,59,1348653,22858.5254237288,11884653,10536000,26340
"572901040000","HAMMONDSPORT CSD","2022-23",377,50,1146623,22932.46,12067564.51,10920941.51,28968.0146153846
"572901040000","HAMMONDSPORT CENTRAL SCHOOL DISTRICT","2023-24",403,56,1340664.84,23940.4435714286,13662785.01,12322120.17,30575.9805707196
"572901040000","HAMMONDSPORT CSD","2024-25",392,57,1815516,31851.1578947368,14315620,12500104,31888.0204081633
"573002040000","WAYLAND-COHOCTON CENTRAL SCHOOL DISTRICT","2018-19",1317,161,2829317,17573.397515528,25450956,22621639,17176.6431283219
"573002040000","WAYLAND-COHOCTON CENTRAL SCHOOL DISTRICT","2019-20",1279,171,2878580,16833.8011695906,25439151,22560571,17639.2267396403
"573002040000","WAYLAND-COHOCTON CENTRAL SCHOOL DISTRICT","2020-21",1222,165,3052592,18500.5575757576,24393677,21341085,17464.0630114566
"573002040000","WAYLAND-COHOCTON CENTRAL SCHOOL DISTRICT","2021-22",1287,166,3530864,21270.265060241,26262666,22731802,17662.6278166278
"573002040000","WAYLAND-COHOCTON CSD","2022-23",1309,153,3077766,20116.1176470588,27657757,24579991,18777.6860198625
"573002040000","WAYLAND-COHOCTON CENTRAL SCHOOL DISTRICT","2023-24",1364,192,4215699.96,21956.770625,32856704.59,28641004.63,20997.8039809384
"573002040000","WAYLAND-COHOCTON CSD","2024-25",1295,171,3166408.57,18517.0091812866,33360614.99,30194206.42,23315.9895135135
"580101030000","BABYLON UNION FREE SCHOOL DISTRICT","2018-19",1573,207,8461844,40878.4734299517,45357653,36895809,23455.6954863318
"580101030000","BABYLON UNION FREE SCHOOL DISTRICT","2019-20",1555,216,6244761,28910.9305555556,45153849,38909088,25021.9215434084
"580101030000","BABYLON UNION FREE SCHOOL DISTRICT","2020-21",1525,226,6350372,28098.9911504425,46179946,39829574,26117.753442623
"580101030000","BABYLON UNION FREE SCHOOL DISTRICT","2021-22",1517,247,6221504,25188.2753036437,49073242,42851738,28247.6849044166
"580101030000","BABYLON UFSD","2022-23",1534,274,7058692,25761.6496350365,50492849,43434157,28314.313559322
"580101030000","BABYLON UNION FREE SCHOOL DISTRICT","2023-24",1598,267,9371437,35099.0149812734,53827062,44455625,27819.5400500626
"580101030000","BABYLON UFSD","2024-25",1491,261,9737491,37308.3946360153,56270219,46532728,31209.0731052985
"580102030000","WEST BABYLON UNION FREE SCHOOL DISTRICT","2018-19",3741,700,20431375,29187.6785714286,99061690,78630315,21018.528468324
"580102030000","WEST BABYLON UNION FREE SCHOOL DISTRICT","2019-20",3705,693,14254762.52,20569.6428860029,91470946.83,77216184.31,20841.0753873144
"580102030000","WEST BABYLON UNION FREE SCHOOL DISTRICT","2020-21",3634,681,16574806,24338.9221732746,91985010.69,75410204.69,20751.2946312603
"580102030000","WEST BABYLON UNION FREE SCHOOL DISTRICT","2021-22",3595,718,16081802,22398.0529247911,96594025,80512223,22395.6114047288
"580102030000","WEST BABYLON UFSD","2022-23",3586,737,18094357,24551.3663500678,104644077,86549720,24135.4489682097
"580102030000","WEST BABYLON UNION FREE SCHOOL DISTRICT","2023-24",3741,751,16192933.89,21561.8294141145,116044533.47,99851599.58,26691.1519861
"580102030000","WEST BABYLON UFSD","2024-25",3590,749,16634010.39,22208.2915754339,127785408.42,111151398.03,30961.3922089137
"580103030000","NORTH BABYLON UNION FREE SCHOOL DISTRICT","2018-19",4605,711,27988447,39364.9043600563,101494599.25,73506152.25,15962.2480456026
"580103030000","NORTH BABYLON UNION FREE SCHOOL DISTRICT","2019-20",4539,683,7330356,10732.5856515373,114188930.77,106858574.77,23542.3165388852
"580103030000","NORTH BABYLON UNION FREE SCHOOL DISTRICT","2020-21",4488,663,10673518,16098.8205128205,122657166,111983648,24951.7932263815
"580103030000","NORTH BABYLON UNION FREE SCHOOL DISTRICT","2021-22",4541,676,10886989,16105.0133136095,115574635,104687646,23053.8749174191
"580103030000","NORTH BABYLON UFSD","2022-23",4572,707,0,0,113719327,113719327,24872.9936570429
"580103030000","NORTH BABYLON UNION FREE SCHOOL DISTRICT","2023-24",4573,775,27632294,35654.5729032258,135798760,108166466,23653.2836212552
"580103030000","NORTH BABYLON UFSD","2024-25",4601,778,13880014.57,17840.6356940874,123667859.95,109787845.38,23861.735574875
"580104030000","LINDENHURST UNION FREE SCHOOL DISTRICT","2018-19",5681,921,13079756.2,14201.6896851249,133165144.7,120085388.5,21138.0722584052
"580104030000","LINDENHURST UNION FREE SCHOOL DISTRICT","2019-20",5674,884,12671018.97,14333.7318665158,134111202.54,121440183.57,21402.9227299965
"580104030000","LINDENHURST UNION FREE SCHOOL DISTRICT","2020-21",5560,809,12461956.1,15404.1484548826,138950916.5,126488960.4,22749.8130215827
"580104030000","LINDENHURST UNION FREE SCHOOL DISTRICT","2021-22",5500,837,13606085,16255.7765830346,144322597,130716512,23766.6385454545
"580104030000","LINDENHURST UFSD","2022-23",5566,877,17036314,19425.6716077537,148353927,131317613,23592.8158462091
"580104030000","LINDENHURST UNION FREE SCHOOL DISTRICT","2023-24",5787,922,24787752.04,26884.7636008677,119154524.62,94366772.58,16306.6826645931
"580104030000","LINDENHURST UFSD","2024-25",5560,966,27466241.31,28432.9620186335,124050702.39,96584461.08,17371.3059496403
"580105030000","COPIAGUE UNION FREE SCHOOL DISTRICT","2018-19",5110,706,7723183.24,10939.3530311615,93597075.19,85873891.95,16805.0669178082
"580105030000","COPIAGUE UNION FREE SCHOOL DISTRICT","2019-20",4965,694,26498943.41,38182.9155763689,93633083.97,67134140.56,13521.4784612286
"580105030000","COPIAGUE UNION FREE SCHOOL DISTRICT","2020-21",4772,715,26425481.95,36958.716013986,88726627.19,62301145.24,13055.5627074602
"580105030000","COPIAGUE UNION FREE SCHOOL DISTRICT","2021-22",4702,731,8825122,12072.6703146375,102988037,94162915,20026.1410038282
"580105030000","COPIAGUE UFSD","2022-23",4638,737,10984310.48,14904.0847761194,112098077.46,101113766.98,21801.1571755067
"580105030000","COPIAGUE UNION FREE SCHOOL DISTRICT","2023-24",4783,744,12710156.36,17083.5434946237,157491664.06,144781507.7,30270.0204265106
"580105030000","COPIAGUE UFSD","2024-25",4580,780,13924788.49,17852.2929358974,139111127.35,125186338.86,27333.2617598253
"580106030000","AMITYVILLE UNION FREE SCHOOL DISTRICT","2018-19",3052,410,12568477.47,30654.823097561,73003097.1,60434619.63,19801.6447018349
"580106030000","AMITYVILLE UNION FREE SCHOOL DISTRICT","2019-20",3111,437,12536456.76,28687.5440732265,72970096.14,60433639.38,19425.7921504339
"580106030000","AMITYVILLE UNION FREE SCHOOL DISTRICT","2020-21",2983,429,15284519.62,35628.2508624709,80418523.38,65134003.76,21835.0666309085
"580106030000","AMITYVILLE UNION FREE SCHOOL DISTRICT","2021-22",2975,424,10874840,25648.2075471698,81493562,70618722,23737.3855462185
"580106030000","AMITYVILLE UFSD","2022-23",2869,425,11020936.42,25931.6151058824,88684728.76,77663792.34,27069.9868734751
"580106030000","AMITYVILLE UNION FREE SCHOOL DISTRICT","2023-24",2832,477,0,0,100970827.53,100970827.53,35653.5407944915
"580106030000","AMITYVILLE UFSD","2024-25",2801,516,10663211.59,20665.1387403101,94270659.15,83607447.56,29849.1422920386
"580107030000","DEER PARK UNION FREE SCHOOL DISTRICT","2018-19",4133,682,23529120.33,34500.1764369501,97256851.91,73727731.58,17838.793026857
"580107030000","DEER PARK UNION FREE SCHOOL DISTRICT","2019-20",4012,630,13950049.87,22142.9363015873,96501488.4,82551438.53,20576.1312387836
"580107030000","DEER PARK UNION FREE SCHOOL DISTRICT","2020-21",3848,583,14529736.58,24922.3612006861,97532987.12,83003250.54,21570.4913045738
"580107030000","DEER PARK UNION FREE SCHOOL DISTRICT","2021-22",3921,590,11643667,19735.0288135593,104468658,92824991,23673.805406784
"580107030000","DEER PARK UFSD","2022-23",3995,610,11731502.04,19231.970557377,110406769.84,98675267.8,24699.6915644556
"580107030000","DEER PARK UNION FREE SCHOOL DISTRICT","2023-24",4005,657,13766575.46,20953.6917199391,123948027.21,110181451.75,27510.9742197253
"580107030000","DEER PARK UFSD","2024-25",4054,699,12769620.65,18268.4129470672,129604562.57,116834941.92,28819.6699358658
"580109020000","WYANDANCH UNION FREE SCHOOL DISTRICT","2018-19",2786,462,14339502.43,31037.884047619,50928147.71,36588645.28,13133.0385068198
"580109020000","WYANDANCH UNION FREE SCHOOL DISTRICT","2019-20",2807,480,14309038,29810.4958333333,60224049.7,45915011.7,16357.3251514072
"580109020000","WYANDANCH UNION FREE SCHOOL DISTRICT","2020-21",2712,427,8199100.01,19201.6393676815,52777154.53,44578054.52,16437.3357374631
"580109020000","WYANDANCH UNION FREE SCHOOL DISTRICT","2021-22",2709,441,1763181,3998.14285714286,60773887,59010706,21783.2063492063
"580109020000","WYANDANCH UNION FREE SCHOOL DISTRICT","2023-24",2677,482,21291548.79,44173.3377385892,95571342.96,74279794.17,27747.4016324243
"580109020000","WYANDANCH UFSD","2024-25",2466,469,22797615,48608.987206823,101351157,78553542,31854.6399026764
"580201060000","THREE VILLAGE CENTRAL SCHOOL DISTRICT","2018-19",5878,879,29006371.14,32999.2845733788,176118541.33,147112170.19,25027.5893484178
"580201060000","THREE VILLAGE CENTRAL SCHOOL DISTRICT","2019-20",5809,820,27841300,33952.8048780488,183887542,156046242,26862.8407643312
"580201060000","THREE VILLAGE CENTRAL SCHOOL DISTRICT","2020-21",5602,787,32724743.82,41581.6312833545,187183026.65,154458282.83,27571.9890806855
"580201060000","THREE VILLAGE CENTRAL SCHOOL DISTRICT","2021-22",5775,780,34368117,44061.6884615385,189822969,155454852,26918.5890909091
"580201060000","THREE VILLAGE CSD","2022-23",5692,771,34872759.24,45230.5567315175,194165949.68,159293190.44,27985.451588194
"580201060000","THREE VILLAGE CENTRAL SCHOOL DISTRICT","2023-24",5667,825,36243544.88,43931.5695515152,216896908.92,180653364.04,31878.1302346921
"580201060000","THREE VILLAGE CSD","2024-25",5630,833,37295591.9,44772.6193277311,218855080.81,181559488.91,32248.577071048
"580203020000","BROOKHAVEN-COMSEWOGUE UNION FREE SCHOOL DISTRICT","2018-19",3816,591,14526699,24579.8629441624,74245304,59718605,15649.5296121593
"580203020000","BROOKHAVEN-COMSEWOGUE UNION FREE SCHOOL DISTRICT","2019-20",3683,603,15962869,26472.4195688226,81233756,65270887,17722.2066250339
"580203020000","BROOKHAVEN-COMSEWOGUE UNION FREE SCHOOL DISTRICT","2020-21",3532,633,17440191,27551.644549763,82668223,65228032,18467.7327293318
"580203020000","BROOKHAVEN-COMSEWOGUE UNION FREE SCHOOL DISTRICT","2021-22",3484,689,19346714,28079.4107402032,88553564,69206850,19864.1934557979
"580203020000","BROOKHAVEN-COMSEWOGUE UFSD","2022-23",3527,727,20926659,28784.9504814305,92837667.5,71911008.5,20388.7180323221
"580203020000","BROOKHAVEN-COMSEWOGUE UNION FREE SCHOOL DISTRICT","2023-24",3579,732,22280733.18,30438.1600819672,106380235.04,84099501.86,23498.0446661079
"580203020000","BROOKHAVEN-COMSEWOGUE UFSD","2024-25",3448,748,23511245.48,31432.1463636364,109116842.09,85605596.61,24827.6092256381
"580205060000","SACHEM CENTRAL SCHOOL DISTRICT","2018-19",12894,2252,45641639,20267.1576376554,238475249,192833610,14955.2978129362
"580205060000","SACHEM CENTRAL SCHOOL DISTRICT","2019-20",12351,2231,49644512,22252.134468848,257660333,208015821,16842.022589264
"580205060000","SACHEM CENTRAL SCHOOL DISTRICT","2020-21",11987,2374,52320991,22039.1705981466,267864629,215543638,17981.4497372153
"580205060000","SACHEM CENTRAL SCHOOL DISTRICT","2021-22",11902,2431,53465204,21993.0909090909,275932916,222467712,18691.6242648294
"580205060000","SACHEM CSD","2022-23",11727,2391,57683879,24125.4199079883,301051249,243367370,20752.7389784259
"580205060000","SACHEM CENTRAL SCHOOL DISTRICT","2023-24",11948,2416,67593552.13,27977.4636299669,352117147.58,284523595.45,23813.4914169735
"580205060000","SACHEM CSD","2024-25",11553,2425,72935907.92,30076.6630597938,349489126.22,276553218.3,23937.7839781875
"580206020000","PORT JEFFERSON UNION FREE SCHOOL DISTRICT","2018-19",1099,184,5228497,28415.7445652174,38115840,32887343,29924.7888989991
"580206020000","PORT JEFFERSON UNION FREE SCHOOL DISTRICT","2019-20",1048,187,5652552.01,30227.550855615,37338995.31,31686443.3,30235.1558206107
"580206020000","PORT JEFFERSON UNION FREE SCHOOL DISTRICT","2020-21",962,183,4946375,27029.3715846995,38302456.37,33356081.37,34673.6812577963
"580206020000","PORT JEFFERSON UNION FREE SCHOOL DISTRICT","2021-22",935,184,5574686,30297.2065217391,38006346,32431660,34686.2673796791
"580206020000","PORT JEFFERSON UFSD","2022-23",908,188,4591660,24423.7234042553,39442040.5,34850380.5,38381.4763215859
"580206020000","PORT JEFFERSON UNION FREE SCHOOL DISTRICT","2023-24",896,199,6456750,32445.9798994975,45494097,39037347,43568.4676339286
"580206020000","PORT JEFFERSON UFSD","2024-25",906,212,8078777,38107.4386792453,63687182,55608405,61377.9304635762
"580207020000","MOUNT SINAI UNION FREE SCHOOL DISTRICT","2018-19",2240,301,4774467,15862.0166112957,48735096,43960629,19625.2808035714
"580207020000","MOUNT SINAI UNION FREE SCHOOL DISTRICT","2019-20",2176,303,0,0,48571827,48571827,22321.6116727941
"580207020000","MOUNT SINAI UNION FREE SCHOOL DISTRICT","2020-21",2089,310,4966412,16020.6838709677,51310621,46344209,22184.8774533269
"580207020000","MOUNT SINAI UNION FREE SCHOOL DISTRICT","2021-22",2111,325,5292646,16285.0646153846,52930691,47638045,22566.5774514448
"580207020000","MT SINAI UFSD","2022-23",2046,306,5602511,18308.8594771242,53310637,47708126,23317.7546432063
"580207020000","MOUNT SINAI UNION FREE SCHOOL DISTRICT","2023-24",2090,328,7382312,22507.0487804878,59840664,52458352,25099.6899521531
"580207020000","MT SINAI UFSD","2024-25",1984,324,7928002.2,24469.1425925926,62424482.16,54496479.96,27467.9838508064
"580208020000","MILLER PLACE UNION FREE SCHOOL DISTRICT","2018-19",2521,397,11691696,29450.1158690176,61354722,49663026,19699.7326457755
"580208020000","MILLER PLACE UNION FREE SCHOOL DISTRICT","2019-20",2490,387,11519158,29765.2661498708,60651744,49132586,19731.962248996
"580208020000","MILLER PLACE UNION FREE SCHOOL DISTRICT","2020-21",2382,394,11549189,29312.6624365482,65057553.95,53508364.95,22463.6292821159
"580208020000","MILLER PLACE UNION FREE SCHOOL DISTRICT","2021-22",2363,397,11434487,28802.234256927,64830398,53395911,22596.6614473127
"580208020000","MILLER PLACE UFSD","2022-23",2295,394,11469909,29111.4441624365,66581928,55112019,24013.9516339869
"580208020000","MILLER PLACE UNION FREE SCHOOL DISTRICT","2023-24",2348,393,12718371.95,32362.2695928753,73221941.79,60503569.84,25768.1302555366
"580208020000","MILLER PLACE UFSD","2024-25",2196,414,13595081.56,32838.3612560386,73911003.42,60315921.86,27466.2667850638
"580209020000","ROCKY POINT UNION FREE SCHOOL DISTRICT","2018-19",3022,531,15060885,28363.2485875706,74657819,59596934,19721.0238252813
"580209020000","ROCKY POINT UNION FREE SCHOOL DISTRICT","2019-20",2905,528,11835553,22415.8200757576,72598868.37,60763315.37,20916.8039139415
"580209020000","ROCKY POINT UNION FREE SCHOOL DISTRICT","2020-21",2792,522,11178946,21415.6053639847,70979264,59800318,21418.4520057307
"580209020000","ROCKY POINT UNION FREE SCHOOL DISTRICT","2021-22",2731,528,11923486,22582.3598484848,75970132,64046646,23451.7195166606
"580209020000","ROCKY POINT UFSD","2022-23",2671,537,13884812,25856.260707635,81048136,67163324,25145.3852489704
"580209020000","ROCKY POINT UNION FREE SCHOOL DISTRICT","2023-24",2736,525,20466313.9,38983.455047619,93336416.14,72870102.24,26633.8092982456
"580209020000","ROCKY POINT UFSD","2024-25",2580,519,21573411.25,41567.2663776493,95124425.12,73551013.87,28508.1449108527
"580211060000","MIDDLE COUNTRY CENTRAL SCHOOL DISTRICT","2018-19",9557,1453,29953474,20614.9167240193,202429615,172476141,18047.1006592027
"580211060000","MIDDLE COUNTRY CENTRAL SCHOOL DISTRICT","2019-20",9513,1502,31189121,20765.0605858855,214240178,183051057,19242.2008830022
"580211060000","MIDDLE COUNTRY CENTRAL SCHOOL DISTRICT","2020-21",9195,1415,24019330,16974.7915194346,216180504,192161174,20898.4419793366
"580211060000","MIDDLE COUNTRY CENTRAL SCHOOL DISTRICT","2021-22",9344,1462,34385912,23519.7756497948,218957271,184571359,19752.9279751712
"580211060000","MIDDLE COUNTRY CSD","2022-23",9406,1467,9860292,6721.39877300614,236986509,227126217,24146.9505634701
"580211060000","MIDDLE COUNTRY CENTRAL SCHOOL DISTRICT","2023-24",9394,1545,55631960.03,36007.7411197411,269599761.41,213967801.38,22777.0706174154
"580211060000","MIDDLE COUNTRY CSD","2024-25",9413,1611,59655733.71,37030.2505959032,271049890.09,211394156.38,22457.6815446723
"580212060000","LONGWOOD CENTRAL SCHOOL DISTRICT","2018-19",9383,1534,43300690,28227.3076923077,197175665,153874975,16399.3365661302
"580212060000","LONGWOOD CENTRAL SCHOOL DISTRICT","2019-20",9042,1489,46072282,30941.7609133647,198890051,152817769,16900.8813315638
"580212060000","LONGWOOD CENTRAL SCHOOL DISTRICT","2020-21",8851,1477,42566716,28819.7129316181,205631410.4,163064694.4,18423.3074680827
"580212060000","LONGWOOD CENTRAL SCHOOL DISTRICT","2021-22",8825,1578,42492656,26928.1723700887,215948451,173455795,19655.047592068
"580212060000","LONGWOOD CSD","2022-23",8729,1647,45162212.99,27420.8943472981,227052937.5,181890724.51,20837.521423989
"580212060000","LONGWOOD CENTRAL SCHOOL DISTRICT","2023-24",9125,1740,62200523.66,35747.4273908046,285549147.47,223348623.81,24476.5615134247
"580212060000","LONGWOOD CSD","2024-25",8790,1838,66727434.07,36304.37109358,301823075.68,235095641.61,26745.80678157
"580224030000","PATCHOGUE-MEDFORD UNION FREE SCHOOL DISTRICT","2018-19",7620,1073,32058081,29877.055917987,164325461,132267380,17357.9238845144
"580224030000","PATCHOGUE-MEDFORD UNION FREE SCHOOL DISTRICT","2019-20",7349,1158,33302508,28758.6424870466,166734479,133431971,18156.4799292421
"580224030000","PATCHOGUE-MEDFORD UNION FREE SCHOOL DISTRICT","2020-21",7148,1157,32624725,28197.6879861711,170523139,137898414,19291.8878007834
"580224030000","PATCHOGUE-MEDFORD UNION FREE SCHOOL DISTRICT","2021-22",7280,1188,32456381,27320.186026936,180157400,147701019,20288.601510989
"580224030000","PATCHOGUE-MEDFORD UFSD","2022-23",7348,1193,34085222,28571.0159262364,192032426,157947204,21495.2645617855
"580224030000","PATCHOGUE-MEDFORD UNION FREE SCHOOL DISTRICT","2023-24",7643,1217,28482467.92,23403.8355957272,208096502.4,179614034.48,23500.4624466832
"580224030000","PATCHOGUE-MEDFORD UFSD","2024-25",7597,1201,30704979.78,25566.1780016653,214538245.2,183833265.42,24198.1394524154
"580232030000","WILLIAM FLOYD UNION FREE SCHOOL DISTRICT","2018-19",9109,1330,32256682,24253.1443609023,177672621,145415939,15963.9849599297
"580232030000","WILLIAM FLOYD UNION FREE SCHOOL DISTRICT","2019-20",8837,1340,34747496,25930.9671641791,178515502,143768006,16268.8702048206
"580232030000","WILLIAM FLOYD UNION FREE SCHOOL DISTRICT","2020-21",8803,1379,35365226,25645.5591007977,180532384,145167158,16490.6461433602
"580232030000","WILLIAM FLOYD UNION FREE SCHOOL DISTRICT","2021-22",8847,1391,37000655,26600.0395398994,194644763,157644108,17818.9338758901
"580232030000","WILLIAM FLOYD UFSD","2022-23",9008,1379,39723064,28805.7026831037,219586098,179863034,19967.0330817052
"580232030000","WILLIAM FLOYD UNION FREE SCHOOL DISTRICT","2023-24",9531,1437,39715708,27637.931802366,255288712,215573004,22618.0887629839
"580232030000","WILLIAM FLOYD UFSD","2024-25",9382,1510,42463999,28121.8536423841,269538528,227074529,24203.2113621829
"580233020000","CENTER MORICHES UNION FREE SCHOOL DISTRICT","2018-19",1598,296,18252033.93,61662.2767905405,38104554.58,19852520.65,12423.3545994994
"580233020000","CENTER MORICHES UNION FREE SCHOOL DISTRICT","2019-20",1513,302,6526287.01,21610.2218874172,37209758.76,30683471.75,20279.8887970919
"580233020000","CENTER MORICHES UNION FREE SCHOOL DISTRICT","2020-21",1501,309,6690818.54,21653.134433657,37368443,30677624.46,20438.1242238508
"580233020000","CENTER MORICHES UNION FREE SCHOOL DISTRICT","2021-22",1500,334,5698586,17061.6347305389,39777650,34079064,22719.376
"580233020000","CENTER MORICHES UFSD","2022-23",1478,328,5923679.7,18059.9990853659,41757457.94,35833778.24,24244.7755345061
"580233020000","CENTER MORICHES UNION FREE SCHOOL DISTRICT","2023-24",1513,323,5077106.6,15718.5962848297,47642901.83,42565795.23,28133.3742432254
"580233020000","CENTER MORICHES UFSD","2024-25",1394,286,5394303.49,18861.201013986,48852242.08,43457938.59,31174.9918149211
"580234020000","EAST MORICHES UNION FREE SCHOOL DISTRICT","2018-19",737,100,3120204,31202.04,333435,-2786769,-3781.23337856174
"580234020000","EAST MORICHES UNION FREE SCHOOL DISTRICT","2019-20",684,80,2654072,33175.9,14345510,11691438,17092.7456140351
"580234020000","EAST MORICHES UNION FREE SCHOOL DISTRICT","2020-21",683,83,3046273,36702.0843373494,15093064,12046791,17638.0541727672
"580234020000","EAST MORICHES UNION FREE SCHOOL DISTRICT","2021-22",672,84,3308254,39383.9761904762,16234315,12926061,19235.2098214286
"580234020000","EAST MORICHES UFSD","2022-23",646,97,3740207,38558.8350515464,17644098.41,13903891.41,21523.0517182663
"580234020000","EAST MORICHES UNION FREE SCHOOL DISTRICT","2023-24",670,95,5138306.48,54087.436631579,21873993.42,16735686.94,24978.6372238806
"580234020000","EAST MORICHES UFSD","2024-25",628,102,5139129.67,50383.6242156863,20583649.22,15444519.55,24593.1839968153
"580235060000","SOUTH COUNTRY CENTRAL SCHOOL DISTRICT","2018-19",4199,616,16022355.87,26010.3179707792,109259969.93,93237614.06,22204.7187568469
"580235060000","SOUTH COUNTRY CENTRAL SCHOOL DISTRICT","2019-20",4153,610,33621747.45,55117.6187704918,111013679.8,77391932.35,18635.1871779437
"580235060000","SOUTH COUNTRY CENTRAL SCHOOL DISTRICT","2020-21",4075,618,18299557.36,29610.9342394822,111804978.12,93505420.76,22946.1155239264
"580235060000","SOUTH COUNTRY CENTRAL SCHOOL DISTRICT","2021-22",4002,613,12216508,19929.0505709625,109134295,96917787,24217.3380809595
"580235060000","SOUTH COUNTRY CSD","2022-23",3887,618,12220707.9,19774.6082524272,111109584.7,98888876.8,25440.9253408799
"580235060000","SOUTH COUNTRY CENTRAL SCHOOL DISTRICT","2023-24",3961,627,12415012.15,19800.6573365231,131210434.78,118795422.63,29991.2705453168
"580235060000","SOUTH COUNTRY CSD","2024-25",3798,622,7967171.36,12808.957170418,137311607.66,129344436.3,34055.933728278
"580301020000","EAST HAMPTON UNION FREE SCHOOL DISTRICT","2018-19",1828,193,7313521,37893.8911917098,59478033,52164512,28536.3851203501
"580301020000","EAST HAMPTON UNION FREE SCHOOL DISTRICT","2019-20",1780,201,7093404,35290.5671641791,58076305,50982901,28642.0792134831
"580301020000","EAST HAMPTON UNION FREE SCHOOL DISTRICT","2020-21",1832,220,5815739,26435.1772727273,58810887,52995148,28927.4825327511
"580301020000","EAST HAMPTON UNION FREE SCHOOL DISTRICT","2021-22",1840,226,7208958,31898.0442477876,62675370,55466412,30144.7891304348
"580301020000","EAST HAMPTON UFSD","2022-23",1828,221,7660165,34661.3800904977,65249672,57589507,31504.1066739606
"580301020000","EAST HAMPTON UNION FREE SCHOOL DISTRICT","2023-24",1823,239,10745375.45,44959.729916318,74590703.9,63845328.45,35022.122024136
"580301020000","EAST HAMPTON UFSD","2024-25",1753,238,10827245.37,45492.627605042,75258605.17,64431359.8,36754.9114660582
"580302080000","WAINSCOTT COMMON SCHOOL DISTRICT","2019-20",29,0,103344,,815010,711666,24540.2068965517
"580302080000","WAINSCOTT COMMON SCHOOL DISTRICT","2020-21",26,2,82333,41166.5,948769,866436,33324.4615384615
"580302080000","WAINSCOTT COMN SD","2022-23",27,2,1390122,695061,4852712,3462590,128244.074074074
"580302080000","WAINSCOTT COMN SD","2024-25",20,0,1190985,,4249649,3058664,152933.2
"580303020000","AMAGANSETT UNION FREE SCHOOL DISTRICT","2018-19",86,0,2587426,,7315806,4728380,54981.1627906977
"580303020000","AMAGANSETT UNION FREE SCHOOL DISTRICT","2019-20",79,11,1073973,97633.9090909091,7709120,6635147,83989.2025316456
"580303020000","AMAGANSETT UNION FREE SCHOOL DISTRICT","2020-21",134,9,941154,104572.666666667,7768696,6827542,50951.8059701493
"580303020000","AMAGANSETT UNION FREE SCHOOL DISTRICT","2021-22",130,17,1275907,75053.3529411765,8135140,6859233,52763.3307692308
"580303020000","AMAGANSETT UFSD","2022-23",125,19,1621533,85343.8421052632,9185753,7564220,60513.76
"580303020000","AMAGANSETT UNION FREE SCHOOL DISTRICT","2023-24",124,24,1970176,82090.6666666667,9696393,7726217,62308.2016129032
"580303020000","AMAGANSETT UFSD","2024-25",111,28,1844370,65870.3571428571,9830475,7986105,71946.8918918919
"580304020000","SPRINGS UNION FREE SCHOOL DISTRICT","2018-19",724,91,4819850,52965.3846153846,19060512,14240662,19669.4226519337
"580304020000","SPRINGS UNION FREE SCHOOL DISTRICT","2019-20",727,90,2551059.97,28345.1107777778,18218357.9,15667297.93,21550.6161348005
"580304020000","SPRINGS UNION FREE SCHOOL DISTRICT","2020-21",641,82,2354054.4,28707.9804878049,18570738.97,16216684.57,25299.0398907956
"580304020000","SPRINGS UNION FREE SCHOOL DISTRICT","2021-22",694,83,4421230,53267.8313253012,19485780,15064550,21706.8443804035
"580304020000","SPRINGS UFSD","2022-23",693,83,5221036.54,62904.0546987952,20270711.98,15049675.44,21716.7033766234
"580304020000","SPRINGS UNION FREE SCHOOL DISTRICT","2023-24",691,77,3341366.83,43394.3744155844,21478803.7,18137436.87,26248.0996671491
"580304020000","SPRINGS UFSD","2024-25",690,89,3269286.47,36733.5558426966,23060003.21,19790716.74,28682.198173913
"580305020000","SAG HARBOR UNION FREE SCHOOL DISTRICT","2018-19",953,105,3678592,35034.2095238095,39095706,35417114,37163.8132214061
"580305020000","SAG HARBOR UNION FREE SCHOOL DISTRICT","2019-20",951,110,4746413,43149.2090909091,36320659,31574246,33201.0998948475
"580305020000","SAG HARBOR UNION FREE SCHOOL DISTRICT","2020-21",964,113,3434648,30395.1150442478,36560034,33125386,34362.4336099585
"580305020000","SAG HARBOR UNION FREE SCHOOL DISTRICT","2021-22",965,109,4240438,38903.1009174312,37488380,33247942,34453.8259067358
"580305020000","SAG HARBOR UFSD","2022-23",955,115,3483901.31,30294.794,40293609.86,36809708.55,38544.197434555
"580305020000","SAG HARBOR UNION FREE SCHOOL DISTRICT","2023-24",940,129,6771019.51,52488.5233333333,44776582.99,38005563.48,40431.4505106383
"580305020000","SAG HARBOR UFSD","2024-25",933,138,7260640.87,52613.3396376812,46994435,39733794.13,42587.1319721329
"580306020000","MONTAUK UNION FREE SCHOOL DISTRICT","2018-19",314,53,1855409,35007.7169811321,290380.6,-1565028.4,-4984.16687898089
"580306020000","MONTAUK UNION FREE SCHOOL DISTRICT","2019-20",310,57,1278634.76,22432.1887719298,13927010.61,12648375.85,40801.2124193548
"580306020000","MONTAUK UNION FREE SCHOOL DISTRICT","2020-21",334,56,3051528,54491.5714285714,20821402,17769874,53203.2155688623
"580306020000","MONTAUK UFSD","2022-23",303,45,1790030,39778.4444444444,19075518,17285488,57047.8151815182
"580306020000","MONTAUK UNION FREE SCHOOL DISTRICT","2023-24",297,44,2298609,52241.1136363636,15357556,13058947,43969.5185185185
"580306020000","MONTAUK UFSD","2024-25",298,44,2281952,51862.5454545455,16206578,13924626,46726.932885906
"580401020000","ELWOOD UNION FREE SCHOOL DISTRICT","2018-19",2077,240,4719339,19663.9125,50785627,46066288,22179.243139143
"580401020000","ELWOOD UNION FREE SCHOOL DISTRICT","2019-20",2049,245,6022904.35,24583.2830612245,51531358.54,45508454.19,22210.0801317716
"580401020000","ELWOOD UNION FREE SCHOOL DISTRICT","2020-21",1991,247,5173110,20943.7651821862,51468981,46295871,23252.5720743345
"580401020000","ELWOOD UNION FREE SCHOOL DISTRICT","2021-22",1974,261,6012205,23035.2681992337,55344156,49331951,24990.8566362715
"580401020000","ELWOOD UFSD","2022-23",1979,253,6607314,26115.8656126482,58229598,51622284,26085.034866094
"580401020000","ELWOOD UNION FREE SCHOOL DISTRICT","2023-24",2027,279,8395312.92,30090.727311828,67639575.02,59244262.1,29227.5590034534
"580401020000","ELWOOD UFSD","2024-25",1933,264,9363472.96,35467.7006060606,70764040.45,61400567.49,31764.3908380755
"580402060000","COLD SPRING HARBOR CENTRAL SCHOOL DISTRICT","2018-19",1717,201,4575016.46,22761.275920398,55441413.51,50866397.05,29625.1584449621
"580402060000","COLD SPRING HARBOR CENTRAL SCHOOL DISTRICT","2019-20",1635,209,4315601.19,20648.8095215311,54425030.33,50109429.14,30647.9688929664
"580402060000","COLD SPRING HARBOR CENTRAL SCHOOL DISTRICT","2020-21",1585,209,4443443.48,21260.4951196172,56289863.07,51846419.59,32710.6748201893
"580402060000","COLD SPRING HARBOR CENTRAL SCHOOL DISTRICT","2021-22",1626,216,4765935,22064.5138888889,58961081,54195146,33330.3480934809
"580402060000","COLD SPRING HARBOR CSD","2022-23",1568,210,4995075.33,23786.073,61371527.94,56376452.61,35954.3702869898
"580402060000","COLD SPRING HARBOR CENTRAL SCHOOL DISTRICT","2023-24",1561,208,5826744,28013.1923076923,82401529.94,76574785.94,49054.9557591288
"580402060000","COLD SPRING HARBOR CSD","2024-25",1528,201,4543028,22602.1293532338,69826034.89,65283006.89,42724.4809489529
"580403030000","HUNTINGTON UNION FREE SCHOOL DISTRICT","2018-19",4544,637,20339610.2,31930.3142857143,107184313.99,86844703.79,19111.9506580106
"580403030000","HUNTINGTON UNION FREE SCHOOL DISTRICT","2019-20",4459,607,19855291.17,32710.5291103789,106099762.02,86244470.85,19341.6619982059
"580403030000","HUNTINGTON UNION FREE SCHOOL DISTRICT","2020-21",4236,622,18838692.74,30287.2873633441,110873391.99,92034699.25,21726.7939683664
"580403030000","HUNTINGTON UNION FREE SCHOOL DISTRICT","2021-22",4063,605,18603574,30749.7090909091,116299503,97695929,24045.2692591681
"580403030000","HUNTINGTON UFSD","2022-23",4067,616,18751977,30441.5211038961,125073663,106321686,26142.5340545857
"580403030000","HUNTINGTON UNION FREE SCHOOL DISTRICT","2023-24",4221,651,22955975.95,35262.6358678955,136725347,113769371.05,26953.1795901445
"580403030000","HUNTINGTON UFSD","2024-25",3995,656,29015183.46,44230.4625914634,152675488.31,123660304.85,30953.7684230288
"580404030000","NORTHPORT-EAST NORTHPORT UNION FREE SCHOOL DISTRICT","2018-19",5228,835,19383481.88,23213.750754491,147847308.64,128463826.76,24572.2698469778
"580404030000","NORTHPORT-EAST NORTHPORT UNION FREE SCHOOL DISTRICT","2019-20",5053,822,19643055,23896.6605839416,142925593.21,123282538.21,24397.8900079161
"580404030000","NORTHPORT-EAST NORTHPORT UNION FREE SCHOOL DISTRICT","2020-21",4792,845,19504508.51,23082.258591716,145298665.62,125794157.11,26250.8675104341
"580404030000","NORTHPORT-EAST NORTHPORT UFSD","2022-23",4528,887,16394979.49,18483.6296392334,151520179.43,135125199.94,29842.1377959364
"580404030000","NORTHPORT-EAST NORTHPORT UNION FREE SCHOOL DISTRICT","2023-24",4570,880,0,0,158966023.05,158966023.05,34784.6877571116
"580404030000","NORTHPORT-EAST NORTHPORT UFSD","2024-25",4293,858,0,0,167683555.98,167683555.98,39059.7614675052
"580405060000","HALF HOLLOW HILLS CENTRAL SCHOOL DISTRICT","2018-19",8016,1583,24052570,15194.2956411876,213707171,189654601,23659.5061127745
"580405060000","HALF HOLLOW HILLS CENTRAL SCHOOL DISTRICT","2019-20",7676,1492,24932879,16711.0449061662,213331184,188398305,24543.812532569
"580405060000","HALF HOLLOW HILLS CENTRAL SCHOOL DISTRICT","2020-21",7520,1531,25356949,16562.3442194644,221391804,196034855,26068.4647606383
"580405060000","HALF HOLLOW HILLS CENTRAL SCHOOL DISTRICT","2021-22",7302,1538,27591459,17939.8302990897,232325290,204733831,28038.0486168173
"580405060000","HALF HOLLOW HILLS CSD","2022-23",7221,1613,29441701,18252.7594544327,234402124,204960423,28383.9389281263
"580405060000","HALF HOLLOW HILLS CENTRAL SCHOOL DISTRICT","2023-24",7470,1631,98580551,60441.7847946045,261556318,162975767,21817.3717536814
"580405060000","HALF HOLLOW HILLS CSD","2024-25",7202,1645,102734555,62452.6170212766,271712723,168978168,23462.672590947
"580406060000","HARBORFIELDS CENTRAL SCHOOL DISTRICT","2018-19",3086,481,13957411,29017.4864864865,71199635,57242224,18549.0032404407
"580406060000","HARBORFIELDS CENTRAL SCHOOL DISTRICT","2019-20",2965,463,13830015,29870.4427645788,72641740,58811725,19835.3204047218
"580406060000","HARBORFIELDS CENTRAL SCHOOL DISTRICT","2020-21",2873,470,12081920,25706.2127659574,70995256,58913336,20505.860076575
"580406060000","HARBORFIELDS CENTRAL SCHOOL DISTRICT","2021-22",2780,479,11525880,24062.3799582463,72773058,61247178,22031.3589928058
"580406060000","HARBORFIELDS CSD","2022-23",2763,461,12034541,26105.295010846,80261002,68226461,24692.8921462179
"580406060000","HARBORFIELDS CENTRAL SCHOOL DISTRICT","2023-24",2840,476,13308255,27958.518907563,86646493,73338238,25823.3232394366
"580406060000","HARBORFIELDS CSD","2024-25",2773,452,13815458,30565.1725663717,88665020,74849562,26992.2690227191
"580410030000","COMMACK UNION FREE SCHOOL DISTRICT","2018-19",6121,1089,24399195.11,22405.1378420569,159465381.8,135066186.69,22066.0327871263
"580410030000","COMMACK UNION FREE SCHOOL DISTRICT","2019-20",5875,1029,24466430.87,23776.9007482993,153751500.43,129285069.56,22005.9692868085
"580410030000","COMMACK UNION FREE SCHOOL DISTRICT","2020-21",5719,1030,25040904.42,24311.5576893204,161163006.14,136122101.72,23801.7313726176
"580410030000","COMMACK UNION FREE SCHOOL DISTRICT","2021-22",5571,1027,43821668,42669.5890944499,161538728,117717060,21130.3284868067
"580410030000","COMMACK UFSD","2022-23",5550,1047,22223485.23,21225.8693696275,165326072.13,143102586.9,25784.2498918919
"580410030000","COMMACK UNION FREE SCHOOL DISTRICT","2023-24",5709,1089,0,0,191008287.13,191008287.13,33457.3983412156
"580410030000","COMMACK UFSD","2024-25",5399,1115,26517056.51,23782.1134618834,198789569.07,172272512.56,31908.2260714947
"580413030000","SOUTH HUNTINGTON UNION FREE SCHOOL DISTRICT","2018-19",5786,915,24770041,27071.0830601093,139210094.64,114440053.64,19778.7856273764
"580413030000","SOUTH HUNTINGTON UNION FREE SCHOOL DISTRICT","2019-20",5882,915,23965971.43,26192.3185027322,140222003.14,116256031.71,19764.7112733764
"580413030000","SOUTH HUNTINGTON UNION FREE SCHOOL DISTRICT","2020-21",5706,921,22994140,24966.4929424539,143110049.55,120115909.55,21050.8078426218
"580413030000","SOUTH HUNTINGTON UNION FREE SCHOOL DISTRICT","2021-22",5661,933,24880806,26667.5305466238,151933817,127053011,22443.5631513867
"580413030000","SOUTH HUNTINGTON UFSD","2022-23",5736,993,26380951,26566.9194360524,161055056.93,134674105.93,23478.7492904463
"580413030000","SOUTH HUNTINGTON UNION FREE SCHOOL DISTRICT","2023-24",5853,1037,29516348.32,28463.2095660559,186216082.76,156699734.44,26772.5498786947
"580413030000","SOUTH HUNTINGTON UFSD","2024-25",5668,1022,43349544.06,42416.3836203523,204411600.56,161062056.5,28416.0297282992
"580501030000","BAY SHORE UNION FREE SCHOOL DISTRICT","2018-19",6229,892,18205488,20409.7399103139,140763082,122557594,19675.3241290737
"580501030000","BAY SHORE UNION FREE SCHOOL DISTRICT","2019-20",5848,873,24046319,27544.4662084765,137176096,113129777,19345.0371067031
"580501030000","BAY SHORE UNION FREE SCHOOL DISTRICT","2020-21",5715,907,24785923,27327.368246968,138191851,113405928,19843.5569553806
"580501030000","BAY SHORE UNION FREE SCHOOL DISTRICT","2021-22",5688,903,27923865,30923.438538206,151707863,123783998,21762.3062587904
"580501030000","BAY SHORE UFSD","2022-23",5608,926,29904056,32293.7969762419,161319009,131414953,23433.4794935806
"580501030000","BAY SHORE UNION FREE SCHOOL DISTRICT","2023-24",5838,975,33614757.33,34476.6741846154,180719694.86,147104937.53,25197.8310260363
"580501030000","BAY SHORE UFSD","2024-25",5529,1047,35756259.79,34151.1554823305,185113725.22,149357465.43,27013.4681551818
"580502020000","ISLIP UNION FREE SCHOOL DISTRICT","2018-19",2758,387,8654611,22363.3359173127,72348368,63693757,23094.1831036983
"580502020000","ISLIP UNION FREE SCHOOL DISTRICT","2019-20",2726,409,7637272,18673.0366748166,71572661,63935389,23453.9211298606
"580502020000","ISLIP UNION FREE SCHOOL DISTRICT","2020-21",2719,429,9027766.46,21043.7446620047,70596886.9,61569120.44,22644.0310555351
"580502020000","ISLIP UNION FREE SCHOOL DISTRICT","2021-22",2685,424,9405902,22183.7311320755,78803152,69397250,25846.2756052142
"580502020000","ISLIP UFSD","2022-23",2644,445,9843010,22119.1235955056,83162636,73319626,27730.569591528
"580502020000","ISLIP UNION FREE SCHOOL DISTRICT","2023-24",2772,462,14070258,30455.1038961039,95830206,81759948,29494.9307359307
"580502020000","ISLIP UFSD","2024-25",2651,475,14328088.46,30164.3967578947,97082019.23,82753930.77,31216.1187363259
"580503030000","EAST ISLIP UNION FREE SCHOOL DISTRICT","2018-19",3724,574,9464842.01,16489.2717944251,95404269.03,85939427.02,23077.1823361976
"580503030000","EAST ISLIP UNION FREE SCHOOL DISTRICT","2019-20",3549,582,10958871.36,18829.6758762887,95911997.98,84953126.62,23937.2010763595
"580503030000","EAST ISLIP UNION FREE SCHOOL DISTRICT","2020-21",3435,617,12335274.6,19992.3413290113,100535106.8,88199832.2,25676.8070451237
"580503030000","EAST ISLIP UNION FREE SCHOOL DISTRICT","2021-22",3358,606,7997644,13197.4323432343,99179644,91182000,27153.6628945801
"580503030000","EAST ISLIP UFSD","2022-23",3412,633,12121506.52,19149.299399684,102973128.3,90851621.78,26627.0872743259
"580503030000","EAST ISLIP UNION FREE SCHOOL DISTRICT","2023-24",3576,649,12565663.37,19361.5768412943,110062370.68,97496707.31,27264.1798965324
"580503030000","EAST ISLIP UFSD","2024-25",3380,667,12537169.24,18796.3556821589,112955939.31,100418770.07,29709.6952869823
"580504030000","SAYVILLE UNION FREE SCHOOL DISTRICT","2018-19",2878,368,8852859,24056.6820652174,78389092,69536233,24161.3040305768
"580504030000","SAYVILLE UNION FREE SCHOOL DISTRICT","2019-20",2822,360,8461472,23504.0888888889,76287534,67826062,24034.7491141035
"580504030000","SAYVILLE UNION FREE SCHOOL DISTRICT","2020-21",2723,365,9149005,25065.7671232877,80512579,71363574,26207.7025339699
"580504030000","SAYVILLE UNION FREE SCHOOL DISTRICT","2021-22",2676,395,9453782,23933.6253164557,83246474,73792692,27575.7443946188
"580504030000","SAYVILLE UFSD","2022-23",2680,403,10328857,25629.9181141439,87346029,77017172,28737.7507462687
"580504030000","SAYVILLE UNION FREE SCHOOL DISTRICT","2023-24",2627,412,15039202,36502.9174757282,99128031,84088829,32009.4514655501
"580504030000","SAYVILLE UFSD","2024-25",2581,413,15726592,38078.9152542373,98762746,83036154,32172.0860131732
"580505020000","BAYPORT-BLUE POINT UNION FREE SCHOOL DISTRICT","2018-19",2143,358,9910142,27681.9608938547,64963501.02,55053359.02,25689.8548856743
"580505020000","BAYPORT-BLUE POINT UNION FREE SCHOOL DISTRICT","2019-20",2080,351,6983111,19894.9031339031,64261322,57278211,27537.6014423077
"580505020000","BAYPORT-BLUE POINT UNION FREE SCHOOL DISTRICT","2020-21",1995,361,8124006,22504.1717451524,63565299.56,55441293.56,27790.122085213
"580505020000","BAYPORT-BLUE POINT UNION FREE SCHOOL DISTRICT","2021-22",1890,338,7374340,21817.573964497,66110794,58736454,31077.4888888889
"580505020000","BAYPORT-BLUE POINT UFSD","2022-23",1894,346,8465909,24467.9450867052,71661197.33,63195288.33,33366.0445248152
"580505020000","BAYPORT-BLUE POINT UNION FREE SCHOOL DISTRICT","2023-24",1863,367,10383372,28292.5667574932,73754953,63371581,34015.8781535158
"580505020000","BAYPORT-BLUE POINT UFSD","2024-25",1822,351,10837029.93,30874.7291452991,74763655.46,63926625.53,35085.963518112
"580506030000","HAUPPAUGE UNION FREE SCHOOL DISTRICT","2018-19",3354,476,10229359.59,21490.2512394958,95747106.81,85517747.22,25497.2412701252
"580506030000","HAUPPAUGE UNION FREE SCHOOL DISTRICT","2019-20",3272,498,10420090.79,20923.8770883534,94735673.17,84315582.38,25768.8210207824
"580506030000","HAUPPAUGE UNION FREE SCHOOL DISTRICT","2020-21",3237,517,12200552.34,23598.7472727273,97072414.47,84871862.13,26219.2963021316
"580506030000","HAUPPAUGE UNION FREE SCHOOL DISTRICT","2021-22",3192,558,11729971,21021.4534050179,100125838,88395867,27692.9407894737
"580506030000","HAUPPAUGE UFSD","2022-23",3165,552,12881858.42,23336.7000362319,107865379.21,94983520.79,30010.5910868878
"580506030000","HAUPPAUGE UNION FREE SCHOOL DISTRICT","2023-24",3306,609,15517545,25480.3694581281,122513282.53,106995737.53,32364.1069358742
"580506030000","HAUPPAUGE UFSD","2024-25",3112,618,16749021.68,27101.976828479,127059413.43,110310391.75,35446.7839813625
"580507060000","CONNETQUOT CENTRAL SCHOOL DISTRICT","2018-19",5802,944,18981164.22,20107.1654872881,157000569.04,138019404.82,23788.2462633575
"580507060000","CONNETQUOT CENTRAL SCHOOL DISTRICT","2019-20",5509,932,19021114.53,20408.9211695279,156429958.44,137408843.91,24942.6109838446
"580507060000","CONNETQUOT CENTRAL SCHOOL DISTRICT","2020-21",5278,934,16637097,17812.7376873662,157373568,140736471,26664.7349374763
"580507060000","CONNETQUOT CENTRAL SCHOOL DISTRICT","2021-22",5248,917,16707835,18220.1035986914,165885004,149177169,28425.5276295732
"580507060000","CONNETQUOT CSD","2022-23",5288,972,16122091.18,16586.5135596708,168246524.69,152124433.51,28767.8580767776
"580507060000","CONNETQUOT CENTRAL SCHOOL DISTRICT","2023-24",5489,1009,21236705.52,21047.28,192156220.8,170919515.28,31138.5526106759
"580507060000","CONNETQUOT CSD","2024-25",5016,971,20160075.07,20762.1782389289,196926746.8,176766671.73,35240.5645394737
"580509030000","WEST ISLIP UNION FREE SCHOOL DISTRICT","2018-19",4098,671,9477602.79,14124.5943219076,102636548.42,93158945.63,22732.7832186432
"580509030000","WEST ISLIP UNION FREE SCHOOL DISTRICT","2019-20",4106,655,8357483,12759.5160305344,102248474,93890991,22866.7781295665
"580509030000","WEST ISLIP UNION FREE SCHOOL DISTRICT","2020-21",3965,625,11876880.58,19003.008928,103398519.77,91521639.19,23082.380627995
"580509030000","WEST ISLIP UNION FREE SCHOOL DISTRICT","2021-22",3949,644,10322779,16029.1599378882,108555443,98232664,24875.3264117498
"580509030000","WEST ISLIP UFSD","2022-23",3870,641,10858917.23,16940.5885023401,117042163.1,106183245.87,27437.5312325581
"580509030000","WEST ISLIP UNION FREE SCHOOL DISTRICT","2023-24",3944,711,13305355.72,18713.5804781997,125798711.25,112493355.53,28522.6560674442
"580509030000","WEST ISLIP UFSD","2024-25",3815,712,12178701.98,17104.918511236,126824230.75,114645528.77,30051.2526264744
"580512030000","BRENTWOOD UNION FREE SCHOOL DISTRICT","2018-19",19263,2577,56199666.34,21808.1747535894,358881630.58,302681964.24,15713.126939729
"580512030000","BRENTWOOD UNION FREE SCHOOL DISTRICT","2019-20",18954,2686,59781402.65,22256.6651712584,367518126.87,307736724.22,16235.977852696
"580512030000","BRENTWOOD UNION FREE SCHOOL DISTRICT","2020-21",17998,2638,59370123,22505.7327520849,358054839.77,298684716.77,16595.4393138126
"580512030000","BRENTWOOD UNION FREE SCHOOL DISTRICT","2021-22",17608,2662,71664190,26921.1833208114,394351981,322687791,18326.2034870513
"580512030000","BRENTWOOD UFSD","2022-23",17810,2690,81613400.44,30339.5540669145,442857694.33,361244293.89,20283.2281802358
"580512030000","BRENTWOOD UNION FREE SCHOOL DISTRICT","2023-24",18597,2839,90193639.9,31769.5103557591,530362973.63,440169333.73,23668.8354965855
"580512030000","BRENTWOOD UFSD","2024-25",17842,3004,106229841.56,35362.7967909454,590760857.49,484531015.93,27156.7658295034
"580513030000","CENTRAL ISLIP UNION FREE SCHOOL DISTRICT","2018-19",7733,884,46509447,52612.4966063348,201813098,155303651,20083.2343204448
"580513030000","CENTRAL ISLIP UNION FREE SCHOOL DISTRICT","2019-20",7747,907,29197183,32190.940463065,167776133,138578950,17888.0792564864
"580513030000","CENTRAL ISLIP UNION FREE SCHOOL DISTRICT","2020-21",7496,890,22653172.87,25453.0032247191,183017497.55,160364324.68,21393.3197278549
"580513030000","CENTRAL ISLIP UNION FREE SCHOOL DISTRICT","2021-22",7484,922,22073736,23941.1453362256,192407699,170333963,22759.7491982897
"580513030000","CENTRAL ISLIP UFSD","2022-23",7731,1008,11655220,11562.7182539683,209179051,197523831,25549.5836243694
"580513030000","CENTRAL ISLIP UNION FREE SCHOOL DISTRICT","2023-24",7810,1125,25664120,22812.5511111111,232108797,206444677,26433.3773367478
"580513030000","CENTRAL ISLIP UFSD","2024-25",7769,1255,43290452,34494.384063745,263942895,220652443,28401.6531085082
"580514020000","FIRE ISLAND UNION FREE SCHOOL DISTRICT","2018-19",32,0,255690,,5281327,5025637,157051.15625
"580514020000","FIRE ISLAND UNION FREE SCHOOL DISTRICT","2019-20",37,5,1358158,271631.6,4350630.5,2992472.5,80877.6351351351
"580514020000","FIRE ISLAND UNION FREE SCHOOL DISTRICT","2020-21",48,6,203853.1,33975.5166666667,4276343.18,4072490.08,84843.5433333333
"580514020000","FIRE ISLAND UNION FREE SCHOOL DISTRICT","2021-22",37,4,0,0,3517819,3517819,95076.1891891892
"580514020000","FIRE ISLAND UFSD","2022-23",34,5,161333.15,32266.63,3883947.69,3722614.54,109488.662941176
"580514020000","FIRE ISLAND UNION FREE SCHOOL DISTRICT","2023-24",40,4,249079.61,62269.9025,5287843,5038763.39,125969.08475
"580514020000","FIRE ISLAND UFSD","2024-25",36,1,307161.83,307161.83,5614825.03,5307663.2,147435.088888889
"580601040000","SHOREHAM-WADING RIVER CENTRAL SCHOOL DISTRICT","2018-19",2106,360,5997093.65,16658.5934722222,54721212.23,48724118.58,23135.8587749288
"580601040000","SHOREHAM-WADING RIVER CENTRAL SCHOOL DISTRICT","2019-20",2039,351,6101669.15,17383.6727920228,53959788.67,47858119.52,23471.3680823933
"580601040000","SHOREHAM-WADING RIVER CENTRAL SCHOOL DISTRICT","2020-21",2030,365,8813975,24147.8767123288,64037825,55223850,27203.8669950739
"580601040000","SHOREHAM-WADING RIVER CENTRAL SCHOOL DISTRICT","2021-22",2016,348,10205409,29325.8879310345,65975620,55770211,27663.7951388889
"580601040000","SHOREHAM-WADING RIVER CSD","2022-23",1993,346,10447993,30196.5115606936,66172358,55724365,27960.0426492725
"580601040000","SHOREHAM-WADING RIVER CENTRAL SCHOOL DISTRICT","2023-24",2032,345,12219410,35418.5797101449,74932521,62713111,30862.751476378
"580601040000","SHOREHAM-WADING RIVER CSD","2024-25",1933,347,12900044,37175.9193083573,77689861,64789817,33517.7532333161
"580602040000","RIVERHEAD CENTRAL SCHOOL DISTRICT","2018-19",5831,835,17842957.2,21368.8110179641,116189759.62,98346802.42,16866.1983227577
"580602040000","RIVERHEAD CENTRAL SCHOOL DISTRICT","2019-20",5829,833,11830968.33,14202.8431332533,109648698.68,97817730.35,16781.2198232973
"580602040000","RIVERHEAD CENTRAL SCHOOL DISTRICT","2020-21",5424,843,9007076.39,10684.5508778173,107013686.18,98006609.79,18069.0652267699
"580602040000","RIVERHEAD CENTRAL SCHOOL DISTRICT","2021-22",5405,885,23826278,26922.3480225989,104023144,80196866,14837.5330249769
"580602040000","RIVERHEAD CSD","2022-23",5480,946,16786820,17745.0528541226,129927059.01,113140239.01,20646.0290164234
"580602040000","RIVERHEAD CENTRAL SCHOOL DISTRICT","2023-24",5653,1029,34699928,33721.990281827,174361951,139662023,24705.8239872634
"580602040000","RIVERHEAD CSD","2024-25",5545,1067,43414145,40688.045923149,177705899,134291754,24218.5309287647
"580603020000","LITTLE FLOWER UNION FREE SCHOOL DISTRICT","2020-21",95,87,4781779,54962.9770114943,7404528.38,2622749.38,27607.8882105263
"580603020000","LITTLE FLOWER UNION FREE SCHOOL DISTRICT","2021-22",100,96,4868648,50715.0833333333,7701992,2833344,28333.44
"580603020000","LITTLE FLOWER UFSD","2022-23",101,101,4846284,47983.0099009901,8467721,3621437,35855.8118811881
"580603020000","LITTLE FLOWER UNION FREE SCHOOL DISTRICT","2023-24",104,101,1366854,13533.2079207921,8928616,7561762,72709.25
"580603020000","LITTLE FLOWER UFSD","2024-25",94,93,1165182,12528.8387096774,8762263,7597081,80820.0106382979
"580701020000","SHELTER ISLAND UNION FREE SCHOOL DISTRICT","2018-19",213,31,778035.48,25097.9187096774,9815934.18,9037898.7,42431.4492957746
"580701020000","SHELTER ISLAND UNION FREE SCHOOL DISTRICT","2019-20",202,23,823530.86,35805.6895652174,9809067.62,8985536.76,44482.8552475248
"580701020000","SHELTER ISLAND UNION FREE SCHOOL DISTRICT","2020-21",215,27,727344.85,26938.6981481481,10292253.14,9564908.29,44487.9455348837
"580701020000","SHELTER ISLAND UNION FREE SCHOOL DISTRICT","2021-22",173,21,855887,40756.5238095238,10464564,9608677,55541.485549133
"580701020000","SHELTER ISLAND UFSD","2022-23",174,22,937035.33,42592.515,11060493.27,10123457.94,58180.7927586207
"580701020000","SHELTER ISLAND UNION FREE SCHOOL DISTRICT","2023-24",193,24,942473.25,39269.71875,11677935.89,10735462.64,55624.1587564767
"580701020000","SHELTER ISLAND UFSD","2024-25",183,25,1010984.3,40439.372,12572590.56,11561606.26,63178.176284153
"580801060000","SMITHTOWN CENTRAL SCHOOL DISTRICT","2018-19",8635,1368,22799973.51,16666.6473026316,204543373.9,181743400.39,21047.2959339896
"580801060000","SMITHTOWN CENTRAL SCHOOL DISTRICT","2019-20",8399,1345,27587621.69,20511.2428921933,209806768.92,182219147.23,21695.3384010001
"580801060000","SMITHTOWN CENTRAL SCHOOL DISTRICT","2020-21",8116,1359,28241259.23,20780.9118690213,211776754.27,183535495.04,22614.0333957615
"580801060000","SMITHTOWN CENTRAL SCHOOL DISTRICT","2021-22",7962,1438,25373942,17645.3004172462,220834385,195460443,24549.1639035418
"580801060000","SMITHTOWN CSD","2022-23",7809,1467,26495116.25,18060.747273347,228316644.61,201821528.36,25844.7340709438
"580801060000","SMITHTOWN CENTRAL SCHOOL DISTRICT","2023-24",7879,1508,28958049.69,19202.9507228117,258772946.08,229814896.39,29168.0284795025
"580801060000","SMITHTOWN CSD","2024-25",7437,1510,15172124.04,10047.7642649007,269343792.35,254171668.31,34176.6395468603
"580805060000","KINGS PARK CENTRAL SCHOOL DISTRICT","2018-19",3021,553,10649188.66,19257.1223508137,77286598.94,66637410.28,22058.0636477987
"580805060000","KINGS PARK CENTRAL SCHOOL DISTRICT","2019-20",2886,501,8161560.6,16290.5401197605,74434589.38,66273028.78,22963.6274358974
"580805060000","KINGS PARK CENTRAL SCHOOL DISTRICT","2020-21",2799,476,10801069.47,22691.3224159664,79523688.05,68722618.58,24552.5611218292
"580805060000","KINGS PARK CENTRAL SCHOOL DISTRICT","2021-22",2779,430,8892161,20679.4441860465,79297692,70405531,25334.8438287154
"580805060000","KINGS PARK CSD","2022-23",2665,428,9401732.32,21966.6642990654,81195963.26,71794230.94,26939.6738986867
"580805060000","KINGS PARK CENTRAL SCHOOL DISTRICT","2023-24",2722,446,5924263.92,13283.1029596413,90885910.57,84961646.65,31212.948806025
"580805060000","KINGS PARK CSD","2024-25",2654,440,6832710.26,15528.8869545455,93592055.35,86759345.09,32690.0320610399
"580901020000","REMSENBURG-SPEONK UNION FREE SCHOOL DISTRICT","2018-19",142,17,1380680,81216.4705882353,6807568,5426888,38217.5211267606
"580901020000","REMSENBURG-SPEONK UNION FREE SCHOOL DISTRICT","2019-20",132,18,1899948,105552.666666667,7728304,5828356,44154.2121212121
"580901020000","REMSENBURG-SPEONK UNION FREE SCHOOL DISTRICT","2020-21",150,19,1919034,101001.789473684,7297534,5378500,35856.6666666667
"580901020000","REMSENBURG-SPEONK UNION FREE SCHOOL DISTRICT","2021-22",140,23,1548661,67333.0869565217,8137149,6588488,47060.6285714286
"580901020000","REMSENBURG-SPEONK UFSD","2022-23",122,26,2206440,84863.0769230769,8293526.55,6087086.55,49894.1520491803
"580901020000","REMSENBURG-SPEONK UNION FREE SCHOOL DISTRICT","2023-24",146,29,2372425.19,81807.7651724138,9267340.38,6894915.19,47225.4465068493
"580901020000","REMSENBURG-SPEONK UFSD","2024-25",119,27,2004639.12,74245.8933333333,9628099.86,7623460.74,64062.6952941176
"580902020000","WESTHAMPTON BEACH UNION FREE SCHOOL DISTRICT","2018-19",1828,260,6969956,26807.5230769231,47495997,40526041,22169.6066739606
"580902020000","WESTHAMPTON BEACH UNION FREE SCHOOL DISTRICT","2019-20",1820,255,6926922,27164.4,47021914.55,40094992.55,22030.2156868132
"580902020000","WESTHAMPTON BEACH UNION FREE SCHOOL DISTRICT","2020-21",1827,253,7335936,28995.7944664032,48470812,41134876,22514.9841269841
"580902020000","WESTHAMPTON BEACH UNION FREE SCHOOL DISTRICT","2021-22",1783,241,6832390,28350.1659751037,50395353,43562963,24432.3965227145
"580902020000","WESTHAMPTON BEACH UFSD","2022-23",1754,224,6082751,27155.1383928571,51326810,45244059,25794.7884834664
"580902020000","WESTHAMPTON BEACH UNION FREE SCHOOL DISTRICT","2023-24",1747,225,6868027,30524.5644444444,56495833,49627806,28407.4447624499
"580902020000","WESTHAMPTON BEACH UFSD","2024-25",1626,220,7257872,32990.3272727273,59201706,51943834,31945.7773677737
"580903020000","QUOGUE UNION FREE SCHOOL DISTRICT","2018-19",101,19,1209306,63647.6842105263,6172947,4963641,49144.9603960396
"580903020000","QUOGUE UNION FREE SCHOOL DISTRICT","2019-20",87,18,822799,45711.0555555556,6078551,5255752,60410.9425287356
"580903020000","QUOGUE UNION FREE SCHOOL DISTRICT","2020-21",120,18,838260,46570,6826268,5988008,49900.0666666667
"580903020000","QUOGUE UNION FREE SCHOOL DISTRICT","2021-22",99,10,724401,72440.1,6428185,5703784,57613.9797979798
"580903020000","QUOGUE UFSD","2022-23",85,10,626115,62611.5,6565564,5939449,69875.8705882353
"580903020000","QUOGUE UNION FREE SCHOOL DISTRICT","2023-24",83,8,624889,78111.125,7151542,6526653,78634.3734939759
"580903020000","QUOGUE UFSD","2024-25",90,10,623989,62398.9,7592893,6968904,77432.2666666667
"580905020000","HAMPTON BAYS UNION FREE SCHOOL DISTRICT","2018-19",2068,244,6849810,28072.9918032787,32712274,25862464,12506.0270793037
"580905020000","HAMPTON BAYS UNION FREE SCHOOL DISTRICT","2019-20",2025,252,6746736,26772.7619047619,43826945,37080209,18311.2143209877
"580905020000","HAMPTON BAYS UNION FREE SCHOOL DISTRICT","2020-21",2039,248,5925858,23894.5887096774,46606662.69,40680804.69,19951.3510004904
"580905020000","HAMPTON BAYS UNION FREE SCHOOL DISTRICT","2021-22",2023,262,5701089,21759.8816793893,49278540,43577451,21541.003954523
"580905020000","HAMPTON BAYS UFSD","2022-23",2050,285,6924011,24294.7754385965,51928641.55,45004630.55,21953.4783170732
"580905020000","HAMPTON BAYS UNION FREE SCHOOL DISTRICT","2023-24",2030,286,10250602.83,35841.2686363636,58115666,47865063.17,23578.8488522167
"580905020000","HAMPTON BAYS UFSD","2024-25",2009,295,12066801.34,40904.4113220339,62611330.35,50544529.01,25159.0487854654
"580906030000","SOUTHAMPTON UNION FREE SCHOOL DISTRICT","2018-19",1591,246,8827878.2,35885.6837398374,59476677.78,50648799.58,31834.5691891892
"580906030000","SOUTHAMPTON UNION FREE SCHOOL DISTRICT","2019-20",1534,219,8498674.77,38806.734109589,54265656.63,45766981.86,29835.0598826597
"580906030000","SOUTHAMPTON UNION FREE SCHOOL DISTRICT","2020-21",1435,229,7818472.45,34141.8010917031,58114041.88,50295569.43,35049.1773031359
"580906030000","SOUTHAMPTON UNION FREE SCHOOL DISTRICT","2021-22",1389,221,7440873,33669.1085972851,62091192,54650319,39345.0820734341
"580906030000","SOUTHAMPTON UFSD","2022-23",1331,222,0,0,62901578.66,62901578.66,47258.8870473328
"580906030000","SOUTHAMPTON UNION FREE SCHOOL DISTRICT","2023-24",1322,231,10641163.49,46065.6428138528,70324286.84,59683123.35,45146.0842284418
"580906030000","SOUTHAMPTON UFSD","2024-25",1273,230,9054933,39369.2739130435,45495371.62,36440438.62,28625.6391358994
"580909020000","BRIDGEHAMPTON UNION FREE SCHOOL DISTRICT","2018-19",217,39,1714956.02,43973.2312820513,13284852.75,11569896.73,53317.4964516129
"580909020000","BRIDGEHAMPTON UNION FREE SCHOOL DISTRICT","2019-20",228,46,2579362.91,56073.1067391304,13874430.85,11295067.94,49539.7716666667
"580909020000","BRIDGEHAMPTON UNION FREE SCHOOL DISTRICT","2020-21",214,50,1944921.45,38898.429,14878537.36,12933615.91,60437.4575233645
"580909020000","BRIDGEHAMPTON UNION FREE SCHOOL DISTRICT","2021-22",204,44,2376611,54013.8863636364,15289460,12912849,63298.2794117647
"580909020000","BRIDGEHAMPTON UFSD","2022-23",198,41,2480060.68,60489.2848780488,16888522.23,14408461.55,72770.0078282828
"580909020000","BRIDGEHAMPTON UNION FREE SCHOOL DISTRICT","2023-24",198,44,3455247,78528.3409090909,18332157,14876910,75135.9090909091
"580909020000","BRIDGEHAMPTON UFSD","2024-25",183,38,3235606,85147.5263157895,18143361,14907755,81463.1420765027
"580910080000","SAGAPONACK COMMON SCHOOL DISTRICT","2018-19",15,0,66440,,851982,785542,52369.4666666667
"580910080000","SAGAPONACK COMMON SCHOOL DISTRICT","2019-20",16,0,113270,,885333,772063,48253.9375
"580910080000","SAGAPONACK COMMON SCHOOL DISTRICT","2020-21",16,2,22473,11236.5,1040100,1017627,63601.6875
"580910080000","SAGAPONACK COMMON SCHOOL DISTRICT","2021-22",13,2,56264,28132,920842,864578,66506
"580910080000","SAGAPONACK COMN SD","2022-23",5,1,54092,54092,943318,889226,177845.2
"580910080000","SAGAPONACK COMMON SCHOOL DISTRICT","2023-24",15,1,25596,25596,1709707,1684111,112274.066666667
"580910080000","SAGAPONACK COMN SD","2024-25",17,0,15825,,1706943,1691118,99477.5294117647
"580912060000","EASTPORT-SOUTH MANOR CSD","2018-19",3345,562,14339912,25515.8576512456,70104891,55764979,16671.1446935725
"580912060000","EASTPORT-SOUTH MANOR CSD","2019-20",3225,543,16157334,29755.679558011,74783551.27,58626217.27,18178.6720217054
"580912060000","EASTPORT-SOUTH MANOR CSD","2020-21",3077,529,14526643,27460.572778828,77210190.3,62683547.3,20371.6435814105
"580912060000","EASTPORT-SOUTH MANOR CSD","2021-22",2896,515,12635404,24534.7650485437,83258546,70623142,24386.4440607735
"580912060000","EASTPORT-SOUTH MANOR CSD","2022-23",2769,481,13667010,28413.7422037422,84777134.33,71110124.33,25680.7960743951
"580912060000","EASTPORT-SOUTH MANOR CSD","2023-24",2845,482,21114419.83,43805.8502697095,94476306,73361886.17,25786.2517293497
"580912060000","EASTPORT-SOUTH MANOR CSD","2024-25",2696,492,20763983,42203.2174796748,98561292,77797309,28856.568620178
"580913080000","TUCKAHOE COMMON SCHOOL DISTRICT","2018-19",265,33,2580835,78207.1212121212,13432560,10851725,40949.9056603774
"580913080000","TUCKAHOE COMMON SCHOOL DISTRICT","2019-20",271,35,0,0,13843416,13843416,51082.7158671587
"580913080000","TUCKAHOE COMMON SCHOOL DISTRICT","2020-21",288,40,2708869,67721.725,14293609,11584740,40224.7916666667
"580913080000","TUCKAHOE COMMON SCHOOL DISTRICT","2021-22",276,34,2379297,69979.3235294118,13954487,11575190,41939.0942028986
"580913080000","TUCKAHOE COMMON SD","2022-23",250,32,1925822.67,60181.9584375,14259805.68,12333983.01,49335.93204
"580913080000","TUCKAHOE COMMON SCHOOL DISTRICT","2023-24",246,38,2905909,76471.2894736842,16763959,13858050,56333.5365853659
"580913080000","TUCKAHOE COMMON SD","2024-25",249,30,2450988,81699.6,17255594,14804606,59456.2489959839
"580917020000","EAST QUOGUE UNION FREE SCHOOL DISTRICT","2018-19",384,46,2027433,44074.6304347826,11670826,9643393,25113.0026041667
"580917020000","EAST QUOGUE UNION FREE SCHOOL DISTRICT","2019-20",390,39,1611778,41327.641025641,11749631,10137853,25994.4948717949
"580917020000","EAST QUOGUE UNION FREE SCHOOL DISTRICT","2020-21",384,44,2708918,61566.3181818182,12566073,9857155,25669.6744791667
"580917020000","EAST QUOGUE UNION FREE SCHOOL DISTRICT","2021-22",359,49,1423860,29058.3673469388,12348056,10924196,30429.5153203343
"580917020000","EAST QUOGUE UFSD","2022-23",355,42,2191431,52176.9285714286,14372630,12181199,34313.2366197183
"580917020000","EAST QUOGUE UNION FREE SCHOOL DISTRICT","2023-24",403,48,2658544,55386.3333333333,16386607,13728063,34064.6724565757
"580917020000","EAST QUOGUE UFSD","2024-25",381,54,3004630,55641.2962962963,18197115,15192485,39875.2887139108
"581002020000","OYSTERPONDS UNION FREE SCHOOL DISTRICT","2018-19",97,11,358633,32603,3324484,2965851,30575.7835051546
"581002020000","OYSTERPONDS UNION FREE SCHOOL DISTRICT","2019-20",85,10,549341,54934.1,3368431,2819090,33165.7647058823
"581002020000","OYSTERPONDS UNION FREE SCHOOL DISTRICT","2020-21",107,10,559572,55957.2,3283122,2723550,25453.738317757
"581002020000","OYSTERPONDS UNION FREE SCHOOL DISTRICT","2021-22",88,8,434170,54271.25,3418530,2984360,33913.1818181818
"581002020000","OYSTERPONDS UFSD","2022-23",83,6,1145998,190999.666666667,3344954,2198956,26493.4457831325
"581002020000","OYSTERPONDS UNION FREE SCHOOL DISTRICT","2023-24",85,6,464353,77392.1666666667,4016950,3552597,41795.2588235294
"581002020000","OYSTERPONDS UFSD","2024-25",86,7,443625,63375,4372876,3929251,45688.9651162791
"581004020000","FISHERS ISLAND UNION FREE SCHOOL DISTRICT","2018-19",59,8,191679,23959.875,90288,-101391,-1718.49152542373
"581004020000","FISHERS ISLAND UNION FREE SCHOOL DISTRICT","2019-20",65,6,170104,28350.6666666667,3497322,3327218,51187.9692307692
"581004020000","FISHERS ISLAND UNION FREE SCHOOL DISTRICT","2020-21",67,6,202785,33797.5,3757560,3554775,53056.3432835821
"581004020000","FISHERS ISLAND UNION FREE SCHOOL DISTRICT","2021-22",58,5,275116,55023.2,3904591,3629475,62577.1551724138
"581004020000","FISHERS ISLAND UFSD","2022-23",57,7,289933,41419,3592011,3302078,57931.1929824561
"581004020000","FISHERS ISLAND UNION FREE SCHOOL DISTRICT","2023-24",56,14,269479,19248.5,3848354,3578875,63908.4821428571
"581004020000","FISHERS ISLAND UFSD","2024-25",56,15,290129,19341.9333333333,3917359,3627230,64771.9642857143
"581005020000","SOUTHOLD UNION FREE SCHOOL DISTRICT","2018-19",796,115,2572836,22372.4869565217,25761166,23188330,29131.067839196
"581005020000","SOUTHOLD UNION FREE SCHOOL DISTRICT","2019-20",769,113,4537678,40156.4424778761,26444700,21907022,28487.6749024707
"581005020000","SOUTHOLD UNION FREE SCHOOL DISTRICT","2020-21",757,114,4284421,37582.6403508772,27103576,22819155,30144.1941875826
"581005020000","SOUTHOLD UNION FREE SCHOOL DISTRICT","2021-22",704,114,4524124,39685.298245614,28300072,23775948,33772.6534090909
"581005020000","SOUTHOLD UFSD","2022-23",698,112,4556320,40681.4285714286,30015461,25459141,36474.4140401146
"581005020000","SOUTHOLD UNION FREE SCHOOL DISTRICT","2023-24",690,115,4756919,41364.5130434783,31849915,27092996,39265.2115942029
"581005020000","SOUTHOLD UFSD","2024-25",639,126,5009834,39760.5873015873,32677810,27667976,43298.8669796557
"581010020000","GREENPORT UNION FREE SCHOOL DISTRICT","2018-19",665,63,1563906,24823.9047619048,15350208,13786302,20731.2812030075
"581010020000","GREENPORT UNION FREE SCHOOL DISTRICT","2019-20",692,64,3050258,47660.28125,16887217,13836959,19995.6054913295
"581010020000","GREENPORT UNION FREE SCHOOL DISTRICT","2021-22",689,81,2717861,33553.8395061728,17120663,14402802,20903.9216255443
"581010020000","GREENPORT UFSD","2022-23",694,87,2914779,33503.2068965517,18574389,15659610,22564.2795389049
"581010020000","GREENPORT UNION FREE SCHOOL DISTRICT","2023-24",661,89,3681685,41367.2471910112,21152709,17471024,26431.2012102874
"581010020000","GREENPORT UFSD","2024-25",684,97,4430555,45675.824742268,24194448,19763893,28894.5804093567
"581012020000","MATTITUCK-CUTCHOGUE UNION FREE SCHOOL DISTRICT","2018-19",1155,176,4148733.6,23572.35,35110317.91,30961584.31,26806.5665021645
"581012020000","MATTITUCK-CUTCHOGUE UNION FREE SCHOOL DISTRICT","2019-20",1101,185,4199314.43,22698.9969189189,34318962.23,30119647.8,27356.6283378747
"581012020000","MATTITUCK-CUTCHOGUE UNION FREE SCHOOL DISTRICT","2021-22",1066,182,7691058,42258.5604395604,35234525,27543467,25838.1491557223
"581012020000","MATTITUCK-CUTCHOGUE UFSD","2022-23",1000,179,5739398,32063.6759776536,36517782.02,30778384.02,30778.38402
"581012020000","MATTITUCK-CUTCHOGUE UNION FREE SCHOOL DISTRICT","2023-24",1007,185,6000773.54,32436.6137297297,38403873.43,32403099.89,32177.8549056604
"581012020000","MATTITUCK-CUTCHOGUE UFSD","2024-25",981,165,6541090.05,39642.97,41267640.5,34726550.45,35399.1339959225
"581015080000","NEW SUFFOLK COMMON SCHOOL DISTRICT","2018-19",15,0,13614,,1021367,1007753,67183.5333333333
"581015080000","NEW SUFFOLK COMMON SCHOOL DISTRICT","2019-20",18,0,0,,648785,648785,36043.6111111111
"581015080000","NEW SUFFOLK COMMON SCHOOL DISTRICT","2020-21",14,0,2699,,688321,685622,48973
"581015080000","NEW SUFFOLK COMMON SCHOOL DISTRICT","2021-22",11,0,0,,682828,682828,62075.2727272727
"581015080000","NEW SUFFOLK COMN SD","2022-23",7,0,17973,,645759,627786,89683.7142857143
"581015080000","NEW SUFFOLK COMMON SCHOOL DISTRICT","2023-24",8,0,0,,0,0,0
"581015080000","NEW SUFFOLK COMN SD","2024-25",0,0,0,,314332,314332,
"590501060000","FALLSBURG CENTRAL SCHOOL DISTRICT","2018-19",1407,211,4167372,19750.5781990521,34168028,30000656,21322.4278606965
"590501060000","FALLSBURG CENTRAL SCHOOL DISTRICT","2019-20",1439,200,1571863,7859.315,11613120,10041257,6977.94093120222
"590501060000","FALLSBURG CENTRAL SCHOOL DISTRICT","2020-21",1469,192,5476593,28523.921875,34235953.3,28759360.3,19577.5087134105
"590501060000","FALLSBURG CENTRAL SCHOOL DISTRICT","2021-22",1447,203,3862023,19024.7438423645,41725486,37863463,26166.8714581894
"590501060000","FALLSBURG CSD","2022-23",1496,190,4189902,22052.1157894737,46849507,42659605,28515.7787433155
"590501060000","FALLSBURG CENTRAL SCHOOL DISTRICT","2023-24",1491,218,9773433,44832.2614678899,61822982,52049549,34909.1542588867
"590501060000","FALLSBURG CSD","2024-25",1503,228,11592821,50845.7061403509,64243959,52651138,35030.6972721224
"590801040000","ELDRED CENTRAL SCHOOL DISTRICT","2018-19",515,47,2479501,52755.3404255319,13121001,10641500,20663.1067961165
"590801040000","ELDRED CENTRAL SCHOOL DISTRICT","2019-20",482,47,2438997,51893.5531914894,13305270,10866273,22544.1348547718
"590801040000","ELDRED CENTRAL SCHOOL DISTRICT","2020-21",468,54,2119833,39256.1666666667,14220902,12101069,25856.985042735
"590801040000","ELDRED CENTRAL SCHOOL DISTRICT","2021-22",458,59,2417738,40978.6101694915,16983980,14566242,31804.0218340611
"590801040000","ELDRED CSD","2022-23",472,66,1497887,22695.2575757576,15149561,13651674,28923.0381355932
"590801040000","ELDRED CENTRAL SCHOOL DISTRICT","2023-24",453,74,2656240,35895.1351351351,18560803,15904563,35109.4105960265
"590801040000","ELDRED CSD","2024-25",454,78,2254592,28905.0256410256,19158812,16904220,37233.9647577093
"590901060000","LIBERTY CENTRAL SCHOOL DISTRICT","2018-19",1745,200,224275.6,1121.378,41474396.15,41250120.55,23639.0375644699
"590901060000","LIBERTY CENTRAL SCHOOL DISTRICT","2019-20",1766,223,427158,1915.5067264574,40940014,40512856,22940.4620611552
"590901060000","LIBERTY CENTRAL SCHOOL DISTRICT","2020-21",1748,218,8689372.77,39859.5081192661,29950575.36,21261202.59,12163.1593764302
"590901060000","LIBERTY CENTRAL SCHOOL DISTRICT","2021-22",1810,255,4234464,16605.7411764706,42366886,38132422,21067.6364640884
"590901060000","LIBERTY CSD","2022-23",1816,273,8642353.58,31656.9728205128,43579975.94,34937622.36,19238.7788325991
"590901060000","LIBERTY CENTRAL SCHOOL DISTRICT","2023-24",1786,276,6331330.4,22939.6028985507,54675783.02,48344452.62,27068.5624972005
"590901060000","LIBERTY CSD","2024-25",1755,258,6247386.31,24214.675620155,58430395.48,52183009.17,29733.9083589744
"591201040000","TRI-VALLEY CENTRAL SCHOOL DISTRICT","2018-19",1002,142,3349861,23590.5704225352,33203977,29854116,29794.5269461078
"591201040000","TRI-VALLEY CENTRAL SCHOOL DISTRICT","2019-20",982,164,4048375,24685.2134146341,27286717,23238342,23664.299389002
"591201040000","TRI-VALLEY CENTRAL SCHOOL DISTRICT","2020-21",917,138,0,0,27360399,27360399,29836.8582333697
"591201040000","TRI-VALLEY CENTRAL SCHOOL DISTRICT","2021-22",900,124,4014072,32371.5483870968,27356673,23342601,25936.2233333333
"591201040000","TRI-VALLEY CSD","2022-23",897,114,4082105,35807.9385964912,31702779,27620674,30792.2787068004
"591201040000","TRI-VALLEY CENTRAL SCHOOL DISTRICT","2023-24",883,121,6777693.77,56013.9980991736,36160926.87,29383233.1,33276.5946772367
"591201040000","TRI-VALLEY CSD","2024-25",879,121,6880333.47,56862.2600826446,38831478.59,31951145.12,36349.4256200228
"591301040000","ROSCOE CENTRAL SCHOOL DISTRICT","2018-19",241,37,713006,19270.4324324324,7395520,6682514,27728.2738589212
"591301040000","ROSCOE CENTRAL SCHOOL DISTRICT","2019-20",230,37,469468,12688.3243243243,7059569,6590101,28652.6130434783
"591301040000","ROSCOE CENTRAL SCHOOL DISTRICT","2020-21",234,36,816852,22690.3333333333,7832140,7015288,29979.8632478632
"591301040000","ROSCOE CENTRAL SCHOOL DISTRICT","2021-22",227,35,757910,21654.5714285714,9815614,9057704,39901.7797356828
"591301040000","ROSCOE CSD","2022-23",224,42,759840,18091.4285714286,10316316.23,9556476.23,42662.8403125
"591301040000","ROSCOE CENTRAL SCHOOL DISTRICT","2023-24",201,34,744418.38,21894.6582352941,9351355.66,8606937.28,42820.5834825871
"591301040000","ROSCOE CSD","2024-25",193,38,594408.57,15642.3307894737,9696558.2,9102149.63,47161.3970466321
"591302040000","LIVINGSTON MANOR CENTRAL SCHOOL DISTRICT","2018-19",429,60,1232372,20539.5333333333,14355328,13122956,30589.641025641
"591302040000","LIVINGSTON MANOR CENTRAL SCHOOL DISTRICT","2019-20",432,76,3458790,45510.3947368421,12965266,9506476,22005.7314814815
"591302040000","LIVINGSTON MANOR CENTRAL SCHOOL DISTRICT","2020-21",425,64,2095180,32737.1875,11136461,9041281,21273.6023529412
"591302040000","LIVINGSTON MANOR CENTRAL SCHOOL DISTRICT","2021-22",426,64,3922102,61282.84375,15299924,11377822,26708.5023474178
"591302040000","LIVINGSTON MANOR CSD","2022-23",406,54,4035249,74726.8333333333,16523565.43,12488316.43,30759.4000738916
"591302040000","LIVINGSTON MANOR CENTRAL SCHOOL DISTRICT","2023-24",390,69,1656176.07,24002.5517391304,16525365.3,14869189.23,38126.1262307692
"591302040000","LIVINGSTON MANOR CSD","2024-25",398,75,1299868.04,17331.5738666667,19301921.07,18002053.03,45231.2890201005
"591401060000","MONTICELLO CENTRAL SCHOOL DISTRICT","2018-19",3018,606,9478724.45,15641.4594884488,65433040.63,55954316.18,18540.1975414182
"591401060000","MONTICELLO CENTRAL SCHOOL DISTRICT","2019-20",2786,581,8961645,15424.5180722892,66736406,57774761,20737.5308686289
"591401060000","MONTICELLO CENTRAL SCHOOL DISTRICT","2020-21",2778,566,9632555,17018.648409894,77338798,67706243,24372.2976961843
"591401060000","MONTICELLO CENTRAL SCHOOL DISTRICT","2021-22",2689,541,10267947,18979.5693160813,85313536,75045589,27908.3633320937
"591401060000","MONTICELLO CSD","2022-23",2751,521,9961965,19120.8541266795,88200298,78238333,28439.9611050527
"591401060000","MONTICELLO CENTRAL SCHOOL DISTRICT","2023-24",2743,558,21294021,38161.3279569892,98735851,77441830,28232.5300765585
"591401060000","MONTICELLO CSD","2024-25",2694,553,21990911,39766.5660036166,107475835,85484924,31731.5976243504
"591502040000","SULLIVAN WEST CENTRAL SCHOOL DISTRICT","2018-19",1101,147,2986460,20316.0544217687,28098307,25111847,22808.217075386
"591502040000","SULLIVAN WEST CENTRAL SCHOOL DISTRICT","2019-20",1067,152,3117662,20510.9342105263,27884609,24766947,23211.7591377694
"591502040000","SULLIVAN WEST CENTRAL SCHOOL DISTRICT","2020-21",1029,131,2546296,19437.3740458015,26916315,24370019,23683.2060252672
"591502040000","SULLIVAN WEST CENTRAL SCHOOL DISTRICT","2021-22",1026,132,2604465,19730.7954545455,29953146,27348681,26655.634502924
"591502040000","SULLIVAN WEST CSD","2022-23",1047,144,3080375,21391.4930555556,29932962,26852587,25647.1700095511
"591502040000","SULLIVAN WEST CENTRAL SCHOOL DISTRICT","2023-24",1080,159,3000578.94,18871.5656603774,34367811.46,31367232.52,29043.7338148148
"591502040000","SULLIVAN WEST CSD","2024-25",1045,138,3932929.29,28499.4876086957,36345084,32412154.71,31016.4159904306
"600101060000","WAVERLY CENTRAL SCHOOL DISTRICT","2018-19",1485,202,3409059,16876.5297029703,25773224,22364165,15060.0437710438
"600101060000","WAVERLY CENTRAL SCHOOL DISTRICT","2019-20",1496,220,3249766.09,14771.6640454545,26750398.28,23500632.19,15708.978736631
"600101060000","WAVERLY CENTRAL SCHOOL DISTRICT","2020-21",1490,211,1960328,9290.65402843602,25700760,23740432,15933.1758389262
"600101060000","WAVERLY CENTRAL SCHOOL DISTRICT","2021-22",1508,187,2122387,11349.6631016043,28468359,26345972,17470.8037135279
"600101060000","WAVERLY CSD","2022-23",1531,191,2503534,13107.5078534031,27556973,25053439,16364.1012410189
"600101060000","WAVERLY CENTRAL SCHOOL DISTRICT","2023-24",1603,203,3225599,15889.6502463054,33501079,30275480,18886.7623206488
"600101060000","WAVERLY CSD","2024-25",1604,198,5506151,27808.8434343434,37124341,31618190,19712.0885286783
"600301040000","CANDOR CENTRAL SCHOOL DISTRICT","2018-19",727,112,996139.96,8894.10678571429,14208569.73,13212429.77,18173.9061485557
"600301040000","CANDOR CENTRAL SCHOOL DISTRICT","2019-20",756,115,2262267.68,19671.8928695652,14659732.03,12397464.35,16398.7623677249
"600301040000","CANDOR CENTRAL SCHOOL DISTRICT","2020-21",732,127,1977923.57,15574.2013385827,15316230.28,13338306.71,18221.7304781421
"600301040000","CANDOR CENTRAL SCHOOL DISTRICT","2021-22",713,112,1905581,17014.1160714286,16835057,14929476,20938.9565217391
"600301040000","CANDOR CSD","2022-23",706,137,1035591.8,7559.06423357664,15582357.51,14546765.71,20604.4840084986
"600301040000","CANDOR CENTRAL SCHOOL DISTRICT","2023-24",701,148,1505493.63,10172.2542567568,17997756.75,16492263.12,23526.7662196862
"600301040000","CANDOR CSD","2024-25",707,149,2771455.69,18600.3737583893,19437957.04,16666501.35,23573.5521216407
"600402040000","NEWARK VALLEY CENTRAL SCHOOL DISTRICT","2018-19",1106,139,1969092,14166.1294964029,20116702,18147610,16408.3273056058
"600402040000","NEWARK VALLEY CENTRAL SCHOOL DISTRICT","2019-20",1112,136,2108909,15506.6838235294,20021129.63,17912220.63,16108.1120773381
"600402040000","NEWARK VALLEY CENTRAL SCHOOL DISTRICT","2020-21",1049,119,2068894,17385.6638655462,20140327.16,18071433.16,17227.2956720686
"600402040000","NEWARK VALLEY CENTRAL SCHOOL DISTRICT","2021-22",1039,131,2342284,17880.0305343511,22280716,19938432,19190.021174206
"600402040000","NEWARK VALLEY CSD","2022-23",1025,115,2430110,21131.3913043478,23209805.7,20779695.7,20272.8738536585
"600402040000","NEWARK VALLEY CENTRAL SCHOOL DISTRICT","2023-24",1007,141,2638196.45,18710.6131205674,26415186.36,23776989.91,23611.7079543198
"600402040000","NEWARK VALLEY CSD","2024-25",981,152,2562059.82,16855.6567105263,26152778.92,23590719.1,24047.6239551478
"600601060000","OWEGO-APALACHIN CENTRAL SCHOOL DISTRICT","2018-19",2029,334,4163710,12466.1976047904,36486836,32323126,15930.5697387876
"600601060000","OWEGO-APALACHIN CENTRAL SCHOOL DISTRICT","2019-20",2003,349,4048475,11600.2148997135,36413932.67,32365457.67,16158.4910983525
"600601060000","OWEGO-APALACHIN CENTRAL SCHOOL DISTRICT","2020-21",1885,302,3814023,12629.2152317881,36056942.22,32242919.22,17104.996933687
"600601060000","OWEGO-APALACHIN CENTRAL SCHOOL DISTRICT","2021-22",1945,305,4475580,14674.0327868852,40455915,35980335,18498.8868894602
"600601060000","OWEGO-APALACHIN CSD","2022-23",1923,264,4794786,18162.0681818182,42825714.83,38030928.83,19776.8740665627
"600601060000","OWEGO-APALACHIN CENTRAL SCHOOL DISTRICT","2023-24",1945,272,5184109.41,19059.2257720588,47819089.53,42634980.12,21920.2982622108
"600601060000","OWEGO-APALACHIN CSD","2024-25",1961,272,5201059.18,19121.5411029412,51324955.88,46123896.7,23520.6000509944
"600801040000","SPENCER-VAN ETTEN CENTRAL SCHOOL DISTRICT","2018-19",908,134,2753754,20550.4029850746,18524172,15770418,17368.3017621145
"600801040000","SPENCER-VAN ETTEN CENTRAL SCHOOL DISTRICT","2019-20",901,150,2910723,19404.82,19003336.12,16092613.12,17860.8358712542
"600801040000","SPENCER-VAN ETTEN CENTRAL SCHOOL DISTRICT","2020-21",801,138,1852415,13423.2971014493,18319223,16466808,20557.8127340824
"600801040000","SPENCER-VAN ETTEN CENTRAL SCHOOL DISTRICT","2021-22",819,138,1729629,12533.5434782609,19903574,18173945,22190.409035409
"600801040000","SPENCER-VAN ETTEN CSD","2022-23",808,135,1455161,10778.9703703704,21200969.02,19745808.02,24437.8812128713
"600801040000","SPENCER-VAN ETTEN CENTRAL SCHOOL DISTRICT","2023-24",802,144,3132888.13,21756.1675694444,23418815.35,20285927.22,25294.1735910224
"600801040000","SPENCER-VAN ETTEN CSD","2024-25",803,146,3961632.57,27134.4696575342,29086117,25124484.43,31288.2745080946
"600903040000","TIOGA CENTRAL SCHOOL DISTRICT","2018-19",936,90,887778,9864.2,13858874,12971096,13858.0085470085
"600903040000","TIOGA CENTRAL SCHOOL DISTRICT","2019-20",920,105,931405,8870.52380952381,14318592.57,13387187.57,14551.2908369565
"600903040000","TIOGA CENTRAL SCHOOL DISTRICT","2020-21",902,106,1106114,10435.0377358491,14219920.36,13113806.36,14538.5879822616
"600903040000","TIOGA CENTRAL SCHOOL DISTRICT","2021-22",906,87,1134527,13040.5402298851,15683416,14548889,16058.3763796909
"600903040000","TIOGA CSD","2022-23",888,94,1285998,13680.829787234,16880557.77,15594559.77,17561.4411824324
"600903040000","TIOGA CENTRAL SCHOOL DISTRICT","2023-24",900,109,1269682.8,11648.4660550459,19851174.87,18581492.07,20646.1023
"600903040000","TIOGA CSD","2024-25",874,111,1615377.68,14552.9520720721,21124299.04,19508921.36,22321.4203203661
"610301060000","DRYDEN CENTRAL SCHOOL DISTRICT","2018-19",1426,256,7396872,28894.03125,32963155,25566283,17928.6697054698
"610301060000","DRYDEN CENTRAL SCHOOL DISTRICT","2019-20",1410,266,6268239.27,23564.8092857143,31624054.23,25355814.96,17982.8474893617
"610301060000","DRYDEN CENTRAL SCHOOL DISTRICT","2020-21",1364,243,4143595.14,17051.8318518519,32174537.25,28030942.11,20550.544068915
"610301060000","DRYDEN CENTRAL SCHOOL DISTRICT","2021-22",1290,224,4032812,18003.625,32968636,28935824,22430.8713178295
"610301060000","DRYDEN CSD","2022-23",1282,214,4436190.14,20729.8604672897,35292519.75,30856329.61,24068.8998517941
"610301060000","DRYDEN CENTRAL SCHOOL DISTRICT","2023-24",1269,219,4809599.32,21961.6407305936,39863315.42,35053716.1,27623.1017336485
"610301060000","DRYDEN CSD","2024-25",1304,238,4942419.1,20766.4668067227,40556942.5,35614523.4,27311.7510736196
"610327020000","GEORGE JUNIOR REPUBLIC UNION FREE SCHOOL DISTRICT","2020-21",156,111,0,0,9456867.01,9456867.01,60620.9423717949
"610327020000","GEORGE JUNIOR REPUBLIC UNION FREE SCHOOL DISTRICT","2021-22",126,91,0,0,8314129,8314129,65985.1507936508
"610327020000","GEORGE JUNIOR REPUBLIC UNION FREE SCHOOL DISTRICT","2023-24",118,84,8743795,104092.797619048,8743795,0,0
"610501040000","GROTON CENTRAL SCHOOL DISTRICT","2018-19",851,111,2278148,20523.8558558559,16765014,14486866,17023.3443008226
"610501040000","GROTON CENTRAL SCHOOL DISTRICT","2019-20",853,112,879464,7852.35714285714,16537142.7,15657678.7,18356.0125439625
"610501040000","GROTON CENTRAL SCHOOL DISTRICT","2020-21",811,100,798986.39,7989.8639,16531493.59,15732507.2,19398.8991368681
"610501040000","GROTON CENTRAL SCHOOL DISTRICT","2021-22",800,96,1043486,10869.6458333333,12637351,11593865,14492.33125
"610501040000","GROTON CSD","2022-23",782,88,1021557.86,11608.6120454545,17698495.07,16676937.21,21326.0066624041
"610501040000","GROTON CENTRAL SCHOOL DISTRICT","2023-24",764,100,2287675,22876.75,21178847.15,18891172.15,24726.665117801
"610501040000","GROTON CSD","2024-25",784,99,2930282.79,29598.8160606061,19101458.11,16171175.32,20626.4991326531
"610600010000","ITHACA CITY SCHOOL DISTRICT","2018-19",5317,722,17939352.19,24846.7481855956,105335936.89,87396584.7,16437.1985518149
"610600010000","ITHACA CITY SCHOOL DISTRICT","2019-20",5200,749,11156422.45,14895.0900534045,105548230.13,94391807.68,18152.2707076923
"610600010000","ITHACA CITY SCHOOL DISTRICT","2020-21",4928,725,17330190,23903.7103448276,108998856,91668666,18601.5961850649
"610600010000","ITHACA CITY SCHOOL DISTRICT","2021-22",4860,770,25319336,32882.2545454545,114796977,89477641,18411.0372427984
"610600010000","ITHACA CITY SD","2022-23",4965,813,12973289.31,15957.3054243542,120720080.57,107746791.26,21701.267121853
"610600010000","ITHACA CITY SCHOOL DISTRICT","2023-24",5019,894,0,0,139066603.28,139066603.28,27708.0301414624
"610600010000","ITHACA CITY SD","2024-25",4987,913,0,0,140274822.72,140274822.72,28128.0975977542
"610801040000","LANSING CENTRAL SCHOOL DISTRICT","2018-19",1159,144,1840435.29,12780.800625,24087601.02,22247165.73,19195.1386798965
"610801040000","LANSING CENTRAL SCHOOL DISTRICT","2019-20",1187,136,4422684.76,32519.7408823529,25789321.23,21366636.47,18000.5362005055
"610801040000","LANSING CENTRAL SCHOOL DISTRICT","2020-21",1185,161,6351536.18,39450.5352795031,24998591.42,18647055.24,15735.9115949367
"610801040000","LANSING CENTRAL SCHOOL DISTRICT","2021-22",1160,153,3976938,25993.0588235294,27508513,23531575,20285.8405172414
"610801040000","LANSING CSD","2022-23",1153,155,2196725.07,14172.4198064516,29131898.17,26935173.1,23360.948048569
"610801040000","LANSING CENTRAL SCHOOL DISTRICT","2023-24",1148,160,0,0,33523718.68,33523718.68,29201.8455400697
"610801040000","LANSING CSD","2024-25",1117,155,5305967.21,34232.046516129,36060996.58,30755029.37,27533.5983616831
"610901040000","NEWFIELD CENTRAL SCHOOL DISTRICT","2018-19",785,153,6962084,45503.8169934641,23995850,17033766,21699.0649681529
"610901040000","NEWFIELD CENTRAL SCHOOL DISTRICT","2019-20",780,162,3994035,24654.537037037,17501822,13507787,17317.6756410256
"610901040000","NEWFIELD CENTRAL SCHOOL DISTRICT","2020-21",701,152,2070633.99,13622.5920394737,17056558.49,14985924.5,21377.9236804565
"610901040000","NEWFIELD CENTRAL SCHOOL DISTRICT","2021-22",709,153,2085154,13628.4575163399,18038570,15953416,22501.2919605078
"610901040000","NEWFIELD CSD","2022-23",689,151,2040319.99,13512.0529139073,18659104.3,16618784.31,24120.1513933237
"610901040000","NEWFIELD CENTRAL SCHOOL DISTRICT","2023-24",654,155,4939138.27,31865.4081935484,21742263.28,16803125.01,25692.8516972477
"610901040000","NEWFIELD CSD","2024-25",638,154,4857773.71,31543.9851298701,22057123.37,17199349.66,26958.22830721
"611001040000","TRUMANSBURG CENTRAL SCHOOL DISTRICT","2018-19",1055,181,3987936,22032.7955801105,22328609,18340673,17384.5241706161
"611001040000","TRUMANSBURG CENTRAL SCHOOL DISTRICT","2019-20",1043,191,2852112,14932.5235602094,21787714,18935602,18154.9395973154
"611001040000","TRUMANSBURG CENTRAL SCHOOL DISTRICT","2020-21",969,165,2659128,16115.9272727273,22342108.49,19682980.49,20312.6733642931
"611001040000","TRUMANSBURG CENTRAL SCHOOL DISTRICT","2021-22",979,176,2118079,12034.5397727273,25400823,23282744,23782.1695607763
"611001040000","TRUMANSBURG CSD","2022-23",972,164,2434890,14846.8902439024,25905080.53,23470190.53,24146.2865534979
"611001040000","TRUMANSBURG CENTRAL SCHOOL DISTRICT","2023-24",962,176,2974755.7,16902.0210227273,26859753.27,23884997.57,24828.4798024948
"611001040000","TRUMANSBURG CSD","2024-25",957,167,3019287,18079.5628742515,26728091.4,23708804.4,24774.0902821317
"620600010000","KINGSTON CITY SCHOOL DISTRICT","2018-19",6468,1384,30411524,21973.6445086705,146597717,116186193,17963.2333024119
"620600010000","KINGSTON CITY SCHOOL DISTRICT","2019-20",6462,1344,30108932,22402.4791666667,148541520,118432588,18327.5437944909
"620600010000","KINGSTON CITY SCHOOL DISTRICT","2020-21",6189,1249,30039450,24050.8006405124,149889445,119849995,19365.0016157699
"620600010000","KINGSTON CITY SCHOOL DISTRICT","2021-22",6134,1223,28505253,23307.6475878986,163711801,135206548,22042.1499836974
"620600010000","KINGSTON CITY SD","2022-23",6017,1254,26670893.79,21268.6553349282,175096156.97,148425263.18,24667.6521821506
"620600010000","KINGSTON CITY SCHOOL DISTRICT","2023-24",6090,1366,35747077.3,26169.1634699854,200791135.26,165044057.96,27100.8305353038
"620600010000","KINGSTON CITY SD","2024-25",5871,1404,21610146.82,15391.8424643875,214036545.76,192426398.94,32775.7450076648
"620803040000","HIGHLAND CENTRAL SCHOOL DISTRICT","2018-19",1698,247,5372236,21749.9433198381,37167355,31795119,18725.0406360424
"620803040000","HIGHLAND CENTRAL SCHOOL DISTRICT","2019-20",1666,237,4823652,20352.9620253165,37285425,32461773,19484.8577430972
"620803040000","HIGHLAND CENTRAL SCHOOL DISTRICT","2020-21",1575,236,7469501.75,31650.4311440678,36554857.4,29085355.65,18466.8924761905
"620803040000","HIGHLAND CENTRAL SCHOOL DISTRICT","2021-22",1573,254,3675347,14469.8700787402,37355738,33680391,21411.5645263827
"620803040000","HIGHLAND CSD","2022-23",1528,271,3815536.51,14079.4705166052,40968239.4,37152702.89,24314.596132199
"620803040000","HIGHLAND CENTRAL SCHOOL DISTRICT","2023-24",1549,261,5193078.65,19896.8530651341,45540016,40346937.35,26047.0867333764
"620803040000","HIGHLAND CSD","2024-25",1526,277,3881976.98,14014.3573285199,46044892.92,42162915.94,27629.695897772
"620901060000","RONDOUT VALLEY CENTRAL SCHOOL DISTRICT","2018-19",1989,394,6774787.2,17194.8913705584,53614419.64,46839632.44,23549.3375766717
"620901060000","RONDOUT VALLEY CENTRAL SCHOOL DISTRICT","2019-20",1892,380,6641674.44,17478.0906315789,54292814.69,47651140.25,25185.5920983087
"620901060000","RONDOUT VALLEY CENTRAL SCHOOL DISTRICT","2020-21",1739,373,6427437.1,17231.7348525469,51219318.24,44791881.14,25757.2634502588
"620901060000","RONDOUT VALLEY CENTRAL SCHOOL DISTRICT","2021-22",1718,379,7602759,20060.0501319261,56766334,49163575,28616.7491268917
"620901060000","RONDOUT VALLEY CSD","2022-23",1663,369,7033458,19060.8617886179,59177960,52144502,31355.6837041491
"620901060000","RONDOUT VALLEY CENTRAL SCHOOL DISTRICT","2023-24",1781,393,0,0,66492542.89,66492542.89,37334.3867995508
"620901060000","RONDOUT VALLEY CSD","2024-25",1693,394,0,0,64645589.35,64645589.35,38184.0456881276
"621001060000","MARLBORO CENTRAL SCHOOL DISTRICT","2018-19",1895,343,7583094.96,22108.1485714286,40242810.86,32659715.9,17234.6785751979
"621001060000","MARLBORO CENTRAL SCHOOL DISTRICT","2019-20",1891,327,7860963,24039.6422018349,41157422.05,33296459.05,17607.8577736647
"621001060000","MARLBORO CENTRAL SCHOOL DISTRICT","2020-21",1809,313,8214171.83,26243.3604792332,42977454.58,34763282.75,19216.8506080708
"621001060000","MARLBORO CENTRAL SCHOOL DISTRICT","2021-22",1857,340,6275683,18457.8911764706,47270775,40995092,22075.9784598815
"621001060000","MARLBORO CSD","2022-23",1822,337,6399206.39,18988.7429970326,47832645.99,41433439.6,22740.6364434687
"621001060000","MARLBORO CENTRAL SCHOOL DISTRICT","2023-24",1918,338,6245921.63,18479.0580769231,59187079.34,52941157.71,27602.2720072993
"621001060000","MARLBORO CSD","2024-25",1849,341,6161650.51,18069.3563343109,56046399.65,49884749.14,26979.3126771228
"621101060000","NEW PALTZ CENTRAL SCHOOL DISTRICT","2018-19",2096,343,6785782,19783.6209912536,14345595,7559813,3606.78101145038
"621101060000","NEW PALTZ CENTRAL SCHOOL DISTRICT","2019-20",2037,325,11487440,35345.9692307692,51118478,39631038,19455.5905743741
"621101060000","NEW PALTZ CENTRAL SCHOOL DISTRICT","2020-21",1898,318,10451672,32866.893081761,51911998,41460326,21844.2181243414
"621101060000","NEW PALTZ CENTRAL SCHOOL DISTRICT","2021-22",1763,322,7281477,22613.2826086957,54951417,47669940,27039.1038003403
"621101060000","NEW PALTZ CSD","2022-23",1776,342,5991831.67,17519.9756432749,55922876.84,49931045.17,28114.3272353604
"621101060000","NEW PALTZ CENTRAL SCHOOL DISTRICT","2023-24",1789,343,9620073.22,28046.8606997085,65466048.02,55845974.8,31216.307881498
"621101060000","NEW PALTZ CSD","2024-25",1674,326,9261747.61,28410.2687423313,65316770.98,56055023.37,33485.6770430107
"621201060000","ONTEORA CENTRAL SCHOOL DISTRICT","2018-19",1257,242,6315656.96,26097.7560330579,46423880.24,40108223.28,31907.8944152745
"621201060000","ONTEORA CENTRAL SCHOOL DISTRICT","2019-20",1201,247,12726120.28,51522.7541700405,46377769.16,33651648.88,28019.690990841
"621201060000","ONTEORA CENTRAL SCHOOL DISTRICT","2020-21",1187,241,6542567.69,27147.5837759336,45886897.83,39344330.14,33146.0237068239
"621201060000","ONTEORA CENTRAL SCHOOL DISTRICT","2021-22",1110,224,4923280,21978.9285714286,45785447,40862167,36812.7630630631
"621201060000","ONTEORA CSD","2022-23",1095,211,8995940,42634.7867298578,48082837,39086897,35695.796347032
"621201060000","ONTEORA CENTRAL SCHOOL DISTRICT","2023-24",1103,194,7216460.28,37198.2488659794,56898436,49681975.72,45042.5890480508
"621201060000","ONTEORA CSD","2024-25",1043,193,0,0,55978988.49,55978988.49,53671.1299041227
"621601060000","SAUGERTIES CENTRAL SCHOOL DISTRICT","2018-19",2557,504,6232179.23,12365.4349801587,53871662.6,47639483.37,18631.0064020336
"621601060000","SAUGERTIES CENTRAL SCHOOL DISTRICT","2019-20",2449,469,6368399.58,13578.6771428571,53864927.17,47496527.59,19394.2538138016
"621601060000","SAUGERTIES CENTRAL SCHOOL DISTRICT","2020-21",2334,437,7518846.71,17205.5988787185,52001032.12,44482185.41,19058.3485047129
"621601060000","SAUGERTIES CENTRAL SCHOOL DISTRICT","2021-22",2297,410,9216680,22479.7073170732,57572992,48356312,21051.9425337397
"621601060000","SAUGERTIES CSD","2022-23",2241,394,9198255.17,23345.8253045685,59006908.61,49808653.44,22226.0836412316
"621601060000","SAUGERTIES CENTRAL SCHOOL DISTRICT","2023-24",2348,399,9573746.53,23994.3522055138,67662905.3,58089158.77,24739.8461541738
"621601060000","SAUGERTIES CSD","2024-25",2287,453,13870624.65,30619.4804635762,72304148.03,58433523.38,25550.2944381286
"621801060000","WALLKILL CENTRAL SCHOOL DISTRICT","2018-19",2856,387,8820422,22791.7881136951,61972255,53151833,18610.5857843137
"621801060000","WALLKILL CENTRAL SCHOOL DISTRICT","2019-20",2831,394,8723939,22141.9771573604,61606628,52882689,18679.8618862593
"621801060000","WALLKILL CENTRAL SCHOOL DISTRICT","2020-21",2786,379,9677889,25535.327176781,63797376,54119487,19425.515793252
"621801060000","WALLKILL CENTRAL SCHOOL DISTRICT","2021-22",2766,403,6254900,15520.8436724566,64881871,58626971,21195.5788141721
"621801060000","WALLKILL CSD","2022-23",2743,406,6579391,16205.3965517241,67103192,60523801,22064.8199052133
"621801060000","WALLKILL CENTRAL SCHOOL DISTRICT","2023-24",2825,441,12120906.75,27485.0493197279,81750915.39,69630008.64,24647.7906690265
"621801060000","WALLKILL CSD","2024-25",2706,415,13025957.2,31387.8486746988,84064338.21,71038381.01,26252.1733222469
"622002060000","ELLENVILLE CENTRAL SCHOOL DISTRICT","2018-19",1595,280,3825295,13661.7678571429,44398356,40573061,25437.655799373
"622002060000","ELLENVILLE CENTRAL SCHOOL DISTRICT","2019-20",1561,285,3725831,13073.0912280702,41330207,37604376,24089.9269698911
"622002060000","ELLENVILLE CENTRAL SCHOOL DISTRICT","2020-21",1490,275,3427334,12463.0327272727,38780629,35353295,23727.0436241611
"622002060000","ELLENVILLE CENTRAL SCHOOL DISTRICT","2021-22",1462,271,3706756,13678.0664206642,42377893,38671137,26450.8461012312
"622002060000","ELLENVILLE CSD","2022-23",1406,279,4056648,14539.9569892473,47148126,43091478,30648.2773826458
"622002060000","ELLENVILLE CENTRAL SCHOOL DISTRICT","2023-24",1394,295,11204724,37982.1152542373,53219465,42014741,30139.6994261119
"622002060000","ELLENVILLE CSD","2024-25",1426,316,11234957,35553.6613924051,61580778,50345821,35305.6248246844
"630101040000","BOLTON CENTRAL SCHOOL DISTRICT","2018-19",187,18,525881,29215.6111111111,7792281,7266400,38857.7540106952
"630101040000","BOLTON CENTRAL SCHOOL DISTRICT","2019-20",199,21,550903,26233.4761904762,7733315,7182412,36092.5226130653
"630101040000","BOLTON CENTRAL SCHOOL DISTRICT","2020-21",179,17,522019,30707,7592960,7070941,39502.4636871508
"630101040000","BOLTON CENTRAL SCHOOL DISTRICT","2021-22",163,13,461343,35487.9230769231,7685738,7224395,44321.4417177914
"630101040000","BOLTON CSD","2022-23",181,16,469778,29361.125,7656038,7186260,39703.0939226519
"630101040000","BOLTON CENTRAL SCHOOL DISTRICT","2023-24",180,13,538996,41461.2307692308,8525280,7986284,44368.2444444444
"630101040000","BOLTON CSD","2024-25",165,8,755819.24,94477.405,9018234,8262414.76,50075.240969697
"630202040000","NORTH WARREN CENTRAL SCHOOL DISTRICT","2018-19",522,55,893742,16249.8545454545,11145436,10251694,19639.2605363985
"630202040000","NORTH WARREN CENTRAL SCHOOL DISTRICT","2019-20",509,51,1099132,21551.6078431373,11417693,10318561,20272.2220039293
"630202040000","NORTH WARREN CENTRAL SCHOOL DISTRICT","2020-21",475,47,1348952,28701.1063829787,11293853,9944901,20936.6336842105
"630202040000","NORTH WARREN CENTRAL SCHOOL DISTRICT","2021-22",477,44,927929,21089.2954545455,12080392,11152463,23380.4255765199
"630202040000","NORTH WARREN CSD","2022-23",465,40,1105123,27628.075,13254562,12149439,26127.8258064516
"630202040000","NORTH WARREN CENTRAL SCHOOL DISTRICT","2023-24",472,48,2081506,43364.7083333333,12649315,10567809,22389.4258474576
"630202040000","NORTH WARREN CSD","2024-25",470,56,1912038,34143.5357142857,13860270,11948232,25421.770212766
"630300010000","GLENS FALLS CITY SCHOOL DISTRICT","2018-19",2099,356,5326732,14962.7303370787,35650437,30323705,14446.7389232968
"630300010000","GLENS FALLS CITY SCHOOL DISTRICT","2019-20",2058,374,4628087,12374.564171123,35257453,30629366,14883.0738581147
"630300010000","GLENS FALLS CITY SCHOOL DISTRICT","2020-21",1956,349,4729415,13551.3323782235,35994614,31265199,15984.2530674847
"630300010000","GLENS FALLS CITY SCHOOL DISTRICT","2021-22",1990,342,4484780,13113.3918128655,37886017,33401237,16784.5412060301
"630300010000","GLENS FALLS CITY SD","2022-23",1951,311,0,0,44433378.89,44433378.89,22774.6688313685
"630300010000","GLENS FALLS CITY SCHOOL DISTRICT","2023-24",1988,355,8956974.4,25230.9138028169,49478114.02,40521139.62,20382.8670120724
"630300010000","GLENS FALLS CITY SD","2024-25",1971,388,9018759.62,23244.2258247423,51763127.15,42744367.53,21686.6400456621
"630601040000","JOHNSBURG CENTRAL SCHOOL DISTRICT","2018-19",326,45,5713747,126972.155555556,8204595,2490848,7640.63803680982
"630601040000","JOHNSBURG CENTRAL SCHOOL DISTRICT","2019-20",311,44,729616,16582.1818181818,8438366,7708750,24786.9774919614
"630601040000","JOHNSBURG CENTRAL SCHOOL DISTRICT","2020-21",302,43,1291526,30035.488372093,8684200,7392674,24479.0529801325
"630601040000","JOHNSBURG CENTRAL SCHOOL DISTRICT","2021-22",297,42,1149150,27360.7142857143,8819386,7670236,25825.7104377104
"630601040000","JOHNSBURG CSD","2022-23",278,48,1133303,23610.4791666667,9174073,8040770,28923.6330935252
"630601040000","JOHNSBURG CENTRAL SCHOOL DISTRICT","2023-24",251,43,1012217.47,23539.9411627907,11263077.9,10250860.43,40840.0813944223
"630601040000","JOHNSBURG CSD","2024-25",244,39,937035.72,24026.5569230769,11123883.81,10186848.09,41749.3774180328
"630701040000","LAKE GEORGE CENTRAL SCHOOL DISTRICT","2018-19",749,95,2327200,24496.8421052632,20311560,17984360,24011.1615487316
"630701040000","LAKE GEORGE CENTRAL SCHOOL DISTRICT","2019-20",722,89,2117281,23789.6741573034,20606241,18488960,25607.9778393352
"630701040000","LAKE GEORGE CENTRAL SCHOOL DISTRICT","2020-21",699,97,1987029,20484.8350515464,20641582,18654553,26687.4864091559
"630701040000","LAKE GEORGE CENTRAL SCHOOL DISTRICT","2021-22",645,99,1971571,19914.8585858586,20792816,18821245,29180.2248062015
"630701040000","LAKE GEORGE CSD","2022-23",630,87,2076090,23863.1034482759,21707554,19631464,31161.053968254
"630701040000","LAKE GEORGE CENTRAL SCHOOL DISTRICT","2023-24",606,83,2991501.1,36042.1819277108,23424594.15,20433093.05,33717.975330033
"630701040000","LAKE GEORGE CSD","2024-25",595,79,3069165.91,38850.2013924051,23846560.33,20777394.42,34919.9906218487
"630801040000","HADLEY-LUZERNE CENTRAL SCHOOL DISTRICT","2018-19",657,101,3103729,30729.9900990099,17248804,14145075,21529.7945205479
"630801040000","HADLEY-LUZERNE CENTRAL SCHOOL DISTRICT","2019-20",665,117,2544845,21750.811965812,16823882,14279037,21472.2360902256
"630801040000","HADLEY-LUZERNE CENTRAL SCHOOL DISTRICT","2020-21",635,114,2848432,24986.2456140351,18073794,15225362,23976.9480314961
"630801040000","HADLEY-LUZERNE CENTRAL SCHOOL DISTRICT","2021-22",651,108,2986172,27649.7407407407,19037298,16051126,24656.1075268817
"630801040000","HADLEY-LUZERNE CSD","2022-23",644,110,2969078,26991.6181818182,19792990,16823912,26124.0869565217
"630801040000","HADLEY-LUZERNE CENTRAL SCHOOL DISTRICT","2023-24",631,109,1089577,9996.11926605505,22143845,21054268,33366.5103011094
"630801040000","HADLEY-LUZERNE CSD","2024-25",625,112,2916914.32,26043.8778571429,22381415.11,19464500.79,31143.201264
"630902030000","QUEENSBURY UNION FREE SCHOOL DISTRICT","2018-19",3196,506,2495864,4932.53754940711,50654566,48158702,15068.4299123905
"630902030000","QUEENSBURY UNION FREE SCHOOL DISTRICT","2019-20",3135,502,6157401,12265.7390438247,51878682,45721281,14584.1406698565
"630902030000","QUEENSBURY UNION FREE SCHOOL DISTRICT","2020-21",3054,502,8959622,17847.8525896414,58406839,49447217,16190.9682383759
"630902030000","QUEENSBURY UNION FREE SCHOOL DISTRICT","2021-22",3063,502,7216511,14375.5199203187,53018720,45802209,14953.3819784525
"630902030000","QUEENSBURY UFSD","2022-23",3007,498,9170552,18414.7630522088,55984133,46813581,15568.2011972065
"630902030000","QUEENSBURY UNION FREE SCHOOL DISTRICT","2023-24",3057,560,9151600,16342.1428571429,65446321,56294721,18415.0215897939
"630902030000","QUEENSBURY UFSD","2024-25",3028,543,9402366,17315.591160221,66573472,57171106,18880.8143989432
"630918080000","GLENS FALLS COMMON SCHOOL DISTRICT","2018-19",163,39,693736,17788.1025641026,3128834,2435098,14939.2515337423
"630918080000","GLENS FALLS COMMON SCHOOL DISTRICT","2019-20",157,35,865246,24721.3142857143,3637620.74,2772374.74,17658.4378343949
"630918080000","GLENS FALLS COMMON SCHOOL DISTRICT","2020-21",152,41,1057649,25796.3170731707,5056015,3998366,26305.0394736842
"630918080000","GLENS FALLS COMMON SCHOOL DISTRICT","2021-22",159,40,686315,17157.875,0,-686315,-4316.4465408805
"630918080000","GLENS FALLS COMN SD","2022-23",155,45,376512,8366.93333333333,5240278,4863766,31379.135483871
"630918080000","GLENS FALLS COMMON SCHOOL DISTRICT","2023-24",143,43,872237,20284.5813953488,3710431.74,2838194.74,19847.5156643357
"630918080000","GLENS FALLS COMN SD","2024-25",138,32,483454,15107.9375,3573725,3090271,22393.268115942
"631201040000","WARRENSBURG CENTRAL SCHOOL DISTRICT","2018-19",725,129,2567998,19906.9612403101,16808006,14240008,19641.3903448276
"631201040000","WARRENSBURG CENTRAL SCHOOL DISTRICT","2019-20",686,138,2458273,17813.5724637681,16182772,13724499,20006.5583090379
"631201040000","WARRENSBURG CENTRAL SCHOOL DISTRICT","2020-21",650,122,2511269,20584.1721311475,16611539,14100270,21692.7230769231
"631201040000","WARRENSBURG CENTRAL SCHOOL DISTRICT","2021-22",672,136,2463114,18111.1323529412,17940023,15476909,23031.1145833333
"631201040000","WARRENSBURG CSD","2022-23",663,117,2598308,22207.7606837607,18054346,15456038,23312.2745098039
"631201040000","WARRENSBURG CENTRAL SCHOOL DISTRICT","2023-24",627,119,3317253,27876.0756302521,21445815,18128562,28913.1770334928
"631201040000","WARRENSBURG CSD","2024-25",587,117,3290260,28121.8803418803,22467860,19177600,32670.528109029
"640101040000","ARGYLE CENTRAL SCHOOL DISTRICT","2018-19",489,73,728054,9973.34246575343,10793109.8,10065055.8,20582.936196319
"640101040000","ARGYLE CENTRAL SCHOOL DISTRICT","2019-20",480,66,2347252,35564.4242424242,11165847,8818595,18372.0729166667
"640101040000","ARGYLE CENTRAL SCHOOL DISTRICT","2020-21",448,61,1573221,25790.5081967213,9990605,8417384,18788.8035714286
"640101040000","ARGYLE CENTRAL SCHOOL DISTRICT","2021-22",479,63,1389585,22056.9047619048,11039229,9649644,20145.3945720251
"640101040000","ARGYLE CSD","2022-23",493,64,1461978,22843.40625,11667289,10205311,20700.4279918864
"640101040000","ARGYLE CENTRAL SCHOOL DISTRICT","2023-24",497,79,2175833,27542.1898734177,13626220,11450387,23039.0080482897
"640101040000","ARGYLE CSD","2024-25",500,81,2273712,28070.5185185185,14431962,12158250,24316.5
"640502040000","FORT ANN CENTRAL SCHOOL DISTRICT","2018-19",468,67,1883981,28119.1194029851,10485897,8601916,18380.1623931624
"640502040000","FORT ANN CENTRAL SCHOOL DISTRICT","2019-20",451,58,2178102,37553.4827586207,10609228,8431126,18694.2926829268
"640502040000","FORT ANN CENTRAL SCHOOL DISTRICT","2020-21",421,55,2322017,42218.4909090909,11095836,8773819,20840.4251781473
"640502040000","FORT ANN CENTRAL SCHOOL DISTRICT","2021-22",436,53,2188063,41284.2075471698,11490499,9302436,21335.8623853211
"640502040000","FORT ANN CSD","2022-23",458,65,1369614,21070.9846153846,11218003,9848389,21503.0327510917
"640502040000","FORT ANN CENTRAL SCHOOL DISTRICT","2023-24",442,67,2379423.12,35513.7779104478,15224039.25,12844616.13,29060.2174886878
"640502040000","FORT ANN CSD","2024-25",458,74,2517612.17,34021.7860810811,15825518.93,13307906.76,29056.5649781659
"640601020000","FORT EDWARD UNION FREE SCHOOL DISTRICT","2018-19",475,74,1793786,24240.3513513513,12136006,10342220,21773.0947368421
"640601020000","FORT EDWARD UNION FREE SCHOOL DISTRICT","2019-20",465,87,1918657,22053.5287356322,10542519,8623862,18545.9397849462
"640601020000","FORT EDWARD UNION FREE SCHOOL DISTRICT","2020-21",401,75,1474846,19664.6133333333,8419351,6944505,17317.9675810474
"640601020000","FORT EDWARD UNION FREE SCHOOL DISTRICT","2021-22",389,71,1141601,16078.8873239437,9287038,8145437,20939.4267352185
"640601020000","FORT EDWARD UFSD","2022-23",384,69,1276296,18497.0434782609,10393997,9117701,23744.0130208333
"640601020000","FORT EDWARD UNION FREE SCHOOL DISTRICT","2023-24",378,74,1669736,22564,11584386,9914650,26229.2328042328
"640601020000","FORT EDWARD UFSD","2024-25",366,88,2065825,23475.2840909091,12243447,10177622,27807.7103825137
"640701040000","GRANVILLE CENTRAL SCHOOL DISTRICT","2018-19",1114,200,2319217,11596.085,19725339,17406122,15624.8850987433
"640701040000","GRANVILLE CENTRAL SCHOOL DISTRICT","2019-20",1071,195,2611966.23,13394.6986153846,19608902.5,16996936.27,15870.1552474323
"640701040000","GRANVILLE CENTRAL SCHOOL DISTRICT","2020-21",1028,204,2472059.55,12117.9389705882,18678835.01,16206775.46,15765.3457782101
"640701040000","GRANVILLE CENTRAL SCHOOL DISTRICT","2021-22",1024,205,2063802,10067.3268292683,21402984,19339182,18885.919921875
"640701040000","GRANVILLE CSD","2022-23",1010,203,2149402.74,10588.1908374384,22409648.65,20260245.91,20059.6494158416
"640701040000","GRANVILLE CENTRAL SCHOOL DISTRICT","2023-24",1012,199,2297756.29,11546.5140201005,25029399.83,22731643.54,22462.0983596838
"640701040000","GRANVILLE CSD","2024-25",977,215,2809004.23,13065.1359534884,27135660.52,24326656.29,24899.341136131
"640801040000","GREENWICH CENTRAL SCHOOL DISTRICT","2018-19",960,140,2335972,16685.5142857143,18405173,16069201,16738.7510416667
"640801040000","GREENWICH CENTRAL SCHOOL DISTRICT","2019-20",945,140,2104607.13,15032.9080714286,17625807.93,15521200.8,16424.5511111111
"640801040000","GREENWICH CENTRAL SCHOOL DISTRICT","2020-21",921,144,2055034.51,14271.0729861111,17366739.54,15311705.03,16625.0868946797
"640801040000","GREENWICH CENTRAL SCHOOL DISTRICT","2021-22",896,138,1431194,10370.9710144928,18203288,16772094,18718.8549107143
"640801040000","GREENWICH CSD","2022-23",895,141,1483240.09,10519.4332624113,19307445.11,17824205.02,19915.3128715084
"640801040000","GREENWICH CENTRAL SCHOOL DISTRICT","2023-24",863,156,2201690.42,14113.4001282051,21752648.57,19550958.15,22654.644438007
"640801040000","GREENWICH CSD","2024-25",862,154,1507048.15,9786.02694805195,22993305.71,21486257.56,24926.0528538283
"641001040000","HARTFORD CENTRAL SCHOOL DISTRICT","2018-19",422,81,1026350,12670.987654321,9653400,8627050,20443.2464454976
"641001040000","HARTFORD CENTRAL SCHOOL DISTRICT","2019-20",429,89,1002510,11264.1573033708,9227704,8225194,19172.9463869464
"641001040000","HARTFORD CENTRAL SCHOOL DISTRICT","2020-21",398,71,712641,10037.1971830986,8981636,8268995,20776.3693467337
"641001040000","HARTFORD CENTRAL SCHOOL DISTRICT","2021-22",396,74,748151,10110.1486486486,9942695,9194544,23218.5454545455
"641001040000","HARTFORD CSD","2022-23",388,80,593215,7415.1875,10352754,9759539,25153.4510309278
"641001040000","HARTFORD CENTRAL SCHOOL DISTRICT","2023-24",364,80,1302979.35,16287.241875,12621437.86,11318458.51,31094.6662362637
"641001040000","HARTFORD CSD","2024-25",352,84,999743.27,11901.7055952381,12654948.44,11655205.17,33111.3783238636
"641301060000","HUDSON FALLS CENTRAL SCHOOL DISTRICT","2018-19",2375,469,6258517.5,13344.3869936034,34656761.23,28398243.73,11957.1552547368
"641301060000","HUDSON FALLS CENTRAL SCHOOL DISTRICT","2019-20",2379,500,5838995.19,11677.99038,33488411.66,27649416.47,11622.2851912568
"641301060000","HUDSON FALLS CENTRAL SCHOOL DISTRICT","2020-21",2240,478,5636664.28,11792.1846861925,34188341.11,28551676.83,12746.2842991071
"641301060000","HUDSON FALLS CENTRAL SCHOOL DISTRICT","2021-22",2246,465,6436965,13842.935483871,37658761,31221796,13901.0667853963
"641301060000","HUDSON FALLS CSD","2022-23",2175,445,6757709.1,15185.8631460674,40414282.24,33656573.14,15474.2865011494
"641301060000","HUDSON FALLS CENTRAL SCHOOL DISTRICT","2023-24",2163,486,5186136.55,10671.0628600823,63087530,57901393.45,26769.0214748035
"641301060000","HUDSON FALLS CSD","2024-25",2101,510,5647778.27,11074.0750392157,49567193.87,43919415.6,20904.0531175631
"641401040000","PUTNAM CENTRAL SCHOOL DISTRICT","2018-19",0,0,110079,,1482093,1372014,
"641401040000","PUTNAM CENTRAL SCHOOL DISTRICT","2019-20",32,5,0,0,736299.76,736299.76,23009.3675
"641401040000","PUTNAM CENTRAL SCHOOL DISTRICT","2020-21",38,2,0,0,1540692,1540692,40544.5263157895
"641401040000","PUTNAM CENTRAL SCHOOL DISTRICT","2021-22",50,2,0,0,1563388,1563388,31267.76
"641401040000","PUTNAM CSD","2022-23",47,4,0,0,1687850,1687850,35911.7021276596
"641401040000","PUTNAM CENTRAL SCHOOL DISTRICT","2023-24",38,4,160061,40015.25,2442080,2282019,60053.1315789474
"641401040000","PUTNAM CSD","2024-25",28,3,146597,48865.6666666667,2126578,1979981,70713.6071428571
"641501040000","SALEM CENTRAL SCHOOL DISTRICT","2018-19",549,81,1407903.09,17381.5196296296,10302963.56,8895060.47,16202.2959380692
"641501040000","SALEM CENTRAL SCHOOL DISTRICT","2019-20",556,89,1804298.81,20273.0203370787,10836087.83,9031789.02,16244.2248561151
"641501040000","SALEM CENTRAL SCHOOL DISTRICT","2020-21",540,81,2147182.45,26508.425308642,10924065.93,8776883.48,16253.4879259259
"641501040000","SALEM CENTRAL SCHOOL DISTRICT","2021-22",562,85,2235267,26297.2588235294,12257560,10022293,17833.2615658363
"641501040000","SALEM CSD","2022-23",557,85,2112970.79,24858.4798823529,13068847.14,10955876.35,19669.4368940754
"641501040000","SALEM CENTRAL SCHOOL DISTRICT","2023-24",540,96,2490414.17,25941.8142708333,14679649.1,12189234.93,22572.6572777778
"641501040000","SALEM CSD","2024-25",525,89,3355470.47,37701.9153932584,15760675.24,12405204.77,23628.9614666667
"641610040000","CAMBRIDGE CENTRAL SCHOOL DISTRICT","2018-19",868,131,1695979.57,12946.4089312977,17303337.75,15607358.18,17980.8273963134
"641610040000","CAMBRIDGE CENTRAL SCHOOL DISTRICT","2019-20",823,141,1889124.88,13398.0487943262,16663858.43,14774733.55,17952.2886391252
"641610040000","CAMBRIDGE CENTRAL SCHOOL DISTRICT","2020-21",779,137,1857820.83,13560.7359854015,16726815.4,14868994.57,19087.2844287548
"641610040000","CAMBRIDGE CENTRAL SCHOOL DISTRICT","2021-22",817,154,1604669,10419.9285714286,17468186,15863517,19416.7894736842
"641610040000","CAMBRIDGE CSD","2022-23",810,151,3175667,21030.9072847682,19168773,15993106,19744.575308642
"641610040000","CAMBRIDGE CENTRAL SCHOOL DISTRICT","2023-24",805,136,2269073.5,16684.3639705882,22105463.86,19836390.36,24641.4787080745
"641610040000","CAMBRIDGE CSD","2024-25",780,145,2991343.46,20629.9548965517,22237433.49,19246090.03,24674.4743974359
"641701060000","WHITEHALL CENTRAL SCHOOL DISTRICT","2018-19",718,135,1513864,11213.8074074074,13924250.01,12410386.01,17284.6601810585
"641701060000","WHITEHALL CENTRAL SCHOOL DISTRICT","2019-20",719,134,1701300,12696.2686567164,15078131,13376831,18604.7719054242
"641701060000","WHITEHALL CENTRAL SCHOOL DISTRICT","2020-21",693,115,468162,4070.97391304348,15612674,15144512,21853.5526695527
"641701060000","WHITEHALL CENTRAL SCHOOL DISTRICT","2021-22",731,118,219758,1862.35593220339,16801423,16581665,22683.53625171
"641701060000","WHITEHALL CSD","2022-23",673,123,1853726,15070.9430894309,18391691,16537965,24573.4992570579
"641701060000","WHITEHALL CENTRAL SCHOOL DISTRICT","2023-24",675,139,3289236,23663.5683453237,18560975,15271739,22624.7985185185
"641701060000","WHITEHALL CSD","2024-25",657,142,3307083,23289.3169014085,19511862,16204779,24664.8082191781
"650101060000","NEWARK CENTRAL SCHOOL DISTRICT","2018-19",2165,268,7618657,28427.8246268657,40956233,33337576,15398.4184757506
"650101060000","NEWARK CENTRAL SCHOOL DISTRICT","2019-20",2091,271,7744276,28576.6642066421,42043394,34299118,16403.212816834
"650101060000","NEWARK CENTRAL SCHOOL DISTRICT","2020-21",2000,266,3999452,15035.5338345865,42429656,38430204,19215.102
"650101060000","NEWARK CENTRAL SCHOOL DISTRICT","2021-22",1941,267,3854923,14437.9138576779,44573251,40718328,20978.0154559505
"650101060000","NEWARK CSD","2022-23",1929,277,4391950,15855.4151624549,48472072,44080122,22851.2814930016
"650101060000","NEWARK CENTRAL SCHOOL DISTRICT","2023-24",1846,285,9948635.07,34907.4914736842,54999387.73,45050752.66,24404.5247345612
"650101060000","NEWARK CSD","2024-25",1817,302,9569920,31688.4768211921,56769439,47199519,25976.6202531646
"650301040000","CLYDE-SAVANNAH CENTRAL SCHOOL DISTRICT","2018-19",790,131,3234830.68,24693.3639694656,18507269.73,15272439.05,19332.2013291139
"650301040000","CLYDE-SAVANNAH CENTRAL SCHOOL DISTRICT","2019-20",784,127,1861728,14659.2755905512,16899553,15037825,19180.8992346939
"650301040000","CLYDE-SAVANNAH CENTRAL SCHOOL DISTRICT","2020-21",730,121,1868266,15440.2148760331,16088213,14219947,19479.3794520548
"650301040000","CLYDE-SAVANNAH CENTRAL SCHOOL DISTRICT","2021-22",773,124,2069210,16687.1774193548,17370402,15301192,19794.5562742561
"650301040000","CLYDE-SAVANNAH CSD","2022-23",770,131,2286616,17455.0839694656,20305883,18019267,23401.6454545455
"650301040000","CLYDE-SAVANNAH CENTRAL SCHOOL DISTRICT","2023-24",757,126,4127113,32754.8650793651,23688365,19561252,25840.4914134742
"650301040000","CLYDE-SAVANNAH CSD","2024-25",692,123,3981772,32372.1300813008,26052108,22070336,31893.549132948
"650501040000","LYONS CENTRAL SCHOOL DISTRICT","2018-19",945,126,4464513.39,35432.6459523809,22313468.65,17848955.26,18887.7833439153
"650501040000","LYONS CENTRAL SCHOOL DISTRICT","2019-20",872,130,4591969,35322.8384615385,22431637,17839668,20458.3348623853
"650501040000","LYONS CENTRAL SCHOOL DISTRICT","2020-21",871,136,1687786,12410.1911764706,21061804.16,19374018.16,22243.4192422503
"650501040000","LYONS CENTRAL SCHOOL DISTRICT","2021-22",842,137,1795186,13103.5474452555,23630438,21835252,25932.6033254157
"650501040000","LYONS CSD","2022-23",875,132,0,0,25533658,25533658,29181.3234285714
"650501040000","LYONS CENTRAL SCHOOL DISTRICT","2023-24",900,157,5686246.5,36218.1305732484,30403118,24716871.5,27463.1905555556
"650501040000","LYONS CSD","2024-25",916,179,5205412.28,29080.5155307263,32416636.04,27211223.76,29706.5761572052
"650701040000","MARION CENTRAL SCHOOL DISTRICT","2018-19",708,95,2867973,30189.1894736842,15029000,12161027,17176.5918079096
"650701040000","MARION CENTRAL SCHOOL DISTRICT","2019-20",687,108,2685341,24864.2685185185,15418564,12733223,18534.5312954876
"650701040000","MARION CENTRAL SCHOOL DISTRICT","2020-21",610,102,2443155,23952.5,15396138,12952983,21234.3983606557
"650701040000","MARION CENTRAL SCHOOL DISTRICT","2021-22",641,84,3404109,40525.1071428571,17018916,13614807,21239.9485179407
"650701040000","MARION CSD","2022-23",648,83,2412109,29061.5542168675,18645907,16233798,25052.1574074074
"650701040000","MARION CENTRAL SCHOOL DISTRICT","2023-24",627,103,0,0,20692058,20692058,33001.687400319
"650701040000","MARION CSD","2024-25",603,110,3664994,33318.1272727273,20229475,16564481,27470.1177446103
"650801060000","WAYNE CENTRAL SCHOOL DISTRICT","2018-19",2257,325,5304016,16320.0492307692,41589636,36285620,16076.9251218432
"650801060000","WAYNE CENTRAL SCHOOL DISTRICT","2019-20",2127,320,7953894.1,24855.9190625,38904572.89,30950678.79,14551.3299435825
"650801060000","WAYNE CENTRAL SCHOOL DISTRICT","2020-21",2035,311,7600788,24439.8327974277,38705620,31104832,15284.9297297297
"650801060000","WAYNE CENTRAL SCHOOL DISTRICT","2021-22",2018,322,7510116,23323.3416149068,40290221,32780105,16243.8577799802
"650801060000","WAYNE CSD","2022-23",2043,335,8313938,24817.7253731343,43343180,35029242,17145.9823788546
"650801060000","WAYNE CENTRAL SCHOOL DISTRICT","2023-24",2091,331,8060938,24353.2870090634,50536118.82,42475180.82,20313.3337254902
"650801060000","WAYNE CSD","2024-25",2031,332,8411042.04,25334.4639759036,53442930.37,45031888.33,22172.2739192516
"650901060000","PALMYRA-MACEDON CENTRAL SCHOOL DISTRICT","2018-19",1900,232,4071178,17548.1810344828,32114436,28043258,14759.6094736842
"650901060000","PALMYRA-MACEDON CENTRAL SCHOOL DISTRICT","2019-20",1861,236,4293125,18191.2076271186,34386838,30093713,16170.7216550242
"650901060000","PALMYRA-MACEDON CENTRAL SCHOOL DISTRICT","2020-21",1799,207,4344604,20988.4251207729,34888224,30543620,16978.1100611451
"650901060000","PALMYRA-MACEDON CENTRAL SCHOOL DISTRICT","2021-22",1780,223,4520440,20271.0313901345,37522374,33001934,18540.4123595506
"650901060000","PALMYRA-MACEDON CSD","2022-23",1771,208,6461349,31064.1778846154,38607089,32145740,18151.1801242236
"650901060000","PALMYRA-MACEDON CENTRAL SCHOOL DISTRICT","2023-24",1733,230,6583986,28626.0260869565,45482183,38898197,22445.5839584535
"650901060000","PALMYRA-MACEDON CSD","2024-25",1637,224,7324479,32698.5669642857,48385989,41061510,25083.3903481979
"650902040000","GANANDA CENTRAL SCHOOL DISTRICT","2018-19",941,93,1816776,19535.2258064516,17074579,15257803,16214.4558979809
"650902040000","GANANDA CENTRAL SCHOOL DISTRICT","2019-20",975,113,1694468,14995.2920353982,18016773,16322305,16740.8256410256
"650902040000","GANANDA CENTRAL SCHOOL DISTRICT","2020-21",887,100,1774052,17740.52,17174570,15400518,17362.4780157835
"650902040000","GANANDA CENTRAL SCHOOL DISTRICT","2021-22",897,100,2219696,22196.96,19868847,17649151,19675.7536231884
"650902040000","GANANDA CSD","2022-23",880,97,2452575.95,25284.2881443299,20812108.99,18359533.04,20863.1057272727
"650902040000","GANANDA CENTRAL SCHOOL DISTRICT","2023-24",862,116,3615270,31166.1206896552,24376123.51,20760853.51,24084.5168329466
"650902040000","GANANDA CSD","2024-25",839,109,3772723.31,34612.1404587156,24977501.39,21204778.08,25273.8713706794
"651201060000","SODUS CENTRAL SCHOOL DISTRICT","2018-19",1060,137,3464705.66,25289.8223357664,6495116.96,3030411.3,2858.87858490566
"651201060000","SODUS CENTRAL SCHOOL DISTRICT","2019-20",1026,157,4270560.22,27201.0205095541,21287339.72,17016779.5,16585.5550682261
"651201060000","SODUS CENTRAL SCHOOL DISTRICT","2020-21",998,158,6296688,39852.4556962025,25387392,19090704,19128.9619238477
"651201060000","SODUS CENTRAL SCHOOL DISTRICT","2021-22",1007,156,1077047,6904.14743589744,33066331,31989284,31766.915590864
"651201060000","SODUS CSD","2022-23",1031,156,2158992.43,13839.6950641026,23745535,21586542.57,20937.4806692532
"651201060000","SODUS CENTRAL SCHOOL DISTRICT","2023-24",1084,190,2354376.98,12391.4577894737,26735684.32,24381307.34,22491.9809409594
"651201060000","SODUS CSD","2024-25",1031,163,1253508.76,7690.23779141104,28278928.25,27025419.49,26212.8220077595
"651402040000","WILLIAMSON CENTRAL SCHOOL DISTRICT","2018-19",1088,145,2853854,19681.7517241379,17753821,14899967,13694.8226102941
"651402040000","WILLIAMSON CENTRAL SCHOOL DISTRICT","2019-20",1049,138,3619626,26229.1739130435,19579021,15959395,15213.913250715
"651402040000","WILLIAMSON CENTRAL SCHOOL DISTRICT","2020-21",1043,138,2499004,18108.7246376812,19874805,17375801,16659.4448705657
"651402040000","WILLIAMSON CENTRAL SCHOOL DISTRICT","2021-22",1011,123,2709550,22028.8617886179,21051365,18341815,18142.2502472799
"651402040000","WILLIAMSON CSD","2022-23",995,117,2958575,25286.9658119658,22438489,19479914,19577.8030150754
"651402040000","WILLIAMSON CENTRAL SCHOOL DISTRICT","2023-24",993,136,3796046,27912.1029411765,25509728,21713682,21866.749244713
"651402040000","WILLIAMSON CSD","2024-25",943,125,2259280.22,18074.24176,24606727.09,22347446.87,23698.2469459173
"651501060000","NORTH ROSE-WOLCOTT CENTRAL SCHOOL DISTRICT","2018-19",1245,144,3977931,27624.5208333333,26851112,22873181,18372.0329317269
"651501060000","NORTH ROSE-WOLCOTT CENTRAL SCHOOL DISTRICT","2019-20",1154,161,3358132,20857.9627329193,24964083,21605951,18722.6611785095
"651501060000","NORTH ROSE-WOLCOTT CENTRAL SCHOOL DISTRICT","2020-21",1094,154,1641079,10656.3571428571,28833571,27192492,24856.0255941499
"651501060000","NORTH ROSE-WOLCOTT CENTRAL SCHOOL DISTRICT","2021-22",1107,157,1441576,9182.0127388535,29637354,28195778,25470.440831075
"651501060000","NORTH ROSE-WOLCOTT CSD","2022-23",1127,161,1394055,8658.72670807454,30020472,28626417,25400.5474711624
"651501060000","NORTH ROSE-WOLCOTT CENTRAL SCHOOL DISTRICT","2023-24",1108,182,6184070.28,33978.4081318681,32134769.85,25950699.57,23421.2089981949
"651501060000","NORTH ROSE-WOLCOTT CSD","2024-25",1058,196,5903482,30119.806122449,34400117,28496635,26934.4376181474
"651503040000","RED CREEK CENTRAL SCHOOL DISTRICT","2018-19",897,164,3351237,20434.3719512195,11449146,8097909,9027.76923076923
"651503040000","RED CREEK CENTRAL SCHOOL DISTRICT","2019-20",824,160,3161636,19760.225,17588592,14426956,17508.4417475728
"651503040000","RED CREEK CENTRAL SCHOOL DISTRICT","2020-21",822,145,3144488,21686.124137931,17334730,14190242,17263.0681265207
"651503040000","RED CREEK CENTRAL SCHOOL DISTRICT","2021-22",818,140,24366297,174044.978571429,19064512,-5301785,-6481.39975550122
"651503040000","RED CREEK CSD","2022-23",804,133,5381489,40462.3233082707,20966370,15584881,19384.1803482587
"651503040000","RED CREEK CENTRAL SCHOOL DISTRICT","2023-24",797,154,4196360,27249.0909090909,24807922,20611562,25861.4328732748
"651503040000","RED CREEK CSD","2024-25",782,136,3878747,28520.1985294118,23635122,19756375,25263.9066496164
"660101030000","KATONAH-LEWISBORO UNION FREE SCHOOL DISTRICT","2018-19",2955,520,9690994,18636.5269230769,95853203,86162209,29158.1079526227
"660101030000","KATONAH-LEWISBORO UNION FREE SCHOOL DISTRICT","2019-20",2915,494,13564376,27458.2510121457,94339270,80774894,27710.0837049743
"660101030000","KATONAH-LEWISBORO UNION FREE SCHOOL DISTRICT","2020-21",2896,465,12377114.08,26617.4496344086,95343015.71,82965901.63,28648.446695442
"660101030000","KATONAH-LEWISBORO UNION FREE SCHOOL DISTRICT","2021-22",2886,467,13569864,29057.5246252677,99466825,85896961,29763.3267498267
"660101030000","KATONAH-LEWISBORO UFSD","2022-23",2816,437,14205020.99,32505.7688558352,102768699.65,88563678.66,31450.1699786932
"660101030000","KATONAH-LEWISBORO UNION FREE SCHOOL DISTRICT","2023-24",2787,435,12318919,28319.3540229885,115199018.24,102880099.24,36914.2803157517
"660101030000","KATONAH-LEWISBORO UFSD","2024-25",2785,452,12977482.9,28711.2453539823,116497019.38,103519536.48,37170.3901184919
"660102060000","BEDFORD CENTRAL SCHOOL DISTRICT","2018-19",3903,574,12288700.24,21408.8854355401,117021907.82,104733207.58,26834.0270509864
"660102060000","BEDFORD CENTRAL SCHOOL DISTRICT","2019-20",3902,585,14018555.83,23963.3432991453,116601255.08,102582699.25,26289.7742824193
"660102060000","BEDFORD CENTRAL SCHOOL DISTRICT","2020-21",3786,593,13947381.42,23520.0361214165,121359224.67,107411843.25,28370.7985340729
"660102060000","BEDFORD CENTRAL SCHOOL DISTRICT","2021-22",3714,607,14914391,24570.6606260297,127725766,112811375,30374.6297792138
"660102060000","BEDFORD CSD","2022-23",3599,574,30288415.78,52767.2748780488,132073227.81,101784812.03,28281.4148457905
"660102060000","BEDFORD CENTRAL SCHOOL DISTRICT","2023-24",3544,609,22503978.31,36952.3453366174,144678252.41,122174274.1,34473.5536399549
"660102060000","BEDFORD CSD","2024-25",3519,640,25522894.72,39879.523,154309191.97,128786297.25,36597.413256607
"660202030000","CROTON-HARMON UNION FREE SCHOOL DISTRICT","2018-19",1573,213,4344363.16,20396.0711737089,37734874.68,33390511.52,21227.2800508582
"660202030000","CROTON-HARMON UNION FREE SCHOOL DISTRICT","2019-20",1584,221,3485116.89,15769.7596832579,37174135.41,33689018.52,21268.3197727273
"660202030000","CROTON-HARMON UNION FREE SCHOOL DISTRICT","2020-21",1524,224,4197220,18737.5892857143,38554634,34357414,22544.2349081365
"660202030000","CROTON-HARMON UNION FREE SCHOOL DISTRICT","2021-22",1533,231,3973998,17203.4545454545,38146298,34172300,22291.128506197
"660202030000","CROTON-HARMON UFSD","2022-23",1525,215,3882847,18059.7534883721,40641477,36758630,24104.0196721311
"660202030000","CROTON-HARMON UNION FREE SCHOOL DISTRICT","2023-24",1624,251,6013996.87,23960.1468924303,47956418.48,41942421.61,25826.6142918719
"660202030000","CROTON-HARMON UFSD","2024-25",1555,239,6205569.7,25964.7267782427,50079224.32,43873654.62,28214.5688874598
"660203060000","HENDRICK HUDSON CENTRAL SCHOOL DISTRICT","2018-19",2320,350,8600859.28,24573.8836571429,65635717.03,57034857.75,24583.9904094828
"660203060000","HENDRICK HUDSON CENTRAL SCHOOL DISTRICT","2019-20",2267,344,7926717.51,23042.7834593023,64763423.18,56836705.67,25071.3302470225
"660203060000","HENDRICK HUDSON CENTRAL SCHOOL DISTRICT","2020-21",2211,359,10743579.84,29926.4062395543,66915766.38,56172186.54,25405.7831478969
"660203060000","HENDRICK HUDSON CENTRAL SCHOOL DISTRICT","2021-22",2208,393,8642327,21990.6539440204,70592703,61950376,28057.2355072464
"660203060000","HENDRICK HUDSON CSD","2022-23",2226,413,9873989.23,23907.9642372881,73619140.45,63745151.22,28636.6357681941
"660203060000","HENDRICK HUDSON CENTRAL SCHOOL DISTRICT","2023-24",2252,424,11408518,26906.8820754717,81872897.33,70464379.33,31289.6888676732
"660203060000","HENDRICK HUDSON CSD","2024-25",2171,411,11020708.72,26814.3764476886,86470429.43,75449720.71,34753.4411377246
"660301030000","EASTCHESTER UNION FREE SCHOOL DISTRICT","2018-19",3228,481,14042705,29194.8128898129,75525474,61482769,19046.7066294919
"660301030000","EASTCHESTER UNION FREE SCHOOL DISTRICT","2019-20",3232,482,14016991,29080.8941908714,75808341,61791350,19118.6107673267
"660301030000","EASTCHESTER UNION FREE SCHOOL DISTRICT","2020-21",3178,487,13800364,28337.5030800821,75668537,61868173,19467.6441157961
"660301030000","EASTCHESTER UNION FREE SCHOOL DISTRICT","2021-22",3137,480,11454158,23862.8291666667,81052478,69598320,22186.2671342047
"660301030000","EASTCHESTER UFSD","2022-23",3033,492,26416971.79,53693.0320934959,83438564.18,57021592.39,18800.3931388065
"660301030000","EASTCHESTER UNION FREE SCHOOL DISTRICT","2023-24",3025,516,13551865.66,26263.3055426357,98024317.28,84472451.62,27924.7773950413
"660301030000","EASTCHESTER UFSD","2024-25",2941,484,14184013.18,29305.8123553719,101300833.52,87116820.34,29621.4962053723
"660302030000","TUCKAHOE UNION FREE SCHOOL DISTRICT","2018-19",1156,174,4887226,28087.5057471264,29036376,24149150,20890.26816609
"660302030000","TUCKAHOE UNION FREE SCHOOL DISTRICT","2019-20",1184,177,3733109,21091.011299435,29612532,25879423,21857.620777027
"660302030000","TUCKAHOE UNION FREE SCHOOL DISTRICT","2020-21",1138,175,4076932.06,23296.7546285714,28934852.44,24857920.38,21843.5152724077
"660302030000","TUCKAHOE UNION FREE SCHOOL DISTRICT","2021-22",1095,171,3658973,21397.5029239766,30461305,26802332,24477.0155251142
"660302030000","TUCKAHOE UFSD","2022-23",1098,177,4191980.43,23683.5052542373,30982943.47,26790963.04,24399.7841894353
"660302030000","TUCKAHOE UNION FREE SCHOOL DISTRICT","2023-24",1121,187,5158945.84,27587.9456684492,36575009.84,31416064,28025.0347903657
"660302030000","TUCKAHOE UFSD","2024-25",1063,189,5384744.63,28490.7123280423,37905605.29,32520860.66,30593.4719285042
"660303030000","BRONXVILLE UNION FREE SCHOOL DISTRICT","2018-19",1630,130,6151292,47317.6307692308,22692825,16541533,10148.1797546012
"660303030000","BRONXVILLE UNION FREE SCHOOL DISTRICT","2019-20",1642,136,5612747,41270.1985294118,42262533,36649786,22320.2107186358
"660303030000","BRONXVILLE UNION FREE SCHOOL DISTRICT","2020-21",1612,131,5757701.99,43951.9235877863,46743207.62,40985505.63,25425.2516315136
"660303030000","BRONXVILLE UNION FREE SCHOOL DISTRICT","2021-22",1559,122,5174612,42414.8524590164,46271935,41097323,26361.3361128929
"660303030000","BRONXVILLE UNION FREE SCHOOL DISTRICT","2023-24",1553,150,6003789.63,40025.2642,50124732.83,44120943.2,28410.1372826787
"660303030000","BRONXVILLE UFSD","2024-25",1584,169,5535887.13,32756.7285798817,53251678.96,47715791.83,30123.6059532828
"660401030000","UNION FREE SCHOOL DISTRICT OF THE TARRYTOWNS","2018-19",2796,340,8409400.54,24733.531,65530446.56,57121046.02,20429.5586623748
"660401030000","UNION FREE SCHOOL DISTRICT OF THE TARRYTOWNS","2019-20",2682,340,5481258.91,16121.3497352941,68578399.47,63097140.56,23526.152334079
"660401030000","UNION FREE SCHOOL DISTRICT OF THE TARRYTOWNS","2020-21",2610,349,6514473,18666.111747851,72679494.93,66165021.93,25350.5831149425
"660401030000","UNION FREE SCHOOL DISTRICT OF THE TARRYTOWNS","2021-22",2571,353,5956899,16875.0679886686,72670987,66714088,25948.6923376118
"660401030000","UFSD-TARRYTOWNS","2022-23",2595,354,7334286,20718.3220338983,76167207.44,68832921.44,26525.2105741811
"660401030000","UNION FREE SCHOOL DISTRICT OF THE TARRYTOWNS","2023-24",2731,352,10602067.47,30119.5098579545,87531759.95,76929692.48,28169.0561991944
"660401030000","UFSD-TARRYTOWNS","2024-25",2636,373,10760171.75,28847.6454423592,91005544.1,80245372.35,30442.0987670713
"660402020000","IRVINGTON UNION FREE SCHOOL DISTRICT","2018-19",1763,187,6040103.59,32300.019197861,50611261.39,44571157.8,25281.4281338627
"660402020000","IRVINGTON UNION FREE SCHOOL DISTRICT","2019-20",1776,196,6665824,34009.306122449,52107716.21,45441892.21,25586.6510191441
"660402020000","IRVINGTON UNION FREE SCHOOL DISTRICT","2020-21",1726,201,7233523,35987.6766169154,53759994.58,46526471.58,26956.2407763615
"660402020000","IRVINGTON UNION FREE SCHOOL DISTRICT","2021-22",1722,195,7816905,40086.6923076923,55188004,47371099,27509.3490127758
"660402020000","IRVINGTON UFSD","2022-23",1753,184,8390194,45598.8804347826,57924789.68,49534595.68,28257.042601255
"660402020000","IRVINGTON UNION FREE SCHOOL DISTRICT","2023-24",1734,221,10577713.25,47862.9558823529,67256102.01,56678388.76,32686.4987081892
"660402020000","IRVINGTON UFSD","2024-25",1709,228,10798221.57,47360.6209210526,71545572.91,60747351.34,35545.5537390287
"660403030000","DOBBS FERRY UNION FREE SCHOOL DISTRICT","2018-19",1492,213,5205286,24437.9624413146,42043638,36838352,24690.5844504021
"660403030000","DOBBS FERRY UNION FREE SCHOOL DISTRICT","2019-20",1516,214,5466125,25542.6401869159,41762361,36296236,23942.1081794195
"660403030000","DOBBS FERRY UNION FREE SCHOOL DISTRICT","2020-21",1495,222,10385382,46781,42598739,32213357,21547.3959866221
"660403030000","DOBBS FERRY UNION FREE SCHOOL DISTRICT","2021-22",1510,212,5800394,27360.3490566038,57399402,51599008,34171.5284768212
"660403030000","DOBBS FERRY UFSD","2022-23",1514,206,6160456,29905.1262135922,47167262,41006806,27085.0766182299
"660403030000","DOBBS FERRY UNION FREE SCHOOL DISTRICT","2023-24",1492,214,7802355,36459.6028037383,52476490,44674135,29942.4497319035
"660403030000","DOBBS FERRY UFSD","2024-25",1481,189,11010507,58256.6507936508,54788599,43778092,29559.8190411884
"660404030000","HASTINGS-ON-HUDSON UNION FREE SCHOOL DISTRICT","2018-19",1655,228,7999108,35083.8070175439,45791159,37792051,22835.0761329305
"660404030000","HASTINGS-ON-HUDSON UNION FREE SCHOOL DISTRICT","2019-20",1656,227,5928666,26117.4713656388,46028738,40100072,24215.0193236715
"660404030000","HASTINGS-ON-HUDSON UNION FREE SCHOOL DISTRICT","2020-21",1581,215,6036165.24,28075.1871627907,46467222.31,40431057.07,25573.0911258697
"660404030000","HASTINGS-ON-HUDSON UNION FREE SCHOOL DISTRICT","2021-22",1601,215,6684678,31091.5255813953,49034150,42349472,26451.8875702686
"660404030000","HASTINGS-ON-HUDSON UFSD","2022-23",1611,220,6502741.23,29557.9146818182,49610367.11,43107625.88,26758.3028429547
"660404030000","HASTINGS-ON-HUDSON UNION FREE SCHOOL DISTRICT","2023-24",1579,212,3691979.6,17414.9981132075,54676487.4,50984507.8,32289.111969601
"660404030000","HASTINGS-ON-HUDSON UFSD","2024-25",1597,225,7253956.56,32239.8069333333,56877652.98,49623696.42,31073.0722730119
"660405030000","ARDSLEY UNION FREE SCHOOL DISTRICT","2018-19",2276,290,8512249.54,29352.5846206897,58738112.15,50225862.61,22067.6022012302
"660405030000","ARDSLEY UNION FREE SCHOOL DISTRICT","2019-20",2325,280,8918192.04,31850.6858571429,58539708.98,49621516.94,21342.5879311828
"660405030000","ARDSLEY UNION FREE SCHOOL DISTRICT","2020-21",2310,281,9775508.83,34788.2876512456,59935172.28,50159663.45,21714.140021645
"660405030000","ARDSLEY UNION FREE SCHOOL DISTRICT","2021-22",2332,298,10092030,33865.8724832215,61859698,51767668,22198.8284734134
"660405030000","ARDSLEY UFSD","2022-23",2300,298,10873228.04,36487.3424161074,63876100.31,53002872.27,23044.727073913
"660405030000","ARDSLEY UNION FREE SCHOOL DISTRICT","2023-24",2323,324,0,0,71971501.42,71971501.42,30982.1357813173
"660405030000","ARDSLEY UFSD","2024-25",2326,358,13563880.65,37887.9347765363,75534785.16,61970904.51,26642.6932545142
"660406030000","EDGEMONT UNION FREE SCHOOL DISTRICT","2018-19",2034,252,5614525.19,22279.8618650794,53226019.78,47611494.59,23407.8144493609
"660406030000","EDGEMONT UNION FREE SCHOOL DISTRICT","2019-20",2049,249,9275949,37252.8072289157,53590481.72,44314532.72,21627.3951781357
"660406030000","EDGEMONT UNION FREE SCHOOL DISTRICT","2020-21",2027,268,9538824,35592.6268656716,54611503,45072679,22236.1514553527
"660406030000","EDGEMONT UNION FREE SCHOOL DISTRICT","2021-22",1970,257,9762896,37987.9221789883,56929205,47166309,23942.2888324873
"660406030000","EDGEMONT UFSD","2022-23",1930,251,10061417,40085.3266932271,60726179,50664762,26251.1720207254
"660406030000","EDGEMONT UNION FREE SCHOOL DISTRICT","2023-24",1848,232,11042277.98,47596.0257758621,61565561.03,50523283.05,27339.4388798701
"660406030000","EDGEMONT UFSD","2024-25",1830,230,11767963.66,51165.0593913043,65212992.33,53445028.67,29204.9336994536
"660407060000","GREENBURGH CENTRAL SCHOOL DISTRICT","2018-19",1779,278,8477929.17,30496.1480935252,58871986.94,50394057.77,28327.1825576166
"660407060000","GREENBURGH CENTRAL SCHOOL DISTRICT","2019-20",1712,286,8068513,28211.5839160839,58917958,50849445,29701.7786214953
"660407060000","GREENBURGH CENTRAL SCHOOL DISTRICT","2020-21",1650,247,5848014.57,23676.1723481781,55828771.8,49980757.23,30291.3680181818
"660407060000","GREENBURGH CENTRAL SCHOOL DISTRICT","2021-22",1639,261,6266944,24011.2796934866,58744440,52477496,32017.9963392312
"660407060000","GREENBURGH CSD","2022-23",1655,267,6775335,25375.7865168539,59047482,52272147,31584.3788519637
"660407060000","GREENBURGH CENTRAL SCHOOL DISTRICT","2023-24",1629,310,5794693,18692.5580645161,69847403,64052710,39320.2639656231
"660407060000","GREENBURGH CSD","2024-25",1560,330,8472637.26,25674.6583636364,70453185.19,61980547.93,39731.1204679487
"660409020000","ELMSFORD UNION FREE SCHOOL DISTRICT","2018-19",1030,140,12059940.81,86142.4343571429,28140649.87,16080709.06,15612.3388932039
"660409020000","ELMSFORD UNION FREE SCHOOL DISTRICT","2019-20",1002,130,4050890.5,31160.6961538462,28676871.44,24625980.94,24576.8272854291
"660409020000","ELMSFORD UNION FREE SCHOOL DISTRICT","2020-21",983,124,3822382.27,30825.6634677419,29053918.27,25231536,25667.8901322482
"660409020000","ELMSFORD UNION FREE SCHOOL DISTRICT","2021-22",963,116,2574463,22193.6465517241,28429160,25854697,26848.0758047767
"660409020000","ELMSFORD UFSD","2022-23",1020,134,2510488.62,18734.9897014925,29925610.6,27415121.98,26877.5705686274
"660409020000","ELMSFORD UNION FREE SCHOOL DISTRICT","2023-24",1049,137,5233786.53,38202.8213868613,36791015.73,31557229.2,30083.1546234509
"660409020000","ELMSFORD UFSD","2024-25",999,128,2761186.57,21571.770078125,40622986.38,37861799.81,37899.6995095095
"660410020000","GREENBURGH-GRAHAM UNION FREE SCHOOL DISTRICT","2020-21",67,65,0,0,19472374.16,19472374.16,290632.450149254
"660410020000","GREENBURGH-GRAHAM UNION FREE SCHOOL DISTRICT","2021-22",109,63,9137719,145043.158730159,19646915,10509196,96414.6422018349
"660410020000","GREENBURGH-GRAHAM UNION FREE SCHOOL DISTRICT","2023-24",232,227,16000,70.4845814977974,20062832.75,20046832.75,86408.7618534483
"660412020000","GREENBURGH-NORTH CASTLE UNION FREE SCHOOL DISTRICT","2020-21",386,385,15350452,39871.3038961039,27506576,12156124,31492.5492227979
"660412020000","GREENBURGH-NORTH CASTLE UNION FREE SCHOOL DISTRICT","2021-22",373,349,18633063,53389.8653295129,28274567,9641504,25848.5361930295
"660412020000","GREENBURGH-NORTH CASTLE UFSD","2022-23",430,427,18888657,44235.7306791569,32324624.02,13435967.02,31246.4349302326
"660412020000","GREENBURGH-NORTH CASTLE UNION FREE SCHOOL DISTRICT","2023-24",439,435,33812797,77730.5678160919,33863209,50412,114.833712984055
"660412020000","GREENBURGH-NORTH CASTLE UFSD","2024-25",437,434,33757087,77781.3064516129,34246804,489717,1120.63386727689
"660501060000","HARRISON CENTRAL SCHOOL DISTRICT","2018-19",3635,464,12379553,26680.0711206897,103015364,90635811,24934.198349381
"660501060000","HARRISON CENTRAL SCHOOL DISTRICT","2019-20",3653,515,13362590,25946.7766990291,105547100,92184510,25235.288803723
"660501060000","HARRISON CENTRAL SCHOOL DISTRICT","2020-21",3606,538,14959692,27806.1189591078,109715796,94756104,26277.3444259567
"660501060000","HARRISON CENTRAL SCHOOL DISTRICT","2021-22",3613,596,14859155,24931.4681208054,111833811,96974656,26840.4804871298
"660501060000","HARRISON CSD","2022-23",3624,600,16218008,27030.0133333333,118675038,102457030,28271.8073951435
"660501060000","HARRISON CENTRAL SCHOOL DISTRICT","2023-24",3741,633,20897241.65,33013.0199842022,131884815.52,110987573.87,29667.8892996525
"660501060000","HARRISON CSD","2024-25",3792,675,22351423.96,33113.2206814815,135894551.99,113543128.03,29942.808024789
"660701030000","MAMARONECK UNION FREE SCHOOL DISTRICT","2018-19",5664,745,20402022,27385.2644295302,127804600.52,107402578.52,18962.3196539548
"660701030000","MAMARONECK UNION FREE SCHOOL DISTRICT","2019-20",5608,756,7574123,10018.6812169312,128164129.53,120590006.53,21503.2108648359
"660701030000","MAMARONECK UNION FREE SCHOOL DISTRICT","2020-21",5465,725,5804606,8006.35310344828,127824028.77,122019422.77,22327.4332607502
"660701030000","MAMARONECK UNION FREE SCHOOL DISTRICT","2021-22",5384,675,20070196,29733.6237037037,130618184,110547988,20532.6872213967
"660701030000","MAMARONECK UFSD","2022-23",5452,660,18053875,27354.3560606061,136551355.36,118497480.36,21734.6809170946
"660701030000","MAMARONECK UNION FREE SCHOOL DISTRICT","2023-24",5626,747,22373700.14,29951.4058099063,150262166.75,127888466.61,22731.686208674
"660701030000","MAMARONECK UFSD","2024-25",5521,810,24345588.09,30056.2815925926,153238759.61,128893171.52,23345.9828871581
"660801060000","MOUNT PLEASANT CENTRAL SCHOOL DISTRICT","2018-19",1903,300,8927242,29757.4733333333,51460918.89,42533676.89,22350.8549080399
"660801060000","MOUNT PLEASANT CENTRAL SCHOOL DISTRICT","2019-20",1902,318,9567997.82,30088.0434591195,52667349.55,43099351.73,22660.0166824395
"660801060000","MOUNT PLEASANT CENTRAL SCHOOL DISTRICT","2020-21",1897,344,9899443,28777.4505813953,53199523.97,43300080.97,22825.5566526094
"660801060000","MOUNT PLEASANT CENTRAL SCHOOL DISTRICT","2021-22",1885,341,10143243,29745.5806451613,55782837,45639594,24211.9862068966
"660801060000","MT PLEASANT CSD","2022-23",1918,338,11093848,32822.0355029586,57761564.24,46667716.24,24331.4474661105
"660801060000","MOUNT PLEASANT CENTRAL SCHOOL DISTRICT","2023-24",1936,367,11178104.55,30458.0505449591,66464600.99,55286496.44,28557.074607438
"660801060000","MT PLEASANT CSD","2024-25",1941,380,11688659.88,30759.6312631579,67461639.21,55772979.33,28734.1470015456
"660802040000","POCANTICO HILLS CENTRAL SCHOOL DISTRICT","2018-19",311,30,1123331,37444.3666666667,16624693,15501362,49843.6077170418
"660802040000","POCANTICO HILLS CENTRAL SCHOOL DISTRICT","2019-20",308,27,1778710,65878.1481481481,16588356,14809646,48083.2662337662
"660802040000","POCANTICO HILLS CENTRAL SCHOOL DISTRICT","2020-21",309,30,2027021,67567.3666666667,17639234,15612213,50524.9611650485
"660802040000","POCANTICO HILLS CENTRAL SCHOOL DISTRICT","2021-22",300,28,2023961,72284.3214285714,18356797,16332836,54442.7866666667
"660802040000","POCANTICO HILLS CSD","2022-23",320,25,1918877,76755.08,20091363.35,18172486.35,56789.01984375
"660802040000","POCANTICO HILLS CENTRAL SCHOOL DISTRICT","2023-24",339,32,5087696,158990.5,29540932,24453236,72133.4395280236
"660802040000","POCANTICO HILLS CSD","2024-25",322,26,5477522,210673.923076923,22383547,16906025,52503.1832298137
"660803020000","HAWTHORNE-CEDAR KNOLLS UNION FREE SCHOOL DISTRICT","2020-21",186,173,0,0,16456846.36,16456846.36,88477.6686021505
"660803020000","HAWTHORNE-CEDAR KNOLLS UNION FREE SCHOOL DISTRICT","2021-22",115,96,176954,1843.27083333333,14057278,13880324,120698.469565217
"660803020000","HAWTHORNE-CEDAR KNOLLS UFSD","2022-23",167,160,220553,1378.45625,14038780.6,13818227.6,82743.8778443114
"660803020000","HAWTHORNE-CEDAR KNOLLS UNION FREE SCHOOL DISTRICT","2023-24",184,174,240543.81,1382.43568965517,15155096.03,14914552.22,81057.3490217391
"660803020000","HAWTHORNE-CEDAR KNOLLS UFSD","2024-25",190,189,633199.84,3350.2637037037,16007049.95,15373850.11,80915.0005789474
"660804020000","MOUNT PLEASANT-COTTAGE UNION FREE SCHOOL DISTRICT","2020-21",208,172,8638999,50226.738372093,18028150,9389151,45140.1490384615
"660804020000","MOUNT PLEASANT-COTTAGE UNION FREE SCHOOL DISTRICT","2021-22",203,165,10573292,64080.5575757576,18714598,8141306,40104.9556650246
"660804020000","MT PLEASANT-COTTAGE UFSD","2022-23",219,193,10452812,54159.6476683938,18392935,7940123,36256.2694063927
"660804020000","MOUNT PLEASANT-COTTAGE UNION FREE SCHOOL DISTRICT","2023-24",192,175,9322149.97,53269.4284,18198491.32,8876341.35,46230.94453125
"660804020000","MT PLEASANT-COTTAGE UFSD","2024-25",237,216,10940926,50652.4351851852,20876776.71,9935850.71,41923.4207172996
"660805030000","VALHALLA UNION FREE SCHOOL DISTRICT","2018-19",1404,188,7782803,41397.8882978723,42820375,35037572,24955.5356125356
"660805030000","VALHALLA UNION FREE SCHOOL DISTRICT","2019-20",1387,171,7399668.01,43272.9123391813,41792642.9,34392974.89,24796.6653857246
"660805030000","VALHALLA UNION FREE SCHOOL DISTRICT","2020-21",1377,154,6112420,39691.038961039,44188346,38075926,27651.3623819898
"660805030000","VALHALLA UNION FREE SCHOOL DISTRICT","2021-22",1357,148,5772345,39002.3310810811,44560090,38787745,28583.4524686809
"660805030000","VALHALLA UFSD","2022-23",1357,145,5971286,41181.2827586207,47099937,41128651,30308.5121591747
"660805030000","VALHALLA UNION FREE SCHOOL DISTRICT","2023-24",1443,140,6388274.54,45630.5324285714,51163898.4,44775623.86,31029.5383645184
"660805030000","VALHALLA UFSD","2024-25",1426,138,6226003.9,45115.9702898551,53702161.35,47476157.45,33293.2380434783
"660806020000","MOUNT PLEASANT-BLYTHEDALE UNION FREE SCHOOL DISTRICT","2020-21",131,123,3469555,28207.7642276423,7732356,4262801,32540.465648855
"660806020000","MOUNT PLEASANT-BLYTHEDALE UNION FREE SCHOOL DISTRICT","2021-22",119,119,4089521,34365.7226890756,8095644,4006123,33664.8991596639
"660806020000","MT PLEASANT-BLYTHEDALE UFSD","2022-23",120,120,4804958,40041.3166666667,8800383.81,3995425.81,33295.2150833333
"660806020000","MOUNT PLEASANT-BLYTHEDALE UNION FREE SCHOOL DISTRICT","2023-24",126,126,9350267,74208.4682539683,9350267,0,0
"660806020000","MT PLEASANT-BLYTHEDALE UFSD","2024-25",132,124,10297941,83047.9112903226,10297941,0,0
"660809030000","PLEASANTVILLE UNION FREE SCHOOL DISTRICT","2018-19",1703,298,8823927,29610.4932885906,43400197,34576270,20303.1532589548
"660809030000","PLEASANTVILLE UNION FREE SCHOOL DISTRICT","2019-20",1695,333,8926984,26807.7597597598,42889074,33962090,20036.6312684366
"660809030000","PLEASANTVILLE UNION FREE SCHOOL DISTRICT","2020-21",1635,331,10145744,30651.7945619335,43316872,33171128,20288.1516819572
"660809030000","PLEASANTVILLE UNION FREE SCHOOL DISTRICT","2021-22",1605,336,10068618,29966.125,44915261,34846643,21711.3040498442
"660809030000","PLEASANTVILLE UFSD","2022-23",1629,329,10497975,31908.7386018237,47398163,36900188,22652.0491098834
"660809030000","PLEASANTVILLE UNION FREE SCHOOL DISTRICT","2023-24",1628,332,13593956.73,40945.6528012048,52232628.24,38638671.51,23733.8277088452
"660809030000","PLEASANTVILLE UFSD","2024-25",1603,330,13970254.66,42334.105030303,53226915.18,39256660.52,24489.4950218341
"660900010000","MOUNT VERNON SCHOOL DISTRICT","2018-19",8101,1372,57211556,41699.3848396501,207586320,150374764,18562.4940130848
"660900010000","MOUNT VERNON SCHOOL DISTRICT","2019-20",7595,1291,46770487,36228.1076684741,210081910,163311423,21502.4915075708
"660900010000","MOUNT VERNON SCHOOL DISTRICT","2020-21",7232,1235,39221761,31758.5109311741,205404006,166182245,22978.7396294248
"660900010000","MOUNT VERNON SCHOOL DISTRICT","2021-22",6860,1238,101207856,81751.0953150242,215791076,114583220,16703.0932944606
"660900010000","MT VERNON SCHOOL DISTRICT","2022-23",6864,1267,43689690,34482.7861089187,235242418,191552728,27906.865967366
"660900010000","MOUNT VERNON SCHOOL DISTRICT","2023-24",6852,1329,40405045.67,30402.5926787058,249835987.82,209430942.15,30564.9360989492
"660900010000","MT VERNON SCHOOL DISTRICT","2024-25",6713,1388,25866306.5,18635.6675072046,245823470.65,219957164.15,32765.8519514375
"661004060000","CHAPPAQUA CENTRAL SCHOOL DISTRICT","2018-19",3709,365,11067482,30321.8684931507,107062454.8,95994972.8,25881.631922351
"661004060000","CHAPPAQUA CENTRAL SCHOOL DISTRICT","2019-20",3625,349,10396390,29789.0830945559,105375945,94979555,26201.2565517241
"661004060000","CHAPPAQUA CENTRAL SCHOOL DISTRICT","2020-21",3553,384,11638667,30309.0286458333,110059418,98420751,27700.746130031
"661004060000","CHAPPAQUA CENTRAL SCHOOL DISTRICT","2021-22",3538,381,12736432,33428.9553805774,113337819,100601387,28434.5356133409
"661004060000","CHAPPAQUA CSD","2022-23",3545,386,12802598,33167.3523316062,113677616,100875018,28455.5763046544
"661004060000","CHAPPAQUA CENTRAL SCHOOL DISTRICT","2023-24",3548,420,12289874.09,29261.6049761905,128676716.89,116386842.8,32803.5069898534
"661004060000","CHAPPAQUA CSD","2024-25",3509,423,7686210.15,18170.7095744681,131244165.95,123557955.8,35211.7286406384
"661100010000","NEW ROCHELLE CITY SCHOOL DISTRICT","2018-19",10851,1499,64019647.57,42708.2372048032,238943393.21,174923745.64,16120.518444383
"661100010000","NEW ROCHELLE CITY SCHOOL DISTRICT","2019-20",10486,1531,26994310.01,17631.815813194,240474689.58,213480379.57,20358.6095336639
"661100010000","NEW ROCHELLE CITY SCHOOL DISTRICT","2020-21",10160,1490,55415719.7,37191.7581879195,250344644.17,194928924.47,19185.9177627953
"661100010000","NEW ROCHELLE CITY SCHOOL DISTRICT","2021-22",9920,1521,26817925,17631.771860618,265060925,238243000,24016.4314516129
"661100010000","NEW ROCHELLE CITY SD","2022-23",9909,1633,39717415.6,24321.7486834048,274428104.81,234710689.21,23686.6171369462
"661100010000","NEW ROCHELLE CITY SCHOOL DISTRICT","2023-24",10064,1750,36670796.41,20954.7408057143,317722266.44,281051470.03,27926.4179282591
"661100010000","NEW ROCHELLE CITY SD","2024-25",9846,1899,34188906.64,18003.6369878884,333868380.75,299679474.11,30436.6721622994
"661201060000","BYRAM HILLS CENTRAL SCHOOL DISTRICT","2018-19",2299,340,9444144.04,27776.8942352941,77298551.88,67854407.84,29514.7489517181
"661201060000","BYRAM HILLS CENTRAL SCHOOL DISTRICT","2019-20",2274,321,9838008.28,30648.0008722741,78589559.94,68751551.66,30233.7518293755
"661201060000","BYRAM HILLS CENTRAL SCHOOL DISTRICT","2020-21",2261,320,10476841.62,32740.1300625,82713172.77,72236331.15,31948.8417293233
"661201060000","BYRAM HILLS CENTRAL SCHOOL DISTRICT","2021-22",2313,324,10483199,32355.5524691358,83963156,73479957,31768.2477302205
"661201060000","BYRAM HILLS CSD","2022-23",2299,308,11214277.28,36409.9911688312,86715454.41,75501177.13,32840.8773945194
"661201060000","BYRAM HILLS CENTRAL SCHOOL DISTRICT","2023-24",2341,307,12420434.21,40457.4404234528,96015664.99,83595230.78,35709.1972575822
"661201060000","BYRAM HILLS CSD","2024-25",2334,312,11905161.58,38157.5691666667,99785050.5,87879888.92,37652.0518080548
"661301040000","NORTH SALEM CENTRAL SCHOOL DISTRICT","2018-19",1060,167,6176258,36983.5808383234,36773105,30596847,28864.95
"661301040000","NORTH SALEM CENTRAL SCHOOL DISTRICT","2019-20",1046,165,6068488,36778.7151515151,36351598.58,30283110.58,28951.3485468451
"661301040000","NORTH SALEM CENTRAL SCHOOL DISTRICT","2020-21",1012,179,6618833,36976.7206703911,38470762,31851929,31474.2381422925
"661301040000","NORTH SALEM CENTRAL SCHOOL DISTRICT","2021-22",1019,176,7692896,43709.6363636364,39407583,31714687,31123.3434739941
"661301040000","NORTH SALEM CSD","2022-23",985,181,8010476,44256.773480663,40845329,32834853,33334.876142132
"661301040000","NORTH SALEM CENTRAL SCHOOL DISTRICT","2023-24",963,187,9038481.35,48334.1248663102,44855234.1,35816752.75,37192.8896677051
"661301040000","NORTH SALEM CSD","2024-25",937,183,8860408.44,48417.5324590164,46628813.19,37768404.75,40307.7958911419
"661401030000","OSSINING UNION FREE SCHOOL DISTRICT","2018-19",5081,651,16888752.19,25942.7837019969,109846308.41,92957556.22,18295.1301358
"661401030000","OSSINING UNION FREE SCHOOL DISTRICT","2019-20",5008,636,14665727.13,23059.3193867925,112292362.59,97626635.46,19494.1364736422
"661401030000","OSSINING UNION FREE SCHOOL DISTRICT","2020-21",4931,600,13816934,23028.2233333333,113728086,99911152,20261.8438450619
"661401030000","OSSINING UNION FREE SCHOOL DISTRICT","2021-22",4928,608,14078372,23155.2171052632,121098274,107019902,21716.7008928571
"661401030000","OSSINING UNION FREE SCHOOL DISTRICT","2023-24",4981,687,28502857.14,41488.8750218341,153712316.52,125209459.38,25137.4140493877
"661401030000","OSSINING UFSD","2024-25",4962,754,28565955.69,37885.8828779841,159671843.32,131105887.63,26421.9846090286
"661402020000","BRIARCLIFF MANOR UNION FREE SCHOOL DISTRICT","2018-19",1430,127,3571482.84,28121.9121259843,43541891.57,39970408.73,27951.3347762238
"661402020000","BRIARCLIFF MANOR UNION FREE SCHOOL DISTRICT","2019-20",1390,105,3059969.23,29142.5640952381,41847765.43,38787796.2,27904.889352518
"661402020000","BRIARCLIFF MANOR UNION FREE SCHOOL DISTRICT","2020-21",1351,105,6643996,63276.1523809524,43929585,37285589,27598.511472983
"661402020000","BRIARCLIFF MANOR UNION FREE SCHOOL DISTRICT","2021-22",1337,101,3460961,34266.9405940594,44738163,41277202,30873.0007479432
"661402020000","BRIARCLIFF MANOR UFSD","2022-23",1346,104,3974490,38216.25,48569299,44594809,33131.3588410104
"661402020000","BRIARCLIFF MANOR UNION FREE SCHOOL DISTRICT","2023-24",1346,113,0,0,47482444.86,47482444.86,35276.7049479941
"661402020000","BRIARCLIFF MANOR UFSD","2024-25",1335,110,3528395.97,32076.327,48529278.59,45000882.62,33708.5263071161
"661500010000","PEEKSKILL CITY SCHOOL DISTRICT","2018-19",3481,551,12277055,22281.4065335753,79045616,66768561,19180.856363114
"661500010000","PEEKSKILL CITY SCHOOL DISTRICT","2019-20",3516,559,8414433,15052.6529516995,80787376,72372943,20583.8859499431
"661500010000","PEEKSKILL CITY SCHOOL DISTRICT","2020-21",3395,534,9254100,17329.7752808989,82973067,73718967,21713.981443299
"661500010000","PEEKSKILL CITY SCHOOL DISTRICT","2021-22",3580,511,10844961,21223.0156555773,90849704,80004743,22347.693575419
"661500010000","PEEKSKILL CITY SD","2022-23",3595,487,11056528,22703.3429158111,95902705,84846177,23601.161891516
"661500010000","PEEKSKILL CITY SCHOOL DISTRICT","2023-24",3706,583,14198700.23,24354.5458490566,108224383.14,94025682.91,25371.2042390718
"661500010000","PEEKSKILL CITY SD","2024-25",3795,606,15619494.26,25774.7430033003,117513047.9,101893553.64,26849.4212490119
"661601030000","PELHAM UNION FREE SCHOOL DISTRICT","2018-19",2891,312,7873350,25235.0961538462,66088604.19,58215254.19,20136.7188481494
"661601030000","PELHAM UNION FREE SCHOOL DISTRICT","2019-20",2913,304,8616179,28342.6940789474,65577291,56961112,19554.1064194988
"661601030000","PELHAM UNION FREE SCHOOL DISTRICT","2020-21",2792,319,8485353,26599.8526645768,67851159,59365806,21262.8244985673
"661601030000","PELHAM UNION FREE SCHOOL DISTRICT","2021-22",2793,316,8758224,27715.8987341772,70855310,62097086,22233.1134980308
"661601030000","PELHAM UFSD","2022-23",2756,311,9546192,30695.1511254019,73360258.95,63814066.95,23154.5961357039
"661601030000","PELHAM UNION FREE SCHOOL DISTRICT","2023-24",2836,340,10889139.18,32026.8799411765,81212395.74,70323256.56,24796.6348942172
"661601030000","PELHAM UFSD","2024-25",2827,368,11881749.12,32287.3617391304,86491392.17,74609643.05,26391.8086487443
"661800010000","RYE CITY SCHOOL DISTRICT","2018-19",3263,319,7569884.15,23730.0443573668,82498756.54,74928872.39,22963.1849187864
"661800010000","RYE CITY SCHOOL DISTRICT","2019-20",3234,336,2475316,7367.0119047619,82215339,79740023,24656.7789115646
"661800010000","RYE CITY SCHOOL DISTRICT","2020-21",3067,329,10729141,32611.3708206687,85729414,75000273,24453.9527225302
"661800010000","RYE CITY SCHOOL DISTRICT","2021-22",2913,325,12365404,38047.3969230769,91921276,79555872,27310.6323377961
"661800010000","RYE CITY SD","2022-23",2852,326,13124460,40259.0797546012,91118280,77993820,27347.0617110799
"661800010000","RYE CITY SCHOOL DISTRICT","2023-24",2827,343,12295026.45,35845.5581632653,95496989.43,83201962.98,29431.1860558896
"661800010000","RYE CITY SD","2024-25",2794,353,15822185.61,44822.0555524079,102616191.59,86794005.98,31064.4259055118
"661901030000","RYE NECK UNION FREE SCHOOL DISTRICT","2018-19",1585,164,3531289.77,21532.254695122,35347842.46,31816552.69,20073.5348201893
"661901030000","RYE NECK UNION FREE SCHOOL DISTRICT","2019-20",1572,157,4191312,26696.2547770701,35899410,31708098,20170.5458015267
"661901030000","RYE NECK UNION FREE SCHOOL DISTRICT","2020-21",1519,144,4315971,29972.0208333333,37800764,33484793,22043.9716919026
"661901030000","RYE NECK UNION FREE SCHOOL DISTRICT","2021-22",1511,155,4690945,30264.1612903226,41222922,36531977,24177.3507610854
"661901030000","RYE NECK UFSD","2022-23",1532,154,4788377,31093.3571428571,41288417,36500040,23825.091383812
"661901030000","RYE NECK UNION FREE SCHOOL DISTRICT","2023-24",1482,158,4769340,30185.6962025316,45525063,40755723,27500.487854251
"661901030000","RYE NECK UFSD","2024-25",1424,160,5454306,34089.4125,45266136,39811830,27957.7457865169
"661904030000","PORT CHESTER-RYE UNION FREE SCHOOL DISTRICT","2018-19",4849,597,13982750,23421.6917922948,92583483,78600733,16209.6789028666
"661904030000","PORT CHESTER-RYE UNION FREE SCHOOL DISTRICT","2019-20",4775,613,12164272,19843.836867863,85361913,73197641,15329.3489005236
"661904030000","PORT CHESTER-RYE UNION FREE SCHOOL DISTRICT","2020-21",4615,640,14563154,22754.928125,90220279,75657125,16393.7432286024
"661904030000","PORT CHESTER-RYE UNION FREE SCHOOL DISTRICT","2021-22",4531,658,15699946,23860.1003039514,106474779,90774833,20034.171926727
"661904030000","PORT CHESTER-RYE UFSD","2022-23",4486,713,17616877,24708.1023842917,114161653,96544776,21521.3499777084
"661904030000","PORT CHESTER-RYE UNION FREE SCHOOL DISTRICT","2023-24",4636,723,28900827.29,39973.4817289073,136538851.77,107638024.48,23217.8655047455
"661904030000","PORT CHESTER-RYE UFSD","2024-25",4377,734,29361289.42,40001.7567029973,140446667.53,111085378.11,25379.3415832762
"661905020000","BLIND BROOK-RYE UNION FREE SCHOOL DISTRICT","2018-19",1420,136,4432152.55,32589.3569852941,38304541.09,33872388.54,23853.7947464789
"661905020000","BLIND BROOK-RYE UNION FREE SCHOOL DISTRICT","2019-20",1364,120,4652035.02,38766.9585,37368662.57,32716627.55,23985.7973240469
"661905020000","BLIND BROOK-RYE UNION FREE SCHOOL DISTRICT","2020-21",1329,146,3931218.54,26926.1543835616,29883262.9,25952044.36,19527.4976373213
"661905020000","BLIND BROOK-RYE UNION FREE SCHOOL DISTRICT","2021-22",1276,160,4898660,30616.625,40748385,35849725,28095.3957680251
"661905020000","BLIND BROOK-RYE UFSD","2022-23",1289,165,5443270.3,32989.516969697,43485984.02,38042713.72,29513.3543211792
"661905020000","BLIND BROOK-RYE UNION FREE SCHOOL DISTRICT","2023-24",1296,187,6929613.58,37056.7571122995,48986652.53,42057038.95,32451.4189429012
"661905020000","BLIND BROOK-RYE UFSD","2024-25",1287,180,7103528.81,39464.0489444444,51913421.59,44809892.78,34817.3215073815
"662001030000","SCARSDALE UNION FREE SCHOOL DISTRICT","2018-19",4722,488,19334656.96,39620.1986885246,136169702.99,116835046.03,24742.7035218128
"662001030000","SCARSDALE UNION FREE SCHOOL DISTRICT","2019-20",4749,510,13641909.01,26748.8411960784,136971108.98,123329199.97,25969.5093640766
"662001030000","SCARSDALE UNION FREE SCHOOL DISTRICT","2021-22",4605,604,15253322,25253.8443708609,149578996,134325674,29169.5274701412
"662001030000","SCARSDALE UFSD","2022-23",4676,633,17658904,27897.1627172196,157499293,139840389,29905.9856715141
"662001030000","SCARSDALE UNION FREE SCHOOL DISTRICT","2023-24",4702,669,22005441.09,32893.0360089686,169486411.45,147480970.36,31365.582807316
"662001030000","SCARSDALE UFSD","2024-25",4691,706,24630007.25,34886.6958215297,175920147.87,151290140.62,32251.1491409081
"662101060000","SOMERS CENTRAL SCHOOL DISTRICT","2018-19",2948,507,14599010,28794.8915187377,78717836,64118826,21749.9409769335
"662101060000","SOMERS CENTRAL SCHOOL DISTRICT","2019-20",2862,493,14241643.13,28887.7142596349,78581819.9,64340176.77,22480.8444339623
"662101060000","SOMERS CENTRAL SCHOOL DISTRICT","2020-21",2781,494,14886164,30133.9352226721,80891033,66004869,23734.2211434736
"662101060000","SOMERS CENTRAL SCHOOL DISTRICT","2021-22",2709,528,9572350,18129.4507575758,78872091,69299741,25581.2997416021
"662101060000","SOMERS CSD","2022-23",2600,517,7178335.97,13884.5956866538,87442728.28,80264392.31,30870.9201192308
"662101060000","SOMERS CENTRAL SCHOOL DISTRICT","2023-24",2607,503,12939866.09,25725.3799005964,95646826.99,82706960.9,31724.9562332183
"662101060000","SOMERS CSD","2024-25",2469,494,9369156.79,18965.9044331984,96422676.42,87053519.63,35258.6146739571
"662200010000","WHITE PLAINS CITY SCHOOL DISTRICT","2018-19",7333,1098,26690066.86,24307.8933151184,196888548.27,170198481.41,23209.9388258557
"662200010000","WHITE PLAINS CITY SCHOOL DISTRICT","2019-20",7069,1117,22379146,20035.0456580125,195608715.24,173229569.24,24505.5268411374
"662200010000","WHITE PLAINS CITY SCHOOL DISTRICT","2020-21",6938,1128,21615230,19162.4379432624,196974774,175359544,25275.2297492073
"662200010000","WHITE PLAINS CITY SCHOOL DISTRICT","2021-22",6713,1115,21777009,19530.9497757848,210535276,188758267,28118.3177416952
"662200010000","WHITE PLAINS CITY SD","2022-23",6649,1105,23148469,20948.8407239819,219092080.37,195943611.37,29469.6362415401
"662200010000","WHITE PLAINS CITY SCHOOL DISTRICT","2023-24",7070,1174,29837240.05,25415.0255962521,244509048.16,214671808.11,30363.763523338
"662200010000","WHITE PLAINS CITY SD","2024-25",6781,1240,33042895.22,26647.4961451613,252940772.71,219897877.49,32428.5322946468
"662300010000","YONKERS CITY SCHOOL DISTRICT","2018-19",26581,4575,85048478.07,18589.8312721311,484477876.61,399429398.54,15026.8762853166
"662300010000","YONKERS CITY SCHOOL DISTRICT","2019-20",25847,4765,65753161.1,13799.1943546695,486452246.06,420699084.96,16276.5150678996
"662300010000","YONKERS CITY SCHOOL DISTRICT","2020-21",25005,4708,65780988.37,13972.1725509771,482410449.96,416629461.59,16661.8460943811
"662300010000","YONKERS CITY SCHOOL DISTRICT","2021-22",24055,4234,72040314,17014.7175247992,518360647,446320333,18554.1605903139
"662300010000","YONKERS CITY SD","2022-23",23985,4714,60196712.97,12769.7736465846,572636364.4,512439651.43,21365.0052712112
"662300010000","YONKERS CITY SCHOOL DISTRICT","2023-24",24023,4703,141331022.94,30051.2487646183,662910910.94,521579888,21711.6882987137
"662300010000","YONKERS CITY SD","2024-25",23742,4861,153436105.64,31564.7203538367,685308241.08,531872135.44,22402.1622205374
"662401060000","LAKELAND CENTRAL SCHOOL DISTRICT","2018-19",5591,834,25376334,30427.2589928058,134726272.96,109349938.96,19558.2076480057
"662401060000","LAKELAND CENTRAL SCHOOL DISTRICT","2019-20",5578,840,27355778,32566.4023809524,137708557.55,110352779.55,19783.5746773037
"662401060000","LAKELAND CENTRAL SCHOOL DISTRICT","2020-21",5521,866,27542782,31804.5981524249,141443862.78,113901080.78,20630.5163521101
"662401060000","LAKELAND CENTRAL SCHOOL DISTRICT","2021-22",5410,883,32890669,37248.7757644394,147292475,114401806,21146.3597042514
"662401060000","LAKELAND CSD","2022-23",5370,889,29878434.51,33609.0376940382,156002913.94,126124479.43,23486.8676778399
"662401060000","LAKELAND CENTRAL SCHOOL DISTRICT","2023-24",5387,942,5320524,5648.11464968153,174048787.59,168728263.59,31321.3780564322
"662401060000","LAKELAND CSD","2024-25",5230,928,4648656,5009.3275862069,181491598.6,176842942.6,33813.1821414914
"662402060000","YORKTOWN CENTRAL SCHOOL DISTRICT","2018-19",3394,495,10573905,21361.4242424242,82049724.43,71475819.43,21059.4635916323
"662402060000","YORKTOWN CENTRAL SCHOOL DISTRICT","2019-20",3401,508,10843009,21344.5059055118,83066739.1,72223730.1,21236.0276683328
"662402060000","YORKTOWN CENTRAL SCHOOL DISTRICT","2020-21",3381,541,11301383,20889.8022181146,84890545.62,73589162.62,21765.5021058858
"662402060000","YORKTOWN CENTRAL SCHOOL DISTRICT","2021-22",3392,586,11027923,18818.9812286689,87971472,76943549,22683.8293042453
"662402060000","YORKTOWN CSD","2022-23",3426,602,12308482,20445.9833887043,92277794.84,79969312.84,23341.8893286632
"662402060000","YORKTOWN CENTRAL SCHOOL DISTRICT","2023-24",3529,622,20511314.97,32976.3906270096,111242495.05,90731180.08,25710.167208841
"662402060000","YORKTOWN CSD","2024-25",3455,634,21911636.03,34560.9401104101,114665400.22,92753764.19,26846.2414442836
"670201060000","ATTICA CENTRAL SCHOOL DISTRICT","2018-19",1224,188,2532469.13,13470.5804787234,23288876.85,20756407.72,16957.8494444444
"670201060000","ATTICA CENTRAL SCHOOL DISTRICT","2019-20",1195,195,3060035,15692.4871794872,24289666,21229631,17765.3815899582
"670201060000","ATTICA CENTRAL SCHOOL DISTRICT","2020-21",1169,189,4002653.22,21178.0593650794,25391439.74,21388786.52,18296.6522840034
"670201060000","ATTICA CENTRAL SCHOOL DISTRICT","2021-22",1127,165,4110113,24909.7757575758,27187886,23077773,20477.1721384206
"670201060000","ATTICA CSD","2022-23",1142,173,3912939.32,22618.1463583815,27818940.24,23906000.92,20933.4508931699
"670201060000","ATTICA CENTRAL SCHOOL DISTRICT","2023-24",1127,193,3739137.34,19373.7686010363,31335277.43,27596140.09,24486.3709760426
"670201060000","ATTICA CSD","2024-25",1124,188,3435941.03,18276.2820744681,30450105.37,27014164.34,24033.9540391459
"670401040000","LETCHWORTH CENTRAL SCHOOL DISTRICT","2018-19",926,131,2125725,16226.9083969466,15629077,13503352,14582.4535637149
"670401040000","LETCHWORTH CENTRAL SCHOOL DISTRICT","2019-20",937,116,2165615,18669.0948275862,15943702.52,13778087.52,14704.4690715048
"670401040000","LETCHWORTH CENTRAL SCHOOL DISTRICT","2020-21",898,99,2255876,22786.6262626263,15789081.92,13533205.92,15070.3852115813
"670401040000","LETCHWORTH CENTRAL SCHOOL DISTRICT","2021-22",903,107,2495048,23318.2056074766,16958432,14463384,16017.0365448505
"670401040000","LETCHWORTH CSD","2022-23",914,112,2579528,23031.5,17636389.36,15056861.36,16473.5901094092
"670401040000","LETCHWORTH CENTRAL SCHOOL DISTRICT","2023-24",861,114,2525512.41,22153.6176315789,22501235.22,19975722.81,23200.6072125436
"670401040000","LETCHWORTH CSD","2024-25",857,125,3548755.87,28390.04696,23842332.42,20293576.55,23679.7859393232
"671002040000","WYOMING CENTRAL SCHOOL DISTRICT","2018-19",120,13,407924,31378.7692307692,3237616.99,2829692.99,23580.7749166667
"671002040000","WYOMING CENTRAL SCHOOL DISTRICT","2019-20",128,15,391025,26068.3333333333,3605474,3214449,25112.8828125
"671002040000","WYOMING CENTRAL SCHOOL DISTRICT","2020-21",122,16,369730.07,23108.129375,3162676.32,2792946.25,22893.0020491803
"671002040000","WYOMING CENTRAL SCHOOL DISTRICT","2021-22",147,16,344430,21526.875,3538904,3194474,21731.1156462585
"671002040000","WYOMING CSD","2022-23",142,15,331994.42,22132.9613333333,3724414.18,3392419.76,23890.28
"671002040000","WYOMING CENTRAL SCHOOL DISTRICT","2023-24",142,21,391547.24,18645.1066666667,4602153.35,4210606.11,29652.1557042253
"671002040000","WYOMING CSD","2024-25",151,19,380702.9,20036.9947368421,4568816.07,4188113.17,27735.848807947
"671201060000","PERRY CENTRAL SCHOOL DISTRICT","2018-19",840,98,2166550.17,22107.6547959184,14754638.58,12588088.41,14985.8195357143
"671201060000","PERRY CENTRAL SCHOOL DISTRICT","2019-20",807,99,2510758,25361.1919191919,14879375,12368617,15326.6629491945
"671201060000","PERRY CENTRAL SCHOOL DISTRICT","2020-21",793,101,2344847,23216.3069306931,14353768.1,12008921.1,15143.6583858764
"671201060000","PERRY CENTRAL SCHOOL DISTRICT","2021-22",779,103,2475862,24037.4951456311,15840231,13364369,17155.8010269576
"671201060000","PERRY CSD","2022-23",768,98,2807047,28643.3367346939,17249896.82,14442849.82,18805.7940364583
"671201060000","PERRY CENTRAL SCHOOL DISTRICT","2023-24",756,108,2808103.59,26000.9591666667,18615417.33,15807313.74,20909.1451587302
"671201060000","PERRY CSD","2024-25",744,118,3122705.11,26463.6026271186,18779375.57,15656670.46,21043.9119086022
"671501040000","WARSAW CENTRAL SCHOOL DISTRICT","2018-19",875,84,1144449.68,13624.400952381,15591977.72,14447528.04,16511.4606171429
"671501040000","WARSAW CENTRAL SCHOOL DISTRICT","2019-20",872,92,1427553.19,15516.8825,16086270.9,14658717.71,16810.4560894495
"671501040000","WARSAW CENTRAL SCHOOL DISTRICT","2020-21",831,105,2676220.31,25487.8124761905,15983853.85,13307633.54,16013.9994464501
"671501040000","WARSAW CENTRAL SCHOOL DISTRICT","2021-22",836,107,1625445,15191.0747663551,17468297,15842852,18950.7799043062
"671501040000","WARSAW CSD","2022-23",806,112,1840814,16435.8392857143,18439411,16598597,20593.7928039702
"671501040000","WARSAW CENTRAL SCHOOL DISTRICT","2023-24",805,145,1908568.04,13162.5382068966,21212471.95,19303903.91,23980.0048571429
"671501040000","WARSAW CSD","2024-25",777,150,2082930.89,13886.2059333333,21054131.88,18971200.99,24415.9600900901
"680601060000","PENN YAN CENTRAL SCHOOL DISTRICT","2018-19",1449,181,4678348,25847.226519337,34822357,30144009,20803.3188405797
"680601060000","PENN YAN CENTRAL SCHOOL DISTRICT","2019-20",1340,167,6057551,36272.7604790419,29703304,23645753,17646.0843283582
"680601060000","PENN YAN CENTRAL SCHOOL DISTRICT","2020-21",1308,163,6132460,37622.4539877301,29655566,23523106,17984.0259938838
"680601060000","PENN YAN CENTRAL SCHOOL DISTRICT","2021-22",1266,160,5177819,32361.36875,30045465,24867646,19642.6903633491
"680601060000","PENN YAN CSD","2022-23",1232,139,5092561,36637.1294964029,31954749,26862188,21803.724025974
"680601060000","PENN YAN CENTRAL SCHOOL DISTRICT","2023-24",1321,162,6612885.37,40820.2800617284,37311791.44,30698906.07,23239.1416124148
"680601060000","PENN YAN CSD","2024-25",1259,165,6064250.48,36753.0332121212,36174878.87,30110628.39,23916.3053137411
"680801040000","DUNDEE CENTRAL SCHOOL DISTRICT","2018-19",672,139,2595175,18670.3237410072,13907317,11312142,16833.5446428571
"680801040000","DUNDEE CENTRAL SCHOOL DISTRICT","2019-20",657,150,2109668,14064.4533333333,13348547,11238879,17106.3607305936
"680801040000","DUNDEE CENTRAL SCHOOL DISTRICT","2020-21",591,128,1494454,11675.421875,14451603,12957149,21924.1099830795
"680801040000","DUNDEE CENTRAL SCHOOL DISTRICT","2021-22",646,126,3416966,27118.7777777778,14896251,11479285,17769.7910216718
"680801040000","DUNDEE CSD","2022-23",635,120,997013,8308.44166666667,15892845,14895832,23458.0031496063
"680801040000","DUNDEE CENTRAL SCHOOL DISTRICT","2023-24",619,111,4068147.61,36649.9784684685,19156277.48,15088129.87,24375.0078675283
"680801040000","DUNDEE CSD","2024-25",595,89,4311845.98,48447.7076404494,20102933.65,15791087.67,26539.6431428571
